Logging to: ./logs_stage1_grid/20260624_003127/2_hard_lambda0p05/RetinalOCT_Pretrain_K5_U3_seed0_20260624_011708.log
==> Preparing data..
Protocol mode: hard
Fixed known classes: ['CSR', 'DR', 'DRUSEN', 'MH', 'NORMAL']
Fixed unknown classes: ['AMD', 'CNV', 'DME']
Known class list: [2 4 5 6 7] Unknown class list [0 1 3]
Total images — Train: 18400, Val: 2800, Test: 2800
{2: 0, 4: 1, 5: 2, 6: 3, 7: 4} {0: 5, 1: 6, 3: 7}
Known origin: [2 4 5 6 7] , new: [0 1 2 3 4]
Unknown origin: [0 1 3] , new: [5 6 7]
Known/Unknown in Train: 11500/6900
Known/Unknown in Val:   1750/1050
Known/Unknown in Test:  1750/1050
Client0 sample num: 1861
Client1 sample num: 2876
Client2 sample num: 2109
Client3 sample num: 533
Client4 sample num: 1312
Client5 sample num: 1125
Client6 sample num: 362
Client7 sample num: 1322

>>> Setting up
==> Using device: cuda:0
==> Building [Resnet18] model..
154
120
Train Client0 [0/50] LR=0.0005000 loss=0.731 (Known=0.731 Reserve=0.000) ACC=72.899 F1=62.364 Rec=62.440 Prec=62.380
Train Client1 [0/50] LR=0.0005000 loss=0.754 (Known=0.754 Reserve=0.000) ACC=72.737 F1=42.438 Rec=42.387 Prec=44.139
Train Client2 [0/50] LR=0.0005000 loss=0.659 (Known=0.659 Reserve=0.000) ACC=79.230 F1=42.121 Rec=42.568 Prec=43.949
Train Client3 [0/50] LR=0.0005000 loss=1.062 (Known=1.062 Reserve=0.000) ACC=61.553 F1=45.703 Rec=45.319 Prec=46.245
Train Client4 [0/50] LR=0.0005000 loss=0.546 (Known=0.546 Reserve=0.000) ACC=83.765 F1=36.201 Rec=37.004 Prec=36.843
Train Client5 [0/50] LR=0.0005000 loss=0.962 (Known=0.962 Reserve=0.000) ACC=67.500 F1=46.052 Rec=46.671 Prec=45.692
Train Client6 [0/50] LR=0.0005000 loss=0.903 (Known=0.903 Reserve=0.000) ACC=73.056 F1=32.188 Rec=32.836 Prec=31.889
Train Client7 [0/50] LR=0.0005000 loss=0.607 (Known=0.607 Reserve=0.000) ACC=81.364 F1=39.963 Rec=39.497 Prec=42.279

Val    [0/50] LR=0.0005000 loss=1.064 ACC=40.343 F1=24.051 Rec=40.343 Prec=36.705
Val-KV [0/50] CloseK->V=0.000% KVMargin=0.000000
Stage1Diag [0/50] FeatDim=512 IntraVar=2.256195 InterDist=4.597732 Compact=0.490719 CenterNorm=14.316059
Stage1Boundary [0/50] KnownTrue-Other mean=-0.0692 std=0.5945 p10=-0.6798 p50=-0.3988 p90=0.7086 | BoundaryRate=20.000% count=350 thr=-0.5965 hist=[0, 56, 119, 175, 0]

Saving best model by known validation F1 . . . . . . . .

Saving model at epoch 0 . . . . . . . .

Train Client0 [1/50] LR=0.0005000 loss=0.523 (Known=0.523 Reserve=0.000) ACC=79.472 F1=70.336 Rec=70.279 Prec=70.413
Train Client1 [1/50] LR=0.0005000 loss=0.630 (Known=0.630 Reserve=0.000) ACC=77.611 F1=47.194 Rec=47.510 Prec=50.130
Train Client2 [1/50] LR=0.0005000 loss=0.575 (Known=0.575 Reserve=0.000) ACC=80.656 F1=41.748 Rec=42.700 Prec=42.001
Train Client3 [1/50] LR=0.0005000 loss=0.880 (Known=0.880 Reserve=0.000) ACC=67.614 F1=52.099 Rec=51.431 Prec=53.154
Train Client4 [1/50] LR=0.0005000 loss=0.452 (Known=0.452 Reserve=0.000) ACC=86.128 F1=37.725 Rec=38.519 Prec=38.550
Train Client5 [1/50] LR=0.0005000 loss=0.852 (Known=0.852 Reserve=0.000) ACC=70.804 F1=50.259 Rec=50.308 Prec=51.100
Train Client6 [1/50] LR=0.0005000 loss=0.757 (Known=0.757 Reserve=0.000) ACC=78.889 F1=39.904 Rec=41.401 Prec=40.676
Train Client7 [1/50] LR=0.0005000 loss=0.502 (Known=0.502 Reserve=0.000) ACC=84.545 F1=43.765 Rec=43.135 Prec=48.008

Val    [1/50] LR=0.0005000 loss=0.891 ACC=56.629 F1=42.793 Rec=56.629 Prec=35.048
Val-KV [1/50] CloseK->V=0.000% KVMargin=0.000000
Stage1Diag [1/50] FeatDim=512 IntraVar=4.898499 InterDist=9.174298 Compact=0.533937 CenterNorm=19.680550
Stage1Boundary [1/50] KnownTrue-Other mean=0.1264 std=0.6540 p10=-0.7007 p50=0.3506 p90=0.8162 | BoundaryRate=20.000% count=350 thr=-0.6220 hist=[0, 93, 257, 0, 0]

Saving best model by known validation F1 . . . . . . . .

Train Client0 [2/50] LR=0.0005000 loss=0.459 (Known=0.459 Reserve=0.000) ACC=83.513 F1=76.428 Rec=76.401 Prec=76.612
Train Client1 [2/50] LR=0.0005000 loss=0.593 (Known=0.593 Reserve=0.000) ACC=78.064 F1=47.740 Rec=48.193 Prec=54.658
Train Client2 [2/50] LR=0.0005000 loss=0.496 (Known=0.496 Reserve=0.000) ACC=84.221 F1=49.905 Rec=50.183 Prec=50.544
Train Client3 [2/50] LR=0.0005000 loss=0.626 (Known=0.626 Reserve=0.000) ACC=74.811 F1=54.026 Rec=54.278 Prec=53.829
Train Client4 [2/50] LR=0.0005000 loss=0.473 (Known=0.473 Reserve=0.000) ACC=85.213 F1=38.428 Rec=39.050 Prec=40.993
Train Client5 [2/50] LR=0.0005000 loss=0.659 (Known=0.659 Reserve=0.000) ACC=77.946 F1=57.659 Rec=57.314 Prec=58.508
Train Client6 [2/50] LR=0.0005000 loss=0.778 (Known=0.778 Reserve=0.000) ACC=78.056 F1=37.881 Rec=40.365 Prec=35.963
Train Client7 [2/50] LR=0.0005000 loss=0.497 (Known=0.497 Reserve=0.000) ACC=84.621 F1=40.730 Rec=41.487 Prec=41.795

Val    [2/50] LR=0.0005000 loss=0.801 ACC=60.343 F1=49.556 Rec=60.343 Prec=56.931
Val-KV [2/50] CloseK->V=0.000% KVMargin=0.000000
Stage1Diag [2/50] FeatDim=512 IntraVar=16.923446 InterDist=18.307049 Compact=0.924422 CenterNorm=22.863968
Stage1Boundary [2/50] KnownTrue-Other mean=0.1887 std=0.5228 p10=-0.4235 p50=0.2325 p90=0.8087 | BoundaryRate=20.000% count=350 thr=-0.2690 hist=[0, 214, 133, 3, 0]

Saving best model by known validation F1 . . . . . . . .

Train Client0 [3/50] LR=0.0005000 loss=0.386 (Known=0.386 Reserve=0.000) ACC=86.530 F1=80.624 Rec=80.692 Prec=80.615
Train Client1 [3/50] LR=0.0005000 loss=0.503 (Known=0.503 Reserve=0.000) ACC=81.128 F1=55.011 Rec=53.954 Prec=64.301
Train Client2 [3/50] LR=0.0005000 loss=0.458 (Known=0.458 Reserve=0.000) ACC=85.456 F1=53.805 Rec=54.036 Prec=54.642
Train Client3 [3/50] LR=0.0005000 loss=0.581 (Known=0.581 Reserve=0.000) ACC=76.326 F1=53.473 Rec=53.832 Prec=53.157
Train Client4 [3/50] LR=0.0005000 loss=0.365 (Known=0.365 Reserve=0.000) ACC=88.796 F1=43.621 Rec=44.149 Prec=46.112
Train Client5 [3/50] LR=0.0005000 loss=0.578 (Known=0.578 Reserve=0.000) ACC=81.696 F1=60.757 Rec=60.283 Prec=62.176
Train Client6 [3/50] LR=0.0005000 loss=0.688 (Known=0.688 Reserve=0.000) ACC=80.556 F1=46.505 Rec=49.237 Prec=44.146
Train Client7 [3/50] LR=0.0005000 loss=0.387 (Known=0.387 Reserve=0.000) ACC=86.515 F1=43.596 Rec=44.197 Prec=44.375

Val    [3/50] LR=0.0005000 loss=0.577 ACC=72.343 F1=65.739 Rec=72.343 Prec=63.470
Val-KV [3/50] CloseK->V=0.000% KVMargin=0.000000
Stage1Diag [3/50] FeatDim=512 IntraVar=22.675819 InterDist=21.278971 Compact=1.065645 CenterNorm=24.411642
Stage1Boundary [3/50] KnownTrue-Other mean=0.8914 std=1.2696 p10=-0.8461 p50=0.9385 p90=2.4732 | BoundaryRate=20.000% count=350 thr=-0.6567 hist=[1, 12, 313, 24, 0]

Saving best model by known validation F1 . . . . . . . .

Train Client0 [4/50] LR=0.0005000 loss=0.366 (Known=0.366 Reserve=0.000) ACC=86.315 F1=80.238 Rec=80.119 Prec=80.388
Train Client1 [4/50] LR=0.0005000 loss=0.437 (Known=0.437 Reserve=0.000) ACC=83.182 F1=56.638 Rec=56.547 Prec=63.119
Train Client2 [4/50] LR=0.0005000 loss=0.400 (Known=0.400 Reserve=0.000) ACC=87.975 F1=58.585 Rec=58.282 Prec=62.944
Train Client3 [4/50] LR=0.0005000 loss=0.599 (Known=0.599 Reserve=0.000) ACC=72.917 F1=51.043 Rec=51.190 Prec=50.944
Train Client4 [4/50] LR=0.0005000 loss=0.353 (Known=0.353 Reserve=0.000) ACC=88.643 F1=49.206 Rec=47.215 Prec=57.098
Train Client5 [4/50] LR=0.0005000 loss=0.491 (Known=0.491 Reserve=0.000) ACC=83.036 F1=62.440 Rec=61.892 Prec=63.344
Train Client6 [4/50] LR=0.0005000 loss=0.667 (Known=0.667 Reserve=0.000) ACC=81.667 F1=40.927 Rec=44.143 Prec=38.476
Train Client7 [4/50] LR=0.0005000 loss=0.395 (Known=0.395 Reserve=0.000) ACC=86.970 F1=43.927 Rec=44.140 Prec=46.088

Val    [4/50] LR=0.0005000 loss=0.530 ACC=75.086 F1=68.499 Rec=75.086 Prec=65.731
Val-KV [4/50] CloseK->V=0.000% KVMargin=0.000000
Stage1Diag [4/50] FeatDim=512 IntraVar=32.336228 InterDist=20.489595 Compact=1.578178 CenterNorm=23.825820
Stage1Boundary [4/50] KnownTrue-Other mean=1.0349 std=1.3702 p10=-0.6117 p50=0.8734 p90=2.9985 | BoundaryRate=20.000% count=350 thr=-0.3085 hist=[21, 4, 297, 27, 1]

Saving best model by known validation F1 . . . . . . . .

Train Client0 [5/50] LR=0.0005000 loss=0.292 (Known=0.292 Reserve=0.000) ACC=89.925 F1=85.175 Rec=85.182 Prec=85.178
Train Client1 [5/50] LR=0.0005000 loss=0.417 (Known=0.417 Reserve=0.000) ACC=83.182 F1=59.610 Rec=58.560 Prec=65.858
Train Client2 [5/50] LR=0.0005000 loss=0.372 (Known=0.372 Reserve=0.000) ACC=88.878 F1=60.015 Rec=60.320 Prec=60.916
Train Client3 [5/50] LR=0.0005000 loss=0.456 (Known=0.456 Reserve=0.000) ACC=78.409 F1=58.184 Rec=58.728 Prec=58.159
Train Client4 [5/50] LR=0.0005000 loss=0.273 (Known=0.273 Reserve=0.000) ACC=89.863 F1=51.406 Rec=50.665 Prec=55.399
Train Client5 [5/50] LR=0.0005000 loss=0.403 (Known=0.403 Reserve=0.000) ACC=87.054 F1=67.108 Rec=67.255 Prec=67.042
Train Client6 [5/50] LR=0.0005000 loss=0.539 (Known=0.539 Reserve=0.000) ACC=85.278 F1=58.319 Rec=60.100 Prec=60.294
Train Client7 [5/50] LR=0.0005000 loss=0.390 (Known=0.390 Reserve=0.000) ACC=87.121 F1=44.840 Rec=45.262 Prec=46.040

Val    [5/50] LR=0.0005000 loss=0.471 ACC=73.371 F1=66.806 Rec=73.371 Prec=79.339
Val-KV [5/50] CloseK->V=0.000% KVMargin=0.000000
Stage1Diag [5/50] FeatDim=512 IntraVar=41.881931 InterDist=24.505959 Compact=1.709051 CenterNorm=25.322770
Stage1Boundary [5/50] KnownTrue-Other mean=1.9021 std=2.3847 p10=-0.8177 p50=1.3506 p90=5.9481 | BoundaryRate=20.000% count=350 thr=-0.5261 hist=[0, 67, 268, 15, 0]

Saving model at epoch 5 . . . . . . . .

Train Client0 [6/50] LR=0.0005000 loss=0.270 (Known=0.270 Reserve=0.000) ACC=90.625 F1=69.182 Rec=69.345 Prec=69.040
Train Client1 [6/50] LR=0.0005000 loss=0.394 (Known=0.394 Reserve=0.000) ACC=84.610 F1=62.190 Rec=61.099 Prec=68.621
Train Client2 [6/50] LR=0.0005000 loss=0.351 (Known=0.351 Reserve=0.000) ACC=89.496 F1=63.574 Rec=64.205 Prec=63.443
Train Client3 [6/50] LR=0.0005000 loss=0.384 (Known=0.384 Reserve=0.000) ACC=82.197 F1=62.120 Rec=62.124 Prec=62.339
Train Client4 [6/50] LR=0.0005000 loss=0.270 (Known=0.270 Reserve=0.000) ACC=90.625 F1=57.479 Rec=56.976 Prec=60.536
Train Client5 [6/50] LR=0.0005000 loss=0.382 (Known=0.382 Reserve=0.000) ACC=87.589 F1=72.887 Rec=70.754 Prec=77.016
Train Client6 [6/50] LR=0.0005000 loss=0.643 (Known=0.643 Reserve=0.000) ACC=82.778 F1=50.469 Rec=54.828 Prec=47.079
Train Client7 [6/50] LR=0.0005000 loss=0.311 (Known=0.311 Reserve=0.000) ACC=88.485 F1=46.734 Rec=47.845 Prec=46.117

Val    [6/50] LR=0.0005000 loss=0.427 ACC=76.171 F1=71.014 Rec=76.171 Prec=84.192
Val-KV [6/50] CloseK->V=0.000% KVMargin=0.000000
Stage1Diag [6/50] FeatDim=512 IntraVar=46.412902 InterDist=24.292143 Compact=1.910614 CenterNorm=25.689603
Stage1Boundary [6/50] KnownTrue-Other mean=1.8868 std=2.1164 p10=-0.7502 p50=1.6391 p90=5.0246 | BoundaryRate=20.000% count=350 thr=-0.2754 hist=[0, 57, 277, 15, 1]

Saving best model by known validation F1 . . . . . . . .

Train Client0 [7/50] LR=0.0005000 loss=0.273 (Known=0.273 Reserve=0.000) ACC=91.164 F1=87.407 Rec=87.403 Prec=87.444
Train Client1 [7/50] LR=0.0005000 loss=0.384 (Known=0.384 Reserve=0.000) ACC=84.436 F1=62.328 Rec=61.300 Prec=68.680
Train Client2 [7/50] LR=0.0005000 loss=0.332 (Known=0.332 Reserve=0.000) ACC=90.209 F1=65.348 Rec=65.248 Prec=68.234
Train Client3 [7/50] LR=0.0005000 loss=0.392 (Known=0.392 Reserve=0.000) ACC=82.008 F1=69.264 Rec=69.374 Prec=69.266
Train Client4 [7/50] LR=0.0005000 loss=0.269 (Known=0.269 Reserve=0.000) ACC=89.939 F1=54.623 Rec=53.716 Prec=58.265
Train Client5 [7/50] LR=0.0005000 loss=0.321 (Known=0.321 Reserve=0.000) ACC=89.643 F1=68.749 Rec=68.216 Prec=69.467
Train Client6 [7/50] LR=0.0005000 loss=0.580 (Known=0.580 Reserve=0.000) ACC=83.889 F1=57.792 Rec=60.952 Prec=59.103
Train Client7 [7/50] LR=0.0005000 loss=0.286 (Known=0.286 Reserve=0.000) ACC=89.621 F1=47.409 Rec=47.708 Prec=48.126

Val    [7/50] LR=0.0005000 loss=0.383 ACC=79.429 F1=76.844 Rec=79.429 Prec=85.265
Val-KV [7/50] CloseK->V=0.000% KVMargin=0.000000
Stage1Diag [7/50] FeatDim=512 IntraVar=51.387761 InterDist=25.873669 Compact=1.986103 CenterNorm=26.595159
Stage1Boundary [7/50] KnownTrue-Other mean=2.2779 std=2.3851 p10=-0.6699 p50=1.9100 p90=6.1348 | BoundaryRate=20.000% count=350 thr=-0.0235 hist=[3, 66, 260, 15, 6]

Saving best model by known validation F1 . . . . . . . .

Train Client0 [8/50] LR=0.0005000 loss=0.231 (Known=0.231 Reserve=0.000) ACC=92.619 F1=89.331 Rec=89.399 Prec=89.267
Train Client1 [8/50] LR=0.0005000 loss=0.339 (Known=0.339 Reserve=0.000) ACC=85.759 F1=67.220 Rec=66.740 Prec=72.196
Train Client2 [8/50] LR=0.0005000 loss=0.328 (Known=0.328 Reserve=0.000) ACC=90.589 F1=66.602 Rec=66.912 Prec=67.599
Train Client3 [8/50] LR=0.0005000 loss=0.404 (Known=0.404 Reserve=0.000) ACC=83.333 F1=65.086 Rec=64.253 Prec=67.411
Train Client4 [8/50] LR=0.0005000 loss=0.225 (Known=0.225 Reserve=0.000) ACC=91.540 F1=59.760 Rec=58.126 Prec=63.492
Train Client5 [8/50] LR=0.0005000 loss=0.336 (Known=0.336 Reserve=0.000) ACC=88.750 F1=67.287 Rec=66.715 Prec=68.188
Train Client6 [8/50] LR=0.0005000 loss=0.654 (Known=0.654 Reserve=0.000) ACC=81.111 F1=54.772 Rec=61.029 Prec=52.502
Train Client7 [8/50] LR=0.0005000 loss=0.255 (Known=0.255 Reserve=0.000) ACC=91.515 F1=66.465 Rec=71.934 Prec=68.492

Val    [8/50] LR=0.0005000 loss=0.343 ACC=80.400 F1=76.772 Rec=80.400 Prec=87.788
Val-KV [8/50] CloseK->V=0.000% KVMargin=0.000000
Stage1Diag [8/50] FeatDim=512 IntraVar=42.866502 InterDist=24.358681 Compact=1.759804 CenterNorm=24.833345
Stage1Boundary [8/50] KnownTrue-Other mean=2.6262 std=2.5520 p10=-0.7120 p50=2.4004 p90=6.5579 | BoundaryRate=20.000% count=350 thr=0.0443 hist=[11, 27, 302, 8, 2]

Train Client0 [9/50] LR=0.0005000 loss=0.198 (Known=0.198 Reserve=0.000) ACC=93.588 F1=72.594 Rec=72.616 Prec=72.578
Train Client1 [9/50] LR=0.0005000 loss=0.329 (Known=0.329 Reserve=0.000) ACC=86.455 F1=68.921 Rec=66.751 Prec=74.463
Train Client2 [9/50] LR=0.0005000 loss=0.304 (Known=0.304 Reserve=0.000) ACC=91.397 F1=67.545 Rec=68.323 Prec=66.873
Train Client3 [9/50] LR=0.0005000 loss=0.341 (Known=0.341 Reserve=0.000) ACC=84.659 F1=66.494 Rec=67.140 Prec=66.195
Train Client4 [9/50] LR=0.0005000 loss=0.231 (Known=0.231 Reserve=0.000) ACC=91.463 F1=63.015 Rec=63.007 Prec=66.000
Train Client5 [9/50] LR=0.0005000 loss=0.278 (Known=0.278 Reserve=0.000) ACC=91.339 F1=70.460 Rec=69.936 Prec=71.176
Train Client6 [9/50] LR=0.0005000 loss=0.562 (Known=0.562 Reserve=0.000) ACC=83.333 F1=53.381 Rec=56.181 Prec=54.982
Train Client7 [9/50] LR=0.0005000 loss=0.266 (Known=0.266 Reserve=0.000) ACC=90.606 F1=51.452 Rec=51.208 Prec=56.515

Val    [9/50] LR=0.0005000 loss=0.278 ACC=89.429 F1=89.231 Rec=89.429 Prec=90.643
Val-KV [9/50] CloseK->V=0.000% KVMargin=0.000000
Stage1Diag [9/50] FeatDim=512 IntraVar=37.194059 InterDist=23.286434 Compact=1.597242 CenterNorm=24.143354
Stage1Boundary [9/50] KnownTrue-Other mean=2.3950 std=2.0180 p10=-0.0238 p50=2.2687 p90=5.1162 | BoundaryRate=20.000% count=350 thr=0.4131 hist=[15, 23, 223, 19, 70]

Saving best model by known validation F1 . . . . . . . .

Train Client0 [10/50] LR=0.0005000 loss=0.182 (Known=0.182 Reserve=0.000) ACC=94.450 F1=91.818 Rec=91.740 Prec=91.923
Train Client1 [10/50] LR=0.0005000 loss=0.278 (Known=0.278 Reserve=0.000) ACC=88.405 F1=75.376 Rec=72.503 Prec=81.141
Train Client2 [10/50] LR=0.0005000 loss=0.280 (Known=0.280 Reserve=0.000) ACC=90.922 F1=66.459 Rec=66.720 Prec=66.624
Train Client3 [10/50] LR=0.0005000 loss=0.327 (Known=0.327 Reserve=0.000) ACC=88.826 F1=70.694 Rec=70.703 Prec=70.716
Train Client4 [10/50] LR=0.0005000 loss=0.220 (Known=0.220 Reserve=0.000) ACC=91.616 F1=62.107 Rec=60.200 Prec=65.378
Train Client5 [10/50] LR=0.0005000 loss=0.274 (Known=0.274 Reserve=0.000) ACC=90.357 F1=69.679 Rec=69.565 Prec=69.830
Train Client6 [10/50] LR=0.0005000 loss=0.495 (Known=0.495 Reserve=0.000) ACC=84.444 F1=61.366 Rec=67.106 Prec=60.017
Train Client7 [10/50] LR=0.0005000 loss=0.227 (Known=0.227 Reserve=0.000) ACC=91.364 F1=58.540 Rec=56.892 Prec=62.818

Val    [10/50] LR=0.0005000 loss=0.322 ACC=84.971 F1=83.600 Rec=84.971 Prec=89.793
Val-KV [10/50] CloseK->V=0.000% KVMargin=0.000000
Stage1Diag [10/50] FeatDim=512 IntraVar=47.103184 InterDist=25.384266 Compact=1.855606 CenterNorm=25.985732
Stage1Boundary [10/50] KnownTrue-Other mean=2.8081 std=2.5462 p10=-0.6791 p50=2.3764 p90=6.6154 | BoundaryRate=20.000% count=350 thr=0.5627 hist=[1, 62, 276, 3, 8]

Saving model at epoch 10 . . . . . . . .

>> New learning Rate: 0.00025
Train Client0 [11/50] LR=0.0002500 loss=0.139 (Known=0.139 Reserve=0.000) ACC=95.636 F1=74.982 Rec=74.972 Prec=74.998
Train Client1 [11/50] LR=0.0002500 loss=0.218 (Known=0.218 Reserve=0.000) ACC=91.295 F1=81.279 Rec=80.601 Prec=82.894
Train Client2 [11/50] LR=0.0002500 loss=0.207 (Known=0.207 Reserve=0.000) ACC=92.823 F1=74.000 Rec=73.736 Prec=75.663
Train Client3 [11/50] LR=0.0002500 loss=0.233 (Known=0.233 Reserve=0.000) ACC=90.720 F1=74.838 Rec=75.745 Prec=74.265
Train Client4 [11/50] LR=0.0002500 loss=0.178 (Known=0.178 Reserve=0.000) ACC=93.216 F1=71.879 Rec=73.103 Prec=71.531
Train Client5 [11/50] LR=0.0002500 loss=0.172 (Known=0.172 Reserve=0.000) ACC=94.732 F1=79.005 Rec=78.943 Prec=79.072
Train Client6 [11/50] LR=0.0002500 loss=0.541 (Known=0.541 Reserve=0.000) ACC=85.278 F1=68.202 Rec=78.451 Prec=64.731
Train Client7 [11/50] LR=0.0002500 loss=0.192 (Known=0.192 Reserve=0.000) ACC=93.106 F1=61.404 Rec=59.340 Prec=66.686

Val    [11/50] LR=0.0002500 loss=0.211 ACC=91.886 F1=91.765 Rec=91.886 Prec=92.908
Val-KV [11/50] CloseK->V=0.000% KVMargin=0.000000
Stage1Diag [11/50] FeatDim=512 IntraVar=45.151723 InterDist=24.134872 Compact=1.870808 CenterNorm=25.253996
Stage1Boundary [11/50] KnownTrue-Other mean=3.1987 std=2.2376 p10=0.3005 p50=3.1147 p90=6.2653 | BoundaryRate=20.000% count=350 thr=1.3879 hist=[3, 51, 216, 13, 67]

Saving best model by known validation F1 . . . . . . . .

Train Client0 [12/50] LR=0.0002500 loss=0.139 (Known=0.139 Reserve=0.000) ACC=95.851 F1=75.564 Rec=75.617 Prec=75.515
Train Client1 [12/50] LR=0.0002500 loss=0.209 (Known=0.209 Reserve=0.000) ACC=91.922 F1=83.322 Rec=82.346 Prec=84.928
Train Client2 [12/50] LR=0.0002500 loss=0.192 (Known=0.192 Reserve=0.000) ACC=93.584 F1=74.862 Rec=75.669 Prec=75.208
Train Client3 [12/50] LR=0.0002500 loss=0.192 (Known=0.192 Reserve=0.000) ACC=92.803 F1=81.614 Rec=80.751 Prec=82.737
Train Client4 [12/50] LR=0.0002500 loss=0.162 (Known=0.162 Reserve=0.000) ACC=93.826 F1=76.971 Rec=79.598 Prec=76.257
Train Client5 [12/50] LR=0.0002500 loss=0.186 (Known=0.186 Reserve=0.000) ACC=94.554 F1=74.120 Rec=74.090 Prec=74.159
Train Client6 [12/50] LR=0.0002500 loss=0.517 (Known=0.517 Reserve=0.000) ACC=85.556 F1=68.731 Rec=77.174 Prec=64.661
Train Client7 [12/50] LR=0.0002500 loss=0.176 (Known=0.176 Reserve=0.000) ACC=92.955 F1=60.814 Rec=60.151 Prec=63.566

Val    [12/50] LR=0.0002500 loss=0.164 ACC=93.371 F1=93.354 Rec=93.371 Prec=93.524
Val-KV [12/50] CloseK->V=0.000% KVMargin=0.000000
Stage1Diag [12/50] FeatDim=512 IntraVar=39.524116 InterDist=22.871313 Compact=1.728109 CenterNorm=24.260056
Stage1Boundary [12/50] KnownTrue-Other mean=3.4964 std=2.1709 p10=0.4933 p50=3.7073 p90=6.1869 | BoundaryRate=20.000% count=350 thr=1.5007 hist=[22, 17, 95, 20, 196]

Saving best model by known validation F1 . . . . . . . .

Train Client0 [13/50] LR=0.0002500 loss=0.125 (Known=0.125 Reserve=0.000) ACC=96.282 F1=75.835 Rec=75.756 Prec=75.922
Train Client1 [13/50] LR=0.0002500 loss=0.190 (Known=0.190 Reserve=0.000) ACC=92.444 F1=83.734 Rec=83.022 Prec=85.291
Train Client2 [13/50] LR=0.0002500 loss=0.183 (Known=0.183 Reserve=0.000) ACC=94.202 F1=75.607 Rec=74.626 Prec=79.531
Train Client3 [13/50] LR=0.0002500 loss=0.205 (Known=0.205 Reserve=0.000) ACC=92.803 F1=78.874 Rec=78.323 Prec=79.553
Train Client4 [13/50] LR=0.0002500 loss=0.156 (Known=0.156 Reserve=0.000) ACC=94.817 F1=77.764 Rec=79.742 Prec=77.195
Train Client5 [13/50] LR=0.0002500 loss=0.139 (Known=0.139 Reserve=0.000) ACC=96.071 F1=82.375 Rec=80.833 Prec=85.588
Train Client6 [13/50] LR=0.0002500 loss=0.398 (Known=0.398 Reserve=0.000) ACC=89.167 F1=73.268 Rec=78.651 Prec=70.153
Train Client7 [13/50] LR=0.0002500 loss=0.158 (Known=0.158 Reserve=0.000) ACC=94.697 F1=77.316 Rec=86.488 Prec=75.164

Val    [13/50] LR=0.0002500 loss=0.170 ACC=93.543 F1=93.449 Rec=93.543 Prec=94.515
Val-KV [13/50] CloseK->V=0.000% KVMargin=0.000000
Stage1Diag [13/50] FeatDim=512 IntraVar=40.911547 InterDist=23.188824 Compact=1.764279 CenterNorm=24.400551
Stage1Boundary [13/50] KnownTrue-Other mean=3.6716 std=2.1585 p10=0.8273 p50=3.8628 p90=6.2310 | BoundaryRate=20.000% count=350 thr=2.0787 hist=[15, 33, 196, 25, 81]

Saving best model by known validation F1 . . . . . . . .

Train Client0 [14/50] LR=0.0002500 loss=0.091 (Known=0.091 Reserve=0.000) ACC=97.037 F1=76.558 Rec=76.507 Prec=76.610
Train Client1 [14/50] LR=0.0002500 loss=0.181 (Known=0.181 Reserve=0.000) ACC=93.141 F1=86.266 Rec=84.941 Prec=88.235
Train Client2 [14/50] LR=0.0002500 loss=0.170 (Known=0.170 Reserve=0.000) ACC=94.487 F1=78.425 Rec=77.960 Prec=80.944
Train Client3 [14/50] LR=0.0002500 loss=0.161 (Known=0.161 Reserve=0.000) ACC=93.750 F1=80.701 Rec=83.021 Prec=79.576
Train Client4 [14/50] LR=0.0002500 loss=0.150 (Known=0.150 Reserve=0.000) ACC=95.122 F1=78.048 Rec=79.678 Prec=77.129
Train Client5 [14/50] LR=0.0002500 loss=0.135 (Known=0.135 Reserve=0.000) ACC=95.893 F1=81.321 Rec=80.501 Prec=82.387
Train Client6 [14/50] LR=0.0002500 loss=0.355 (Known=0.355 Reserve=0.000) ACC=88.611 F1=77.076 Rec=86.533 Prec=71.269
Train Client7 [14/50] LR=0.0002500 loss=0.176 (Known=0.176 Reserve=0.000) ACC=94.848 F1=66.745 Rec=65.307 Prec=69.218

Val    [14/50] LR=0.0002500 loss=0.164 ACC=93.200 F1=93.096 Rec=93.200 Prec=94.212
Val-KV [14/50] CloseK->V=0.000% KVMargin=0.000000
Stage1Diag [14/50] FeatDim=512 IntraVar=41.636152 InterDist=23.317255 Compact=1.785637 CenterNorm=24.150122
Stage1Boundary [14/50] KnownTrue-Other mean=4.0952 std=2.4331 p10=1.0530 p50=4.3820 p90=7.1449 | BoundaryRate=20.000% count=350 thr=2.2549 hist=[8, 35, 184, 13, 110]

Initialized fixed virtual anchors and saved metadata to results/MPretrain-DRetinalOCT-Msoftmax-BResnet18/LR0.0005-K5-U3-Seed0-RsvW15-V3/stage1_anchor_init.json
Anchor V0: pair=['DRUSEN', 'NORMAL'] score=0.535711 conf=0.148571 proto=0.922851
Anchor V1: pair=['CSR', 'DR'] score=0.405393 conf=0.008571 proto=0.802214
Anchor V2: pair=['DR', 'MH'] score=0.405297 conf=0.011429 proto=0.799165
Anchor pairwise cosine: [[1.0, 0.5135648250579834, 0.5460439324378967], [0.5135648250579834, 1.000000238418579, 0.8456514477729797], [0.546043872833252, 0.8456514477729797, 1.0000001192092896]]
ReserveDiag [14/50] ValACC=93.200 ValF1=93.096 Compact=1.785637 KVMargin=0.000000 CloseK->V=0.000%
ReserveAnchors [14/50] [{'pair': [2, 4], 'pair_names': ['DRUSEN', 'NORMAL'], 'pair_score': 0.5357113316229412, 'sym_confusion': 0.14857142857142858, 'prototype_similarity': 0.9228512346744537}, {'pair': [0, 1], 'pair_names': ['CSR', 'DR'], 'pair_score': 0.4053925039938518, 'sym_confusion': 0.008571428571428572, 'prototype_similarity': 0.802213579416275}, {'pair': [1, 3], 'pair_names': ['DR', 'MH'], 'pair_score': 0.4052969995566777, 'sym_confusion': 0.011428571428571429, 'prototype_similarity': 0.7991654276847839}]
ReserveCosine [14/50] [[1.0, 0.5135648250579834, 0.5460439324378967], [0.5135648250579834, 1.000000238418579, 0.8456514477729797], [0.546043872833252, 0.8456514477729797, 1.0000001192092896]]
ReserveDensity [14/50] {}
Train Client0 [15/50] LR=0.0002500 loss=0.675 (Known=0.130 Reserve=10.884) ACC=96.282 F1=75.912 Rec=75.948 Prec=75.878
Train Client1 [15/50] LR=0.0002500 loss=0.708 (Known=0.194 Reserve=10.277) ACC=93.141 F1=85.459 Rec=84.106 Prec=87.597
Train Client2 [15/50] LR=0.0002500 loss=0.813 (Known=0.209 Reserve=12.076) ACC=93.726 F1=73.691 Rec=73.741 Prec=75.077
Train Client3 [15/50] LR=0.0002500 loss=0.923 (Known=0.186 Reserve=14.724) ACC=93.371 F1=79.482 Rec=78.867 Prec=80.367
Train Client4 [15/50] LR=0.0002500 loss=0.820 (Known=0.169 Reserve=13.010) ACC=93.445 F1=72.107 Rec=74.234 Prec=71.495
Train Client5 [15/50] LR=0.0002500 loss=0.826 (Known=0.178 Reserve=12.960) ACC=95.000 F1=80.482 Rec=79.741 Prec=81.468
Train Client6 [15/50] LR=0.0002500 loss=1.186 (Known=0.335 Reserve=17.031) ACC=90.278 F1=79.161 Rec=86.344 Prec=75.564
Train Client7 [15/50] LR=0.0002500 loss=0.843 (Known=0.172 Reserve=13.421) ACC=94.621 F1=66.774 Rec=65.641 Prec=68.819

Val    [15/50] LR=0.0002500 loss=0.269 ACC=91.371 F1=91.117 Rec=91.371 Prec=93.329
Val-KV [15/50] CloseK->V=100.000% KVMargin=-10.658786
Stage1Diag [15/50] FeatDim=512 IntraVar=94.574177 InterDist=27.708187 Compact=3.413221 CenterNorm=23.412535
Stage1Boundary [15/50] KnownTrue-Other mean=5.5535 std=3.4481 p10=0.6930 p50=6.6342 p90=8.9254 | BoundaryRate=20.000% count=350 thr=3.6052 hist=[3, 56, 216, 14, 61]

ReserveDiag [15/50] ValACC=91.371 ValF1=91.117 Compact=3.413221 KVMargin=-10.658786 CloseK->V=100.000%
ReserveAnchors [15/50] [{'pair': [2, 4], 'pair_names': ['DRUSEN', 'NORMAL'], 'pair_score': 0.5357113316229412, 'sym_confusion': 0.14857142857142858, 'prototype_similarity': 0.9228512346744537}, {'pair': [0, 1], 'pair_names': ['CSR', 'DR'], 'pair_score': 0.4053925039938518, 'sym_confusion': 0.008571428571428572, 'prototype_similarity': 0.802213579416275}, {'pair': [1, 3], 'pair_names': ['DR', 'MH'], 'pair_score': 0.4052969995566777, 'sym_confusion': 0.011428571428571429, 'prototype_similarity': 0.7991654276847839}]
ReserveCosine [15/50] [[1.0, 0.5135648250579834, 0.5460439324378967], [0.5135648250579834, 1.000000238418579, 0.8456514477729797], [0.546043872833252, 0.8456514477729797, 1.0000001192092896]]
ReserveDensity [15/50] {'15': [0, 0, 0], '20': [0, 0, 0], '25': [0, 3, 11]}
Saving model at epoch 15 . . . . . . . .

Train Client0 [16/50] LR=0.0002500 loss=0.483 (Known=0.132 Reserve=7.014) ACC=95.851 F1=75.287 Rec=75.225 Prec=75.360
Train Client1 [16/50] LR=0.0002500 loss=0.531 (Known=0.199 Reserve=6.638) ACC=93.419 F1=85.086 Rec=83.451 Prec=88.074
Train Client2 [16/50] LR=0.0002500 loss=0.626 (Known=0.225 Reserve=8.014) ACC=93.203 F1=74.984 Rec=75.080 Prec=75.480
Train Client3 [16/50] LR=0.0002500 loss=0.727 (Known=0.209 Reserve=10.376) ACC=92.235 F1=81.180 Rec=83.610 Prec=79.661
Train Client4 [16/50] LR=0.0002500 loss=0.606 (Known=0.184 Reserve=8.446) ACC=93.064 F1=73.754 Rec=77.155 Prec=73.357
Train Client5 [16/50] LR=0.0002500 loss=0.630 (Known=0.164 Reserve=9.327) ACC=95.268 F1=74.967 Rec=74.768 Prec=75.174
Train Client6 [16/50] LR=0.0002500 loss=0.883 (Known=0.376 Reserve=10.143) ACC=90.556 F1=77.174 Rec=83.442 Prec=72.669
Train Client7 [16/50] LR=0.0002500 loss=0.647 (Known=0.175 Reserve=9.435) ACC=94.318 F1=79.471 Rec=85.656 Prec=77.326

Val    [16/50] LR=0.0002500 loss=0.269 ACC=91.086 F1=90.795 Rec=91.086 Prec=93.197
Val-KV [16/50] CloseK->V=100.000% KVMargin=-5.777959
Stage1Diag [16/50] FeatDim=512 IntraVar=72.777008 InterDist=21.443653 Compact=3.393872 CenterNorm=17.077525
Stage1Boundary [16/50] KnownTrue-Other mean=5.7249 std=3.5832 p10=0.6237 p50=6.8203 p90=9.4085 | BoundaryRate=20.000% count=350 thr=3.4769 hist=[2, 65, 199, 5, 79]

ReserveDiag [16/50] ValACC=91.086 ValF1=90.795 Compact=3.393872 KVMargin=-5.777959 CloseK->V=100.000%
ReserveAnchors [16/50] [{'pair': [2, 4], 'pair_names': ['DRUSEN', 'NORMAL'], 'pair_score': 0.5357113316229412, 'sym_confusion': 0.14857142857142858, 'prototype_similarity': 0.9228512346744537}, {'pair': [0, 1], 'pair_names': ['CSR', 'DR'], 'pair_score': 0.4053925039938518, 'sym_confusion': 0.008571428571428572, 'prototype_similarity': 0.802213579416275}, {'pair': [1, 3], 'pair_names': ['DR', 'MH'], 'pair_score': 0.4052969995566777, 'sym_confusion': 0.011428571428571429, 'prototype_similarity': 0.7991654276847839}]
ReserveCosine [16/50] [[1.0, 0.5135648250579834, 0.5460439324378967], [0.5135648250579834, 1.000000238418579, 0.8456514477729797], [0.546043872833252, 0.8456514477729797, 1.0000001192092896]]
ReserveDensity [16/50] {'15': [0, 0, 0], '20': [0, 0, 0], '25': [0, 0, 1]}
Train Client0 [17/50] LR=0.0002500 loss=0.361 (Known=0.135 Reserve=4.533) ACC=95.744 F1=75.173 Rec=75.159 Prec=75.219
Train Client1 [17/50] LR=0.0002500 loss=0.422 (Known=0.194 Reserve=4.549) ACC=93.558 F1=85.260 Rec=84.704 Prec=86.783
Train Client2 [17/50] LR=0.0002500 loss=0.470 (Known=0.216 Reserve=5.083) ACC=93.394 F1=74.324 Rec=74.021 Prec=75.433
Train Client3 [17/50] LR=0.0002500 loss=0.508 (Known=0.191 Reserve=6.333) ACC=93.939 F1=84.876 Rec=88.838 Prec=82.586
Train Client4 [17/50] LR=0.0002500 loss=0.424 (Known=0.173 Reserve=5.027) ACC=94.360 F1=77.579 Rec=80.182 Prec=76.510
Train Client5 [17/50] LR=0.0002500 loss=0.505 (Known=0.161 Reserve=6.862) ACC=95.714 F1=80.431 Rec=80.594 Prec=80.274
Train Client6 [17/50] LR=0.0002500 loss=0.804 (Known=0.430 Reserve=7.474) ACC=87.222 F1=74.372 Rec=84.441 Prec=69.503
Train Client7 [17/50] LR=0.0002500 loss=0.513 (Known=0.182 Reserve=6.608) ACC=94.773 F1=68.454 Rec=67.727 Prec=69.569

Val    [17/50] LR=0.0002500 loss=0.194 ACC=92.571 F1=92.427 Rec=92.571 Prec=93.955
Val-KV [17/50] CloseK->V=90.800% KVMargin=-2.801675
Stage1Diag [17/50] FeatDim=512 IntraVar=83.391326 InterDist=19.555395 Compact=4.264364 CenterNorm=15.293677
Stage1Boundary [17/50] KnownTrue-Other mean=5.6465 std=3.6206 p10=1.2423 p50=5.5648 p90=10.0844 | BoundaryRate=20.000% count=350 thr=2.9212 hist=[20, 48, 155, 13, 114]

ReserveDiag [17/50] ValACC=92.571 ValF1=92.427 Compact=4.264364 KVMargin=-2.801675 CloseK->V=90.800%
ReserveAnchors [17/50] [{'pair': [2, 4], 'pair_names': ['DRUSEN', 'NORMAL'], 'pair_score': 0.5357113316229412, 'sym_confusion': 0.14857142857142858, 'prototype_similarity': 0.9228512346744537}, {'pair': [0, 1], 'pair_names': ['CSR', 'DR'], 'pair_score': 0.4053925039938518, 'sym_confusion': 0.008571428571428572, 'prototype_similarity': 0.802213579416275}, {'pair': [1, 3], 'pair_names': ['DR', 'MH'], 'pair_score': 0.4052969995566777, 'sym_confusion': 0.011428571428571429, 'prototype_similarity': 0.7991654276847839}]
ReserveCosine [17/50] [[1.0, 0.5135648250579834, 0.5460439324378967], [0.5135648250579834, 1.000000238418579, 0.8456514477729797], [0.546043872833252, 0.8456514477729797, 1.0000001192092896]]
ReserveDensity [17/50] {'15': [0, 0, 0], '20': [0, 0, 0], '25': [0, 0, 0]}
Train Client0 [18/50] LR=0.0002500 loss=0.322 (Known=0.170 Reserve=3.049) ACC=95.851 F1=75.253 Rec=75.277 Prec=75.238
Train Client1 [18/50] LR=0.0002500 loss=0.336 (Known=0.192 Reserve=2.884) ACC=92.688 F1=85.762 Rec=85.479 Prec=87.298
Train Client2 [18/50] LR=0.0002500 loss=0.401 (Known=0.226 Reserve=3.491) ACC=93.774 F1=73.484 Rec=73.488 Prec=74.465
Train Client3 [18/50] LR=0.0002500 loss=0.449 (Known=0.206 Reserve=4.865) ACC=92.235 F1=78.711 Rec=80.956 Prec=77.617
Train Client4 [18/50] LR=0.0002500 loss=0.354 (Known=0.163 Reserve=3.817) ACC=94.741 F1=75.497 Rec=75.109 Prec=75.985
Train Client5 [18/50] LR=0.0002500 loss=0.324 (Known=0.136 Reserve=3.757) ACC=95.893 F1=84.323 Rec=85.521 Prec=83.352
Train Client6 [18/50] LR=0.0002500 loss=0.501 (Known=0.272 Reserve=4.577) ACC=91.389 F1=77.791 Rec=81.094 Prec=75.480
Train Client7 [18/50] LR=0.0002500 loss=0.394 (Known=0.163 Reserve=4.622) ACC=94.545 F1=74.964 Rec=86.293 Prec=73.379

Val    [18/50] LR=0.0002500 loss=0.218 ACC=91.714 F1=91.432 Rec=91.714 Prec=93.766
Val-KV [18/50] CloseK->V=70.114% KVMargin=-1.121415
Stage1Diag [18/50] FeatDim=512 IntraVar=105.086083 InterDist=20.835041 Compact=5.043719 CenterNorm=16.222941
Stage1Boundary [18/50] KnownTrue-Other mean=6.0926 std=3.7721 p10=1.3786 p50=6.6033 p90=10.2022 | BoundaryRate=20.000% count=350 thr=3.2130 hist=[19, 27, 193, 17, 94]

ReserveDiag [18/50] ValACC=91.714 ValF1=91.432 Compact=5.043719 KVMargin=-1.121415 CloseK->V=70.114%
ReserveAnchors [18/50] [{'pair': [2, 4], 'pair_names': ['DRUSEN', 'NORMAL'], 'pair_score': 0.5357113316229412, 'sym_confusion': 0.14857142857142858, 'prototype_similarity': 0.9228512346744537}, {'pair': [0, 1], 'pair_names': ['CSR', 'DR'], 'pair_score': 0.4053925039938518, 'sym_confusion': 0.008571428571428572, 'prototype_similarity': 0.802213579416275}, {'pair': [1, 3], 'pair_names': ['DR', 'MH'], 'pair_score': 0.4052969995566777, 'sym_confusion': 0.011428571428571429, 'prototype_similarity': 0.7991654276847839}]
ReserveCosine [18/50] [[1.0, 0.5135648250579834, 0.5460439324378967], [0.5135648250579834, 1.000000238418579, 0.8456514477729797], [0.546043872833252, 0.8456514477729797, 1.0000001192092896]]
ReserveDensity [18/50] {'15': [0, 0, 0], '20': [0, 0, 0], '25': [0, 0, 0]}
Train Client0 [19/50] LR=0.0002500 loss=0.217 (Known=0.111 Reserve=2.135) ACC=96.929 F1=76.571 Rec=76.582 Prec=76.567
Train Client1 [19/50] LR=0.0002500 loss=0.272 (Known=0.181 Reserve=1.812) ACC=94.290 F1=88.879 Rec=87.027 Prec=91.847
Train Client2 [19/50] LR=0.0002500 loss=0.295 (Known=0.163 Reserve=2.635) ACC=94.011 F1=76.849 Rec=76.150 Prec=80.295
Train Client3 [19/50] LR=0.0002500 loss=0.364 (Known=0.195 Reserve=3.382) ACC=92.614 F1=77.062 Rec=78.583 Prec=76.374
Train Client4 [19/50] LR=0.0002500 loss=0.356 (Known=0.197 Reserve=3.171) ACC=92.912 F1=70.915 Rec=72.630 Prec=70.510
Train Client5 [19/50] LR=0.0002500 loss=0.345 (Known=0.193 Reserve=3.030) ACC=94.732 F1=82.209 Rec=84.255 Prec=80.835
Train Client6 [19/50] LR=0.0002500 loss=0.466 (Known=0.286 Reserve=3.609) ACC=91.111 F1=80.545 Rec=84.038 Prec=78.314
Train Client7 [19/50] LR=0.0002500 loss=0.366 (Known=0.186 Reserve=3.590) ACC=94.621 F1=68.183 Rec=67.980 Prec=68.686

Val    [19/50] LR=0.0002500 loss=0.144 ACC=94.286 F1=94.202 Rec=94.286 Prec=95.254
Val-KV [19/50] CloseK->V=36.229% KVMargin=-0.156595
Stage1Diag [19/50] FeatDim=512 IntraVar=249.336209 InterDist=26.953852 Compact=9.250485 CenterNorm=19.608961
Stage1Boundary [19/50] KnownTrue-Other mean=6.2789 std=3.7820 p10=1.5537 p50=6.4767 p90=10.7717 | BoundaryRate=20.000% count=350 thr=2.8697 hist=[27, 12, 143, 16, 152]

ReserveDiag [19/50] ValACC=94.286 ValF1=94.202 Compact=9.250485 KVMargin=-0.156595 CloseK->V=36.229%
ReserveAnchors [19/50] [{'pair': [2, 4], 'pair_names': ['DRUSEN', 'NORMAL'], 'pair_score': 0.5357113316229412, 'sym_confusion': 0.14857142857142858, 'prototype_similarity': 0.9228512346744537}, {'pair': [0, 1], 'pair_names': ['CSR', 'DR'], 'pair_score': 0.4053925039938518, 'sym_confusion': 0.008571428571428572, 'prototype_similarity': 0.802213579416275}, {'pair': [1, 3], 'pair_names': ['DR', 'MH'], 'pair_score': 0.4052969995566777, 'sym_confusion': 0.011428571428571429, 'prototype_similarity': 0.7991654276847839}]
ReserveCosine [19/50] [[1.0, 0.5135648250579834, 0.5460439324378967], [0.5135648250579834, 1.000000238418579, 0.8456514477729797], [0.546043872833252, 0.8456514477729797, 1.0000001192092896]]
ReserveDensity [19/50] {'15': [0, 0, 0], '20': [0, 0, 0], '25': [0, 0, 0]}
Saving best model by known validation F1 . . . . . . . .

Train Client0 [20/50] LR=0.0002500 loss=0.183 (Known=0.106 Reserve=1.544) ACC=96.821 F1=76.433 Rec=76.396 Prec=76.499
Train Client1 [20/50] LR=0.0002500 loss=0.230 (Known=0.164 Reserve=1.322) ACC=94.638 F1=89.121 Rec=88.044 Prec=90.787
Train Client2 [20/50] LR=0.0002500 loss=0.276 (Known=0.178 Reserve=1.959) ACC=93.964 F1=77.158 Rec=76.574 Prec=79.638
Train Client3 [20/50] LR=0.0002500 loss=0.350 (Known=0.221 Reserve=2.588) ACC=92.424 F1=76.475 Rec=77.804 Prec=75.822
Train Client4 [20/50] LR=0.0002500 loss=0.327 (Known=0.206 Reserve=2.435) ACC=93.826 F1=74.984 Rec=79.733 Prec=73.473
Train Client5 [20/50] LR=0.0002500 loss=0.231 (Known=0.127 Reserve=2.086) ACC=95.625 F1=80.174 Rec=80.388 Prec=79.974
Train Client6 [20/50] LR=0.0002500 loss=0.316 (Known=0.201 Reserve=2.311) ACC=94.722 F1=85.520 Rec=86.735 Prec=85.044
Train Client7 [20/50] LR=0.0002500 loss=0.298 (Known=0.175 Reserve=2.453) ACC=94.545 F1=75.777 Rec=84.621 Prec=74.607

Val    [20/50] LR=0.0002500 loss=0.127 ACC=94.571 F1=94.508 Rec=94.571 Prec=95.354
Val-KV [20/50] CloseK->V=11.543% KVMargin=1.275970
Stage1Diag [20/50] FeatDim=512 IntraVar=62.510746 InterDist=16.835354 Compact=3.713064 CenterNorm=13.915877
Stage1Boundary [20/50] KnownTrue-Other mean=6.6139 std=3.8654 p10=1.5765 p50=7.1528 p90=10.8606 | BoundaryRate=20.000% count=350 thr=2.8785 hist=[13, 25, 139, 16, 157]

ReserveDiag [20/50] ValACC=94.571 ValF1=94.508 Compact=3.713064 KVMargin=1.275970 CloseK->V=11.543%
ReserveAnchors [20/50] [{'pair': [2, 4], 'pair_names': ['DRUSEN', 'NORMAL'], 'pair_score': 0.5357113316229412, 'sym_confusion': 0.14857142857142858, 'prototype_similarity': 0.9228512346744537}, {'pair': [0, 1], 'pair_names': ['CSR', 'DR'], 'pair_score': 0.4053925039938518, 'sym_confusion': 0.008571428571428572, 'prototype_similarity': 0.802213579416275}, {'pair': [1, 3], 'pair_names': ['DR', 'MH'], 'pair_score': 0.4052969995566777, 'sym_confusion': 0.011428571428571429, 'prototype_similarity': 0.7991654276847839}]
ReserveCosine [20/50] [[1.0, 0.5135648250579834, 0.5460439324378967], [0.5135648250579834, 1.000000238418579, 0.8456514477729797], [0.546043872833252, 0.8456514477729797, 1.0000001192092896]]
ReserveDensity [20/50] {'15': [0, 0, 0], '20': [0, 0, 0], '25': [0, 0, 0]}
Saving best model by known validation F1 . . . . . . . .

Saving model at epoch 20 . . . . . . . .

Train Client0 [21/50] LR=0.0002500 loss=0.168 (Known=0.103 Reserve=1.288) ACC=96.821 F1=76.492 Rec=76.537 Prec=76.458
Train Client1 [21/50] LR=0.0002500 loss=0.245 (Known=0.190 Reserve=1.110) ACC=93.628 F1=87.826 Rec=86.844 Prec=89.536
Train Client2 [21/50] LR=0.0002500 loss=0.228 (Known=0.157 Reserve=1.410) ACC=94.819 F1=80.556 Rec=79.794 Prec=82.911
Train Client3 [21/50] LR=0.0002500 loss=0.272 (Known=0.189 Reserve=1.657) ACC=94.318 F1=84.719 Rec=86.437 Prec=83.504
Train Client4 [21/50] LR=0.0002500 loss=0.271 (Known=0.177 Reserve=1.879) ACC=93.979 F1=76.116 Rec=80.013 Prec=75.231
Train Client5 [21/50] LR=0.0002500 loss=0.215 (Known=0.140 Reserve=1.486) ACC=96.071 F1=80.746 Rec=81.143 Prec=80.386
Train Client6 [21/50] LR=0.0002500 loss=0.487 (Known=0.372 Reserve=2.301) ACC=91.111 F1=79.174 Rec=87.110 Prec=75.287
Train Client7 [21/50] LR=0.0002500 loss=0.225 (Known=0.138 Reserve=1.741) ACC=95.833 F1=79.964 Rec=89.833 Prec=76.955

Val    [21/50] LR=0.0002500 loss=0.120 ACC=94.971 F1=94.931 Rec=94.971 Prec=95.553
Val-KV [21/50] CloseK->V=3.143% KVMargin=1.797253
Stage1Diag [21/50] FeatDim=512 IntraVar=43.967990 InterDist=16.452082 Compact=2.672488 CenterNorm=13.640903
Stage1Boundary [21/50] KnownTrue-Other mean=6.5295 std=3.9531 p10=1.5688 p50=6.3391 p90=11.4690 | BoundaryRate=20.000% count=350 thr=2.7964 hist=[18, 39, 143, 4, 146]

ReserveDiag [21/50] ValACC=94.971 ValF1=94.931 Compact=2.672488 KVMargin=1.797253 CloseK->V=3.143%
ReserveAnchors [21/50] [{'pair': [2, 4], 'pair_names': ['DRUSEN', 'NORMAL'], 'pair_score': 0.5357113316229412, 'sym_confusion': 0.14857142857142858, 'prototype_similarity': 0.9228512346744537}, {'pair': [0, 1], 'pair_names': ['CSR', 'DR'], 'pair_score': 0.4053925039938518, 'sym_confusion': 0.008571428571428572, 'prototype_similarity': 0.802213579416275}, {'pair': [1, 3], 'pair_names': ['DR', 'MH'], 'pair_score': 0.4052969995566777, 'sym_confusion': 0.011428571428571429, 'prototype_similarity': 0.7991654276847839}]
ReserveCosine [21/50] [[1.0, 0.5135648250579834, 0.5460439324378967], [0.5135648250579834, 1.000000238418579, 0.8456514477729797], [0.546043872833252, 0.8456514477729797, 1.0000001192092896]]
ReserveDensity [21/50] {'15': [0, 0, 0], '20': [0, 0, 0], '25': [0, 0, 0]}
Saving best model by known validation F1 . . . . . . . .

Train Client0 [22/50] LR=0.0002500 loss=0.162 (Known=0.115 Reserve=0.938) ACC=96.498 F1=76.378 Rec=76.557 Prec=76.214
Train Client1 [22/50] LR=0.0002500 loss=0.222 (Known=0.182 Reserve=0.793) ACC=94.220 F1=88.273 Rec=87.797 Prec=89.285
Train Client2 [22/50] LR=0.0002500 loss=0.208 (Known=0.151 Reserve=1.143) ACC=95.105 F1=82.808 Rec=81.974 Prec=84.857
Train Client3 [22/50] LR=0.0002500 loss=0.206 (Known=0.149 Reserve=1.146) ACC=93.939 F1=82.734 Rec=83.537 Prec=82.065
Train Client4 [22/50] LR=0.0002500 loss=0.207 (Known=0.134 Reserve=1.472) ACC=94.970 F1=77.684 Rec=79.360 Prec=76.929
Train Client5 [22/50] LR=0.0002500 loss=0.158 (Known=0.105 Reserve=1.067) ACC=97.411 F1=82.917 Rec=82.225 Prec=83.853
Train Client6 [22/50] LR=0.0002500 loss=0.365 (Known=0.272 Reserve=1.850) ACC=90.556 F1=81.653 Rec=89.029 Prec=76.699
Train Client7 [22/50] LR=0.0002500 loss=0.186 (Known=0.120 Reserve=1.317) ACC=96.364 F1=80.803 Rec=89.257 Prec=79.822

Val    [22/50] LR=0.0002500 loss=0.195 ACC=91.714 F1=91.489 Rec=91.714 Prec=93.551
Val-KV [22/50] CloseK->V=3.086% KVMargin=2.049480
Stage1Diag [22/50] FeatDim=512 IntraVar=67.805466 InterDist=17.906773 Compact=3.786582 CenterNorm=15.069555
Stage1Boundary [22/50] KnownTrue-Other mean=6.2788 std=4.0893 p10=0.8236 p50=6.6142 p90=11.2780 | BoundaryRate=20.000% count=350 thr=2.9322 hist=[1, 47, 198, 20, 84]

ReserveDiag [22/50] ValACC=91.714 ValF1=91.489 Compact=3.786582 KVMargin=2.049480 CloseK->V=3.086%
ReserveAnchors [22/50] [{'pair': [2, 4], 'pair_names': ['DRUSEN', 'NORMAL'], 'pair_score': 0.5357113316229412, 'sym_confusion': 0.14857142857142858, 'prototype_similarity': 0.9228512346744537}, {'pair': [0, 1], 'pair_names': ['CSR', 'DR'], 'pair_score': 0.4053925039938518, 'sym_confusion': 0.008571428571428572, 'prototype_similarity': 0.802213579416275}, {'pair': [1, 3], 'pair_names': ['DR', 'MH'], 'pair_score': 0.4052969995566777, 'sym_confusion': 0.011428571428571429, 'prototype_similarity': 0.7991654276847839}]
ReserveCosine [22/50] [[1.0, 0.5135648250579834, 0.5460439324378967], [0.5135648250579834, 1.000000238418579, 0.8456514477729797], [0.546043872833252, 0.8456514477729797, 1.0000001192092896]]
ReserveDensity [22/50] {'15': [0, 0, 0], '20': [0, 0, 0], '25': [0, 0, 0]}
>> New learning Rate: 0.000125
Train Client0 [23/50] LR=0.0001250 loss=0.068 (Known=0.043 Reserve=0.498) ACC=98.491 F1=78.418 Rec=78.394 Prec=78.444
Train Client1 [23/50] LR=0.0001250 loss=0.144 (Known=0.114 Reserve=0.601) ACC=95.926 F1=90.243 Rec=89.198 Prec=91.677
Train Client2 [23/50] LR=0.0001250 loss=0.189 (Known=0.144 Reserve=0.909) ACC=94.962 F1=82.801 Rec=82.902 Prec=82.975
Train Client3 [23/50] LR=0.0001250 loss=0.144 (Known=0.102 Reserve=0.832) ACC=95.265 F1=90.171 Rec=90.183 Prec=90.174
Train Client4 [23/50] LR=0.0001250 loss=0.200 (Known=0.139 Reserve=1.209) ACC=95.046 F1=79.238 Rec=81.400 Prec=78.498
Train Client5 [23/50] LR=0.0001250 loss=0.124 (Known=0.086 Reserve=0.760) ACC=97.054 F1=80.969 Rec=82.079 Prec=80.200
Train Client6 [23/50] LR=0.0001250 loss=0.396 (Known=0.324 Reserve=1.435) ACC=91.389 F1=84.980 Rec=93.475 Prec=79.052
Train Client7 [23/50] LR=0.0001250 loss=0.195 (Known=0.126 Reserve=1.379) ACC=95.303 F1=75.444 Rec=89.525 Prec=73.459

Val    [23/50] LR=0.0001250 loss=0.133 ACC=94.457 F1=94.379 Rec=94.457 Prec=95.389
Val-KV [23/50] CloseK->V=3.086% KVMargin=2.225938
Stage1Diag [23/50] FeatDim=512 IntraVar=131.536553 InterDist=21.892643 Compact=6.008254 CenterNorm=17.903051
Stage1Boundary [23/50] KnownTrue-Other mean=6.7136 std=3.9885 p10=1.6800 p50=7.1253 p90=11.4160 | BoundaryRate=20.000% count=350 thr=3.0760 hist=[2, 24, 172, 9, 143]

ReserveDiag [23/50] ValACC=94.457 ValF1=94.379 Compact=6.008254 KVMargin=2.225938 CloseK->V=3.086%
ReserveAnchors [23/50] [{'pair': [2, 4], 'pair_names': ['DRUSEN', 'NORMAL'], 'pair_score': 0.5357113316229412, 'sym_confusion': 0.14857142857142858, 'prototype_similarity': 0.9228512346744537}, {'pair': [0, 1], 'pair_names': ['CSR', 'DR'], 'pair_score': 0.4053925039938518, 'sym_confusion': 0.008571428571428572, 'prototype_similarity': 0.802213579416275}, {'pair': [1, 3], 'pair_names': ['DR', 'MH'], 'pair_score': 0.4052969995566777, 'sym_confusion': 0.011428571428571429, 'prototype_similarity': 0.7991654276847839}]
ReserveCosine [23/50] [[1.0, 0.5135648250579834, 0.5460439324378967], [0.5135648250579834, 1.000000238418579, 0.8456514477729797], [0.546043872833252, 0.8456514477729797, 1.0000001192092896]]
ReserveDensity [23/50] {'15': [0, 0, 0], '20': [0, 0, 0], '25': [0, 0, 0]}
Train Client0 [24/50] LR=0.0001250 loss=0.064 (Known=0.042 Reserve=0.439) ACC=98.545 F1=78.436 Rec=78.407 Prec=78.489
Train Client1 [24/50] LR=0.0001250 loss=0.136 (Known=0.110 Reserve=0.523) ACC=95.787 F1=91.689 Rec=91.048 Prec=92.592
Train Client2 [24/50] LR=0.0001250 loss=0.164 (Known=0.125 Reserve=0.782) ACC=95.437 F1=83.151 Rec=82.585 Prec=85.172
Train Client3 [24/50] LR=0.0001250 loss=0.151 (Known=0.111 Reserve=0.784) ACC=96.023 F1=90.715 Rec=94.532 Prec=88.289
Train Client4 [24/50] LR=0.0001250 loss=0.207 (Known=0.150 Reserve=1.148) ACC=95.351 F1=80.890 Rec=88.674 Prec=78.610
Train Client5 [24/50] LR=0.0001250 loss=0.071 (Known=0.046 Reserve=0.503) ACC=98.214 F1=83.170 Rec=83.359 Prec=82.990
Train Client6 [24/50] LR=0.0001250 loss=0.352 (Known=0.292 Reserve=1.199) ACC=92.500 F1=84.377 Rec=93.321 Prec=78.903
Train Client7 [24/50] LR=0.0001250 loss=0.168 (Known=0.116 Reserve=1.039) ACC=96.212 F1=79.097 Rec=91.065 Prec=76.484

Val    [24/50] LR=0.0001250 loss=0.129 ACC=94.971 F1=94.915 Rec=94.971 Prec=95.733
Val-KV [24/50] CloseK->V=1.943% KVMargin=2.371851
Stage1Diag [24/50] FeatDim=512 IntraVar=91.915023 InterDist=19.712030 Compact=4.662890 CenterNorm=16.607368
Stage1Boundary [24/50] KnownTrue-Other mean=6.9754 std=3.9525 p10=1.9637 p50=7.6254 p90=11.4456 | BoundaryRate=20.000% count=350 thr=3.4691 hist=[2, 20, 170, 9, 149]

ReserveDiag [24/50] ValACC=94.971 ValF1=94.915 Compact=4.662890 KVMargin=2.371851 CloseK->V=1.943%
ReserveAnchors [24/50] [{'pair': [2, 4], 'pair_names': ['DRUSEN', 'NORMAL'], 'pair_score': 0.5357113316229412, 'sym_confusion': 0.14857142857142858, 'prototype_similarity': 0.9228512346744537}, {'pair': [0, 1], 'pair_names': ['CSR', 'DR'], 'pair_score': 0.4053925039938518, 'sym_confusion': 0.008571428571428572, 'prototype_similarity': 0.802213579416275}, {'pair': [1, 3], 'pair_names': ['DR', 'MH'], 'pair_score': 0.4052969995566777, 'sym_confusion': 0.011428571428571429, 'prototype_similarity': 0.7991654276847839}]
ReserveCosine [24/50] [[1.0, 0.5135648250579834, 0.5460439324378967], [0.5135648250579834, 1.000000238418579, 0.8456514477729797], [0.546043872833252, 0.8456514477729797, 1.0000001192092896]]
ReserveDensity [24/50] {'15': [0, 0, 0], '20': [0, 0, 0], '25': [0, 0, 0]}
Train Client0 [25/50] LR=0.0001250 loss=0.054 (Known=0.039 Reserve=0.315) ACC=98.815 F1=78.697 Rec=78.648 Prec=78.748
Train Client1 [25/50] LR=0.0001250 loss=0.120 (Known=0.097 Reserve=0.473) ACC=96.831 F1=93.750 Rec=93.659 Prec=94.217
Train Client2 [25/50] LR=0.0001250 loss=0.137 (Known=0.106 Reserve=0.639) ACC=96.150 F1=86.172 Rec=85.890 Prec=86.986
Train Client3 [25/50] LR=0.0001250 loss=0.143 (Known=0.110 Reserve=0.652) ACC=96.212 F1=89.803 Rec=95.453 Prec=86.888
Train Client4 [25/50] LR=0.0001250 loss=0.174 (Known=0.124 Reserve=0.999) ACC=95.503 F1=80.367 Rec=85.249 Prec=77.984
Train Client5 [25/50] LR=0.0001250 loss=0.075 (Known=0.052 Reserve=0.466) ACC=98.304 F1=78.416 Rec=78.672 Prec=78.175
Train Client6 [25/50] LR=0.0001250 loss=0.378 (Known=0.317 Reserve=1.217) ACC=92.222 F1=82.502 Rec=89.489 Prec=77.808
Train Client7 [25/50] LR=0.0001250 loss=0.125 (Known=0.082 Reserve=0.851) ACC=97.197 F1=92.787 Rec=93.068 Prec=92.719

Val    [25/50] LR=0.0001250 loss=0.109 ACC=95.371 F1=95.342 Rec=95.371 Prec=95.820
Val-KV [25/50] CloseK->V=0.914% KVMargin=2.500931
Stage1Diag [25/50] FeatDim=512 IntraVar=98.671202 InterDist=20.735098 Compact=4.758656 CenterNorm=17.336110
Stage1Boundary [25/50] KnownTrue-Other mean=7.0705 std=3.8849 p10=2.0756 p50=7.9851 p90=11.5772 | BoundaryRate=20.000% count=350 thr=3.3901 hist=[3, 18, 151, 4, 174]

ReserveDiag [25/50] ValACC=95.371 ValF1=95.342 Compact=4.758656 KVMargin=2.500931 CloseK->V=0.914%
ReserveAnchors [25/50] [{'pair': [2, 4], 'pair_names': ['DRUSEN', 'NORMAL'], 'pair_score': 0.5357113316229412, 'sym_confusion': 0.14857142857142858, 'prototype_similarity': 0.9228512346744537}, {'pair': [0, 1], 'pair_names': ['CSR', 'DR'], 'pair_score': 0.4053925039938518, 'sym_confusion': 0.008571428571428572, 'prototype_similarity': 0.802213579416275}, {'pair': [1, 3], 'pair_names': ['DR', 'MH'], 'pair_score': 0.4052969995566777, 'sym_confusion': 0.011428571428571429, 'prototype_similarity': 0.7991654276847839}]
ReserveCosine [25/50] [[1.0, 0.5135648250579834, 0.5460439324378967], [0.5135648250579834, 1.000000238418579, 0.8456514477729797], [0.546043872833252, 0.8456514477729797, 1.0000001192092896]]
ReserveDensity [25/50] {'15': [0, 0, 0], '20': [0, 0, 0], '25': [0, 0, 0]}
Saving best model by known validation F1 . . . . . . . .

Saving model at epoch 25 . . . . . . . .

Train Client0 [26/50] LR=0.0001250 loss=0.073 (Known=0.056 Reserve=0.339) ACC=98.491 F1=78.514 Rec=78.571 Prec=78.460
Train Client1 [26/50] LR=0.0001250 loss=0.129 (Known=0.110 Reserve=0.389) ACC=96.448 F1=92.667 Rec=91.889 Prec=93.770
Train Client2 [26/50] LR=0.0001250 loss=0.155 (Known=0.124 Reserve=0.606) ACC=95.437 F1=82.752 Rec=82.181 Prec=84.886
Train Client3 [26/50] LR=0.0001250 loss=0.161 (Known=0.134 Reserve=0.552) ACC=95.833 F1=88.274 Rec=91.445 Prec=86.219
Train Client4 [26/50] LR=0.0001250 loss=0.182 (Known=0.136 Reserve=0.931) ACC=95.351 F1=79.950 Rec=84.298 Prec=78.549
Train Client5 [26/50] LR=0.0001250 loss=0.054 (Known=0.037 Reserve=0.338) ACC=98.661 F1=85.319 Rec=83.788 Prec=88.518
Train Client6 [26/50] LR=0.0001250 loss=0.319 (Known=0.269 Reserve=1.002) ACC=93.611 F1=87.939 Rec=94.579 Prec=82.906
Train Client7 [26/50] LR=0.0001250 loss=0.119 (Known=0.082 Reserve=0.744) ACC=97.273 F1=93.155 Rec=93.566 Prec=92.836

Val    [26/50] LR=0.0001250 loss=0.118 ACC=95.143 F1=95.094 Rec=95.143 Prec=95.827
Val-KV [26/50] CloseK->V=0.629% KVMargin=2.622471
Stage1Diag [26/50] FeatDim=512 IntraVar=86.448165 InterDist=19.247261 Compact=4.491453 CenterNorm=16.116730
Stage1Boundary [26/50] KnownTrue-Other mean=6.8838 std=3.7960 p10=2.0678 p50=7.5224 p90=11.5217 | BoundaryRate=20.000% count=350 thr=3.4387 hist=[4, 20, 150, 3, 173]

ReserveDiag [26/50] ValACC=95.143 ValF1=95.094 Compact=4.491453 KVMargin=2.622471 CloseK->V=0.629%
ReserveAnchors [26/50] [{'pair': [2, 4], 'pair_names': ['DRUSEN', 'NORMAL'], 'pair_score': 0.5357113316229412, 'sym_confusion': 0.14857142857142858, 'prototype_similarity': 0.9228512346744537}, {'pair': [0, 1], 'pair_names': ['CSR', 'DR'], 'pair_score': 0.4053925039938518, 'sym_confusion': 0.008571428571428572, 'prototype_similarity': 0.802213579416275}, {'pair': [1, 3], 'pair_names': ['DR', 'MH'], 'pair_score': 0.4052969995566777, 'sym_confusion': 0.011428571428571429, 'prototype_similarity': 0.7991654276847839}]
ReserveCosine [26/50] [[1.0, 0.5135648250579834, 0.5460439324378967], [0.5135648250579834, 1.000000238418579, 0.8456514477729797], [0.546043872833252, 0.8456514477729797, 1.0000001192092896]]
ReserveDensity [26/50] {'15': [0, 0, 0], '20': [0, 0, 0], '25': [0, 0, 0]}
Train Client0 [27/50] LR=0.0001250 loss=0.057 (Known=0.042 Reserve=0.295) ACC=98.653 F1=78.631 Rec=78.683 Prec=78.581
Train Client1 [27/50] LR=0.0001250 loss=0.120 (Known=0.100 Reserve=0.392) ACC=96.135 F1=91.536 Rec=91.774 Prec=91.679
Train Client2 [27/50] LR=0.0001250 loss=0.150 (Known=0.122 Reserve=0.561) ACC=95.437 F1=83.812 Rec=83.633 Prec=84.736
Train Client3 [27/50] LR=0.0001250 loss=0.125 (Known=0.104 Reserve=0.423) ACC=96.780 F1=90.021 Rec=93.216 Prec=87.953
Train Client4 [27/50] LR=0.0001250 loss=0.139 (Known=0.103 Reserve=0.718) ACC=96.113 F1=83.277 Rec=88.510 Prec=81.315
Train Client5 [27/50] LR=0.0001250 loss=0.080 (Known=0.060 Reserve=0.394) ACC=97.857 F1=85.299 Rec=88.029 Prec=83.744
Train Client6 [27/50] LR=0.0001250 loss=0.326 (Known=0.282 Reserve=0.870) ACC=92.500 F1=81.987 Rec=88.992 Prec=77.530
Train Client7 [27/50] LR=0.0001250 loss=0.109 (Known=0.077 Reserve=0.655) ACC=97.273 F1=81.629 Rec=93.690 Prec=78.618

Val    [27/50] LR=0.0001250 loss=0.103 ACC=95.486 F1=95.452 Rec=95.486 Prec=95.999
Val-KV [27/50] CloseK->V=0.857% KVMargin=2.642948
Stage1Diag [27/50] FeatDim=512 IntraVar=161.642494 InterDist=22.741943 Compact=7.107682 CenterNorm=18.376193
Stage1Boundary [27/50] KnownTrue-Other mean=6.8554 std=3.7079 p10=2.0491 p50=7.5174 p90=11.1161 | BoundaryRate=20.000% count=350 thr=3.2971 hist=[2, 23, 134, 4, 187]

ReserveDiag [27/50] ValACC=95.486 ValF1=95.452 Compact=7.107682 KVMargin=2.642948 CloseK->V=0.857%
ReserveAnchors [27/50] [{'pair': [2, 4], 'pair_names': ['DRUSEN', 'NORMAL'], 'pair_score': 0.5357113316229412, 'sym_confusion': 0.14857142857142858, 'prototype_similarity': 0.9228512346744537}, {'pair': [0, 1], 'pair_names': ['CSR', 'DR'], 'pair_score': 0.4053925039938518, 'sym_confusion': 0.008571428571428572, 'prototype_similarity': 0.802213579416275}, {'pair': [1, 3], 'pair_names': ['DR', 'MH'], 'pair_score': 0.4052969995566777, 'sym_confusion': 0.011428571428571429, 'prototype_similarity': 0.7991654276847839}]
ReserveCosine [27/50] [[1.0, 0.5135648250579834, 0.5460439324378967], [0.5135648250579834, 1.000000238418579, 0.8456514477729797], [0.546043872833252, 0.8456514477729797, 1.0000001192092896]]
ReserveDensity [27/50] {'15': [0, 0, 0], '20': [0, 0, 0], '25': [0, 0, 0]}
Saving best model by known validation F1 . . . . . . . .

Train Client0 [28/50] LR=0.0001250 loss=0.052 (Known=0.040 Reserve=0.245) ACC=98.761 F1=78.601 Rec=78.627 Prec=78.577
Train Client1 [28/50] LR=0.0001250 loss=0.121 (Known=0.103 Reserve=0.365) ACC=95.996 F1=92.002 Rec=91.635 Prec=92.511
Train Client2 [28/50] LR=0.0001250 loss=0.137 (Known=0.110 Reserve=0.524) ACC=95.865 F1=84.956 Rec=83.755 Prec=87.164
Train Client3 [28/50] LR=0.0001250 loss=0.121 (Known=0.097 Reserve=0.480) ACC=97.159 F1=89.208 Rec=90.192 Prec=88.385
Train Client4 [28/50] LR=0.0001250 loss=0.127 (Known=0.096 Reserve=0.613) ACC=96.341 F1=84.515 Rec=88.577 Prec=82.648
Train Client5 [28/50] LR=0.0001250 loss=0.049 (Known=0.035 Reserve=0.266) ACC=99.107 F1=89.263 Rec=89.276 Prec=89.251
Train Client6 [28/50] LR=0.0001250 loss=0.216 (Known=0.177 Reserve=0.777) ACC=94.444 F1=87.772 Rec=90.360 Prec=85.738
Train Client7 [28/50] LR=0.0001250 loss=0.118 (Known=0.089 Reserve=0.585) ACC=97.121 F1=73.325 Rec=72.569 Prec=74.384

Val    [28/50] LR=0.0001250 loss=0.133 ACC=94.914 F1=94.847 Rec=94.914 Prec=95.765
Val-KV [28/50] CloseK->V=0.514% KVMargin=2.679446
Stage1Diag [28/50] FeatDim=512 IntraVar=121.462305 InterDist=21.533373 Compact=5.640654 CenterNorm=18.033032
Stage1Boundary [28/50] KnownTrue-Other mean=6.7864 std=3.7247 p10=2.0758 p50=7.6854 p90=10.9444 | BoundaryRate=20.000% count=350 thr=3.4332 hist=[3, 14, 158, 13, 162]

ReserveDiag [28/50] ValACC=94.914 ValF1=94.847 Compact=5.640654 KVMargin=2.679446 CloseK->V=0.514%
ReserveAnchors [28/50] [{'pair': [2, 4], 'pair_names': ['DRUSEN', 'NORMAL'], 'pair_score': 0.5357113316229412, 'sym_confusion': 0.14857142857142858, 'prototype_similarity': 0.9228512346744537}, {'pair': [0, 1], 'pair_names': ['CSR', 'DR'], 'pair_score': 0.4053925039938518, 'sym_confusion': 0.008571428571428572, 'prototype_similarity': 0.802213579416275}, {'pair': [1, 3], 'pair_names': ['DR', 'MH'], 'pair_score': 0.4052969995566777, 'sym_confusion': 0.011428571428571429, 'prototype_similarity': 0.7991654276847839}]
ReserveCosine [28/50] [[1.0, 0.5135648250579834, 0.5460439324378967], [0.5135648250579834, 1.000000238418579, 0.8456514477729797], [0.546043872833252, 0.8456514477729797, 1.0000001192092896]]
ReserveDensity [28/50] {'15': [0, 0, 0], '20': [0, 0, 0], '25': [0, 0, 0]}
Train Client0 [29/50] LR=0.0001250 loss=0.064 (Known=0.051 Reserve=0.257) ACC=98.438 F1=78.308 Rec=78.364 Prec=78.255
Train Client1 [29/50] LR=0.0001250 loss=0.110 (Known=0.094 Reserve=0.305) ACC=96.692 F1=93.548 Rec=92.719 Prec=94.727
Train Client2 [29/50] LR=0.0001250 loss=0.128 (Known=0.105 Reserve=0.459) ACC=95.627 F1=83.798 Rec=83.183 Prec=85.163
Train Client3 [29/50] LR=0.0001250 loss=0.110 (Known=0.093 Reserve=0.353) ACC=96.780 F1=92.779 Rec=95.539 Prec=90.737
Train Client4 [29/50] LR=0.0001250 loss=0.158 (Known=0.124 Reserve=0.674) ACC=96.113 F1=83.379 Rec=94.045 Prec=80.959
Train Client5 [29/50] LR=0.0001250 loss=0.086 (Known=0.069 Reserve=0.328) ACC=97.946 F1=87.847 Rec=88.270 Prec=87.464
Train Client6 [29/50] LR=0.0001250 loss=0.247 (Known=0.204 Reserve=0.856) ACC=94.444 F1=89.992 Rec=94.954 Prec=85.908
Train Client7 [29/50] LR=0.0001250 loss=0.103 (Known=0.076 Reserve=0.545) ACC=98.030 F1=85.373 Rec=94.861 Prec=82.608

Val    [29/50] LR=0.0001250 loss=0.094 ACC=95.943 F1=95.931 Rec=95.943 Prec=96.152
Val-KV [29/50] CloseK->V=0.400% KVMargin=2.853624
Stage1Diag [29/50] FeatDim=512 IntraVar=86.239612 InterDist=20.480970 Compact=4.210719 CenterNorm=16.847894
Stage1Boundary [29/50] KnownTrue-Other mean=6.8531 std=3.7167 p10=1.8448 p50=7.6366 p90=11.4859 | BoundaryRate=20.000% count=350 thr=2.9219 hist=[3, 17, 99, 1, 230]

ReserveDiag [29/50] ValACC=95.943 ValF1=95.931 Compact=4.210719 KVMargin=2.853624 CloseK->V=0.400%
ReserveAnchors [29/50] [{'pair': [2, 4], 'pair_names': ['DRUSEN', 'NORMAL'], 'pair_score': 0.5357113316229412, 'sym_confusion': 0.14857142857142858, 'prototype_similarity': 0.9228512346744537}, {'pair': [0, 1], 'pair_names': ['CSR', 'DR'], 'pair_score': 0.4053925039938518, 'sym_confusion': 0.008571428571428572, 'prototype_similarity': 0.802213579416275}, {'pair': [1, 3], 'pair_names': ['DR', 'MH'], 'pair_score': 0.4052969995566777, 'sym_confusion': 0.011428571428571429, 'prototype_similarity': 0.7991654276847839}]
ReserveCosine [29/50] [[1.0, 0.5135648250579834, 0.5460439324378967], [0.5135648250579834, 1.000000238418579, 0.8456514477729797], [0.546043872833252, 0.8456514477729797, 1.0000001192092896]]
ReserveDensity [29/50] {'15': [0, 0, 0], '20': [0, 0, 0], '25': [0, 0, 0]}
Saving best model by known validation F1 . . . . . . . .

Train Client0 [30/50] LR=0.0001250 loss=0.049 (Known=0.037 Reserve=0.242) ACC=98.761 F1=78.712 Rec=78.719 Prec=78.707
Train Client1 [30/50] LR=0.0001250 loss=0.110 (Known=0.096 Reserve=0.273) ACC=96.448 F1=92.616 Rec=92.125 Prec=93.431
Train Client2 [30/50] LR=0.0001250 loss=0.128 (Known=0.107 Reserve=0.417) ACC=95.675 F1=84.693 Rec=84.026 Prec=85.757
Train Client3 [30/50] LR=0.0001250 loss=0.124 (Known=0.106 Reserve=0.358) ACC=96.023 F1=91.980 Rec=94.701 Prec=90.064
Train Client4 [30/50] LR=0.0001250 loss=0.125 (Known=0.096 Reserve=0.578) ACC=96.723 F1=85.764 Rec=89.724 Prec=83.560
Train Client5 [30/50] LR=0.0001250 loss=0.069 (Known=0.055 Reserve=0.287) ACC=97.946 F1=83.434 Rec=82.820 Prec=84.287
Train Client6 [30/50] LR=0.0001250 loss=0.324 (Known=0.276 Reserve=0.950) ACC=90.556 F1=82.331 Rec=92.390 Prec=76.214
Train Client7 [30/50] LR=0.0001250 loss=0.106 (Known=0.080 Reserve=0.517) ACC=96.970 F1=72.587 Rec=72.526 Prec=72.808

Val    [30/50] LR=0.0001250 loss=0.130 ACC=94.743 F1=94.670 Rec=94.743 Prec=95.632
Val-KV [30/50] CloseK->V=0.229% KVMargin=2.912984
Stage1Diag [30/50] FeatDim=512 IntraVar=128.815971 InterDist=22.561241 Compact=5.709614 CenterNorm=18.735258
Stage1Boundary [30/50] KnownTrue-Other mean=6.8854 std=3.6656 p10=2.3664 p50=7.6183 p90=10.8960 | BoundaryRate=20.000% count=350 thr=3.6870 hist=[3, 26, 151, 4, 166]

ReserveDiag [30/50] ValACC=94.743 ValF1=94.670 Compact=5.709614 KVMargin=2.912984 CloseK->V=0.229%
ReserveAnchors [30/50] [{'pair': [2, 4], 'pair_names': ['DRUSEN', 'NORMAL'], 'pair_score': 0.5357113316229412, 'sym_confusion': 0.14857142857142858, 'prototype_similarity': 0.9228512346744537}, {'pair': [0, 1], 'pair_names': ['CSR', 'DR'], 'pair_score': 0.4053925039938518, 'sym_confusion': 0.008571428571428572, 'prototype_similarity': 0.802213579416275}, {'pair': [1, 3], 'pair_names': ['DR', 'MH'], 'pair_score': 0.4052969995566777, 'sym_confusion': 0.011428571428571429, 'prototype_similarity': 0.7991654276847839}]
ReserveCosine [30/50] [[1.0, 0.5135648250579834, 0.5460439324378967], [0.5135648250579834, 1.000000238418579, 0.8456514477729797], [0.546043872833252, 0.8456514477729797, 1.0000001192092896]]
ReserveDensity [30/50] {'15': [0, 0, 0], '20': [0, 0, 0], '25': [0, 0, 0]}
Saving model at epoch 30 . . . . . . . .

Train Client0 [31/50] LR=0.0001250 loss=0.037 (Known=0.028 Reserve=0.179) ACC=98.761 F1=78.607 Rec=78.578 Prec=78.637
Train Client1 [31/50] LR=0.0001250 loss=0.103 (Known=0.089 Reserve=0.264) ACC=96.866 F1=93.859 Rec=93.046 Prec=94.827
Train Client2 [31/50] LR=0.0001250 loss=0.134 (Known=0.113 Reserve=0.416) ACC=96.008 F1=84.947 Rec=84.155 Prec=87.047
Train Client3 [31/50] LR=0.0001250 loss=0.095 (Known=0.082 Reserve=0.271) ACC=97.538 F1=93.915 Rec=96.662 Prec=91.886
Train Client4 [31/50] LR=0.0001250 loss=0.120 (Known=0.095 Reserve=0.498) ACC=96.265 F1=85.634 Rec=91.420 Prec=82.767
Train Client5 [31/50] LR=0.0001250 loss=0.053 (Known=0.040 Reserve=0.262) ACC=98.661 F1=91.949 Rec=93.677 Prec=90.558
Train Client6 [31/50] LR=0.0001250 loss=0.263 (Known=0.224 Reserve=0.781) ACC=92.778 F1=86.839 Rec=91.565 Prec=82.991
Train Client7 [31/50] LR=0.0001250 loss=0.088 (Known=0.064 Reserve=0.482) ACC=98.333 F1=89.241 Rec=95.435 Prec=86.577

Val    [31/50] LR=0.0001250 loss=0.107 ACC=95.657 F1=95.618 Rec=95.657 Prec=96.255
Val-KV [31/50] CloseK->V=0.114% KVMargin=3.079435
Stage1Diag [31/50] FeatDim=512 IntraVar=142.820372 InterDist=24.462526 Compact=5.838333 CenterNorm=19.757481
Stage1Boundary [31/50] KnownTrue-Other mean=6.9939 std=3.4388 p10=2.6898 p50=7.7830 p90=11.1629 | BoundaryRate=20.000% count=350 thr=4.0057 hist=[4, 21, 134, 5, 186]

ReserveDiag [31/50] ValACC=95.657 ValF1=95.618 Compact=5.838333 KVMargin=3.079435 CloseK->V=0.114%
ReserveAnchors [31/50] [{'pair': [2, 4], 'pair_names': ['DRUSEN', 'NORMAL'], 'pair_score': 0.5357113316229412, 'sym_confusion': 0.14857142857142858, 'prototype_similarity': 0.9228512346744537}, {'pair': [0, 1], 'pair_names': ['CSR', 'DR'], 'pair_score': 0.4053925039938518, 'sym_confusion': 0.008571428571428572, 'prototype_similarity': 0.802213579416275}, {'pair': [1, 3], 'pair_names': ['DR', 'MH'], 'pair_score': 0.4052969995566777, 'sym_confusion': 0.011428571428571429, 'prototype_similarity': 0.7991654276847839}]
ReserveCosine [31/50] [[1.0, 0.5135648250579834, 0.5460439324378967], [0.5135648250579834, 1.000000238418579, 0.8456514477729797], [0.546043872833252, 0.8456514477729797, 1.0000001192092896]]
ReserveDensity [31/50] {'15': [0, 0, 0], '20': [0, 0, 0], '25': [0, 0, 0]}
Train Client0 [32/50] LR=0.0001250 loss=0.028 (Known=0.021 Reserve=0.128) ACC=99.515 F1=99.298 Rec=99.320 Prec=99.277
Train Client1 [32/50] LR=0.0001250 loss=0.109 (Known=0.096 Reserve=0.259) ACC=96.553 F1=93.713 Rec=93.242 Prec=94.452
Train Client2 [32/50] LR=0.0001250 loss=0.141 (Known=0.121 Reserve=0.401) ACC=95.485 F1=83.330 Rec=82.521 Prec=84.968
Train Client3 [32/50] LR=0.0001250 loss=0.104 (Known=0.090 Reserve=0.282) ACC=97.538 F1=93.435 Rec=93.421 Prec=93.483
Train Client4 [32/50] LR=0.0001250 loss=0.130 (Known=0.106 Reserve=0.492) ACC=95.579 F1=82.203 Rec=88.698 Prec=79.577
Train Client5 [32/50] LR=0.0001250 loss=0.080 (Known=0.065 Reserve=0.299) ACC=97.946 F1=85.276 Rec=88.061 Prec=83.669
Train Client6 [32/50] LR=0.0001250 loss=0.264 (Known=0.230 Reserve=0.671) ACC=92.500 F1=86.639 Rec=93.450 Prec=81.452
Train Client7 [32/50] LR=0.0001250 loss=0.105 (Known=0.081 Reserve=0.471) ACC=97.803 F1=94.620 Rec=94.302 Prec=95.213

Val    [32/50] LR=0.0001250 loss=0.136 ACC=94.971 F1=94.900 Rec=94.971 Prec=95.894
Val-KV [32/50] CloseK->V=0.114% KVMargin=3.113530
Stage1Diag [32/50] FeatDim=512 IntraVar=108.229597 InterDist=22.952415 Compact=4.715390 CenterNorm=19.327533
Stage1Boundary [32/50] KnownTrue-Other mean=6.9210 std=3.6327 p10=2.4349 p50=7.6147 p90=11.1609 | BoundaryRate=20.000% count=350 thr=3.8625 hist=[1, 37, 157, 4, 151]

ReserveDiag [32/50] ValACC=94.971 ValF1=94.900 Compact=4.715390 KVMargin=3.113530 CloseK->V=0.114%
ReserveAnchors [32/50] [{'pair': [2, 4], 'pair_names': ['DRUSEN', 'NORMAL'], 'pair_score': 0.5357113316229412, 'sym_confusion': 0.14857142857142858, 'prototype_similarity': 0.9228512346744537}, {'pair': [0, 1], 'pair_names': ['CSR', 'DR'], 'pair_score': 0.4053925039938518, 'sym_confusion': 0.008571428571428572, 'prototype_similarity': 0.802213579416275}, {'pair': [1, 3], 'pair_names': ['DR', 'MH'], 'pair_score': 0.4052969995566777, 'sym_confusion': 0.011428571428571429, 'prototype_similarity': 0.7991654276847839}]
ReserveCosine [32/50] [[1.0, 0.5135648250579834, 0.5460439324378967], [0.5135648250579834, 1.000000238418579, 0.8456514477729797], [0.546043872833252, 0.8456514477729797, 1.0000001192092896]]
ReserveDensity [32/50] {'15': [0, 0, 0], '20': [0, 0, 0], '25': [0, 0, 0]}
Train Client0 [33/50] LR=0.0001250 loss=0.043 (Known=0.035 Reserve=0.164) ACC=99.084 F1=79.070 Rec=79.055 Prec=79.086
Train Client1 [33/50] LR=0.0001250 loss=0.111 (Known=0.098 Reserve=0.265) ACC=96.274 F1=91.562 Rec=91.009 Prec=92.268
Train Client2 [33/50] LR=0.0001250 loss=0.114 (Known=0.098 Reserve=0.328) ACC=96.103 F1=85.368 Rec=84.699 Prec=86.652
Train Client3 [33/50] LR=0.0001250 loss=0.110 (Known=0.095 Reserve=0.308) ACC=96.591 F1=90.099 Rec=92.376 Prec=88.419
Train Client4 [33/50] LR=0.0001250 loss=0.114 (Known=0.090 Reserve=0.473) ACC=96.418 F1=84.299 Rec=88.642 Prec=82.213
Train Client5 [33/50] LR=0.0001250 loss=0.052 (Known=0.043 Reserve=0.197) ACC=98.929 F1=84.745 Rec=83.943 Prec=85.789
Train Client6 [33/50] LR=0.0001250 loss=0.245 (Known=0.207 Reserve=0.766) ACC=93.333 F1=87.521 Rec=93.899 Prec=82.766
Train Client7 [33/50] LR=0.0001250 loss=0.099 (Known=0.074 Reserve=0.498) ACC=97.803 F1=84.889 Rec=94.698 Prec=82.061

Val    [33/50] LR=0.0001250 loss=0.114 ACC=95.429 F1=95.385 Rec=95.429 Prec=96.059
Val-KV [33/50] CloseK->V=0.286% KVMargin=3.064412
Stage1Diag [33/50] FeatDim=512 IntraVar=104.706070 InterDist=21.838949 Compact=4.794465 CenterNorm=18.377361
Stage1Boundary [33/50] KnownTrue-Other mean=6.6675 std=3.3914 p10=2.4029 p50=7.4916 p90=10.6533 | BoundaryRate=20.000% count=350 thr=3.7188 hist=[4, 13, 141, 8, 184]

ReserveDiag [33/50] ValACC=95.429 ValF1=95.385 Compact=4.794465 KVMargin=3.064412 CloseK->V=0.286%
ReserveAnchors [33/50] [{'pair': [2, 4], 'pair_names': ['DRUSEN', 'NORMAL'], 'pair_score': 0.5357113316229412, 'sym_confusion': 0.14857142857142858, 'prototype_similarity': 0.9228512346744537}, {'pair': [0, 1], 'pair_names': ['CSR', 'DR'], 'pair_score': 0.4053925039938518, 'sym_confusion': 0.008571428571428572, 'prototype_similarity': 0.802213579416275}, {'pair': [1, 3], 'pair_names': ['DR', 'MH'], 'pair_score': 0.4052969995566777, 'sym_confusion': 0.011428571428571429, 'prototype_similarity': 0.7991654276847839}]
ReserveCosine [33/50] [[1.0, 0.5135648250579834, 0.5460439324378967], [0.5135648250579834, 1.000000238418579, 0.8456514477729797], [0.546043872833252, 0.8456514477729797, 1.0000001192092896]]
ReserveDensity [33/50] {'15': [0, 0, 0], '20': [0, 0, 0], '25': [0, 0, 0]}
Train Client0 [34/50] LR=0.0001250 loss=0.047 (Known=0.039 Reserve=0.155) ACC=99.030 F1=98.638 Rec=98.698 Prec=98.579
Train Client1 [34/50] LR=0.0001250 loss=0.110 (Known=0.098 Reserve=0.238) ACC=96.205 F1=92.950 Rec=92.153 Prec=94.082
Train Client2 [34/50] LR=0.0001250 loss=0.124 (Known=0.107 Reserve=0.340) ACC=95.532 F1=82.645 Rec=81.920 Prec=84.381
Train Client3 [34/50] LR=0.0001250 loss=0.081 (Known=0.069 Reserve=0.241) ACC=96.591 F1=93.583 Rec=95.065 Prec=92.324
Train Client4 [34/50] LR=0.0001250 loss=0.145 (Known=0.121 Reserve=0.488) ACC=96.341 F1=81.876 Rec=83.708 Prec=80.839
Train Client5 [34/50] LR=0.0001250 loss=0.049 (Known=0.038 Reserve=0.214) ACC=99.196 F1=85.099 Rec=84.620 Prec=85.825
Train Client6 [34/50] LR=0.0001250 loss=0.183 (Known=0.153 Reserve=0.605) ACC=95.278 F1=90.161 Rec=95.803 Prec=85.780
Train Client7 [34/50] LR=0.0001250 loss=0.076 (Known=0.058 Reserve=0.345) ACC=98.030 F1=94.862 Rec=94.553 Prec=95.372

Val    [34/50] LR=0.0001250 loss=0.105 ACC=95.714 F1=95.677 Rec=95.714 Prec=96.301
Val-KV [34/50] CloseK->V=0.171% KVMargin=3.335380
Stage1Diag [34/50] FeatDim=512 IntraVar=101.679569 InterDist=22.958364 Compact=4.428868 CenterNorm=19.279111
Stage1Boundary [34/50] KnownTrue-Other mean=7.0169 std=3.6492 p10=2.1521 p50=8.1371 p90=11.1466 | BoundaryRate=20.000% count=350 thr=3.6709 hist=[2, 13, 148, 4, 183]

ReserveDiag [34/50] ValACC=95.714 ValF1=95.677 Compact=4.428868 KVMargin=3.335380 CloseK->V=0.171%
ReserveAnchors [34/50] [{'pair': [2, 4], 'pair_names': ['DRUSEN', 'NORMAL'], 'pair_score': 0.5357113316229412, 'sym_confusion': 0.14857142857142858, 'prototype_similarity': 0.9228512346744537}, {'pair': [0, 1], 'pair_names': ['CSR', 'DR'], 'pair_score': 0.4053925039938518, 'sym_confusion': 0.008571428571428572, 'prototype_similarity': 0.802213579416275}, {'pair': [1, 3], 'pair_names': ['DR', 'MH'], 'pair_score': 0.4052969995566777, 'sym_confusion': 0.011428571428571429, 'prototype_similarity': 0.7991654276847839}]
ReserveCosine [34/50] [[1.0, 0.5135648250579834, 0.5460439324378967], [0.5135648250579834, 1.000000238418579, 0.8456514477729797], [0.546043872833252, 0.8456514477729797, 1.0000001192092896]]
ReserveDensity [34/50] {'15': [0, 0, 0], '20': [0, 0, 0], '25': [0, 0, 0]}
>> New learning Rate: 6.25e-05
Train Client0 [35/50] LR=0.0000625 loss=0.021 (Known=0.016 Reserve=0.109) ACC=99.569 F1=79.685 Rec=79.696 Prec=79.674
Train Client1 [35/50] LR=0.0000625 loss=0.099 (Known=0.086 Reserve=0.253) ACC=97.075 F1=94.314 Rec=93.733 Prec=95.067
Train Client2 [35/50] LR=0.0000625 loss=0.104 (Known=0.089 Reserve=0.293) ACC=96.435 F1=88.095 Rec=88.248 Prec=87.982
Train Client3 [35/50] LR=0.0000625 loss=0.100 (Known=0.086 Reserve=0.263) ACC=96.591 F1=90.292 Rec=92.541 Prec=88.731
Train Client4 [35/50] LR=0.0000625 loss=0.101 (Known=0.081 Reserve=0.409) ACC=97.256 F1=88.052 Rec=96.087 Prec=84.313
Train Client5 [35/50] LR=0.0000625 loss=0.037 (Known=0.027 Reserve=0.194) ACC=98.839 F1=88.904 Rec=93.561 Prec=86.758
Train Client6 [35/50] LR=0.0000625 loss=0.231 (Known=0.203 Reserve=0.559) ACC=94.167 F1=87.647 Rec=94.745 Prec=82.663
Train Client7 [35/50] LR=0.0000625 loss=0.096 (Known=0.076 Reserve=0.391) ACC=97.424 F1=87.276 Rec=93.865 Prec=84.188

Val    [35/50] LR=0.0000625 loss=0.104 ACC=95.886 F1=95.853 Rec=95.886 Prec=96.424
Val-KV [35/50] CloseK->V=0.171% KVMargin=3.128479
Stage1Diag [35/50] FeatDim=512 IntraVar=192.010905 InterDist=27.139767 Compact=7.074892 CenterNorm=21.823061
Stage1Boundary [35/50] KnownTrue-Other mean=6.8090 std=3.3572 p10=2.2616 p50=7.6288 p90=10.2876 | BoundaryRate=20.000% count=350 thr=3.8177 hist=[3, 19, 142, 2, 184]

ReserveDiag [35/50] ValACC=95.886 ValF1=95.853 Compact=7.074892 KVMargin=3.128479 CloseK->V=0.171%
ReserveAnchors [35/50] [{'pair': [2, 4], 'pair_names': ['DRUSEN', 'NORMAL'], 'pair_score': 0.5357113316229412, 'sym_confusion': 0.14857142857142858, 'prototype_similarity': 0.9228512346744537}, {'pair': [0, 1], 'pair_names': ['CSR', 'DR'], 'pair_score': 0.4053925039938518, 'sym_confusion': 0.008571428571428572, 'prototype_similarity': 0.802213579416275}, {'pair': [1, 3], 'pair_names': ['DR', 'MH'], 'pair_score': 0.4052969995566777, 'sym_confusion': 0.011428571428571429, 'prototype_similarity': 0.7991654276847839}]
ReserveCosine [35/50] [[1.0, 0.5135648250579834, 0.5460439324378967], [0.5135648250579834, 1.000000238418579, 0.8456514477729797], [0.546043872833252, 0.8456514477729797, 1.0000001192092896]]
ReserveDensity [35/50] {'15': [0, 0, 0], '20': [0, 0, 0], '25': [0, 0, 0]}
Saving model at epoch 35 . . . . . . . .

Train Client0 [36/50] LR=0.0000625 loss=0.031 (Known=0.024 Reserve=0.128) ACC=99.353 F1=79.391 Rec=79.436 Prec=79.347
Train Client1 [36/50] LR=0.0000625 loss=0.085 (Known=0.074 Reserve=0.205) ACC=97.493 F1=95.084 Rec=94.687 Prec=95.708
Train Client2 [36/50] LR=0.0000625 loss=0.091 (Known=0.076 Reserve=0.299) ACC=96.958 F1=89.312 Rec=88.861 Prec=89.982
Train Client3 [36/50] LR=0.0000625 loss=0.078 (Known=0.067 Reserve=0.217) ACC=97.538 F1=94.991 Rec=96.446 Prec=93.815
Train Client4 [36/50] LR=0.0000625 loss=0.122 (Known=0.099 Reserve=0.457) ACC=96.494 F1=84.565 Rec=95.475 Prec=81.892
Train Client5 [36/50] LR=0.0000625 loss=0.042 (Known=0.033 Reserve=0.192) ACC=99.018 F1=87.176 Rec=89.164 Prec=85.857
Train Client6 [36/50] LR=0.0000625 loss=0.238 (Known=0.207 Reserve=0.612) ACC=93.889 F1=88.559 Rec=94.579 Prec=83.978
Train Client7 [36/50] LR=0.0000625 loss=0.090 (Known=0.069 Reserve=0.413) ACC=98.182 F1=84.036 Rec=96.291 Prec=80.831

Val    [36/50] LR=0.0000625 loss=0.114 ACC=95.429 F1=95.381 Rec=95.429 Prec=96.115
Val-KV [36/50] CloseK->V=0.229% KVMargin=3.104766
Stage1Diag [36/50] FeatDim=512 IntraVar=124.893533 InterDist=22.804176 Compact=5.476783 CenterNorm=19.376308
Stage1Boundary [36/50] KnownTrue-Other mean=6.9661 std=3.4125 p10=2.5357 p50=7.9300 p90=10.5109 | BoundaryRate=20.000% count=350 thr=4.1246 hist=[4, 13, 147, 5, 181]

ReserveDiag [36/50] ValACC=95.429 ValF1=95.381 Compact=5.476783 KVMargin=3.104766 CloseK->V=0.229%
ReserveAnchors [36/50] [{'pair': [2, 4], 'pair_names': ['DRUSEN', 'NORMAL'], 'pair_score': 0.5357113316229412, 'sym_confusion': 0.14857142857142858, 'prototype_similarity': 0.9228512346744537}, {'pair': [0, 1], 'pair_names': ['CSR', 'DR'], 'pair_score': 0.4053925039938518, 'sym_confusion': 0.008571428571428572, 'prototype_similarity': 0.802213579416275}, {'pair': [1, 3], 'pair_names': ['DR', 'MH'], 'pair_score': 0.4052969995566777, 'sym_confusion': 0.011428571428571429, 'prototype_similarity': 0.7991654276847839}]
ReserveCosine [36/50] [[1.0, 0.5135648250579834, 0.5460439324378967], [0.5135648250579834, 1.000000238418579, 0.8456514477729797], [0.546043872833252, 0.8456514477729797, 1.0000001192092896]]
ReserveDensity [36/50] {'15': [0, 0, 0], '20': [0, 0, 0], '25': [0, 0, 0]}
Train Client0 [37/50] LR=0.0000625 loss=0.022 (Known=0.017 Reserve=0.118) ACC=99.623 F1=79.677 Rec=79.674 Prec=79.681
Train Client1 [37/50] LR=0.0000625 loss=0.085 (Known=0.074 Reserve=0.232) ACC=97.597 F1=95.428 Rec=95.077 Prec=95.926
Train Client2 [37/50] LR=0.0000625 loss=0.111 (Known=0.094 Reserve=0.330) ACC=96.625 F1=88.454 Rec=88.437 Prec=88.611
Train Client3 [37/50] LR=0.0000625 loss=0.067 (Known=0.056 Reserve=0.218) ACC=98.106 F1=94.748 Rec=97.501 Prec=92.710
Train Client4 [37/50] LR=0.0000625 loss=0.098 (Known=0.078 Reserve=0.400) ACC=97.256 F1=88.508 Rec=95.268 Prec=85.595
Train Client5 [37/50] LR=0.0000625 loss=0.034 (Known=0.024 Reserve=0.200) ACC=99.196 F1=91.309 Rec=94.367 Prec=89.255
Train Client6 [37/50] LR=0.0000625 loss=0.217 (Known=0.187 Reserve=0.603) ACC=94.167 F1=87.720 Rec=96.068 Prec=81.924
Train Client7 [37/50] LR=0.0000625 loss=0.089 (Known=0.070 Reserve=0.393) ACC=97.652 F1=87.773 Rec=95.043 Prec=83.934

Val    [37/50] LR=0.0000625 loss=0.091 ACC=96.286 F1=96.271 Rec=96.286 Prec=96.656
Val-KV [37/50] CloseK->V=0.000% KVMargin=3.136885
Stage1Diag [37/50] FeatDim=512 IntraVar=154.261772 InterDist=24.567030 Compact=6.279219 CenterNorm=20.813413
Stage1Boundary [37/50] KnownTrue-Other mean=6.9333 std=3.3210 p10=2.4632 p50=7.8636 p90=10.3243 | BoundaryRate=20.000% count=350 thr=3.8584 hist=[3, 9, 127, 3, 208]

ReserveDiag [37/50] ValACC=96.286 ValF1=96.271 Compact=6.279219 KVMargin=3.136885 CloseK->V=0.000%
ReserveAnchors [37/50] [{'pair': [2, 4], 'pair_names': ['DRUSEN', 'NORMAL'], 'pair_score': 0.5357113316229412, 'sym_confusion': 0.14857142857142858, 'prototype_similarity': 0.9228512346744537}, {'pair': [0, 1], 'pair_names': ['CSR', 'DR'], 'pair_score': 0.4053925039938518, 'sym_confusion': 0.008571428571428572, 'prototype_similarity': 0.802213579416275}, {'pair': [1, 3], 'pair_names': ['DR', 'MH'], 'pair_score': 0.4052969995566777, 'sym_confusion': 0.011428571428571429, 'prototype_similarity': 0.7991654276847839}]
ReserveCosine [37/50] [[1.0, 0.5135648250579834, 0.5460439324378967], [0.5135648250579834, 1.000000238418579, 0.8456514477729797], [0.546043872833252, 0.8456514477729797, 1.0000001192092896]]
ReserveDensity [37/50] {'15': [0, 0, 0], '20': [0, 0, 0], '25': [0, 0, 0]}
Saving best model by known validation F1 . . . . . . . .

Train Client0 [38/50] LR=0.0000625 loss=0.030 (Known=0.024 Reserve=0.116) ACC=99.515 F1=79.465 Rec=79.445 Prec=79.487
Train Client1 [38/50] LR=0.0000625 loss=0.080 (Known=0.070 Reserve=0.215) ACC=97.597 F1=94.436 Rec=94.065 Prec=94.992
Train Client2 [38/50] LR=0.0000625 loss=0.088 (Known=0.075 Reserve=0.262) ACC=96.721 F1=88.637 Rec=88.633 Prec=88.725
Train Client3 [38/50] LR=0.0000625 loss=0.083 (Known=0.072 Reserve=0.205) ACC=97.727 F1=92.681 Rec=93.879 Prec=91.760
Train Client4 [38/50] LR=0.0000625 loss=0.098 (Known=0.079 Reserve=0.384) ACC=97.027 F1=88.212 Rec=94.357 Prec=85.422
Train Client5 [38/50] LR=0.0000625 loss=0.043 (Known=0.033 Reserve=0.190) ACC=98.750 F1=90.643 Rec=93.692 Prec=88.599
Train Client6 [38/50] LR=0.0000625 loss=0.155 (Known=0.129 Reserve=0.534) ACC=96.111 F1=92.901 Rec=97.448 Prec=89.059
Train Client7 [38/50] LR=0.0000625 loss=0.086 (Known=0.066 Reserve=0.402) ACC=97.652 F1=94.893 Rec=95.808 Prec=94.433

Val    [38/50] LR=0.0000625 loss=0.109 ACC=95.657 F1=95.618 Rec=95.657 Prec=96.255
Val-KV [38/50] CloseK->V=0.000% KVMargin=3.275893
Stage1Diag [38/50] FeatDim=512 IntraVar=151.032225 InterDist=25.001383 Compact=6.040955 CenterNorm=20.748454
Stage1Boundary [38/50] KnownTrue-Other mean=7.1454 std=3.4495 p10=2.7465 p50=8.1415 p90=10.6708 | BoundaryRate=20.000% count=350 thr=4.2056 hist=[2, 18, 142, 3, 185]

ReserveDiag [38/50] ValACC=95.657 ValF1=95.618 Compact=6.040955 KVMargin=3.275893 CloseK->V=0.000%
ReserveAnchors [38/50] [{'pair': [2, 4], 'pair_names': ['DRUSEN', 'NORMAL'], 'pair_score': 0.5357113316229412, 'sym_confusion': 0.14857142857142858, 'prototype_similarity': 0.9228512346744537}, {'pair': [0, 1], 'pair_names': ['CSR', 'DR'], 'pair_score': 0.4053925039938518, 'sym_confusion': 0.008571428571428572, 'prototype_similarity': 0.802213579416275}, {'pair': [1, 3], 'pair_names': ['DR', 'MH'], 'pair_score': 0.4052969995566777, 'sym_confusion': 0.011428571428571429, 'prototype_similarity': 0.7991654276847839}]
ReserveCosine [38/50] [[1.0, 0.5135648250579834, 0.5460439324378967], [0.5135648250579834, 1.000000238418579, 0.8456514477729797], [0.546043872833252, 0.8456514477729797, 1.0000001192092896]]
ReserveDensity [38/50] {'15': [0, 0, 0], '20': [0, 0, 0], '25': [0, 0, 0]}
Train Client0 [39/50] LR=0.0000625 loss=0.021 (Known=0.016 Reserve=0.100) ACC=99.515 F1=79.632 Rec=79.589 Prec=79.674
Train Client1 [39/50] LR=0.0000625 loss=0.075 (Known=0.065 Reserve=0.205) ACC=98.015 F1=95.429 Rec=95.056 Prec=95.863
Train Client2 [39/50] LR=0.0000625 loss=0.084 (Known=0.071 Reserve=0.248) ACC=96.721 F1=88.447 Rec=88.147 Prec=88.980
Train Client3 [39/50] LR=0.0000625 loss=0.075 (Known=0.064 Reserve=0.207) ACC=98.295 F1=95.052 Rec=97.821 Prec=93.031
Train Client4 [39/50] LR=0.0000625 loss=0.099 (Known=0.080 Reserve=0.383) ACC=97.180 F1=87.663 Rec=95.245 Prec=84.423
Train Client5 [39/50] LR=0.0000625 loss=0.031 (Known=0.023 Reserve=0.172) ACC=99.196 F1=91.324 Rec=94.393 Prec=89.260
Train Client6 [39/50] LR=0.0000625 loss=0.163 (Known=0.138 Reserve=0.494) ACC=95.556 F1=93.651 Rec=96.544 Prec=91.334
Train Client7 [39/50] LR=0.0000625 loss=0.084 (Known=0.064 Reserve=0.383) ACC=98.106 F1=83.556 Rec=95.197 Prec=81.122

Val    [39/50] LR=0.0000625 loss=0.110 ACC=95.829 F1=95.794 Rec=95.829 Prec=96.378
Val-KV [39/50] CloseK->V=0.000% KVMargin=3.276606
Stage1Diag [39/50] FeatDim=512 IntraVar=125.513465 InterDist=23.521698 Compact=5.336072 CenterNorm=19.982409
Stage1Boundary [39/50] KnownTrue-Other mean=7.1063 std=3.3611 p10=2.8268 p50=8.1425 p90=10.4807 | BoundaryRate=20.000% count=350 thr=4.3819 hist=[2, 11, 141, 5, 191]

ReserveDiag [39/50] ValACC=95.829 ValF1=95.794 Compact=5.336072 KVMargin=3.276606 CloseK->V=0.000%
ReserveAnchors [39/50] [{'pair': [2, 4], 'pair_names': ['DRUSEN', 'NORMAL'], 'pair_score': 0.5357113316229412, 'sym_confusion': 0.14857142857142858, 'prototype_similarity': 0.9228512346744537}, {'pair': [0, 1], 'pair_names': ['CSR', 'DR'], 'pair_score': 0.4053925039938518, 'sym_confusion': 0.008571428571428572, 'prototype_similarity': 0.802213579416275}, {'pair': [1, 3], 'pair_names': ['DR', 'MH'], 'pair_score': 0.4052969995566777, 'sym_confusion': 0.011428571428571429, 'prototype_similarity': 0.7991654276847839}]
ReserveCosine [39/50] [[1.0, 0.5135648250579834, 0.5460439324378967], [0.5135648250579834, 1.000000238418579, 0.8456514477729797], [0.546043872833252, 0.8456514477729797, 1.0000001192092896]]
ReserveDensity [39/50] {'15': [0, 0, 0], '20': [0, 0, 0], '25': [0, 0, 0]}
Train Client0 [40/50] LR=0.0000625 loss=0.024 (Known=0.019 Reserve=0.109) ACC=99.623 F1=79.678 Rec=79.680 Prec=79.677
Train Client1 [40/50] LR=0.0000625 loss=0.076 (Known=0.067 Reserve=0.181) ACC=97.667 F1=95.255 Rec=94.764 Prec=95.852
Train Client2 [40/50] LR=0.0000625 loss=0.092 (Known=0.080 Reserve=0.244) ACC=96.816 F1=89.199 Rec=89.084 Prec=89.424
Train Client3 [40/50] LR=0.0000625 loss=0.092 (Known=0.080 Reserve=0.236) ACC=97.727 F1=94.318 Rec=97.124 Prec=92.273
Train Client4 [40/50] LR=0.0000625 loss=0.103 (Known=0.082 Reserve=0.408) ACC=96.646 F1=86.696 Rec=94.657 Prec=83.455
Train Client5 [40/50] LR=0.0000625 loss=0.033 (Known=0.025 Reserve=0.160) ACC=99.018 F1=91.082 Rec=94.143 Prec=89.026
Train Client6 [40/50] LR=0.0000625 loss=0.196 (Known=0.164 Reserve=0.653) ACC=94.167 F1=87.192 Rec=94.880 Prec=81.817
Train Client7 [40/50] LR=0.0000625 loss=0.085 (Known=0.066 Reserve=0.378) ACC=98.030 F1=85.468 Rec=95.850 Prec=81.791

Val    [40/50] LR=0.0000625 loss=0.126 ACC=95.314 F1=95.270 Rec=95.314 Prec=96.037
Val-KV [40/50] CloseK->V=0.057% KVMargin=3.219060
Stage1Diag [40/50] FeatDim=512 IntraVar=138.938851 InterDist=24.233608 Compact=5.733313 CenterNorm=20.553039
Stage1Boundary [40/50] KnownTrue-Other mean=6.9401 std=3.4018 p10=2.7694 p50=7.8806 p90=10.3597 | BoundaryRate=20.000% count=350 thr=4.2392 hist=[4, 19, 154, 1, 172]

ReserveDiag [40/50] ValACC=95.314 ValF1=95.270 Compact=5.733313 KVMargin=3.219060 CloseK->V=0.057%
ReserveAnchors [40/50] [{'pair': [2, 4], 'pair_names': ['DRUSEN', 'NORMAL'], 'pair_score': 0.5357113316229412, 'sym_confusion': 0.14857142857142858, 'prototype_similarity': 0.9228512346744537}, {'pair': [0, 1], 'pair_names': ['CSR', 'DR'], 'pair_score': 0.4053925039938518, 'sym_confusion': 0.008571428571428572, 'prototype_similarity': 0.802213579416275}, {'pair': [1, 3], 'pair_names': ['DR', 'MH'], 'pair_score': 0.4052969995566777, 'sym_confusion': 0.011428571428571429, 'prototype_similarity': 0.7991654276847839}]
ReserveCosine [40/50] [[1.0, 0.5135648250579834, 0.5460439324378967], [0.5135648250579834, 1.000000238418579, 0.8456514477729797], [0.546043872833252, 0.8456514477729797, 1.0000001192092896]]
ReserveDensity [40/50] {'15': [0, 0, 0], '20': [0, 0, 0], '25': [0, 0, 0]}
Saving model at epoch 40 . . . . . . . .

Train Client0 [41/50] LR=0.0000625 loss=0.023 (Known=0.017 Reserve=0.116) ACC=99.407 F1=79.517 Rec=79.543 Prec=79.492
Train Client1 [41/50] LR=0.0000625 loss=0.082 (Known=0.073 Reserve=0.175) ACC=97.458 F1=94.921 Rec=93.906 Prec=96.082
Train Client2 [41/50] LR=0.0000625 loss=0.088 (Known=0.074 Reserve=0.290) ACC=96.768 F1=89.207 Rec=89.138 Prec=89.314
Train Client3 [41/50] LR=0.0000625 loss=0.070 (Known=0.060 Reserve=0.188) ACC=98.106 F1=94.731 Rec=97.468 Prec=92.726
Train Client4 [41/50] LR=0.0000625 loss=0.099 (Known=0.080 Reserve=0.393) ACC=97.561 F1=90.530 Rec=95.918 Prec=87.481
Train Client5 [41/50] LR=0.0000625 loss=0.036 (Known=0.028 Reserve=0.169) ACC=98.839 F1=85.330 Rec=88.986 Prec=83.814
Train Client6 [41/50] LR=0.0000625 loss=0.184 (Known=0.154 Reserve=0.592) ACC=95.278 F1=91.965 Rec=97.986 Prec=87.327
Train Client7 [41/50] LR=0.0000625 loss=0.076 (Known=0.058 Reserve=0.363) ACC=98.258 F1=86.017 Rec=96.413 Prec=82.350

Val    [41/50] LR=0.0000625 loss=0.118 ACC=95.314 F1=95.274 Rec=95.314 Prec=96.002
Val-KV [41/50] CloseK->V=0.114% KVMargin=3.169207
Stage1Diag [41/50] FeatDim=512 IntraVar=117.115528 InterDist=22.326738 Compact=5.245528 CenterNorm=18.869926
Stage1Boundary [41/50] KnownTrue-Other mean=6.8876 std=3.3792 p10=2.6599 p50=7.7034 p90=10.7700 | BoundaryRate=20.000% count=350 thr=4.1990 hist=[6, 22, 139, 0, 183]

ReserveDiag [41/50] ValACC=95.314 ValF1=95.274 Compact=5.245528 KVMargin=3.169207 CloseK->V=0.114%
ReserveAnchors [41/50] [{'pair': [2, 4], 'pair_names': ['DRUSEN', 'NORMAL'], 'pair_score': 0.5357113316229412, 'sym_confusion': 0.14857142857142858, 'prototype_similarity': 0.9228512346744537}, {'pair': [0, 1], 'pair_names': ['CSR', 'DR'], 'pair_score': 0.4053925039938518, 'sym_confusion': 0.008571428571428572, 'prototype_similarity': 0.802213579416275}, {'pair': [1, 3], 'pair_names': ['DR', 'MH'], 'pair_score': 0.4052969995566777, 'sym_confusion': 0.011428571428571429, 'prototype_similarity': 0.7991654276847839}]
ReserveCosine [41/50] [[1.0, 0.5135648250579834, 0.5460439324378967], [0.5135648250579834, 1.000000238418579, 0.8456514477729797], [0.546043872833252, 0.8456514477729797, 1.0000001192092896]]
ReserveDensity [41/50] {'15': [0, 0, 0], '20': [0, 0, 0], '25': [0, 0, 0]}
Train Client0 [42/50] LR=0.0000625 loss=0.018 (Known=0.013 Reserve=0.093) ACC=99.569 F1=99.378 Rec=99.391 Prec=99.369
Train Client1 [42/50] LR=0.0000625 loss=0.078 (Known=0.068 Reserve=0.190) ACC=97.702 F1=95.270 Rec=94.659 Prec=96.048
Train Client2 [42/50] LR=0.0000625 loss=0.084 (Known=0.071 Reserve=0.262) ACC=96.816 F1=89.190 Rec=88.886 Prec=89.543
Train Client3 [42/50] LR=0.0000625 loss=0.098 (Known=0.088 Reserve=0.214) ACC=97.159 F1=94.446 Rec=95.901 Prec=93.341
Train Client4 [42/50] LR=0.0000625 loss=0.115 (Known=0.094 Reserve=0.426) ACC=96.646 F1=86.251 Rec=94.959 Prec=83.101
Train Client5 [42/50] LR=0.0000625 loss=0.026 (Known=0.019 Reserve=0.127) ACC=99.196 F1=90.227 Rec=94.214 Prec=87.995
Train Client6 [42/50] LR=0.0000625 loss=0.242 (Known=0.208 Reserve=0.681) ACC=93.611 F1=90.584 Rec=94.602 Prec=87.519
Train Client7 [42/50] LR=0.0000625 loss=0.068 (Known=0.050 Reserve=0.357) ACC=98.409 F1=89.543 Rec=95.968 Prec=86.618

Val    [42/50] LR=0.0000625 loss=0.105 ACC=96.171 F1=96.145 Rec=96.171 Prec=96.630
Val-KV [42/50] CloseK->V=0.000% KVMargin=3.238604
Stage1Diag [42/50] FeatDim=512 IntraVar=156.807103 InterDist=25.444532 Compact=6.162703 CenterNorm=21.265705
Stage1Boundary [42/50] KnownTrue-Other mean=6.9850 std=3.2647 p10=2.7704 p50=7.9516 p90=10.2649 | BoundaryRate=20.000% count=350 thr=4.3400 hist=[4, 14, 142, 3, 187]

ReserveDiag [42/50] ValACC=96.171 ValF1=96.145 Compact=6.162703 KVMargin=3.238604 CloseK->V=0.000%
ReserveAnchors [42/50] [{'pair': [2, 4], 'pair_names': ['DRUSEN', 'NORMAL'], 'pair_score': 0.5357113316229412, 'sym_confusion': 0.14857142857142858, 'prototype_similarity': 0.9228512346744537}, {'pair': [0, 1], 'pair_names': ['CSR', 'DR'], 'pair_score': 0.4053925039938518, 'sym_confusion': 0.008571428571428572, 'prototype_similarity': 0.802213579416275}, {'pair': [1, 3], 'pair_names': ['DR', 'MH'], 'pair_score': 0.4052969995566777, 'sym_confusion': 0.011428571428571429, 'prototype_similarity': 0.7991654276847839}]
ReserveCosine [42/50] [[1.0, 0.5135648250579834, 0.5460439324378967], [0.5135648250579834, 1.000000238418579, 0.8456514477729797], [0.546043872833252, 0.8456514477729797, 1.0000001192092896]]
ReserveDensity [42/50] {'15': [0, 0, 0], '20': [0, 0, 0], '25': [0, 0, 0]}
Train Client0 [43/50] LR=0.0000625 loss=0.018 (Known=0.013 Reserve=0.093) ACC=99.623 F1=79.678 Rec=79.674 Prec=79.682
Train Client1 [43/50] LR=0.0000625 loss=0.086 (Known=0.076 Reserve=0.200) ACC=97.563 F1=94.942 Rec=94.101 Prec=95.970
Train Client2 [43/50] LR=0.0000625 loss=0.093 (Known=0.080 Reserve=0.256) ACC=96.911 F1=89.534 Rec=89.094 Prec=90.093
Train Client3 [43/50] LR=0.0000625 loss=0.097 (Known=0.086 Reserve=0.225) ACC=96.591 F1=92.516 Rec=95.247 Prec=90.556
Train Client4 [43/50] LR=0.0000625 loss=0.104 (Known=0.085 Reserve=0.381) ACC=97.104 F1=88.237 Rec=95.136 Prec=85.163
Train Client5 [43/50] LR=0.0000625 loss=0.030 (Known=0.024 Reserve=0.111) ACC=99.018 F1=92.307 Rec=94.007 Prec=90.942
Train Client6 [43/50] LR=0.0000625 loss=0.136 (Known=0.113 Reserve=0.456) ACC=95.833 F1=90.130 Rec=94.917 Prec=86.459
Train Client7 [43/50] LR=0.0000625 loss=0.072 (Known=0.054 Reserve=0.346) ACC=98.333 F1=89.892 Rec=97.476 Prec=85.746

Val    [43/50] LR=0.0000625 loss=0.122 ACC=95.371 F1=95.324 Rec=95.371 Prec=96.058
Val-KV [43/50] CloseK->V=0.171% KVMargin=3.263796
Stage1Diag [43/50] FeatDim=512 IntraVar=167.334092 InterDist=26.320883 Compact=6.357465 CenterNorm=21.528855
Stage1Boundary [43/50] KnownTrue-Other mean=7.0764 std=3.3228 p10=2.9073 p50=7.8171 p90=10.5060 | BoundaryRate=20.000% count=350 thr=4.7273 hist=[5, 25, 148, 1, 171]

ReserveDiag [43/50] ValACC=95.371 ValF1=95.324 Compact=6.357465 KVMargin=3.263796 CloseK->V=0.171%
ReserveAnchors [43/50] [{'pair': [2, 4], 'pair_names': ['DRUSEN', 'NORMAL'], 'pair_score': 0.5357113316229412, 'sym_confusion': 0.14857142857142858, 'prototype_similarity': 0.9228512346744537}, {'pair': [0, 1], 'pair_names': ['CSR', 'DR'], 'pair_score': 0.4053925039938518, 'sym_confusion': 0.008571428571428572, 'prototype_similarity': 0.802213579416275}, {'pair': [1, 3], 'pair_names': ['DR', 'MH'], 'pair_score': 0.4052969995566777, 'sym_confusion': 0.011428571428571429, 'prototype_similarity': 0.7991654276847839}]
ReserveCosine [43/50] [[1.0, 0.5135648250579834, 0.5460439324378967], [0.5135648250579834, 1.000000238418579, 0.8456514477729797], [0.546043872833252, 0.8456514477729797, 1.0000001192092896]]
ReserveDensity [43/50] {'15': [0, 0, 0], '20': [0, 0, 0], '25': [0, 0, 0]}
Train Client0 [44/50] LR=0.0000625 loss=0.030 (Known=0.024 Reserve=0.121) ACC=99.407 F1=79.455 Rec=79.499 Prec=79.412
Train Client1 [44/50] LR=0.0000625 loss=0.072 (Known=0.063 Reserve=0.179) ACC=97.702 F1=95.742 Rec=95.680 Prec=95.858
Train Client2 [44/50] LR=0.0000625 loss=0.087 (Known=0.075 Reserve=0.244) ACC=96.911 F1=89.867 Rec=89.938 Prec=89.799
Train Client3 [44/50] LR=0.0000625 loss=0.081 (Known=0.072 Reserve=0.184) ACC=97.348 F1=96.053 Rec=96.053 Prec=96.053
Train Client4 [44/50] LR=0.0000625 loss=0.115 (Known=0.096 Reserve=0.383) ACC=96.037 F1=82.293 Rec=88.377 Prec=80.396
Train Client5 [44/50] LR=0.0000625 loss=0.039 (Known=0.031 Reserve=0.165) ACC=99.107 F1=89.295 Rec=94.277 Prec=86.819
Train Client6 [44/50] LR=0.0000625 loss=0.184 (Known=0.158 Reserve=0.523) ACC=94.444 F1=90.163 Rec=96.146 Prec=85.503
Train Client7 [44/50] LR=0.0000625 loss=0.066 (Known=0.049 Reserve=0.344) ACC=98.788 F1=96.625 Rec=96.318 Prec=97.030

Val    [44/50] LR=0.0000625 loss=0.102 ACC=96.229 F1=96.206 Rec=96.229 Prec=96.624
Val-KV [44/50] CloseK->V=0.000% KVMargin=3.411194
Stage1Diag [44/50] FeatDim=512 IntraVar=152.482637 InterDist=25.677776 Compact=5.938312 CenterNorm=21.346511
Stage1Boundary [44/50] KnownTrue-Other mean=7.1808 std=3.3310 p10=2.8193 p50=8.2311 p90=10.5016 | BoundaryRate=20.000% count=350 thr=4.4008 hist=[4, 10, 135, 2, 199]

ReserveDiag [44/50] ValACC=96.229 ValF1=96.206 Compact=5.938312 KVMargin=3.411194 CloseK->V=0.000%
ReserveAnchors [44/50] [{'pair': [2, 4], 'pair_names': ['DRUSEN', 'NORMAL'], 'pair_score': 0.5357113316229412, 'sym_confusion': 0.14857142857142858, 'prototype_similarity': 0.9228512346744537}, {'pair': [0, 1], 'pair_names': ['CSR', 'DR'], 'pair_score': 0.4053925039938518, 'sym_confusion': 0.008571428571428572, 'prototype_similarity': 0.802213579416275}, {'pair': [1, 3], 'pair_names': ['DR', 'MH'], 'pair_score': 0.4052969995566777, 'sym_confusion': 0.011428571428571429, 'prototype_similarity': 0.7991654276847839}]
ReserveCosine [44/50] [[1.0, 0.5135648250579834, 0.5460439324378967], [0.5135648250579834, 1.000000238418579, 0.8456514477729797], [0.546043872833252, 0.8456514477729797, 1.0000001192092896]]
ReserveDensity [44/50] {'15': [0, 0, 0], '20': [0, 0, 0], '25': [0, 0, 0]}
Train Client0 [45/50] LR=0.0000625 loss=0.018 (Known=0.014 Reserve=0.089) ACC=99.731 F1=79.752 Rec=79.767 Prec=79.738
Train Client1 [45/50] LR=0.0000625 loss=0.078 (Known=0.069 Reserve=0.177) ACC=97.389 F1=94.952 Rec=94.759 Prec=95.255
Train Client2 [45/50] LR=0.0000625 loss=0.075 (Known=0.064 Reserve=0.213) ACC=97.529 F1=90.614 Rec=89.094 Prec=92.870
Train Client3 [45/50] LR=0.0000625 loss=0.048 (Known=0.039 Reserve=0.175) ACC=98.674 F1=97.979 Rec=97.954 Prec=98.104
Train Client4 [45/50] LR=0.0000625 loss=0.119 (Known=0.098 Reserve=0.425) ACC=97.027 F1=86.354 Rec=95.804 Prec=82.871
Train Client5 [45/50] LR=0.0000625 loss=0.028 (Known=0.021 Reserve=0.130) ACC=99.196 F1=84.418 Rec=84.487 Prec=84.350
Train Client6 [45/50] LR=0.0000625 loss=0.211 (Known=0.182 Reserve=0.590) ACC=94.167 F1=90.080 Rec=96.068 Prec=85.694
Train Client7 [45/50] LR=0.0000625 loss=0.077 (Known=0.061 Reserve=0.310) ACC=97.955 F1=88.284 Rec=94.898 Prec=85.045

Val    [45/50] LR=0.0000625 loss=0.113 ACC=95.714 F1=95.681 Rec=95.714 Prec=96.313
Val-KV [45/50] CloseK->V=0.000% KVMargin=3.442430
Stage1Diag [45/50] FeatDim=512 IntraVar=194.844777 InterDist=27.094894 Compact=7.191199 CenterNorm=21.854415
Stage1Boundary [45/50] KnownTrue-Other mean=7.1696 std=3.2866 p10=3.0742 p50=8.0922 p90=10.3726 | BoundaryRate=20.000% count=350 thr=4.6705 hist=[6, 8, 138, 4, 194]

ReserveDiag [45/50] ValACC=95.714 ValF1=95.681 Compact=7.191199 KVMargin=3.442430 CloseK->V=0.000%
ReserveAnchors [45/50] [{'pair': [2, 4], 'pair_names': ['DRUSEN', 'NORMAL'], 'pair_score': 0.5357113316229412, 'sym_confusion': 0.14857142857142858, 'prototype_similarity': 0.9228512346744537}, {'pair': [0, 1], 'pair_names': ['CSR', 'DR'], 'pair_score': 0.4053925039938518, 'sym_confusion': 0.008571428571428572, 'prototype_similarity': 0.802213579416275}, {'pair': [1, 3], 'pair_names': ['DR', 'MH'], 'pair_score': 0.4052969995566777, 'sym_confusion': 0.011428571428571429, 'prototype_similarity': 0.7991654276847839}]
ReserveCosine [45/50] [[1.0, 0.5135648250579834, 0.5460439324378967], [0.5135648250579834, 1.000000238418579, 0.8456514477729797], [0.546043872833252, 0.8456514477729797, 1.0000001192092896]]
ReserveDensity [45/50] {'15': [0, 0, 0], '20': [0, 0, 0], '25': [0, 0, 0]}
Saving model at epoch 45 . . . . . . . .

Train Client0 [46/50] LR=0.0000625 loss=0.040 (Known=0.034 Reserve=0.124) ACC=99.030 F1=79.359 Rec=79.354 Prec=79.367
Train Client1 [46/50] LR=0.0000625 loss=0.068 (Known=0.061 Reserve=0.150) ACC=97.806 F1=95.214 Rec=94.879 Prec=95.695
Train Client2 [46/50] LR=0.0000625 loss=0.076 (Known=0.066 Reserve=0.206) ACC=97.338 F1=91.090 Rec=90.968 Prec=91.236
Train Client3 [46/50] LR=0.0000625 loss=0.047 (Known=0.040 Reserve=0.138) ACC=98.864 F1=98.296 Rec=98.296 Prec=98.296
Train Client4 [46/50] LR=0.0000625 loss=0.105 (Known=0.087 Reserve=0.360) ACC=97.027 F1=87.571 Rec=95.890 Prec=83.990
Train Client5 [46/50] LR=0.0000625 loss=0.027 (Known=0.021 Reserve=0.126) ACC=99.375 F1=91.486 Rec=94.487 Prec=89.487
Train Client6 [46/50] LR=0.0000625 loss=0.274 (Known=0.242 Reserve=0.637) ACC=92.500 F1=87.464 Rec=96.488 Prec=81.237
Train Client7 [46/50] LR=0.0000625 loss=0.068 (Known=0.052 Reserve=0.323) ACC=98.485 F1=89.486 Rec=96.181 Prec=86.212

Val    [46/50] LR=0.0000625 loss=0.098 ACC=96.343 F1=96.327 Rec=96.343 Prec=96.745
Val-KV [46/50] CloseK->V=0.000% KVMargin=3.439904
Stage1Diag [46/50] FeatDim=512 IntraVar=151.128672 InterDist=24.355618 Compact=6.205085 CenterNorm=19.936497
Stage1Boundary [46/50] KnownTrue-Other mean=7.2564 std=3.3827 p10=2.7658 p50=8.1961 p90=10.7032 | BoundaryRate=20.000% count=350 thr=4.3740 hist=[4, 11, 134, 3, 198]

ReserveDiag [46/50] ValACC=96.343 ValF1=96.327 Compact=6.205085 KVMargin=3.439904 CloseK->V=0.000%
ReserveAnchors [46/50] [{'pair': [2, 4], 'pair_names': ['DRUSEN', 'NORMAL'], 'pair_score': 0.5357113316229412, 'sym_confusion': 0.14857142857142858, 'prototype_similarity': 0.9228512346744537}, {'pair': [0, 1], 'pair_names': ['CSR', 'DR'], 'pair_score': 0.4053925039938518, 'sym_confusion': 0.008571428571428572, 'prototype_similarity': 0.802213579416275}, {'pair': [1, 3], 'pair_names': ['DR', 'MH'], 'pair_score': 0.4052969995566777, 'sym_confusion': 0.011428571428571429, 'prototype_similarity': 0.7991654276847839}]
ReserveCosine [46/50] [[1.0, 0.5135648250579834, 0.5460439324378967], [0.5135648250579834, 1.000000238418579, 0.8456514477729797], [0.546043872833252, 0.8456514477729797, 1.0000001192092896]]
ReserveDensity [46/50] {'15': [0, 0, 0], '20': [0, 0, 0], '25': [0, 0, 0]}
Saving best model by known validation F1 . . . . . . . .

>> New learning Rate: 3.125e-05
Train Client0 [47/50] LR=0.0000313 loss=0.012 (Known=0.008 Reserve=0.079) ACC=99.838 F1=79.915 Rec=79.892 Prec=79.937
Train Client1 [47/50] LR=0.0000313 loss=0.070 (Known=0.061 Reserve=0.170) ACC=97.737 F1=94.845 Rec=94.257 Prec=95.598
Train Client2 [47/50] LR=0.0000313 loss=0.077 (Known=0.064 Reserve=0.257) ACC=97.386 F1=91.550 Rec=91.923 Prec=91.184
Train Client3 [47/50] LR=0.0000313 loss=0.080 (Known=0.071 Reserve=0.173) ACC=98.106 F1=94.733 Rec=97.475 Prec=92.721
Train Client4 [47/50] LR=0.0000313 loss=0.108 (Known=0.089 Reserve=0.371) ACC=96.951 F1=85.935 Rec=96.170 Prec=82.714
Train Client5 [47/50] LR=0.0000313 loss=0.029 (Known=0.022 Reserve=0.129) ACC=99.286 F1=90.359 Rec=94.401 Prec=88.073
Train Client6 [47/50] LR=0.0000313 loss=0.248 (Known=0.220 Reserve=0.550) ACC=94.167 F1=90.664 Rec=97.789 Prec=86.000
Train Client7 [47/50] LR=0.0000313 loss=0.084 (Known=0.063 Reserve=0.411) ACC=98.030 F1=95.488 Rec=96.217 Prec=94.996

Val    [47/50] LR=0.0000313 loss=0.104 ACC=96.229 F1=96.205 Rec=96.229 Prec=96.658
Val-KV [47/50] CloseK->V=0.000% KVMargin=3.405138
Stage1Diag [47/50] FeatDim=512 IntraVar=130.170517 InterDist=23.009974 Compact=5.657135 CenterNorm=19.369517
Stage1Boundary [47/50] KnownTrue-Other mean=7.1366 std=3.2907 p10=2.8486 p50=7.9464 p90=10.4863 | BoundaryRate=20.000% count=350 thr=4.5457 hist=[6, 12, 141, 4, 187]

ReserveDiag [47/50] ValACC=96.229 ValF1=96.205 Compact=5.657135 KVMargin=3.405138 CloseK->V=0.000%
ReserveAnchors [47/50] [{'pair': [2, 4], 'pair_names': ['DRUSEN', 'NORMAL'], 'pair_score': 0.5357113316229412, 'sym_confusion': 0.14857142857142858, 'prototype_similarity': 0.9228512346744537}, {'pair': [0, 1], 'pair_names': ['CSR', 'DR'], 'pair_score': 0.4053925039938518, 'sym_confusion': 0.008571428571428572, 'prototype_similarity': 0.802213579416275}, {'pair': [1, 3], 'pair_names': ['DR', 'MH'], 'pair_score': 0.4052969995566777, 'sym_confusion': 0.011428571428571429, 'prototype_similarity': 0.7991654276847839}]
ReserveCosine [47/50] [[1.0, 0.5135648250579834, 0.5460439324378967], [0.5135648250579834, 1.000000238418579, 0.8456514477729797], [0.546043872833252, 0.8456514477729797, 1.0000001192092896]]
ReserveDensity [47/50] {'15': [0, 0, 0], '20': [0, 0, 0], '25': [0, 0, 0]}
Train Client0 [48/50] LR=0.0000313 loss=0.018 (Known=0.013 Reserve=0.093) ACC=99.677 F1=79.703 Rec=79.741 Prec=79.666
Train Client1 [48/50] LR=0.0000313 loss=0.066 (Known=0.058 Reserve=0.171) ACC=97.841 F1=95.563 Rec=95.683 Prec=95.528
Train Client2 [48/50] LR=0.0000313 loss=0.080 (Known=0.069 Reserve=0.234) ACC=97.338 F1=91.007 Rec=90.664 Prec=91.403
Train Client3 [48/50] LR=0.0000313 loss=0.072 (Known=0.062 Reserve=0.198) ACC=97.727 F1=96.569 Rec=96.569 Prec=96.569
Train Client4 [48/50] LR=0.0000313 loss=0.106 (Known=0.087 Reserve=0.375) ACC=96.951 F1=86.437 Rec=96.299 Prec=82.919
Train Client5 [48/50] LR=0.0000313 loss=0.023 (Known=0.017 Reserve=0.120) ACC=99.554 F1=91.795 Rec=94.727 Prec=89.864
Train Client6 [48/50] LR=0.0000313 loss=0.229 (Known=0.199 Reserve=0.601) ACC=94.722 F1=92.852 Rec=98.608 Prec=88.699
Train Client7 [48/50] LR=0.0000313 loss=0.078 (Known=0.061 Reserve=0.331) ACC=98.409 F1=89.636 Rec=96.931 Prec=85.724

Val    [48/50] LR=0.0000313 loss=0.089 ACC=96.571 F1=96.560 Rec=96.571 Prec=96.892
Val-KV [48/50] CloseK->V=0.000% KVMargin=3.388488
Stage1Diag [48/50] FeatDim=512 IntraVar=223.376212 InterDist=27.908016 Compact=8.004016 CenterNorm=22.339823
Stage1Boundary [48/50] KnownTrue-Other mean=7.1280 std=3.2846 p10=2.6353 p50=8.0601 p90=10.5181 | BoundaryRate=20.000% count=350 thr=4.2130 hist=[6, 10, 125, 1, 208]

ReserveDiag [48/50] ValACC=96.571 ValF1=96.560 Compact=8.004016 KVMargin=3.388488 CloseK->V=0.000%
ReserveAnchors [48/50] [{'pair': [2, 4], 'pair_names': ['DRUSEN', 'NORMAL'], 'pair_score': 0.5357113316229412, 'sym_confusion': 0.14857142857142858, 'prototype_similarity': 0.9228512346744537}, {'pair': [0, 1], 'pair_names': ['CSR', 'DR'], 'pair_score': 0.4053925039938518, 'sym_confusion': 0.008571428571428572, 'prototype_similarity': 0.802213579416275}, {'pair': [1, 3], 'pair_names': ['DR', 'MH'], 'pair_score': 0.4052969995566777, 'sym_confusion': 0.011428571428571429, 'prototype_similarity': 0.7991654276847839}]
ReserveCosine [48/50] [[1.0, 0.5135648250579834, 0.5460439324378967], [0.5135648250579834, 1.000000238418579, 0.8456514477729797], [0.546043872833252, 0.8456514477729797, 1.0000001192092896]]
ReserveDensity [48/50] {'15': [0, 0, 0], '20': [0, 0, 0], '25': [0, 0, 0]}
Saving best model by known validation F1 . . . . . . . .

Train Client0 [49/50] LR=0.0000313 loss=0.032 (Known=0.026 Reserve=0.108) ACC=99.300 F1=79.571 Rec=79.590 Prec=79.555
Train Client1 [49/50] LR=0.0000313 loss=0.065 (Known=0.057 Reserve=0.170) ACC=97.981 F1=96.056 Rec=95.334 Prec=96.893
Train Client2 [49/50] LR=0.0000313 loss=0.073 (Known=0.062 Reserve=0.222) ACC=97.624 F1=91.841 Rec=91.111 Prec=92.705
Train Client3 [49/50] LR=0.0000313 loss=0.055 (Known=0.046 Reserve=0.172) ACC=98.485 F1=95.320 Rec=98.059 Prec=93.313
Train Client4 [49/50] LR=0.0000313 loss=0.102 (Known=0.084 Reserve=0.350) ACC=97.027 F1=86.452 Rec=94.702 Prec=83.780
Train Client5 [49/50] LR=0.0000313 loss=0.028 (Known=0.022 Reserve=0.134) ACC=99.375 F1=92.817 Rec=99.399 Prec=89.571
Train Client6 [49/50] LR=0.0000313 loss=0.186 (Known=0.164 Reserve=0.439) ACC=95.278 F1=91.728 Rec=96.474 Prec=87.917
Train Client7 [49/50] LR=0.0000313 loss=0.061 (Known=0.044 Reserve=0.332) ACC=98.561 F1=90.013 Rec=96.895 Prec=86.544

Val    [49/50] LR=0.0000313 loss=0.098 ACC=96.629 F1=96.618 Rec=96.629 Prec=96.950
Val-KV [49/50] CloseK->V=0.114% KVMargin=3.320936
Stage1Diag [49/50] FeatDim=512 IntraVar=114.305722 InterDist=20.767910 Compact=5.503959 CenterNorm=17.480025
Stage1Boundary [49/50] KnownTrue-Other mean=7.1376 std=3.2688 p10=2.9672 p50=7.9750 p90=10.5736 | BoundaryRate=20.000% count=350 thr=4.5865 hist=[11, 12, 136, 0, 191]

ReserveDiag [49/50] ValACC=96.629 ValF1=96.618 Compact=5.503959 KVMargin=3.320936 CloseK->V=0.114%
ReserveAnchors [49/50] [{'pair': [2, 4], 'pair_names': ['DRUSEN', 'NORMAL'], 'pair_score': 0.5357113316229412, 'sym_confusion': 0.14857142857142858, 'prototype_similarity': 0.9228512346744537}, {'pair': [0, 1], 'pair_names': ['CSR', 'DR'], 'pair_score': 0.4053925039938518, 'sym_confusion': 0.008571428571428572, 'prototype_similarity': 0.802213579416275}, {'pair': [1, 3], 'pair_names': ['DR', 'MH'], 'pair_score': 0.4052969995566777, 'sym_confusion': 0.011428571428571429, 'prototype_similarity': 0.7991654276847839}]
ReserveCosine [49/50] [[1.0, 0.5135648250579834, 0.5460439324378967], [0.5135648250579834, 1.000000238418579, 0.8456514477729797], [0.546043872833252, 0.8456514477729797, 1.0000001192092896]]
ReserveDensity [49/50] {'15': [0, 0, 0], '20': [0, 0, 0], '25': [0, 0, 0]}
Saving best model by known validation F1 . . . . . . . .

------>Best performance (by known validation F1)--->>>>>>>

Best epoch: 49/50
Val    ACC=96.629 F1=96.618 Rec=96.629 Prec=96.950
Test-Close ACC=96.457 F1=96.446 Rec=96.457 Prec=96.764
Test-Virtual CloseK->V=0.114% Open->V=12.476% CloseHist=[0, 0, 2] OpenHist=[107, 24, 0]
=====================================================================================================================================
The ending time ：2026-06-24 01:57:58
