Logging to: ./logs/Bloodmnist_Pretrain_K5_U3_seed1_20260603_095121.log
==> Preparing data..
The number of class each [(6, 2330), (1, 2181), (3, 2026), (7, 1643), (2, 1085), (5, 993), (0, 852), (4, 849)]
The numbers of Training, Val, Test sets, 11959, 1712, 3421
{7: 0, 2: 1, 1: 2, 6: 3, 0: 4} {4: 5, 3: 6, 5: 7}
[7 2 1 6 0] [0 1 2 3 4] [4 3 5] [5 6 7]
Known and Unknow in Train: 8091 3868
Known and Unknow in Val: 1157 555
Known and Unknow in Test: 2315 1106
Client0 sample num: 3659
Client1 sample num: 467
Client2 sample num: 1696
Client3 sample num: 795
Client4 sample num: 2885
Client5 sample num: 1332
Client6 sample num: 2290
Client7 sample num: 3058

>>> Setting up
==> Building [Resnet18] model..
154
120
Train Client0 [0/100] LR=0.0005000 loss=0.613 ACC=91.193 F1=50.484 Rec=49.789 Prec=51.714
Train Client1 [0/100] LR=0.0005000 loss=0.881 ACC=87.284 F1=46.968 Rec=47.403 Prec=47.089
Train Client2 [0/100] LR=0.0005000 loss=1.218 ACC=80.483 F1=55.903 Rec=55.822 Prec=56.066
Train Client3 [0/100] LR=0.0005000 loss=1.103 ACC=86.742 F1=40.690 Rec=40.319 Prec=41.131
Train Client4 [0/100] LR=0.0005000 loss=0.955 ACC=84.062 F1=51.276 Rec=50.884 Prec=52.247
Train Client5 [0/100] LR=0.0005000 loss=0.601 ACC=90.587 F1=36.660 Rec=38.736 Prec=35.483
Train Client6 [0/100] LR=0.0005000 loss=0.917 ACC=86.276 F1=58.764 Rec=58.082 Prec=59.715
Train Client7 [0/100] LR=0.0005000 loss=0.303 ACC=96.826 F1=40.689 Rec=40.586 Prec=40.848

Val    [0/100] LR=0.0005000 loss=6.051 ACC=20.311 F1=6.753 Rec=20.000 Prec=4.062

Test-  OSR [0/100] LR=0.0005000 ACC=13.739 F1=4.026 Rec=16.667 Prec=2.290 UNK=0.000 OS*=20.000 HOS=0.000 AUROC=53.408 AUPR=32.229 OSCR=16.167
Test-Close [0/100] LR=0.0005000 loss=6.052 ACC=20.302 F1=6.750 Rec=20.000 Prec=4.060
Saving best model . . . . . . . .

Saving model at epoch 0 . . . . . . . .

Train Client0 [1/100] LR=0.0005000 loss=0.431 ACC=92.205 F1=53.532 Rec=52.459 Prec=55.231
Train Client1 [1/100] LR=0.0005000 loss=0.599 ACC=92.026 F1=52.786 Rec=51.359 Prec=55.030
Train Client2 [1/100] LR=0.0005000 loss=0.892 ACC=85.318 F1=61.933 Rec=62.281 Prec=61.608
Train Client3 [1/100] LR=0.0005000 loss=0.608 ACC=91.414 F1=45.588 Rec=45.284 Prec=45.918
Train Client4 [1/100] LR=0.0005000 loss=0.758 ACC=85.972 F1=53.780 Rec=52.817 Prec=56.311
Train Client5 [1/100] LR=0.0005000 loss=0.293 ACC=96.009 F1=37.087 Rec=37.368 Prec=36.815
Train Client6 [1/100] LR=0.0005000 loss=0.721 ACC=88.112 F1=57.903 Rec=57.528 Prec=58.579
Train Client7 [1/100] LR=0.0005000 loss=0.221 ACC=97.611 F1=41.122 Rec=40.905 Prec=41.624

Val    [1/100] LR=0.0005000 loss=4.391 ACC=20.311 F1=6.753 Rec=20.000 Prec=4.062

Test-  OSR [1/100] LR=0.0005000 ACC=13.739 F1=4.026 Rec=16.667 Prec=2.290 UNK=0.000 OS*=20.000 HOS=0.000 AUROC=83.479 AUPR=59.906 OSCR=20.299
Test-Close [1/100] LR=0.0005000 loss=4.393 ACC=20.302 F1=6.750 Rec=20.000 Prec=4.060
Saving best model . . . . . . . .

Train Client0 [2/100] LR=0.0005000 loss=0.398 ACC=92.451 F1=68.665 Rec=66.666 Prec=71.741
Train Client1 [2/100] LR=0.0005000 loss=0.489 ACC=92.457 F1=50.978 Rec=49.615 Prec=53.061
Train Client2 [2/100] LR=0.0005000 loss=0.815 ACC=84.375 F1=59.980 Rec=60.349 Prec=59.650
Train Client3 [2/100] LR=0.0005000 loss=0.528 ACC=92.424 F1=47.235 Rec=46.940 Prec=47.590
Train Client4 [2/100] LR=0.0005000 loss=0.586 ACC=88.750 F1=60.289 Rec=59.444 Prec=62.148
Train Client5 [2/100] LR=0.0005000 loss=0.262 ACC=95.934 F1=36.971 Rec=37.351 Prec=36.612
Train Client6 [2/100] LR=0.0005000 loss=0.648 ACC=89.685 F1=60.427 Rec=59.964 Prec=61.336
Train Client7 [2/100] LR=0.0005000 loss=0.287 ACC=97.579 F1=42.289 Rec=41.547 Prec=44.637

Val    [2/100] LR=0.0005000 loss=4.701 ACC=20.311 F1=6.753 Rec=20.000 Prec=4.062

Test-  OSR [2/100] LR=0.0005000 ACC=13.739 F1=4.026 Rec=16.667 Prec=2.290 UNK=0.000 OS*=20.000 HOS=0.000 AUROC=73.514 AUPR=45.503 OSCR=20.302
Test-Close [2/100] LR=0.0005000 loss=4.699 ACC=20.302 F1=6.750 Rec=20.000 Prec=4.060
Saving best model . . . . . . . .

Train Client0 [3/100] LR=0.0005000 loss=0.416 ACC=92.533 F1=57.666 Rec=56.308 Prec=59.516
Train Client1 [3/100] LR=0.0005000 loss=0.643 ACC=92.888 F1=57.195 Rec=55.897 Prec=59.879
Train Client2 [3/100] LR=0.0005000 loss=0.747 ACC=86.321 F1=64.605 Rec=64.575 Prec=67.257
Train Client3 [3/100] LR=0.0005000 loss=0.456 ACC=92.929 F1=44.427 Rec=43.787 Prec=45.861
Train Client4 [3/100] LR=0.0005000 loss=0.593 ACC=88.021 F1=53.796 Rec=53.435 Prec=55.453
Train Client5 [3/100] LR=0.0005000 loss=0.293 ACC=95.633 F1=36.963 Rec=37.736 Prec=36.280
Train Client6 [3/100] LR=0.0005000 loss=0.501 ACC=91.259 F1=67.752 Rec=66.145 Prec=75.084
Train Client7 [3/100] LR=0.0005000 loss=0.196 ACC=98.266 F1=43.341 Rec=42.479 Prec=45.585

Val    [3/100] LR=0.0005000 loss=2.866 ACC=29.905 F1=19.725 Rec=27.497 Prec=42.389

Test-  OSR [3/100] LR=0.0005000 ACC=21.602 F1=16.275 Rec=24.110 Prec=25.873 UNK=0.000 OS*=28.932 HOS=0.000 AUROC=81.305 AUPR=61.294 OSCR=28.649
Test-Close [3/100] LR=0.0005000 loss=2.859 ACC=31.922 F1=21.575 Rec=28.932 Prec=46.584
Saving best model . . . . . . . .

Train Client0 [4/100] LR=0.0005000 loss=0.362 ACC=93.271 F1=59.140 Rec=57.777 Prec=61.186
Train Client1 [4/100] LR=0.0005000 loss=0.576 ACC=92.888 F1=58.063 Rec=56.570 Prec=60.101
Train Client2 [4/100] LR=0.0005000 loss=0.715 ACC=88.443 F1=68.286 Rec=67.719 Prec=70.548
Train Client3 [4/100] LR=0.0005000 loss=0.509 ACC=93.813 F1=48.572 Rec=48.398 Prec=48.831
Train Client4 [4/100] LR=0.0005000 loss=0.566 ACC=89.097 F1=60.147 Rec=59.357 Prec=62.075
Train Client5 [4/100] LR=0.0005000 loss=0.238 ACC=97.139 F1=41.993 Rec=43.631 Prec=40.747
Train Client6 [4/100] LR=0.0005000 loss=0.470 ACC=91.608 F1=66.242 Rec=64.947 Prec=68.502
Train Client7 [4/100] LR=0.0005000 loss=0.195 ACC=97.873 F1=40.392 Rec=40.357 Prec=40.539

Val    [4/100] LR=0.0005000 loss=2.521 ACC=63.008 F1=54.623 Rec=59.434 Prec=84.404

Test-  OSR [4/100] LR=0.0005000 ACC=42.824 F1=40.553 Rec=50.117 Prec=60.211 UNK=0.000 OS*=60.141 HOS=0.000 AUROC=84.267 AUPR=60.374 OSCR=58.896
Test-Close [4/100] LR=0.0005000 loss=2.524 ACC=63.283 F1=56.212 Rec=60.141 Prec=85.650
Saving best model . . . . . . . .

Train Client0 [5/100] LR=0.0005000 loss=0.373 ACC=93.600 F1=74.413 Rec=73.010 Prec=76.151
Train Client1 [5/100] LR=0.0005000 loss=0.434 ACC=92.888 F1=60.376 Rec=62.576 Prec=60.159
Train Client2 [5/100] LR=0.0005000 loss=0.586 ACC=89.151 F1=68.191 Rec=67.874 Prec=70.285
Train Client3 [5/100] LR=0.0005000 loss=0.398 ACC=93.813 F1=49.792 Rec=49.268 Prec=50.499
Train Client4 [5/100] LR=0.0005000 loss=0.542 ACC=89.410 F1=58.964 Rec=58.425 Prec=60.283
Train Client5 [5/100] LR=0.0005000 loss=0.218 ACC=97.139 F1=46.033 Rec=43.636 Prec=57.481
Train Client6 [5/100] LR=0.0005000 loss=0.509 ACC=91.259 F1=62.652 Rec=62.336 Prec=63.117
Train Client7 [5/100] LR=0.0005000 loss=0.227 ACC=98.102 F1=40.674 Rec=40.451 Prec=42.262

Val    [5/100] LR=0.0005000 loss=2.225 ACC=84.615 F1=71.378 Rec=73.354 Prec=71.501

Test-  OSR [5/100] LR=0.0005000 ACC=57.030 F1=50.901 Rec=60.750 Prec=50.807 UNK=0.000 OS*=72.899 HOS=0.000 AUROC=88.294 AUPR=67.523 OSCR=81.466
Test-Close [5/100] LR=0.0005000 loss=2.223 ACC=84.276 F1=70.981 Rec=72.899 Prec=81.082
Saving best model . . . . . . . .

Saving model at epoch 5 . . . . . . . .

Train Client0 [6/100] LR=0.0005000 loss=0.338 ACC=93.764 F1=61.081 Rec=60.172 Prec=62.167
Train Client1 [6/100] LR=0.0005000 loss=0.555 ACC=93.750 F1=64.316 Rec=63.505 Prec=67.564
Train Client2 [6/100] LR=0.0005000 loss=0.528 ACC=91.509 F1=69.768 Rec=69.986 Prec=69.657
Train Client3 [6/100] LR=0.0005000 loss=0.348 ACC=94.697 F1=55.614 Rec=54.336 Prec=58.029
Train Client4 [6/100] LR=0.0005000 loss=0.610 ACC=89.236 F1=59.593 Rec=59.126 Prec=62.350
Train Client5 [6/100] LR=0.0005000 loss=0.192 ACC=97.364 F1=38.239 Rec=39.169 Prec=37.423
Train Client6 [6/100] LR=0.0005000 loss=0.490 ACC=91.608 F1=70.158 Rec=69.309 Prec=71.170
Train Client7 [6/100] LR=0.0005000 loss=0.207 ACC=98.331 F1=50.290 Rec=48.478 Prec=55.528

Val    [6/100] LR=0.0005000 loss=2.133 ACC=92.740 F1=90.748 Rec=89.219 Prec=93.208

Test-  OSR [6/100] LR=0.0005000 ACC=62.467 F1=60.750 Rec=73.934 Prec=52.925 UNK=0.000 OS*=88.720 HOS=0.000 AUROC=89.342 AUPR=79.740 OSCR=84.149
Test-Close [6/100] LR=0.0005000 loss=2.139 ACC=92.311 F1=90.102 Rec=88.720 Prec=92.369
Saving best model . . . . . . . .

Train Client0 [7/100] LR=0.0005000 loss=0.289 ACC=94.174 F1=78.229 Rec=77.616 Prec=78.924
Train Client1 [7/100] LR=0.0005000 loss=0.273 ACC=94.612 F1=62.883 Rec=61.780 Prec=64.129
Train Client2 [7/100] LR=0.0005000 loss=0.616 ACC=91.686 F1=71.446 Rec=70.908 Prec=72.666
Train Client3 [7/100] LR=0.0005000 loss=0.340 ACC=95.076 F1=56.444 Rec=54.023 Prec=62.480
Train Client4 [7/100] LR=0.0005000 loss=0.536 ACC=90.069 F1=66.886 Rec=65.929 Prec=68.115
Train Client5 [7/100] LR=0.0005000 loss=0.199 ACC=96.837 F1=43.987 Rec=48.363 Prec=41.792
Train Client6 [7/100] LR=0.0005000 loss=0.595 ACC=91.696 F1=69.206 Rec=68.097 Prec=70.938
Train Client7 [7/100] LR=0.0005000 loss=0.199 ACC=98.200 F1=48.065 Rec=47.023 Prec=49.519

Val    [7/100] LR=0.0005000 loss=2.175 ACC=91.789 F1=89.583 Rec=87.532 Prec=93.317

Test-  OSR [7/100] LR=0.0005000 ACC=62.613 F1=61.969 Rec=73.794 Prec=55.939 UNK=0.000 OS*=88.553 HOS=0.000 AUROC=91.836 AUPR=79.833 OSCR=87.452
Test-Close [7/100] LR=0.0005000 loss=2.175 ACC=92.527 F1=90.347 Rec=88.553 Prec=93.419
Saving best model . . . . . . . .

Train Client0 [8/100] LR=0.0005000 loss=0.330 ACC=93.818 F1=63.039 Rec=62.142 Prec=64.204
Train Client1 [8/100] LR=0.0005000 loss=0.402 ACC=95.259 F1=72.062 Rec=72.256 Prec=73.056
Train Client2 [8/100] LR=0.0005000 loss=0.506 ACC=91.804 F1=70.083 Rec=70.743 Prec=69.504
Train Client3 [8/100] LR=0.0005000 loss=0.282 ACC=95.960 F1=54.333 Rec=54.126 Prec=54.545
Train Client4 [8/100] LR=0.0005000 loss=0.430 ACC=92.014 F1=70.870 Rec=69.368 Prec=73.269
Train Client5 [8/100] LR=0.0005000 loss=0.186 ACC=96.536 F1=37.691 Rec=38.235 Prec=37.192
Train Client6 [8/100] LR=0.0005000 loss=0.385 ACC=92.614 F1=76.986 Rec=74.916 Prec=81.773
Train Client7 [8/100] LR=0.0005000 loss=0.304 ACC=97.677 F1=43.991 Rec=43.542 Prec=44.602

Val    [8/100] LR=0.0005000 loss=2.132 ACC=93.518 F1=93.151 Rec=92.599 Prec=94.283

Test-  OSR [8/100] LR=0.0005000 ACC=62.759 F1=61.684 Rec=76.656 Prec=55.239 UNK=0.000 OS*=91.987 HOS=0.000 AUROC=88.410 AUPR=73.790 OSCR=84.624
Test-Close [8/100] LR=0.0005000 loss=2.140 ACC=92.743 F1=92.534 Rec=91.987 Prec=93.620
Train Client0 [9/100] LR=0.0005000 loss=0.250 ACC=95.542 F1=67.045 Rec=67.072 Prec=67.111
Train Client1 [9/100] LR=0.0005000 loss=0.237 ACC=95.690 F1=66.852 Rec=67.983 Prec=65.852
Train Client2 [9/100] LR=0.0005000 loss=0.456 ACC=93.337 F1=75.062 Rec=74.669 Prec=76.304
Train Client3 [9/100] LR=0.0005000 loss=0.361 ACC=95.455 F1=58.999 Rec=58.531 Prec=59.513
Train Client4 [9/100] LR=0.0005000 loss=0.384 ACC=93.611 F1=78.400 Rec=78.155 Prec=78.703
Train Client5 [9/100] LR=0.0005000 loss=0.188 ACC=97.515 F1=44.004 Rec=43.910 Prec=44.389
Train Client6 [9/100] LR=0.0005000 loss=0.303 ACC=94.843 F1=77.385 Rec=76.593 Prec=78.884
Train Client7 [9/100] LR=0.0005000 loss=0.237 ACC=97.709 F1=47.931 Rec=47.238 Prec=49.336

Val    [9/100] LR=0.0005000 loss=2.026 ACC=92.826 F1=91.771 Rec=91.505 Prec=93.075

Test-  OSR [9/100] LR=0.0005000 ACC=62.993 F1=62.955 Rec=76.588 Prec=57.511 UNK=0.000 OS*=91.905 HOS=0.000 AUROC=86.775 AUPR=72.781 OSCR=83.027
Test-Close [9/100] LR=0.0005000 loss=2.025 ACC=93.089 F1=91.878 Rec=91.905 Prec=92.794
Train Client0 [10/100] LR=0.0005000 loss=0.231 ACC=96.034 F1=83.457 Rec=83.294 Prec=83.655
Train Client1 [10/100] LR=0.0005000 loss=0.845 ACC=94.828 F1=76.822 Rec=76.185 Prec=77.563
Train Client2 [10/100] LR=0.0005000 loss=0.354 ACC=94.045 F1=77.018 Rec=76.085 Prec=78.868
Train Client3 [10/100] LR=0.0005000 loss=0.310 ACC=95.833 F1=58.903 Rec=58.477 Prec=60.494
Train Client4 [10/100] LR=0.0005000 loss=0.406 ACC=93.194 F1=80.669 Rec=80.752 Prec=80.676
Train Client5 [10/100] LR=0.0005000 loss=0.166 ACC=97.666 F1=44.016 Rec=45.240 Prec=43.041
Train Client6 [10/100] LR=0.0005000 loss=0.322 ACC=94.799 F1=82.078 Rec=82.566 Prec=81.626
Train Client7 [10/100] LR=0.0005000 loss=0.174 ACC=98.200 F1=52.284 Rec=51.845 Prec=53.235

Val    [10/100] LR=0.0005000 loss=1.891 ACC=96.197 F1=95.519 Rec=95.459 Prec=95.858

Test-  OSR [10/100] LR=0.0005000 ACC=64.689 F1=65.112 Rec=79.025 Prec=59.792 UNK=0.000 OS*=94.829 HOS=0.000 AUROC=92.147 AUPR=80.266 OSCR=89.955
Test-Close [10/100] LR=0.0005000 loss=1.900 ACC=95.594 F1=94.671 Rec=94.829 Prec=94.991
Saving best model . . . . . . . .

Saving model at epoch 10 . . . . . . . .

Train Client0 [11/100] LR=0.0005000 loss=0.228 ACC=96.417 F1=84.682 Rec=84.375 Prec=85.075
Train Client1 [11/100] LR=0.0005000 loss=0.234 ACC=95.905 F1=65.967 Rec=64.790 Prec=67.505
Train Client2 [11/100] LR=0.0005000 loss=0.303 ACC=95.283 F1=82.328 Rec=81.933 Prec=82.785
Train Client3 [11/100] LR=0.0005000 loss=0.217 ACC=97.222 F1=59.740 Rec=59.115 Prec=60.452
Train Client4 [11/100] LR=0.0005000 loss=0.352 ACC=93.750 F1=80.145 Rec=79.688 Prec=80.860
Train Client5 [11/100] LR=0.0005000 loss=0.127 ACC=98.343 F1=58.938 Rec=59.254 Prec=58.635
Train Client6 [11/100] LR=0.0005000 loss=0.271 ACC=95.760 F1=84.420 Rec=84.727 Prec=84.129
Train Client7 [11/100] LR=0.0005000 loss=0.245 ACC=98.626 F1=53.012 Rec=52.424 Prec=53.674

Val    [11/100] LR=0.0005000 loss=1.887 ACC=95.851 F1=94.558 Rec=95.565 Prec=94.359

Test-  OSR [11/100] LR=0.0005000 ACC=64.221 F1=66.566 Rec=78.841 Prec=63.622 UNK=0.000 OS*=94.610 HOS=0.000 AUROC=87.609 AUPR=66.396 OSCR=85.940
Test-Close [11/100] LR=0.0005000 loss=1.898 ACC=94.903 F1=93.460 Rec=94.610 Prec=93.408
Train Client0 [12/100] LR=0.0005000 loss=0.178 ACC=97.073 F1=70.209 Rec=70.308 Prec=70.128
Train Client1 [12/100] LR=0.0005000 loss=0.221 ACC=95.905 F1=68.126 Rec=69.192 Prec=67.636
Train Client2 [12/100] LR=0.0005000 loss=0.378 ACC=93.750 F1=75.812 Rec=75.761 Prec=75.999
Train Client3 [12/100] LR=0.0005000 loss=0.178 ACC=97.475 F1=66.501 Rec=65.232 Prec=67.975
Train Client4 [12/100] LR=0.0005000 loss=0.337 ACC=93.611 F1=81.323 Rec=82.035 Prec=80.664
Train Client5 [12/100] LR=0.0005000 loss=0.237 ACC=97.666 F1=38.879 Rec=39.056 Prec=38.711
Train Client6 [12/100] LR=0.0005000 loss=0.256 ACC=96.285 F1=86.612 Rec=86.443 Prec=86.862
Train Client7 [12/100] LR=0.0005000 loss=0.201 ACC=98.855 F1=66.557 Rec=63.882 Prec=71.060

Val    [12/100] LR=0.0005000 loss=1.925 ACC=95.419 F1=94.453 Rec=95.190 Prec=94.536

Test-  OSR [12/100] LR=0.0005000 ACC=63.724 F1=66.285 Rec=78.241 Prec=63.830 UNK=0.000 OS*=93.889 HOS=0.000 AUROC=80.074 AUPR=57.205 OSCR=78.163
Test-Close [12/100] LR=0.0005000 loss=1.936 ACC=94.168 F1=92.990 Rec=93.889 Prec=93.299
Train Client0 [13/100] LR=0.0005000 loss=0.313 ACC=96.991 F1=71.354 Rec=71.257 Prec=71.524
Train Client1 [13/100] LR=0.0005000 loss=0.213 ACC=96.983 F1=67.973 Rec=67.577 Prec=68.687
Train Client2 [13/100] LR=0.0005000 loss=0.282 ACC=94.929 F1=75.653 Rec=75.323 Prec=76.437
Train Client3 [13/100] LR=0.0005000 loss=0.250 ACC=96.338 F1=62.371 Rec=60.913 Prec=64.046
Train Client4 [13/100] LR=0.0005000 loss=0.314 ACC=94.653 F1=84.208 Rec=83.869 Prec=84.604
Train Client5 [13/100] LR=0.0005000 loss=0.117 ACC=98.569 F1=45.766 Rec=49.435 Prec=43.777
Train Client6 [13/100] LR=0.0005000 loss=0.230 ACC=96.547 F1=85.207 Rec=85.749 Prec=84.704
Train Client7 [13/100] LR=0.0005000 loss=0.230 ACC=98.331 F1=55.605 Rec=56.639 Prec=54.905

Val    [13/100] LR=0.0005000 loss=1.865 ACC=94.641 F1=93.048 Rec=93.100 Prec=94.343

Test-  OSR [13/100] LR=0.0005000 ACC=63.753 F1=65.259 Rec=76.896 Prec=63.296 UNK=0.000 OS*=92.275 HOS=0.000 AUROC=87.098 AUPR=66.029 OSCR=85.045
Test-Close [13/100] LR=0.0005000 loss=1.871 ACC=94.212 F1=92.209 Rec=92.275 Prec=93.866
Train Client0 [14/100] LR=0.0005000 loss=0.145 ACC=97.812 F1=72.203 Rec=72.489 Prec=71.945
Train Client1 [14/100] LR=0.0005000 loss=0.147 ACC=97.414 F1=83.408 Rec=83.141 Prec=83.688
Train Client2 [14/100] LR=0.0005000 loss=0.352 ACC=94.811 F1=81.020 Rec=80.821 Prec=81.338
Train Client3 [14/100] LR=0.0005000 loss=0.279 ACC=95.833 F1=64.078 Rec=68.238 Prec=62.973
Train Client4 [14/100] LR=0.0005000 loss=0.264 ACC=95.139 F1=86.048 Rec=86.812 Prec=85.314
Train Client5 [14/100] LR=0.0005000 loss=0.116 ACC=98.494 F1=59.050 Rec=60.842 Prec=57.595
Train Client6 [14/100] LR=0.0005000 loss=0.128 ACC=97.771 F1=94.353 Rec=94.384 Prec=94.324
Train Client7 [14/100] LR=0.0005000 loss=0.105 ACC=98.953 F1=63.791 Rec=61.713 Prec=67.758

Val    [14/100] LR=0.0005000 loss=1.884 ACC=95.851 F1=94.414 Rec=95.164 Prec=94.592

Test-  OSR [14/100] LR=0.0005000 ACC=64.923 F1=67.615 Rec=79.100 Prec=65.597 UNK=0.000 OS*=94.919 HOS=0.000 AUROC=74.514 AUPR=49.300 OSCR=73.359
Test-Close [14/100] LR=0.0005000 loss=1.892 ACC=95.940 F1=94.267 Rec=94.919 Prec=94.654
Train Client0 [15/100] LR=0.0005000 loss=0.221 ACC=96.964 F1=86.010 Rec=85.459 Prec=87.304
Train Client1 [15/100] LR=0.0005000 loss=0.679 ACC=96.552 F1=76.056 Rec=79.670 Prec=75.065
Train Client2 [15/100] LR=0.0005000 loss=0.337 ACC=96.108 F1=84.591 Rec=85.277 Prec=84.068
Train Client3 [15/100] LR=0.0005000 loss=0.184 ACC=97.475 F1=77.241 Rec=79.024 Prec=76.023
Train Client4 [15/100] LR=0.0005000 loss=0.199 ACC=96.562 F1=91.218 Rec=91.498 Prec=91.002
Train Client5 [15/100] LR=0.0005000 loss=0.090 ACC=98.720 F1=62.779 Rec=64.510 Prec=61.383
Train Client6 [15/100] LR=0.0005000 loss=0.157 ACC=97.465 F1=91.931 Rec=91.343 Prec=92.611
Train Client7 [15/100] LR=0.0005000 loss=0.207 ACC=98.986 F1=72.495 Rec=69.576 Prec=76.915

Val    [15/100] LR=0.0005000 loss=1.903 ACC=95.678 F1=94.313 Rec=95.592 Prec=93.979

Test-  OSR [15/100] LR=0.0005000 ACC=64.133 F1=66.673 Rec=78.795 Prec=64.009 UNK=0.000 OS*=94.555 HOS=0.000 AUROC=73.901 AUPR=47.830 OSCR=72.382
Test-Close [15/100] LR=0.0005000 loss=1.919 ACC=94.773 F1=93.195 Rec=94.555 Prec=92.886
Saving model at epoch 15 . . . . . . . .

Train Client0 [16/100] LR=0.0005000 loss=0.124 ACC=97.976 F1=72.473 Rec=72.077 Prec=72.975
Train Client1 [16/100] LR=0.0005000 loss=0.242 ACC=96.336 F1=79.323 Rec=80.082 Prec=78.664
Train Client2 [16/100] LR=0.0005000 loss=0.252 ACC=95.873 F1=84.834 Rec=84.802 Prec=84.869
Train Client3 [16/100] LR=0.0005000 loss=0.271 ACC=96.591 F1=59.315 Rec=58.707 Prec=61.061
Train Client4 [16/100] LR=0.0005000 loss=0.210 ACC=96.111 F1=88.031 Rec=87.708 Prec=88.408
Train Client5 [16/100] LR=0.0005000 loss=0.089 ACC=98.645 F1=69.214 Rec=70.863 Prec=68.231
Train Client6 [16/100] LR=0.0005000 loss=0.138 ACC=97.771 F1=93.411 Rec=95.606 Prec=91.734
Train Client7 [16/100] LR=0.0005000 loss=0.137 ACC=98.855 F1=65.846 Rec=66.744 Prec=65.078

Val    [16/100] LR=0.0005000 loss=1.809 ACC=95.678 F1=94.513 Rec=95.123 Prec=94.748

Test-  OSR [16/100] LR=0.0005000 ACC=64.572 F1=66.864 Rec=78.893 Prec=64.125 UNK=0.000 OS*=94.672 HOS=0.000 AUROC=84.335 AUPR=63.869 OSCR=82.808
Test-Close [16/100] LR=0.0005000 loss=1.818 ACC=95.421 F1=94.048 Rec=94.672 Prec=94.408
Train Client0 [17/100] LR=0.0005000 loss=0.111 ACC=98.277 F1=73.686 Rec=74.010 Prec=73.397
Train Client1 [17/100] LR=0.0005000 loss=0.175 ACC=96.983 F1=70.637 Rec=71.974 Prec=69.448
Train Client2 [17/100] LR=0.0005000 loss=0.395 ACC=95.873 F1=83.235 Rec=82.977 Prec=83.517
Train Client3 [17/100] LR=0.0005000 loss=0.200 ACC=96.970 F1=68.439 Rec=68.874 Prec=68.176
Train Client4 [17/100] LR=0.0005000 loss=0.230 ACC=96.424 F1=90.942 Rec=90.556 Prec=91.381
Train Client5 [17/100] LR=0.0005000 loss=0.049 ACC=99.473 F1=85.157 Rec=84.819 Prec=91.545
Train Client6 [17/100] LR=0.0005000 loss=0.311 ACC=97.421 F1=85.948 Rec=85.832 Prec=86.065
Train Client7 [17/100] LR=0.0005000 loss=0.076 ACC=99.215 F1=70.623 Rec=68.653 Prec=73.158

Val    [17/100] LR=0.0005000 loss=1.769 ACC=96.629 F1=95.526 Rec=96.325 Prec=95.312

Test-  OSR [17/100] LR=0.0005000 ACC=65.478 F1=67.508 Rec=80.326 Prec=63.868 UNK=0.000 OS*=96.392 HOS=0.000 AUROC=86.698 AUPR=70.315 OSCR=85.625
Test-Close [17/100] LR=0.0005000 loss=1.775 ACC=96.760 F1=95.680 Rec=96.392 Prec=95.475
Train Client0 [18/100] LR=0.0005000 loss=0.255 ACC=96.663 F1=88.377 Rec=88.047 Prec=88.732
Train Client1 [18/100] LR=0.0005000 loss=0.174 ACC=97.629 F1=71.022 Rec=70.796 Prec=71.263
Train Client2 [18/100] LR=0.0005000 loss=0.225 ACC=96.344 F1=86.615 Rec=86.274 Prec=86.979
Train Client3 [18/100] LR=0.0005000 loss=0.254 ACC=98.106 F1=69.390 Rec=67.796 Prec=72.007
Train Client4 [18/100] LR=0.0005000 loss=0.163 ACC=96.979 F1=91.369 Rec=91.289 Prec=91.467
Train Client5 [18/100] LR=0.0005000 loss=0.078 ACC=99.172 F1=75.609 Rec=81.340 Prec=71.879
Train Client6 [18/100] LR=0.0005000 loss=0.191 ACC=98.252 F1=94.213 Rec=95.430 Prec=93.085
Train Client7 [18/100] LR=0.0005000 loss=0.167 ACC=99.051 F1=74.319 Rec=72.629 Prec=77.058

Val    [18/100] LR=0.0005000 loss=1.946 ACC=92.913 F1=91.595 Rec=92.531 Prec=92.364

Test-  OSR [18/100] LR=0.0005000 ACC=63.169 F1=65.568 Rec=77.585 Prec=63.181 UNK=0.000 OS*=93.101 HOS=0.000 AUROC=78.254 AUPR=53.165 OSCR=76.486
Test-Close [18/100] LR=0.0005000 loss=1.953 ACC=93.348 F1=92.036 Rec=93.101 Prec=92.591
Train Client0 [19/100] LR=0.0005000 loss=0.172 ACC=97.484 F1=90.562 Rec=91.082 Prec=90.205
Train Client1 [19/100] LR=0.0005000 loss=0.159 ACC=97.845 F1=81.753 Rec=84.682 Prec=79.605
Train Client2 [19/100] LR=0.0005000 loss=0.398 ACC=96.993 F1=87.657 Rec=87.720 Prec=87.629
Train Client3 [19/100] LR=0.0005000 loss=0.173 ACC=98.106 F1=87.670 Rec=90.468 Prec=85.854
Train Client4 [19/100] LR=0.0005000 loss=0.214 ACC=97.049 F1=92.137 Rec=92.808 Prec=91.518
Train Client5 [19/100] LR=0.0005000 loss=0.109 ACC=98.795 F1=57.083 Rec=65.991 Prec=52.984
Train Client6 [19/100] LR=0.0005000 loss=0.150 ACC=98.033 F1=97.277 Rec=97.548 Prec=97.013
Train Client7 [19/100] LR=0.0005000 loss=0.215 ACC=99.182 F1=89.051 Rec=89.855 Prec=88.323

Val    [19/100] LR=0.0005000 loss=1.795 ACC=94.987 F1=93.914 Rec=95.419 Prec=93.596

Test-  OSR [19/100] LR=0.0005000 ACC=64.338 F1=66.619 Rec=79.398 Prec=63.329 UNK=0.000 OS*=95.278 HOS=0.000 AUROC=83.206 AUPR=63.015 OSCR=81.646
Test-Close [19/100] LR=0.0005000 loss=1.799 ACC=95.076 F1=93.989 Rec=95.278 Prec=93.776
Train Client0 [20/100] LR=0.0005000 loss=0.172 ACC=97.839 F1=72.871 Rec=72.483 Prec=73.522
Train Client1 [20/100] LR=0.0005000 loss=0.829 ACC=96.983 F1=80.686 Rec=83.611 Prec=78.544
Train Client2 [20/100] LR=0.0005000 loss=0.569 ACC=96.167 F1=86.780 Rec=87.196 Prec=86.432
Train Client3 [20/100] LR=0.0005000 loss=0.302 ACC=96.970 F1=61.117 Rec=62.142 Prec=60.542
Train Client4 [20/100] LR=0.0005000 loss=0.199 ACC=97.396 F1=93.257 Rec=92.904 Prec=93.630
Train Client5 [20/100] LR=0.0005000 loss=0.070 ACC=98.720 F1=63.297 Rec=61.006 Prec=69.160
Train Client6 [20/100] LR=0.0005000 loss=0.311 ACC=96.984 F1=89.342 Rec=90.422 Prec=88.497
Train Client7 [20/100] LR=0.0005000 loss=0.228 ACC=99.084 F1=71.753 Rec=70.603 Prec=73.361

Val    [20/100] LR=0.0005000 loss=1.776 ACC=96.543 F1=95.413 Rec=96.166 Prec=95.339

Test-  OSR [20/100] LR=0.0005000 ACC=64.952 F1=67.478 Rec=79.543 Prec=64.686 UNK=0.000 OS*=95.451 HOS=0.000 AUROC=86.917 AUPR=66.581 OSCR=85.757
Test-Close [20/100] LR=0.0005000 loss=1.785 ACC=95.983 F1=94.685 Rec=95.451 Prec=94.715
Saving model at epoch 20 . . . . . . . .

Train Client0 [21/100] LR=0.0005000 loss=0.131 ACC=98.222 F1=92.758 Rec=93.064 Prec=92.508
Train Client1 [21/100] LR=0.0005000 loss=0.169 ACC=98.060 F1=90.347 Rec=94.015 Prec=88.025
Train Client2 [21/100] LR=0.0005000 loss=0.337 ACC=97.288 F1=88.900 Rec=88.468 Prec=89.355
Train Client3 [21/100] LR=0.0005000 loss=0.138 ACC=97.348 F1=67.312 Rec=69.825 Prec=65.690
Train Client4 [21/100] LR=0.0005000 loss=0.245 ACC=96.910 F1=91.859 Rec=92.107 Prec=91.645
Train Client5 [21/100] LR=0.0005000 loss=0.045 ACC=99.172 F1=81.983 Rec=87.989 Prec=78.206
Train Client6 [21/100] LR=0.0005000 loss=0.316 ACC=97.902 F1=95.225 Rec=96.181 Prec=94.357
Train Client7 [21/100] LR=0.0005000 loss=0.125 ACC=99.182 F1=69.475 Rec=66.879 Prec=72.716

Val    [21/100] LR=0.0005000 loss=1.788 ACC=96.024 F1=94.633 Rec=95.634 Prec=94.577

Test-  OSR [21/100] LR=0.0005000 ACC=64.601 F1=67.952 Rec=79.081 Prec=66.445 UNK=0.000 OS*=94.897 HOS=0.000 AUROC=87.985 AUPR=64.323 OSCR=86.886
Test-Close [21/100] LR=0.0005000 loss=1.796 ACC=95.464 F1=93.832 Rec=94.897 Prec=94.036
Train Client0 [22/100] LR=0.0005000 loss=0.203 ACC=97.949 F1=91.441 Rec=91.453 Prec=91.443
Train Client1 [22/100] LR=0.0005000 loss=0.268 ACC=97.198 F1=79.955 Rec=82.369 Prec=78.373
Train Client2 [22/100] LR=0.0005000 loss=0.178 ACC=96.993 F1=90.655 Rec=92.006 Prec=89.583
Train Client3 [22/100] LR=0.0005000 loss=0.166 ACC=97.475 F1=83.539 Rec=85.615 Prec=82.065
Train Client4 [22/100] LR=0.0005000 loss=0.218 ACC=96.736 F1=90.810 Rec=90.402 Prec=91.260
Train Client5 [22/100] LR=0.0005000 loss=0.056 ACC=98.946 F1=64.125 Rec=69.545 Prec=60.818
Train Client6 [22/100] LR=0.0005000 loss=0.127 ACC=98.514 F1=94.767 Rec=94.709 Prec=94.827
Train Client7 [22/100] LR=0.0005000 loss=0.216 ACC=99.411 F1=88.865 Rec=87.656 Prec=93.068

Val    [22/100] LR=0.0005000 loss=1.777 ACC=95.246 F1=93.853 Rec=94.574 Prec=94.126

Test-  OSR [22/100] LR=0.0005000 ACC=64.689 F1=66.831 Rec=79.273 Prec=63.707 UNK=0.000 OS*=95.128 HOS=0.000 AUROC=87.907 AUPR=69.609 OSCR=86.496
Test-Close [22/100] LR=0.0005000 loss=1.784 ACC=95.594 F1=94.313 Rec=95.128 Prec=94.480
Train Client0 [23/100] LR=0.0005000 loss=0.120 ACC=98.332 F1=92.129 Rec=91.916 Prec=92.600
Train Client1 [23/100] LR=0.0005000 loss=0.707 ACC=97.629 F1=88.765 Rec=94.289 Prec=84.749
Train Client2 [23/100] LR=0.0005000 loss=0.279 ACC=97.700 F1=88.476 Rec=89.123 Prec=87.956
Train Client3 [23/100] LR=0.0005000 loss=0.144 ACC=98.359 F1=72.577 Rec=73.595 Prec=71.749
Train Client4 [23/100] LR=0.0005000 loss=0.198 ACC=97.257 F1=93.716 Rec=94.167 Prec=93.283
Train Client5 [23/100] LR=0.0005000 loss=0.047 ACC=98.870 F1=70.125 Rec=77.842 Prec=66.280
Train Client6 [23/100] LR=0.0005000 loss=0.283 ACC=97.684 F1=90.048 Rec=92.457 Prec=88.088
Train Client7 [23/100] LR=0.0005000 loss=0.168 ACC=99.116 F1=75.239 Rec=76.575 Prec=74.716

Val    [23/100] LR=0.0005000 loss=1.753 ACC=96.543 F1=95.511 Rec=96.214 Prec=95.437

Test-  OSR [23/100] LR=0.0005000 ACC=65.332 F1=67.262 Rec=80.131 Prec=63.482 UNK=0.000 OS*=96.157 HOS=0.000 AUROC=91.885 AUPR=77.950 OSCR=90.673
Test-Close [23/100] LR=0.0005000 loss=1.760 ACC=96.544 F1=95.458 Rec=96.157 Prec=95.346
Saving best model . . . . . . . .

>> New learning Rate: 0.00025
Train Client0 [24/100] LR=0.0002500 loss=0.115 ACC=99.261 F1=77.617 Rec=77.787 Prec=77.466
Train Client1 [24/100] LR=0.0002500 loss=0.124 ACC=99.138 F1=93.380 Rec=96.525 Prec=91.748
Train Client2 [24/100] LR=0.0002500 loss=0.097 ACC=98.821 F1=94.422 Rec=95.545 Prec=93.467
Train Client3 [24/100] LR=0.0002500 loss=0.102 ACC=98.737 F1=71.349 Rec=75.135 Prec=69.238
Train Client4 [24/100] LR=0.0002500 loss=0.085 ACC=98.785 F1=96.930 Rec=97.428 Prec=96.447
Train Client5 [24/100] LR=0.0002500 loss=0.038 ACC=99.172 F1=73.043 Rec=84.749 Prec=66.339
Train Client6 [24/100] LR=0.0002500 loss=0.078 ACC=99.213 F1=96.013 Rec=96.789 Prec=95.304
Train Client7 [24/100] LR=0.0002500 loss=0.028 ACC=99.705 F1=94.300 Rec=96.363 Prec=92.569

Val    [24/100] LR=0.0002500 loss=1.674 ACC=98.704 F1=98.234 Rec=98.354 Prec=98.183

Test-  OSR [24/100] LR=0.0002500 ACC=66.618 F1=66.605 Rec=81.648 Prec=60.361 UNK=0.000 OS*=97.977 HOS=0.000 AUROC=94.629 AUPR=88.332 OSCR=93.966
Test-Close [24/100] LR=0.0002500 loss=1.683 ACC=98.445 F1=97.957 Rec=97.977 Prec=98.012
Saving best model . . . . . . . .

Train Client0 [25/100] LR=0.0002500 loss=0.046 ACC=99.398 F1=77.456 Rec=77.615 Prec=77.312
Train Client1 [25/100] LR=0.0002500 loss=0.033 ACC=98.922 F1=94.207 Rec=98.157 Prec=91.591
Train Client2 [25/100] LR=0.0002500 loss=0.069 ACC=98.998 F1=95.164 Rec=94.719 Prec=95.635
Train Client3 [25/100] LR=0.0002500 loss=0.168 ACC=98.485 F1=71.593 Rec=78.196 Prec=68.339
Train Client4 [25/100] LR=0.0002500 loss=0.094 ACC=98.646 F1=96.307 Rec=96.469 Prec=96.147
Train Client5 [25/100] LR=0.0002500 loss=0.105 ACC=99.623 F1=88.948 Rec=99.632 Prec=81.649
Train Client6 [25/100] LR=0.0002500 loss=0.057 ACC=99.170 F1=95.619 Rec=96.622 Prec=94.688
Train Client7 [25/100] LR=0.0002500 loss=0.014 ACC=99.738 F1=89.145 Rec=92.044 Prec=86.683

Val    [25/100] LR=0.0002500 loss=1.662 ACC=98.617 F1=98.194 Rec=98.355 Prec=98.100

Test-  OSR [25/100] LR=0.0002500 ACC=66.618 F1=66.801 Rec=81.773 Prec=60.881 UNK=0.000 OS*=98.128 HOS=0.000 AUROC=94.815 AUPR=88.030 OSCR=94.157
Test-Close [25/100] LR=0.0002500 loss=1.674 ACC=98.445 F1=97.977 Rec=98.128 Prec=97.891
Saving best model . . . . . . . .

Saving model at epoch 25 . . . . . . . .

Train Client0 [26/100] LR=0.0002500 loss=0.067 ACC=99.207 F1=77.807 Rec=77.932 Prec=77.684
Train Client1 [26/100] LR=0.0002500 loss=0.074 ACC=98.922 F1=94.260 Rec=98.821 Prec=91.086
Train Client2 [26/100] LR=0.0002500 loss=0.091 ACC=98.880 F1=93.998 Rec=93.570 Prec=94.450
Train Client3 [26/100] LR=0.0002500 loss=0.072 ACC=99.242 F1=93.780 Rec=98.919 Prec=90.318
Train Client4 [26/100] LR=0.0002500 loss=0.095 ACC=98.889 F1=95.789 Rec=96.416 Prec=95.185
Train Client5 [26/100] LR=0.0002500 loss=0.036 ACC=99.172 F1=81.979 Rec=94.453 Prec=74.759
Train Client6 [26/100] LR=0.0002500 loss=0.183 ACC=98.995 F1=94.952 Rec=96.580 Prec=93.564
Train Client7 [26/100] LR=0.0002500 loss=0.096 ACC=99.640 F1=87.824 Rec=89.794 Prec=86.198

Val    [26/100] LR=0.0002500 loss=1.667 ACC=98.617 F1=98.161 Rec=98.294 Prec=98.098

Test-  OSR [26/100] LR=0.0002500 ACC=66.530 F1=66.785 Rec=81.584 Prec=60.913 UNK=0.000 OS*=97.901 HOS=0.000 AUROC=94.884 AUPR=87.414 OSCR=94.171
Test-Close [26/100] LR=0.0002500 loss=1.682 ACC=98.315 F1=97.827 Rec=97.901 Prec=97.847
Saving best model . . . . . . . .

Train Client0 [27/100] LR=0.0002500 loss=0.035 ACC=99.480 F1=97.474 Rec=97.361 Prec=97.589
Train Client1 [27/100] LR=0.0002500 loss=0.037 ACC=99.784 F1=95.608 Rec=99.231 Prec=93.333
Train Client2 [27/100] LR=0.0002500 loss=0.084 ACC=98.644 F1=95.470 Rec=95.439 Prec=95.502
Train Client3 [27/100] LR=0.0002500 loss=0.100 ACC=98.485 F1=70.813 Rec=72.152 Prec=69.646
Train Client4 [27/100] LR=0.0002500 loss=0.091 ACC=98.854 F1=97.304 Rec=97.672 Prec=96.954
Train Client5 [27/100] LR=0.0002500 loss=0.058 ACC=99.398 F1=76.028 Rec=84.614 Prec=70.443
Train Client6 [27/100] LR=0.0002500 loss=0.056 ACC=99.476 F1=97.165 Rec=97.119 Prec=97.214
Train Client7 [27/100] LR=0.0002500 loss=0.151 ACC=99.542 F1=89.625 Rec=94.171 Prec=85.860

Val    [27/100] LR=0.0002500 loss=1.685 ACC=97.839 F1=97.385 Rec=97.458 Prec=97.467

Test-  OSR [27/100] LR=0.0002500 ACC=66.092 F1=66.334 Rec=81.022 Prec=60.391 UNK=0.000 OS*=97.226 HOS=0.000 AUROC=92.133 AUPR=82.470 OSCR=91.126
Test-Close [27/100] LR=0.0002500 loss=1.698 ACC=97.667 F1=97.246 Rec=97.226 Prec=97.406
Train Client0 [28/100] LR=0.0002500 loss=0.056 ACC=99.234 F1=77.175 Rec=77.333 Prec=77.019
Train Client1 [28/100] LR=0.0002500 loss=0.032 ACC=99.353 F1=92.462 Rec=99.028 Prec=89.231
Train Client2 [28/100] LR=0.0002500 loss=0.096 ACC=98.880 F1=94.582 Rec=94.643 Prec=94.523
Train Client3 [28/100] LR=0.0002500 loss=0.072 ACC=97.980 F1=69.886 Rec=74.228 Prec=67.240
Train Client4 [28/100] LR=0.0002500 loss=0.071 ACC=99.167 F1=96.906 Rec=97.888 Prec=95.992
Train Client5 [28/100] LR=0.0002500 loss=0.034 ACC=99.322 F1=78.384 Rec=86.358 Prec=73.077
Train Client6 [28/100] LR=0.0002500 loss=0.048 ACC=99.476 F1=99.288 Rec=99.271 Prec=99.307
Train Client7 [28/100] LR=0.0002500 loss=0.221 ACC=99.509 F1=92.355 Rec=99.144 Prec=88.021

Val    [28/100] LR=0.0002500 loss=1.671 ACC=98.012 F1=97.497 Rec=97.789 Prec=97.314

Test-  OSR [28/100] LR=0.0002500 ACC=66.413 F1=66.109 Rec=81.673 Prec=60.054 UNK=0.000 OS*=98.007 HOS=0.000 AUROC=91.847 AUPR=81.310 OSCR=91.165
Test-Close [28/100] LR=0.0002500 loss=1.682 ACC=98.143 F1=97.714 Rec=98.007 Prec=97.532
Train Client0 [29/100] LR=0.0002500 loss=0.034 ACC=99.535 F1=98.462 Rec=98.459 Prec=98.473
Train Client1 [29/100] LR=0.0002500 loss=0.127 ACC=98.707 F1=96.259 Rec=97.385 Prec=95.264
Train Client2 [29/100] LR=0.0002500 loss=0.059 ACC=99.116 F1=95.170 Rec=93.962 Prec=96.616
Train Client3 [29/100] LR=0.0002500 loss=0.505 ACC=98.359 F1=74.256 Rec=78.152 Prec=71.712
Train Client4 [29/100] LR=0.0002500 loss=0.073 ACC=99.062 F1=96.535 Rec=96.668 Prec=96.425
Train Client5 [29/100] LR=0.0002500 loss=0.016 ACC=99.398 F1=80.772 Rec=93.117 Prec=73.316
Train Client6 [29/100] LR=0.0002500 loss=0.173 ACC=99.563 F1=98.425 Rec=99.251 Prec=97.677
Train Client7 [29/100] LR=0.0002500 loss=0.020 ACC=99.836 F1=90.728 Rec=89.306 Prec=92.626

Val    [29/100] LR=0.0002500 loss=1.696 ACC=96.975 F1=96.622 Rec=96.265 Prec=97.140

Test-  OSR [29/100] LR=0.0002500 ACC=66.121 F1=65.351 Rec=81.210 Prec=58.102 UNK=0.000 OS*=97.452 HOS=0.000 AUROC=91.812 AUPR=81.904 OSCR=90.588
Test-Close [29/100] LR=0.0002500 loss=1.702 ACC=97.711 F1=97.670 Rec=97.452 Prec=97.979
Train Client0 [30/100] LR=0.0002500 loss=0.135 ACC=99.371 F1=78.466 Rec=78.611 Prec=78.325
Train Client1 [30/100] LR=0.0002500 loss=0.054 ACC=99.784 F1=99.571 Rec=99.897 Prec=99.259
Train Client2 [30/100] LR=0.0002500 loss=0.141 ACC=98.526 F1=95.252 Rec=96.129 Prec=94.461
Train Client3 [30/100] LR=0.0002500 loss=0.121 ACC=98.611 F1=89.201 Rec=93.224 Prec=86.569
Train Client4 [30/100] LR=0.0002500 loss=0.071 ACC=98.993 F1=97.548 Rec=97.582 Prec=97.513
Train Client5 [30/100] LR=0.0002500 loss=0.040 ACC=99.473 F1=78.229 Rec=84.726 Prec=73.446
Train Client6 [30/100] LR=0.0002500 loss=0.108 ACC=99.388 F1=97.122 Rec=95.593 Prec=99.016
Train Client7 [30/100] LR=0.0002500 loss=0.134 ACC=99.607 F1=94.890 Rec=99.185 Prec=91.938

Val    [30/100] LR=0.0002500 loss=1.664 ACC=98.185 F1=97.750 Rec=97.710 Prec=97.920

Test-  OSR [30/100] LR=0.0002500 ACC=66.296 F1=66.584 Rec=81.209 Prec=60.569 UNK=0.000 OS*=97.451 HOS=0.000 AUROC=93.660 AUPR=85.104 OSCR=92.875
Test-Close [30/100] LR=0.0002500 loss=1.679 ACC=97.970 F1=97.509 Rec=97.451 Prec=97.689
Saving model at epoch 30 . . . . . . . .

Train Client0 [31/100] LR=0.0002500 loss=0.112 ACC=99.590 F1=78.847 Rec=79.176 Prec=78.535
Train Client1 [31/100] LR=0.0002500 loss=0.085 ACC=99.138 F1=92.824 Rec=98.257 Prec=89.231
Train Client2 [31/100] LR=0.0002500 loss=0.077 ACC=99.057 F1=96.388 Rec=96.794 Prec=96.008
Train Client3 [31/100] LR=0.0002500 loss=0.115 ACC=97.854 F1=63.490 Rec=64.347 Prec=62.872
Train Client4 [31/100] LR=0.0002500 loss=0.094 ACC=98.958 F1=97.547 Rec=97.196 Prec=97.917
Train Client5 [31/100] LR=0.0002500 loss=0.013 ACC=99.548 F1=84.234 Rec=99.802 Prec=75.333
Train Client6 [31/100] LR=0.0002500 loss=0.022 ACC=99.781 F1=98.710 Rec=99.565 Prec=97.929
Train Client7 [31/100] LR=0.0002500 loss=0.077 ACC=99.902 F1=96.698 Rec=99.960 Prec=93.987

Val    [31/100] LR=0.0002500 loss=1.670 ACC=98.358 F1=97.956 Rec=97.838 Prec=98.182

Test-  OSR [31/100] LR=0.0002500 ACC=66.150 F1=66.826 Rec=80.912 Prec=61.324 UNK=0.000 OS*=97.095 HOS=0.000 AUROC=91.419 AUPR=79.638 OSCR=90.559
Test-Close [31/100] LR=0.0002500 loss=1.688 ACC=97.754 F1=97.139 Rec=97.095 Prec=97.380
Train Client0 [32/100] LR=0.0002500 loss=0.036 ACC=99.480 F1=78.240 Rec=78.215 Prec=78.268
Train Client1 [32/100] LR=0.0002500 loss=0.077 ACC=99.353 F1=95.077 Rec=99.027 Prec=92.462
Train Client2 [32/100] LR=0.0002500 loss=0.074 ACC=99.175 F1=96.474 Rec=96.038 Prec=96.937
Train Client3 [32/100] LR=0.0002500 loss=0.066 ACC=98.864 F1=74.757 Rec=74.305 Prec=75.235
Train Client4 [32/100] LR=0.0002500 loss=0.086 ACC=98.993 F1=97.248 Rec=96.716 Prec=97.801
Train Client5 [32/100] LR=0.0002500 loss=0.038 ACC=99.398 F1=80.369 Rec=89.598 Prec=74.871
Train Client6 [32/100] LR=0.0002500 loss=0.123 ACC=99.519 F1=99.226 Rec=99.097 Prec=99.356
Train Client7 [32/100] LR=0.0002500 loss=0.042 ACC=99.738 F1=86.089 Rec=85.502 Prec=86.801

Val    [32/100] LR=0.0002500 loss=1.665 ACC=98.012 F1=97.429 Rec=97.720 Prec=97.289

Test-  OSR [32/100] LR=0.0002500 ACC=66.501 F1=67.405 Rec=81.698 Prec=62.188 UNK=0.000 OS*=98.037 HOS=0.000 AUROC=92.238 AUPR=82.182 OSCR=91.608
Test-Close [32/100] LR=0.0002500 loss=1.678 ACC=98.272 F1=97.750 Rec=98.037 Prec=97.595
Train Client0 [33/100] LR=0.0002500 loss=0.045 ACC=99.535 F1=78.583 Rec=78.356 Prec=78.818
Train Client1 [33/100] LR=0.0002500 loss=0.134 ACC=98.707 F1=89.028 Rec=95.594 Prec=85.797
Train Client2 [33/100] LR=0.0002500 loss=0.072 ACC=99.175 F1=95.128 Rec=95.913 Prec=94.424
Train Client3 [33/100] LR=0.0002500 loss=0.073 ACC=98.864 F1=74.382 Rec=78.432 Prec=71.675
Train Client4 [33/100] LR=0.0002500 loss=0.065 ACC=99.201 F1=96.830 Rec=96.826 Prec=96.835
Train Client5 [33/100] LR=0.0002500 loss=0.084 ACC=99.473 F1=84.839 Rec=94.616 Prec=78.111
Train Client6 [33/100] LR=0.0002500 loss=0.092 ACC=99.519 F1=99.322 Rec=99.300 Prec=99.344
Train Client7 [33/100] LR=0.0002500 loss=0.192 ACC=99.346 F1=94.511 Rec=97.771 Prec=91.804

Val    [33/100] LR=0.0002500 loss=1.675 ACC=97.926 F1=97.405 Rec=97.647 Prec=97.311

Test-  OSR [33/100] LR=0.0002500 ACC=66.384 F1=66.855 Rec=81.652 Prec=60.894 UNK=0.000 OS*=97.982 HOS=0.000 AUROC=94.007 AUPR=83.972 OSCR=93.331
Test-Close [33/100] LR=0.0002500 loss=1.680 ACC=98.099 F1=97.707 Rec=97.982 Prec=97.551
Train Client0 [34/100] LR=0.0002500 loss=0.042 ACC=99.453 F1=78.243 Rec=78.473 Prec=78.021
Train Client1 [34/100] LR=0.0002500 loss=0.048 ACC=99.569 F1=89.898 Rec=89.898 Prec=89.898
Train Client2 [34/100] LR=0.0002500 loss=0.221 ACC=98.703 F1=96.013 Rec=96.328 Prec=95.723
Train Client3 [34/100] LR=0.0002500 loss=0.088 ACC=98.611 F1=87.940 Rec=94.366 Prec=84.336
Train Client4 [34/100] LR=0.0002500 loss=0.074 ACC=98.993 F1=96.703 Rec=96.717 Prec=96.690
Train Client5 [34/100] LR=0.0002500 loss=0.031 ACC=99.548 F1=83.826 Rec=93.245 Prec=78.078
Train Client6 [34/100] LR=0.0002500 loss=0.126 ACC=99.432 F1=98.640 Rec=98.707 Prec=98.582
Train Client7 [34/100] LR=0.0002500 loss=0.134 ACC=99.542 F1=89.416 Rec=89.754 Prec=90.006

Val    [34/100] LR=0.0002500 loss=1.670 ACC=98.271 F1=97.756 Rec=98.050 Prec=97.548

Test-  OSR [34/100] LR=0.0002500 ACC=66.443 F1=66.929 Rec=81.679 Prec=61.322 UNK=0.000 OS*=98.015 HOS=0.000 AUROC=92.277 AUPR=82.474 OSCR=91.616
Test-Close [34/100] LR=0.0002500 loss=1.681 ACC=98.186 F1=97.684 Rec=98.015 Prec=97.488
Train Client0 [35/100] LR=0.0002500 loss=0.046 ACC=99.590 F1=78.801 Rec=79.004 Prec=78.605
Train Client1 [35/100] LR=0.0002500 loss=0.082 ACC=99.353 F1=95.077 Rec=99.027 Prec=92.462
Train Client2 [35/100] LR=0.0002500 loss=0.049 ACC=99.233 F1=96.716 Rec=98.023 Prec=95.600
Train Client3 [35/100] LR=0.0002500 loss=0.037 ACC=99.242 F1=96.532 Rec=98.920 Prec=94.450
Train Client4 [35/100] LR=0.0002500 loss=0.061 ACC=99.201 F1=97.394 Rec=97.510 Prec=97.279
Train Client5 [35/100] LR=0.0002500 loss=0.015 ACC=99.849 F1=93.222 Rec=93.222 Prec=93.222
Train Client6 [35/100] LR=0.0002500 loss=0.111 ACC=99.432 F1=99.215 Rec=99.159 Prec=99.272
Train Client7 [35/100] LR=0.0002500 loss=0.033 ACC=99.804 F1=92.906 Rec=89.862 Prec=96.779

Val    [35/100] LR=0.0002500 loss=1.661 ACC=98.531 F1=98.133 Rec=98.139 Prec=98.224

Test-  OSR [35/100] LR=0.0002500 ACC=66.618 F1=67.091 Rec=81.667 Prec=61.214 UNK=0.000 OS*=98.001 HOS=0.000 AUROC=91.762 AUPR=82.403 OSCR=91.169
Test-Close [35/100] LR=0.0002500 loss=1.673 ACC=98.445 F1=97.919 Rec=98.001 Prec=97.933
Saving model at epoch 35 . . . . . . . .

Train Client0 [36/100] LR=0.0002500 loss=0.024 ACC=99.699 F1=79.024 Rec=79.145 Prec=78.905
Train Client1 [36/100] LR=0.0002500 loss=0.744 ACC=98.276 F1=92.408 Rec=97.179 Prec=89.115
Train Client2 [36/100] LR=0.0002500 loss=0.074 ACC=98.998 F1=96.362 Rec=96.790 Prec=95.957
Train Client3 [36/100] LR=0.0002500 loss=0.082 ACC=98.611 F1=74.188 Rec=74.150 Prec=74.226
Train Client4 [36/100] LR=0.0002500 loss=0.045 ACC=99.340 F1=98.382 Rec=98.020 Prec=98.766
Train Client5 [36/100] LR=0.0002500 loss=0.008 ACC=99.925 F1=97.134 Rec=99.982 Prec=95.000
Train Client6 [36/100] LR=0.0002500 loss=0.035 ACC=99.563 F1=98.320 Rec=99.371 Prec=97.347
Train Client7 [36/100] LR=0.0002500 loss=0.013 ACC=99.869 F1=98.683 Rec=99.293 Prec=98.111

Val    [36/100] LR=0.0002500 loss=1.657 ACC=98.617 F1=98.252 Rec=98.255 Prec=98.283

Test-  OSR [36/100] LR=0.0002500 ACC=66.676 F1=66.256 Rec=81.835 Prec=59.274 UNK=0.000 OS*=98.203 HOS=0.000 AUROC=90.904 AUPR=83.633 OSCR=90.288
Test-Close [36/100] LR=0.0002500 loss=1.675 ACC=98.531 F1=98.270 Rec=98.203 Prec=98.373
Train Client0 [37/100] LR=0.0002500 loss=0.108 ACC=99.617 F1=78.988 Rec=79.090 Prec=78.888
Train Client1 [37/100] LR=0.0002500 loss=0.060 ACC=98.922 F1=94.144 Rec=97.487 Prec=92.194
Train Client2 [37/100] LR=0.0002500 loss=0.074 ACC=99.175 F1=96.561 Rec=96.936 Prec=96.209
Train Client3 [37/100] LR=0.0002500 loss=0.170 ACC=98.485 F1=68.750 Rec=71.685 Prec=67.157
Train Client4 [37/100] LR=0.0002500 loss=0.064 ACC=99.306 F1=98.126 Rec=98.200 Prec=98.052
Train Client5 [37/100] LR=0.0002500 loss=0.014 ACC=99.699 F1=90.348 Rec=94.854 Prec=86.890
Train Client6 [37/100] LR=0.0002500 loss=0.035 ACC=99.432 F1=99.056 Rec=98.957 Prec=99.156
Train Client7 [37/100] LR=0.0002500 loss=0.079 ACC=99.640 F1=95.751 Rec=96.990 Prec=94.617

Val    [37/100] LR=0.0002500 loss=1.647 ACC=98.876 F1=98.480 Rec=98.651 Prec=98.388

Test-  OSR [37/100] LR=0.0002500 ACC=66.676 F1=67.358 Rec=81.788 Prec=61.858 UNK=0.000 OS*=98.145 HOS=0.000 AUROC=92.967 AUPR=84.780 OSCR=92.412
Test-Close [37/100] LR=0.0002500 loss=1.667 ACC=98.531 F1=97.974 Rec=98.145 Prec=97.915
Train Client0 [38/100] LR=0.0002500 loss=0.027 ACC=99.617 F1=78.300 Rec=78.204 Prec=78.398
Train Client1 [38/100] LR=0.0002500 loss=0.153 ACC=98.922 F1=88.568 Rec=88.894 Prec=88.256
Train Client2 [38/100] LR=0.0002500 loss=0.138 ACC=98.998 F1=95.944 Rec=97.614 Prec=94.590
Train Client3 [38/100] LR=0.0002500 loss=0.054 ACC=99.116 F1=76.941 Rec=78.622 Prec=75.486
Train Client4 [38/100] LR=0.0002500 loss=0.071 ACC=99.410 F1=98.385 Rec=98.955 Prec=97.863
Train Client5 [38/100] LR=0.0002500 loss=0.032 ACC=99.548 F1=86.810 Rec=94.912 Prec=81.794
Train Client6 [38/100] LR=0.0002500 loss=0.138 ACC=99.519 F1=98.436 Rec=99.382 Prec=97.569
Train Client7 [38/100] LR=0.0002500 loss=0.022 ACC=99.836 F1=93.876 Rec=94.862 Prec=93.460

Val    [38/100] LR=0.0002500 loss=1.655 ACC=98.358 F1=98.014 Rec=98.301 Prec=97.794

Test-  OSR [38/100] LR=0.0002500 ACC=66.764 F1=66.382 Rec=82.176 Prec=59.839 UNK=0.000 OS*=98.612 HOS=0.000 AUROC=90.044 AUPR=79.659 OSCR=89.539
Test-Close [38/100] LR=0.0002500 loss=1.666 ACC=98.661 F1=98.479 Rec=98.612 Prec=98.392
Train Client0 [39/100] LR=0.0002500 loss=0.055 ACC=99.617 F1=78.903 Rec=78.832 Prec=78.975
Train Client1 [39/100] LR=0.0002500 loss=0.610 ACC=98.491 F1=91.309 Rec=93.821 Prec=90.898
Train Client2 [39/100] LR=0.0002500 loss=0.256 ACC=98.585 F1=92.975 Rec=94.246 Prec=91.967
Train Client3 [39/100] LR=0.0002500 loss=0.079 ACC=99.116 F1=78.460 Rec=78.585 Prec=78.343
Train Client4 [39/100] LR=0.0002500 loss=0.052 ACC=99.167 F1=98.215 Rec=98.438 Prec=97.998
Train Client5 [39/100] LR=0.0002500 loss=0.023 ACC=99.849 F1=93.032 Rec=94.890 Prec=93.223
Train Client6 [39/100] LR=0.0002500 loss=0.095 ACC=99.781 F1=99.520 Rec=99.565 Prec=99.478
Train Client7 [39/100] LR=0.0002500 loss=0.155 ACC=99.771 F1=93.242 Rec=94.919 Prec=91.710

Val    [39/100] LR=0.0002500 loss=1.647 ACC=98.617 F1=98.168 Rec=98.190 Prec=98.189

Test-  OSR [39/100] LR=0.0002500 ACC=66.530 F1=66.858 Rec=81.618 Prec=60.594 UNK=0.000 OS*=97.941 HOS=0.000 AUROC=92.085 AUPR=83.591 OSCR=91.328
Test-Close [39/100] LR=0.0002500 loss=1.668 ACC=98.315 F1=97.982 Rec=97.941 Prec=98.093
Train Client0 [40/100] LR=0.0002500 loss=0.043 ACC=99.590 F1=78.413 Rec=78.079 Prec=78.785
Train Client1 [40/100] LR=0.0002500 loss=0.073 ACC=98.922 F1=94.144 Rec=98.094 Prec=91.528
Train Client2 [40/100] LR=0.0002500 loss=0.050 ACC=99.469 F1=97.386 Rec=98.239 Prec=96.625
Train Client3 [40/100] LR=0.0002500 loss=0.129 ACC=98.864 F1=69.797 Rec=69.097 Prec=70.686
Train Client4 [40/100] LR=0.0002500 loss=0.061 ACC=99.132 F1=97.570 Rec=98.170 Prec=96.993
Train Client5 [40/100] LR=0.0002500 loss=0.023 ACC=99.322 F1=80.255 Rec=94.671 Prec=72.388
Train Client6 [40/100] LR=0.0002500 loss=0.033 ACC=99.607 F1=98.709 Rec=99.524 Prec=97.966
Train Client7 [40/100] LR=0.0002500 loss=0.078 ACC=99.836 F1=93.777 Rec=92.737 Prec=94.947

Val    [40/100] LR=0.0002500 loss=1.661 ACC=98.271 F1=97.709 Rec=98.069 Prec=97.508

Test-  OSR [40/100] LR=0.0002500 ACC=66.267 F1=66.903 Rec=81.370 Prec=61.119 UNK=0.000 OS*=97.644 HOS=0.000 AUROC=90.296 AUPR=81.041 OSCR=89.459
Test-Close [40/100] LR=0.0002500 loss=1.679 ACC=97.927 F1=97.475 Rec=97.644 Prec=97.415
Saving model at epoch 40 . . . . . . . .

Train Client0 [41/100] LR=0.0002500 loss=0.034 ACC=99.508 F1=78.033 Rec=77.880 Prec=78.187
Train Client1 [41/100] LR=0.0002500 loss=0.088 ACC=98.707 F1=94.109 Rec=98.051 Prec=91.502
Train Client2 [41/100] LR=0.0002500 loss=0.198 ACC=98.880 F1=94.760 Rec=94.709 Prec=94.812
Train Client3 [41/100] LR=0.0002500 loss=0.125 ACC=98.990 F1=76.939 Rec=78.581 Prec=75.523
Train Client4 [41/100] LR=0.0002500 loss=0.086 ACC=99.236 F1=98.082 Rec=98.364 Prec=97.811
Train Client5 [41/100] LR=0.0002500 loss=0.016 ACC=99.699 F1=88.743 Rec=99.930 Prec=81.333
Train Client6 [41/100] LR=0.0002500 loss=0.051 ACC=99.650 F1=98.685 Rec=99.444 Prec=97.998
Train Client7 [41/100] LR=0.0002500 loss=0.131 ACC=99.607 F1=97.303 Rec=99.838 Prec=95.225

Val    [41/100] LR=0.0002500 loss=1.651 ACC=98.617 F1=98.126 Rec=98.402 Prec=97.969

Test-  OSR [41/100] LR=0.0002500 ACC=66.530 F1=68.143 Rec=81.662 Prec=63.723 UNK=0.000 OS*=97.994 HOS=0.000 AUROC=84.899 AUPR=74.500 OSCR=84.386
Test-Close [41/100] LR=0.0002500 loss=1.669 ACC=98.315 F1=97.625 Rec=97.994 Prec=97.448
Train Client0 [42/100] LR=0.0002500 loss=0.037 ACC=99.726 F1=79.219 Rec=79.327 Prec=79.114
Train Client1 [42/100] LR=0.0002500 loss=0.043 ACC=99.569 F1=95.520 Rec=99.795 Prec=92.593
Train Client2 [42/100] LR=0.0002500 loss=0.087 ACC=99.057 F1=97.406 Rec=98.715 Prec=96.298
Train Client3 [42/100] LR=0.0002500 loss=0.611 ACC=98.485 F1=71.581 Rec=74.508 Prec=69.778
Train Client4 [42/100] LR=0.0002500 loss=0.044 ACC=99.306 F1=97.961 Rec=97.961 Prec=97.961
Train Client5 [42/100] LR=0.0002500 loss=0.026 ACC=99.398 F1=78.503 Rec=88.135 Prec=73.205
Train Client6 [42/100] LR=0.0002500 loss=0.114 ACC=99.650 F1=99.451 Rec=99.390 Prec=99.513
Train Client7 [42/100] LR=0.0002500 loss=0.177 ACC=99.280 F1=94.549 Rec=98.397 Prec=91.292

Val    [42/100] LR=0.0002500 loss=1.661 ACC=98.617 F1=98.144 Rec=98.129 Prec=98.212

Test-  OSR [42/100] LR=0.0002500 ACC=66.793 F1=66.371 Rec=82.009 Prec=59.323 UNK=0.000 OS*=98.411 HOS=0.000 AUROC=93.971 AUPR=87.386 OSCR=93.354
Test-Close [42/100] LR=0.0002500 loss=1.670 ACC=98.704 F1=98.447 Rec=98.411 Prec=98.522
Train Client0 [43/100] LR=0.0002500 loss=0.025 ACC=99.781 F1=79.593 Rec=79.622 Prec=79.565
Train Client1 [43/100] LR=0.0002500 loss=0.111 ACC=99.784 F1=99.572 Rec=99.898 Prec=99.259
Train Client2 [43/100] LR=0.0002500 loss=0.426 ACC=99.116 F1=98.720 Rec=98.972 Prec=98.503
Train Client3 [43/100] LR=0.0002500 loss=0.105 ACC=98.485 F1=88.810 Rec=92.591 Prec=86.427
Train Client4 [43/100] LR=0.0002500 loss=0.067 ACC=99.340 F1=98.734 Rec=99.053 Prec=98.426
Train Client5 [43/100] LR=0.0002500 loss=0.032 ACC=99.473 F1=80.892 Rec=88.245 Prec=76.206
Train Client6 [43/100] LR=0.0002500 loss=0.040 ACC=99.563 F1=97.490 Rec=99.048 Prec=96.192
Train Client7 [43/100] LR=0.0002500 loss=0.090 ACC=99.804 F1=93.897 Rec=92.071 Prec=96.447

Val    [43/100] LR=0.0002500 loss=1.684 ACC=97.839 F1=97.299 Rec=97.163 Prec=97.568

Test-  OSR [43/100] LR=0.0002500 ACC=66.384 F1=66.339 Rec=81.449 Prec=59.745 UNK=0.000 OS*=97.738 HOS=0.000 AUROC=88.602 AUPR=78.446 OSCR=87.907
Test-Close [43/100] LR=0.0002500 loss=1.693 ACC=98.099 F1=97.842 Rec=97.738 Prec=98.025
Train Client0 [44/100] LR=0.0002500 loss=0.053 ACC=99.480 F1=98.199 Rec=98.533 Prec=97.872
Train Client1 [44/100] LR=0.0002500 loss=0.599 ACC=99.138 F1=93.830 Rec=96.168 Prec=93.061
Train Client2 [44/100] LR=0.0002500 loss=0.068 ACC=99.233 F1=95.350 Rec=96.160 Prec=94.621
Train Client3 [44/100] LR=0.0002500 loss=0.207 ACC=98.106 F1=63.895 Rec=65.373 Prec=63.089
Train Client4 [44/100] LR=0.0002500 loss=0.177 ACC=99.340 F1=97.446 Rec=96.902 Prec=98.043
Train Client5 [44/100] LR=0.0002500 loss=0.024 ACC=99.548 F1=84.179 Rec=88.263 Prec=81.430
Train Client6 [44/100] LR=0.0002500 loss=0.138 ACC=99.388 F1=96.063 Rec=96.764 Prec=95.428
Train Client7 [44/100] LR=0.0002500 loss=0.035 ACC=99.869 F1=94.320 Rec=92.667 Prec=96.449

Val    [44/100] LR=0.0002500 loss=1.737 ACC=96.802 F1=96.332 Rec=96.420 Prec=96.490

Test-  OSR [44/100] LR=0.0002500 ACC=65.653 F1=66.369 Rec=80.517 Prec=60.479 UNK=0.000 OS*=96.620 HOS=0.000 AUROC=83.692 AUPR=63.645 OSCR=82.641
Test-Close [44/100] LR=0.0002500 loss=1.748 ACC=97.019 F1=96.629 Rec=96.620 Prec=96.834
Train Client0 [45/100] LR=0.0002500 loss=0.011 ACC=99.863 F1=99.646 Rec=99.788 Prec=99.507
Train Client1 [45/100] LR=0.0002500 loss=0.046 ACC=99.353 F1=98.714 Rec=99.027 Prec=98.416
Train Client2 [45/100] LR=0.0002500 loss=0.044 ACC=99.528 F1=97.603 Rec=98.435 Prec=96.862
Train Client3 [45/100] LR=0.0002500 loss=0.062 ACC=99.369 F1=95.235 Rec=98.970 Prec=92.402
Train Client4 [45/100] LR=0.0002500 loss=0.068 ACC=99.479 F1=98.243 Rec=98.013 Prec=98.487
Train Client5 [45/100] LR=0.0002500 loss=0.040 ACC=99.473 F1=79.178 Rec=89.709 Prec=73.316
Train Client6 [45/100] LR=0.0002500 loss=0.016 ACC=99.781 F1=98.919 Rec=99.726 Prec=98.185
Train Client7 [45/100] LR=0.0002500 loss=0.080 ACC=99.902 F1=99.960 Rec=99.960 Prec=99.961

Val    [45/100] LR=0.0002500 loss=1.665 ACC=98.185 F1=97.795 Rec=97.749 Prec=97.970

Test-  OSR [45/100] LR=0.0002500 ACC=66.413 F1=66.843 Rec=81.396 Prec=60.881 UNK=0.000 OS*=97.676 HOS=0.000 AUROC=91.127 AUPR=80.932 OSCR=90.570
Test-Close [45/100] LR=0.0002500 loss=1.674 ACC=98.143 F1=97.748 Rec=97.676 Prec=97.923
Saving model at epoch 45 . . . . . . . .

Train Client0 [46/100] LR=0.0002500 loss=0.044 ACC=99.453 F1=78.460 Rec=78.501 Prec=78.422
Train Client1 [46/100] LR=0.0002500 loss=0.082 ACC=98.707 F1=92.768 Rec=95.594 Prec=91.443
Train Client2 [46/100] LR=0.0002500 loss=0.052 ACC=99.292 F1=97.222 Rec=98.066 Prec=96.469
Train Client3 [46/100] LR=0.0002500 loss=0.117 ACC=98.990 F1=75.094 Rec=74.854 Prec=75.340
Train Client4 [46/100] LR=0.0002500 loss=0.050 ACC=99.479 F1=97.807 Rec=98.259 Prec=97.369
Train Client5 [46/100] LR=0.0002500 loss=0.032 ACC=99.699 F1=87.347 Rec=93.187 Prec=83.316
Train Client6 [46/100] LR=0.0002500 loss=0.047 ACC=99.650 F1=99.393 Rec=99.433 Prec=99.355
Train Client7 [46/100] LR=0.0002500 loss=0.001 ACC=100.000 F1=100.000 Rec=100.000 Prec=100.000

Val    [46/100] LR=0.0002500 loss=1.647 ACC=98.790 F1=98.393 Rec=98.422 Prec=98.403

Test-  OSR [46/100] LR=0.0002500 ACC=66.998 F1=66.532 Rec=82.246 Prec=59.526 UNK=0.000 OS*=98.696 HOS=0.000 AUROC=93.868 AUPR=87.574 OSCR=93.396
Test-Close [46/100] LR=0.0002500 loss=1.656 ACC=99.006 F1=98.785 Rec=98.696 Prec=98.899
Train Client0 [47/100] LR=0.0002500 loss=0.003 ACC=99.918 F1=79.877 Rec=79.868 Prec=79.886
Train Client1 [47/100] LR=0.0002500 loss=0.481 ACC=98.707 F1=93.199 Rec=96.321 Prec=91.598
Train Client2 [47/100] LR=0.0002500 loss=0.309 ACC=99.233 F1=97.547 Rec=96.906 Prec=98.219
Train Client3 [47/100] LR=0.0002500 loss=0.057 ACC=99.495 F1=78.046 Rec=79.255 Prec=77.065
Train Client4 [47/100] LR=0.0002500 loss=0.041 ACC=99.549 F1=98.659 Rec=98.933 Prec=98.396
Train Client5 [47/100] LR=0.0002500 loss=0.020 ACC=99.774 F1=91.974 Rec=99.947 Prec=86.667
Train Client6 [47/100] LR=0.0002500 loss=0.050 ACC=99.738 F1=99.377 Rec=99.574 Prec=99.186
Train Client7 [47/100] LR=0.0002500 loss=0.212 ACC=99.640 F1=94.934 Rec=99.851 Prec=91.437

Val    [47/100] LR=0.0002500 loss=1.639 ACC=99.049 F1=98.778 Rec=98.947 Prec=98.630

Test-  OSR [47/100] LR=0.0002500 ACC=66.910 F1=66.340 Rec=82.431 Prec=59.786 UNK=0.000 OS*=98.917 HOS=0.000 AUROC=89.123 AUPR=81.187 OSCR=88.694
Test-Close [47/100] LR=0.0002500 loss=1.655 ACC=98.877 F1=98.689 Rec=98.917 Prec=98.487
Train Client0 [48/100] LR=0.0002500 loss=0.037 ACC=99.754 F1=98.914 Rec=98.932 Prec=98.903
Train Client1 [48/100] LR=0.0002500 loss=0.072 ACC=99.353 F1=95.077 Rec=99.027 Prec=92.462
Train Client2 [48/100] LR=0.0002500 loss=0.281 ACC=98.585 F1=94.282 Rec=93.316 Prec=95.348
Train Client3 [48/100] LR=0.0002500 loss=0.059 ACC=99.116 F1=74.350 Rec=75.763 Prec=73.128
Train Client4 [48/100] LR=0.0002500 loss=0.123 ACC=98.854 F1=96.910 Rec=98.117 Prec=95.792
Train Client5 [48/100] LR=0.0002500 loss=0.077 ACC=99.548 F1=88.234 Rec=99.801 Prec=82.000
Train Client6 [48/100] LR=0.0002500 loss=0.045 ACC=99.738 F1=99.455 Rec=99.574 Prec=99.338
Train Client7 [48/100] LR=0.0002500 loss=0.056 ACC=99.771 F1=91.598 Rec=92.960 Prec=90.580

Val    [48/100] LR=0.0002500 loss=1.637 ACC=98.617 F1=98.171 Rec=98.402 Prec=98.047

Test-  OSR [48/100] LR=0.0002500 ACC=66.589 F1=67.747 Rec=81.765 Prec=62.743 UNK=0.000 OS*=98.119 HOS=0.000 AUROC=92.388 AUPR=82.237 OSCR=91.950
Test-Close [48/100] LR=0.0002500 loss=1.651 ACC=98.402 F1=97.805 Rec=98.119 Prec=97.656
>> New learning Rate: 0.000125
Train Client0 [49/100] LR=0.0001250 loss=0.007 ACC=99.973 F1=99.929 Rec=99.977 Prec=99.882
Train Client1 [49/100] LR=0.0001250 loss=0.033 ACC=99.353 F1=92.788 Rec=99.027 Prec=89.897
Train Client2 [49/100] LR=0.0001250 loss=0.016 ACC=99.705 F1=98.644 Rec=98.681 Prec=98.609
Train Client3 [49/100] LR=0.0001250 loss=0.121 ACC=99.621 F1=77.812 Rec=79.767 Prec=76.167
Train Client4 [49/100] LR=0.0001250 loss=0.021 ACC=99.826 F1=99.449 Rec=99.460 Prec=99.437
Train Client5 [49/100] LR=0.0001250 loss=0.013 ACC=99.849 F1=94.982 Rec=99.965 Prec=92.000
Train Client6 [49/100] LR=0.0001250 loss=0.191 ACC=99.694 F1=99.796 Rec=99.705 Prec=99.889
Train Client7 [49/100] LR=0.0001250 loss=0.437 ACC=98.822 F1=90.944 Rec=97.305 Prec=87.016

Val    [49/100] LR=0.0001250 loss=1.632 ACC=98.876 F1=98.646 Rec=98.620 Prec=98.695

Test-  OSR [49/100] LR=0.0001250 ACC=67.056 F1=66.608 Rec=82.386 Prec=59.710 UNK=0.000 OS*=98.863 HOS=0.000 AUROC=93.490 AUPR=87.823 OSCR=93.046
Test-Close [49/100] LR=0.0001250 loss=1.642 ACC=99.093 F1=98.884 Rec=98.863 Prec=98.919
Train Client0 [50/100] LR=0.0001250 loss=0.130 ACC=99.836 F1=79.745 Rec=79.622 Prec=79.870
Train Client1 [50/100] LR=0.0001250 loss=0.749 ACC=98.491 F1=90.588 Rec=95.863 Prec=88.872
Train Client2 [50/100] LR=0.0001250 loss=0.007 ACC=99.823 F1=99.771 Rec=99.796 Prec=99.746
Train Client3 [50/100] LR=0.0001250 loss=0.052 ACC=99.116 F1=74.985 Rec=79.057 Prec=72.254
Train Client4 [50/100] LR=0.0001250 loss=0.024 ACC=99.792 F1=99.702 Rec=99.617 Prec=99.789
Train Client5 [50/100] LR=0.0001250 loss=0.017 ACC=99.774 F1=90.403 Rec=99.854 Prec=85.000
Train Client6 [50/100] LR=0.0001250 loss=0.170 ACC=99.738 F1=99.832 Rec=99.775 Prec=99.890
Train Client7 [50/100] LR=0.0001250 loss=0.070 ACC=99.902 F1=97.751 Rec=97.751 Prec=97.751

Val    [50/100] LR=0.0001250 loss=1.638 ACC=98.790 F1=98.585 Rec=98.617 Prec=98.571

Test-  OSR [50/100] LR=0.0001250 ACC=66.852 F1=66.059 Rec=82.225 Prec=59.036 UNK=0.000 OS*=98.671 HOS=0.000 AUROC=89.592 AUPR=81.920 OSCR=89.118
Test-Close [50/100] LR=0.0001250 loss=1.650 ACC=98.790 F1=98.593 Rec=98.671 Prec=98.535
Saving model at epoch 50 . . . . . . . .

Train Client0 [51/100] LR=0.0001250 loss=0.004 ACC=99.945 F1=79.895 Rec=79.810 Prec=79.981
Train Client1 [51/100] LR=0.0001250 loss=0.833 ACC=98.060 F1=97.750 Rec=97.080 Prec=98.500
Train Client2 [51/100] LR=0.0001250 loss=0.023 ACC=99.705 F1=98.635 Rec=98.631 Prec=98.639
Train Client3 [51/100] LR=0.0001250 loss=0.056 ACC=99.495 F1=93.578 Rec=99.657 Prec=90.000
Train Client4 [51/100] LR=0.0001250 loss=0.021 ACC=99.792 F1=99.405 Rec=99.621 Prec=99.194
Train Client5 [51/100] LR=0.0001250 loss=0.007 ACC=99.849 F1=93.760 Rec=99.965 Prec=89.333
Train Client6 [51/100] LR=0.0001250 loss=0.081 ACC=99.825 F1=98.997 Rec=99.837 Prec=98.231
Train Client7 [51/100] LR=0.0001250 loss=0.134 ACC=99.673 F1=98.500 Rec=99.865 Prec=97.251

Val    [51/100] LR=0.0001250 loss=1.629 ACC=98.963 F1=98.790 Rec=98.875 Prec=98.717

Test-  OSR [51/100] LR=0.0001250 ACC=66.881 F1=65.779 Rec=82.254 Prec=58.708 UNK=0.000 OS*=98.705 HOS=0.000 AUROC=88.008 AUPR=80.347 OSCR=87.590
Test-Close [51/100] LR=0.0001250 loss=1.645 ACC=98.834 F1=98.660 Rec=98.705 Prec=98.634
Train Client0 [52/100] LR=0.0001250 loss=0.003 ACC=99.973 F1=99.761 Rec=99.643 Prec=99.882
Train Client1 [52/100] LR=0.0001250 loss=0.363 ACC=98.922 F1=91.917 Rec=98.155 Prec=89.029
Train Client2 [52/100] LR=0.0001250 loss=0.003 ACC=99.882 F1=98.893 Rec=98.893 Prec=98.893
Train Client3 [52/100] LR=0.0001250 loss=0.096 ACC=98.106 F1=70.798 Rec=78.398 Prec=67.244
Train Client4 [52/100] LR=0.0001250 loss=0.016 ACC=99.826 F1=99.454 Rec=99.656 Prec=99.257
Train Client5 [52/100] LR=0.0001250 loss=0.019 ACC=99.699 F1=89.871 Rec=94.854 Prec=86.889
Train Client6 [52/100] LR=0.0001250 loss=0.000 ACC=100.000 F1=100.000 Rec=100.000 Prec=100.000
Train Client7 [52/100] LR=0.0001250 loss=0.069 ACC=99.738 F1=98.194 Rec=99.239 Prec=97.255

Val    [52/100] LR=0.0001250 loss=1.638 ACC=98.617 F1=98.428 Rec=98.359 Prec=98.525

Test-  OSR [52/100] LR=0.0001250 ACC=66.823 F1=65.864 Rec=82.159 Prec=58.572 UNK=0.000 OS*=98.591 HOS=0.000 AUROC=87.466 AUPR=81.301 OSCR=87.155
Test-Close [52/100] LR=0.0001250 loss=1.652 ACC=98.747 F1=98.649 Rec=98.591 Prec=98.720
Train Client0 [53/100] LR=0.0001250 loss=0.006 ACC=99.918 F1=79.877 Rec=79.868 Prec=79.886
Train Client1 [53/100] LR=0.0001250 loss=0.027 ACC=99.569 F1=95.520 Rec=99.795 Prec=92.593
Train Client2 [53/100] LR=0.0001250 loss=0.006 ACC=99.764 F1=98.193 Rec=97.737 Prec=98.677
Train Client3 [53/100] LR=0.0001250 loss=0.686 ACC=99.116 F1=76.130 Rec=75.763 Prec=76.506
Train Client4 [53/100] LR=0.0001250 loss=0.012 ACC=99.896 F1=99.601 Rec=99.506 Prec=99.698
Train Client5 [53/100] LR=0.0001250 loss=0.016 ACC=99.623 F1=84.718 Rec=93.263 Prec=79.982
Train Client6 [53/100] LR=0.0001250 loss=0.000 ACC=100.000 F1=100.000 Rec=100.000 Prec=100.000
Train Client7 [53/100] LR=0.0001250 loss=0.116 ACC=99.575 F1=99.827 Rec=99.825 Prec=99.832

Val    [53/100] LR=0.0001250 loss=1.651 ACC=98.185 F1=97.615 Rec=97.844 Prec=97.509

Test-  OSR [53/100] LR=0.0001250 ACC=66.589 F1=66.650 Rec=81.881 Prec=60.389 UNK=0.000 OS*=98.257 HOS=0.000 AUROC=81.807 AUPR=69.160 OSCR=81.178
Test-Close [53/100] LR=0.0001250 loss=1.662 ACC=98.402 F1=98.062 Rec=98.257 Prec=97.934
Train Client0 [54/100] LR=0.0001250 loss=0.003 ACC=99.973 F1=99.929 Rec=99.881 Prec=99.977
Train Client1 [54/100] LR=0.0001250 loss=0.204 ACC=99.138 F1=92.358 Rec=99.592 Prec=88.519
Train Client2 [54/100] LR=0.0001250 loss=0.027 ACC=99.646 F1=97.645 Rec=98.493 Prec=96.888
Train Client3 [54/100] LR=0.0001250 loss=0.034 ACC=99.621 F1=97.290 Rec=99.164 Prec=95.690
Train Client4 [54/100] LR=0.0001250 loss=0.008 ACC=99.931 F1=99.955 Rec=99.955 Prec=99.955
Train Client5 [54/100] LR=0.0001250 loss=0.003 ACC=99.849 F1=94.890 Rec=94.890 Prec=94.890
Train Client6 [54/100] LR=0.0001250 loss=0.012 ACC=99.869 F1=99.848 Rec=99.868 Prec=99.828
Train Client7 [54/100] LR=0.0001250 loss=0.003 ACC=99.967 F1=98.941 Rec=99.986 Prec=98.000

Val    [54/100] LR=0.0001250 loss=1.637 ACC=98.617 F1=98.287 Rec=98.255 Prec=98.359

Test-  OSR [54/100] LR=0.0001250 ACC=66.910 F1=66.212 Rec=82.281 Prec=59.144 UNK=0.000 OS*=98.737 HOS=0.000 AUROC=84.232 AUPR=74.360 OSCR=83.641
Test-Close [54/100] LR=0.0001250 loss=1.654 ACC=98.877 F1=98.766 Rec=98.737 Prec=98.808
Train Client0 [55/100] LR=0.0001250 loss=0.001 ACC=99.973 F1=79.991 Rec=79.981 Prec=80.000
Train Client1 [55/100] LR=0.0001250 loss=0.023 ACC=99.784 F1=95.949 Rec=99.898 Prec=93.333
Train Client2 [55/100] LR=0.0001250 loss=0.027 ACC=99.764 F1=98.714 Rec=98.735 Prec=98.693
Train Client3 [55/100] LR=0.0001250 loss=0.723 ACC=98.990 F1=76.292 Rec=78.940 Prec=74.366
Train Client4 [55/100] LR=0.0001250 loss=0.020 ACC=99.826 F1=99.776 Rec=99.679 Prec=99.875
Train Client5 [55/100] LR=0.0001250 loss=0.009 ACC=99.925 F1=97.087 Rec=99.890 Prec=95.000
Train Client6 [55/100] LR=0.0001250 loss=0.019 ACC=99.869 F1=99.013 Rec=99.868 Prec=98.232
Train Client7 [55/100] LR=0.0001250 loss=0.239 ACC=99.509 F1=95.606 Rec=99.798 Prec=92.052

Val    [55/100] LR=0.0001250 loss=1.673 ACC=97.666 F1=97.106 Rec=97.039 Prec=97.319

Test-  OSR [55/100] LR=0.0001250 ACC=66.589 F1=66.112 Rec=81.879 Prec=58.935 UNK=0.000 OS*=98.255 HOS=0.000 AUROC=84.728 AUPR=72.358 OSCR=84.136
Test-Close [55/100] LR=0.0001250 loss=1.669 ACC=98.402 F1=98.188 Rec=98.255 Prec=98.165
Saving model at epoch 55 . . . . . . . .

Train Client0 [56/100] LR=0.0001250 loss=0.101 ACC=99.809 F1=99.487 Rec=99.504 Prec=99.470
Train Client1 [56/100] LR=0.0001250 loss=0.002 ACC=99.784 F1=99.557 Rec=99.898 Prec=99.231
Train Client2 [56/100] LR=0.0001250 loss=0.125 ACC=99.646 F1=98.640 Rec=98.551 Prec=98.730
Train Client3 [56/100] LR=0.0001250 loss=0.082 ACC=98.485 F1=70.450 Rec=79.066 Prec=67.024
Train Client4 [56/100] LR=0.0001250 loss=0.004 ACC=99.931 F1=99.955 Rec=99.955 Prec=99.955
Train Client5 [56/100] LR=0.0001250 loss=0.002 ACC=99.925 F1=95.991 Rec=99.982 Prec=93.333
Train Client6 [56/100] LR=0.0001250 loss=0.002 ACC=100.000 F1=100.000 Rec=100.000 Prec=100.000
Train Client7 [56/100] LR=0.0001250 loss=0.235 ACC=99.509 F1=93.803 Rec=99.144 Prec=89.913

Val    [56/100] LR=0.0001250 loss=1.651 ACC=98.012 F1=97.439 Rec=97.590 Prec=97.421

Test-  OSR [56/100] LR=0.0001250 ACC=66.764 F1=66.701 Rec=82.041 Prec=60.277 UNK=0.000 OS*=98.449 HOS=0.000 AUROC=81.220 AUPR=68.634 OSCR=80.590
Test-Close [56/100] LR=0.0001250 loss=1.656 ACC=98.661 F1=98.359 Rec=98.449 Prec=98.312
Train Client0 [57/100] LR=0.0001250 loss=0.000 ACC=100.000 F1=100.000 Rec=100.000 Prec=100.000
Train Client1 [57/100] LR=0.0001250 loss=0.046 ACC=99.569 F1=94.573 Rec=97.398 Prec=93.247
Train Client2 [57/100] LR=0.0001250 loss=0.071 ACC=99.764 F1=99.784 Rec=99.658 Prec=99.912
Train Client3 [57/100] LR=0.0001250 loss=0.059 ACC=99.369 F1=77.752 Rec=79.611 Prec=76.143
Train Client4 [57/100] LR=0.0001250 loss=0.020 ACC=99.861 F1=99.688 Rec=99.688 Prec=99.688
Train Client5 [57/100] LR=0.0001250 loss=0.010 ACC=99.925 F1=95.991 Rec=99.982 Prec=93.333
Train Client6 [57/100] LR=0.0001250 loss=0.013 ACC=99.913 F1=98.964 Rec=99.898 Prec=98.103
Train Client7 [57/100] LR=0.0001250 loss=0.139 ACC=99.640 F1=98.176 Rec=99.852 Prec=96.646

Val    [57/100] LR=0.0001250 loss=1.674 ACC=97.407 F1=96.660 Rec=97.133 Prec=96.457

Test-  OSR [57/100] LR=0.0001250 ACC=66.443 F1=66.263 Rec=81.773 Prec=59.753 UNK=0.000 OS*=98.127 HOS=0.000 AUROC=77.414 AUPR=58.857 OSCR=76.744
Test-Close [57/100] LR=0.0001250 loss=1.674 ACC=98.186 F1=97.858 Rec=98.127 Prec=97.670
Train Client0 [58/100] LR=0.0001250 loss=0.000 ACC=100.000 F1=100.000 Rec=100.000 Prec=100.000
Train Client1 [58/100] LR=0.0001250 loss=0.007 ACC=99.784 F1=95.949 Rec=99.897 Prec=93.333
Train Client2 [58/100] LR=0.0001250 loss=0.004 ACC=99.941 F1=99.460 Rec=99.946 Prec=99.000
Train Client3 [58/100] LR=0.0001250 loss=0.192 ACC=98.611 F1=70.733 Rec=79.147 Prec=67.487
Train Client4 [58/100] LR=0.0001250 loss=0.002 ACC=100.000 F1=100.000 Rec=100.000 Prec=100.000
Train Client5 [58/100] LR=0.0001250 loss=0.033 ACC=99.849 F1=93.079 Rec=94.982 Prec=93.223
Train Client6 [58/100] LR=0.0001250 loss=0.129 ACC=99.781 F1=99.883 Rec=99.846 Prec=99.921
Train Client7 [58/100] LR=0.0001250 loss=0.159 ACC=99.640 F1=94.189 Rec=99.852 Prec=90.005

Val    [58/100] LR=0.0001250 loss=1.673 ACC=97.666 F1=96.947 Rec=97.135 Prec=96.962

Test-  OSR [58/100] LR=0.0001250 ACC=66.706 F1=66.381 Rec=81.931 Prec=59.575 UNK=0.000 OS*=98.317 HOS=0.000 AUROC=83.145 AUPR=68.509 OSCR=82.634
Test-Close [58/100] LR=0.0001250 loss=1.664 ACC=98.575 F1=98.254 Rec=98.317 Prec=98.242
Train Client0 [59/100] LR=0.0001250 loss=0.020 ACC=99.891 F1=99.716 Rec=99.716 Prec=99.716
Train Client1 [59/100] LR=0.0001250 loss=0.013 ACC=99.784 F1=95.949 Rec=99.898 Prec=93.333
Train Client2 [59/100] LR=0.0001250 loss=0.121 ACC=99.469 F1=99.449 Rec=99.330 Prec=99.571
Train Client3 [59/100] LR=0.0001250 loss=0.016 ACC=99.495 F1=77.792 Rec=79.253 Prec=76.551
Train Client4 [59/100] LR=0.0001250 loss=0.019 ACC=99.861 F1=99.884 Rec=99.909 Prec=99.858
Train Client5 [59/100] LR=0.0001250 loss=0.006 ACC=99.774 F1=93.116 Rec=99.947 Prec=88.333
Train Client6 [59/100] LR=0.0001250 loss=0.098 ACC=99.869 F1=99.890 Rec=99.827 Prec=99.952
Train Client7 [59/100] LR=0.0001250 loss=0.011 ACC=99.967 F1=99.665 Rec=99.986 Prec=99.355

Val    [59/100] LR=0.0001250 loss=1.705 ACC=96.716 F1=95.935 Rec=96.429 Prec=95.840

Test-  OSR [59/100] LR=0.0001250 ACC=66.092 F1=66.325 Rec=81.289 Prec=60.115 UNK=0.000 OS*=97.547 HOS=0.000 AUROC=74.934 AUPR=55.068 OSCR=74.252
Test-Close [59/100] LR=0.0001250 loss=1.695 ACC=97.667 F1=97.242 Rec=97.547 Prec=97.088
Train Client0 [60/100] LR=0.0001250 loss=0.002 ACC=99.973 F1=79.952 Rec=79.905 Prec=80.000
Train Client1 [60/100] LR=0.0001250 loss=0.000 ACC=100.000 F1=100.000 Rec=100.000 Prec=100.000
Train Client2 [60/100] LR=0.0001250 loss=0.133 ACC=99.764 F1=99.662 Rec=99.650 Prec=99.674
Train Client3 [60/100] LR=0.0001250 loss=0.049 ACC=99.621 F1=77.871 Rec=79.332 Prec=76.630
Train Client4 [60/100] LR=0.0001250 loss=0.040 ACC=99.722 F1=99.381 Rec=99.381 Prec=99.381
Train Client5 [60/100] LR=0.0001250 loss=0.006 ACC=99.849 F1=93.125 Rec=99.965 Prec=88.333
Train Client6 [60/100] LR=0.0001250 loss=0.000 ACC=100.000 F1=100.000 Rec=100.000 Prec=100.000
Train Client7 [60/100] LR=0.0001250 loss=0.183 ACC=99.640 F1=97.235 Rec=99.852 Prec=95.023

Val    [60/100] LR=0.0001250 loss=1.651 ACC=98.358 F1=97.910 Rec=97.907 Prec=97.996

Test-  OSR [60/100] LR=0.0001250 ACC=66.706 F1=66.456 Rec=81.989 Prec=59.698 UNK=0.000 OS*=98.387 HOS=0.000 AUROC=81.213 AUPR=68.177 OSCR=80.727
Test-Close [60/100] LR=0.0001250 loss=1.654 ACC=98.575 F1=98.285 Rec=98.387 Prec=98.227
Saving model at epoch 60 . . . . . . . .

Train Client0 [61/100] LR=0.0001250 loss=0.012 ACC=99.973 F1=99.929 Rec=99.881 Prec=99.977
Train Client1 [61/100] LR=0.0001250 loss=0.081 ACC=99.569 F1=95.506 Rec=99.797 Prec=92.564
Train Client2 [61/100] LR=0.0001250 loss=0.094 ACC=99.764 F1=99.827 Rec=99.742 Prec=99.912
Train Client3 [61/100] LR=0.0001250 loss=0.032 ACC=98.990 F1=88.988 Rec=95.152 Prec=85.623
Train Client4 [61/100] LR=0.0001250 loss=0.002 ACC=99.931 F1=99.955 Rec=99.955 Prec=99.955
Train Client5 [61/100] LR=0.0001250 loss=0.000 ACC=100.000 F1=100.000 Rec=100.000 Prec=100.000
Train Client6 [61/100] LR=0.0001250 loss=0.003 ACC=99.956 F1=99.115 Rec=99.969 Prec=98.333
Train Client7 [61/100] LR=0.0001250 loss=0.074 ACC=99.804 F1=97.705 Rec=99.919 Prec=95.935

Val    [61/100] LR=0.0001250 loss=1.640 ACC=98.444 F1=98.020 Rec=97.971 Prec=98.145

Test-  OSR [61/100] LR=0.0001250 ACC=66.852 F1=66.449 Rec=82.231 Prec=59.737 UNK=0.000 OS*=98.677 HOS=0.000 AUROC=84.429 AUPR=72.179 OSCR=83.951
Test-Close [61/100] LR=0.0001250 loss=1.648 ACC=98.790 F1=98.601 Rec=98.677 Prec=98.544
Train Client0 [62/100] LR=0.0001250 loss=0.004 ACC=99.945 F1=99.858 Rec=99.858 Prec=99.858
Train Client1 [62/100] LR=0.0001250 loss=0.019 ACC=99.784 F1=95.949 Rec=99.898 Prec=93.333
Train Client2 [62/100] LR=0.0001250 loss=0.006 ACC=99.941 F1=99.460 Rec=99.946 Prec=99.000
Train Client3 [62/100] LR=0.0001250 loss=0.009 ACC=99.747 F1=79.922 Rec=79.845 Prec=80.000
Train Client4 [62/100] LR=0.0001250 loss=0.000 ACC=100.000 F1=100.000 Rec=100.000 Prec=100.000
Train Client5 [62/100] LR=0.0001250 loss=0.007 ACC=99.699 F1=89.918 Rec=99.837 Prec=84.000
Train Client6 [62/100] LR=0.0001250 loss=0.000 ACC=100.000 F1=100.000 Rec=100.000 Prec=100.000
Train Client7 [62/100] LR=0.0001250 loss=0.156 ACC=99.542 F1=96.665 Rec=99.811 Prec=94.052

Val    [62/100] LR=0.0001250 loss=1.674 ACC=97.234 F1=96.703 Rec=97.004 Prec=96.566

Test-  OSR [62/100] LR=0.0001250 ACC=66.355 F1=65.739 Rec=81.746 Prec=58.601 UNK=0.000 OS*=98.095 HOS=0.000 AUROC=80.712 AUPR=65.790 OSCR=79.991
Test-Close [62/100] LR=0.0001250 loss=1.677 ACC=98.056 F1=97.814 Rec=98.095 Prec=97.612
Train Client0 [63/100] LR=0.0001250 loss=0.006 ACC=99.973 F1=79.952 Rec=79.905 Prec=80.000
Train Client1 [63/100] LR=0.0001250 loss=0.003 ACC=99.784 F1=95.949 Rec=99.898 Prec=93.333
Train Client2 [63/100] LR=0.0001250 loss=0.017 ACC=100.000 F1=100.000 Rec=100.000 Prec=100.000
Train Client3 [63/100] LR=0.0001250 loss=0.124 ACC=98.611 F1=71.417 Rec=78.695 Prec=68.124
Train Client4 [63/100] LR=0.0001250 loss=0.027 ACC=99.792 F1=99.511 Rec=99.593 Prec=99.431
Train Client5 [63/100] LR=0.0001250 loss=0.018 ACC=99.774 F1=93.070 Rec=99.854 Prec=88.333
Train Client6 [63/100] LR=0.0001250 loss=0.000 ACC=100.000 F1=100.000 Rec=100.000 Prec=100.000
Train Client7 [63/100] LR=0.0001250 loss=0.000 ACC=100.000 F1=100.000 Rec=100.000 Prec=100.000

Val    [63/100] LR=0.0001250 loss=1.677 ACC=97.321 F1=96.621 Rec=97.077 Prec=96.416

Test-  OSR [63/100] LR=0.0001250 ACC=66.443 F1=66.174 Rec=81.818 Prec=59.563 UNK=0.000 OS*=98.181 HOS=0.000 AUROC=77.130 AUPR=57.503 OSCR=76.569
Test-Close [63/100] LR=0.0001250 loss=1.677 ACC=98.186 F1=97.823 Rec=98.181 Prec=97.568
Train Client0 [64/100] LR=0.0001250 loss=0.000 ACC=100.000 F1=100.000 Rec=100.000 Prec=100.000
Train Client1 [64/100] LR=0.0001250 loss=0.015 ACC=99.784 F1=95.949 Rec=99.897 Prec=93.333
Train Client2 [64/100] LR=0.0001250 loss=0.000 ACC=100.000 F1=100.000 Rec=100.000 Prec=100.000
Train Client3 [64/100] LR=0.0001250 loss=0.002 ACC=99.874 F1=98.051 Rec=99.949 Prec=96.429
Train Client4 [64/100] LR=0.0001250 loss=0.005 ACC=99.931 F1=99.955 Rec=99.955 Prec=99.955
Train Client5 [64/100] LR=0.0001250 loss=0.014 ACC=99.699 F1=90.982 Rec=99.744 Prec=86.000
Train Client6 [64/100] LR=0.0001250 loss=0.153 ACC=99.519 F1=99.662 Rec=99.502 Prec=99.827
Train Client7 [64/100] LR=0.0001250 loss=0.132 ACC=99.804 F1=96.337 Rec=99.919 Prec=93.316

Val    [64/100] LR=0.0001250 loss=1.716 ACC=96.197 F1=95.239 Rec=96.118 Prec=94.928

Test-  OSR [64/100] LR=0.0001250 ACC=65.799 F1=66.033 Rec=81.057 Prec=59.992 UNK=0.000 OS*=97.269 HOS=0.000 AUROC=74.478 AUPR=53.741 OSCR=73.751
Test-Close [64/100] LR=0.0001250 loss=1.701 ACC=97.235 F1=96.574 Rec=97.269 Prec=96.173
Train Client0 [65/100] LR=0.0001250 loss=0.002 ACC=99.973 F1=99.929 Rec=99.977 Prec=99.882
Train Client1 [65/100] LR=0.0001250 loss=0.011 ACC=99.784 F1=95.949 Rec=99.898 Prec=93.333
Train Client2 [65/100] LR=0.0001250 loss=0.139 ACC=99.469 F1=98.029 Rec=98.347 Prec=97.738
Train Client3 [65/100] LR=0.0001250 loss=0.004 ACC=99.874 F1=79.961 Rec=79.922 Prec=80.000
Train Client4 [65/100] LR=0.0001250 loss=0.006 ACC=99.931 F1=99.844 Rec=99.736 Prec=99.955
Train Client5 [65/100] LR=0.0001250 loss=0.000 ACC=100.000 F1=100.000 Rec=100.000 Prec=100.000
Train Client6 [65/100] LR=0.0001250 loss=0.026 ACC=99.869 F1=99.847 Rec=99.827 Prec=99.867
Train Client7 [65/100] LR=0.0001250 loss=0.005 ACC=99.967 F1=98.941 Rec=99.987 Prec=98.000

Val    [65/100] LR=0.0001250 loss=1.694 ACC=96.716 F1=95.836 Rec=96.628 Prec=95.497

Test-  OSR [65/100] LR=0.0001250 ACC=65.916 F1=66.231 Rec=81.285 Prec=60.367 UNK=0.000 OS*=97.542 HOS=0.000 AUROC=74.418 AUPR=51.778 OSCR=73.640
Test-Close [65/100] LR=0.0001250 loss=1.698 ACC=97.408 F1=96.811 Rec=97.542 Prec=96.374
Saving model at epoch 65 . . . . . . . .

Train Client0 [66/100] LR=0.0001250 loss=0.000 ACC=100.000 F1=100.000 Rec=100.000 Prec=100.000
Train Client1 [66/100] LR=0.0001250 loss=0.139 ACC=99.353 F1=95.077 Rec=99.027 Prec=92.462
Train Client2 [66/100] LR=0.0001250 loss=0.148 ACC=99.587 F1=99.142 Rec=99.446 Prec=98.868
Train Client3 [66/100] LR=0.0001250 loss=0.687 ACC=99.116 F1=96.486 Rec=99.365 Prec=94.001
Train Client4 [66/100] LR=0.0001250 loss=0.003 ACC=99.965 F1=99.951 Rec=99.938 Prec=99.965
Train Client5 [66/100] LR=0.0001250 loss=0.000 ACC=100.000 F1=100.000 Rec=100.000 Prec=100.000
Train Client6 [66/100] LR=0.0001250 loss=0.014 ACC=99.956 F1=99.122 Rec=99.984 Prec=98.333
Train Client7 [66/100] LR=0.0001250 loss=0.085 ACC=99.836 F1=95.625 Rec=99.933 Prec=92.662

Val    [66/100] LR=0.0001250 loss=1.675 ACC=98.012 F1=97.425 Rec=97.391 Prec=97.603

Test-  OSR [66/100] LR=0.0001250 ACC=66.676 F1=66.370 Rec=81.880 Prec=59.515 UNK=0.000 OS*=98.257 HOS=0.000 AUROC=76.579 AUPR=63.080 OSCR=75.860
Test-Close [66/100] LR=0.0001250 loss=1.672 ACC=98.531 F1=98.182 Rec=98.257 Prec=98.162
Train Client0 [67/100] LR=0.0001250 loss=0.001 ACC=99.973 F1=99.929 Rec=99.977 Prec=99.881
Train Client1 [67/100] LR=0.0001250 loss=0.068 ACC=99.353 F1=95.077 Rec=99.027 Prec=92.462
Train Client2 [67/100] LR=0.0001250 loss=0.015 ACC=99.823 F1=98.814 Rec=98.840 Prec=98.790
Train Client3 [67/100] LR=0.0001250 loss=0.105 ACC=99.242 F1=76.406 Rec=79.531 Prec=74.024
Train Client4 [67/100] LR=0.0001250 loss=0.000 ACC=100.000 F1=100.000 Rec=100.000 Prec=100.000
Train Client5 [67/100] LR=0.0001250 loss=0.009 ACC=99.925 F1=97.134 Rec=99.982 Prec=95.000
Train Client6 [67/100] LR=0.0001250 loss=0.001 ACC=99.956 F1=99.868 Rec=99.767 Prec=99.969
Train Client7 [67/100] LR=0.0001250 loss=0.067 ACC=99.738 F1=97.678 Rec=99.892 Prec=95.909

Val    [67/100] LR=0.0001250 loss=1.748 ACC=95.073 F1=93.975 Rec=95.341 Prec=93.651

Test-  OSR [67/100] LR=0.0001250 ACC=65.039 F1=65.250 Rec=80.492 Prec=59.437 UNK=0.000 OS*=96.591 HOS=0.000 AUROC=69.085 AUPR=46.254 OSCR=68.131
Test-Close [67/100] LR=0.0001250 loss=1.738 ACC=96.112 F1=95.374 Rec=96.591 Prec=94.812
Train Client0 [68/100] LR=0.0001250 loss=0.000 ACC=100.000 F1=100.000 Rec=100.000 Prec=100.000
Train Client1 [68/100] LR=0.0001250 loss=0.806 ACC=98.060 F1=92.229 Rec=99.077 Prec=88.757
Train Client2 [68/100] LR=0.0001250 loss=0.096 ACC=99.823 F1=99.363 Rec=99.796 Prec=98.956
Train Client3 [68/100] LR=0.0001250 loss=0.020 ACC=99.242 F1=92.028 Rec=98.873 Prec=88.538
Train Client4 [68/100] LR=0.0001250 loss=0.037 ACC=99.861 F1=99.579 Rec=99.471 Prec=99.688
Train Client5 [68/100] LR=0.0001250 loss=0.007 ACC=99.774 F1=91.038 Rec=99.854 Prec=86.000
Train Client6 [68/100] LR=0.0001250 loss=0.079 ACC=99.956 F1=99.957 Rec=99.929 Prec=99.984
Train Client7 [68/100] LR=0.0001250 loss=0.082 ACC=99.738 F1=97.678 Rec=99.892 Prec=95.909

Val    [68/100] LR=0.0001250 loss=1.663 ACC=97.926 F1=97.481 Rec=97.652 Prec=97.424

Test-  OSR [68/100] LR=0.0001250 ACC=66.559 F1=65.905 Rec=81.906 Prec=58.777 UNK=0.000 OS*=98.288 HOS=0.000 AUROC=76.125 AUPR=61.853 OSCR=75.443
Test-Close [68/100] LR=0.0001250 loss=1.674 ACC=98.359 F1=98.109 Rec=98.288 Prec=97.983
Train Client0 [69/100] LR=0.0001250 loss=0.005 ACC=99.973 F1=99.929 Rec=99.977 Prec=99.882
Train Client1 [69/100] LR=0.0001250 loss=0.039 ACC=99.784 F1=95.949 Rec=99.898 Prec=93.333
Train Client2 [69/100] LR=0.0001250 loss=0.246 ACC=99.351 F1=99.473 Rec=99.196 Prec=99.760
Train Client3 [69/100] LR=0.0001250 loss=0.019 ACC=99.621 F1=95.371 Rec=95.639 Prec=95.111
Train Client4 [69/100] LR=0.0001250 loss=0.007 ACC=99.896 F1=99.353 Rec=99.673 Prec=99.046
Train Client5 [69/100] LR=0.0001250 loss=0.014 ACC=99.849 F1=93.316 Rec=99.965 Prec=90.000
Train Client6 [69/100] LR=0.0001250 loss=0.004 ACC=99.956 F1=99.949 Rec=99.969 Prec=99.929
Train Client7 [69/100] LR=0.0001250 loss=0.079 ACC=99.836 F1=97.718 Rec=99.933 Prec=95.948

Val    [69/100] LR=0.0001250 loss=1.652 ACC=98.444 F1=98.192 Rec=98.101 Prec=98.336

Test-  OSR [69/100] LR=0.0001250 ACC=66.706 F1=65.920 Rec=82.040 Prec=58.651 UNK=0.000 OS*=98.448 HOS=0.000 AUROC=79.868 AUPR=66.031 OSCR=79.309
Test-Close [69/100] LR=0.0001250 loss=1.671 ACC=98.575 F1=98.385 Rec=98.448 Prec=98.353
Train Client0 [70/100] LR=0.0001250 loss=0.000 ACC=100.000 F1=100.000 Rec=100.000 Prec=100.000
Train Client1 [70/100] LR=0.0001250 loss=0.024 ACC=99.784 F1=95.949 Rec=99.898 Prec=93.333
Train Client2 [70/100] LR=0.0001250 loss=0.011 ACC=99.941 F1=99.925 Rec=99.946 Prec=99.904
Train Client3 [70/100] LR=0.0001250 loss=0.121 ACC=99.495 F1=77.824 Rec=79.726 Prec=76.167
Train Client4 [70/100] LR=0.0001250 loss=0.000 ACC=100.000 F1=100.000 Rec=100.000 Prec=100.000
Train Client5 [70/100] LR=0.0001250 loss=0.000 ACC=100.000 F1=100.000 Rec=100.000 Prec=100.000
Train Client6 [70/100] LR=0.0001250 loss=0.077 ACC=99.650 F1=99.718 Rec=99.634 Prec=99.803
Train Client7 [70/100] LR=0.0001250 loss=0.123 ACC=99.705 F1=99.880 Rec=99.878 Prec=99.883

Val    [70/100] LR=0.0001250 loss=1.659 ACC=98.099 F1=97.677 Rec=97.845 Prec=97.603

Test-  OSR [70/100] LR=0.0001250 ACC=66.530 F1=65.509 Rec=81.881 Prec=58.248 UNK=0.000 OS*=98.258 HOS=0.000 AUROC=75.005 AUPR=59.202 OSCR=74.484
Test-Close [70/100] LR=0.0001250 loss=1.675 ACC=98.315 F1=98.003 Rec=98.258 Prec=97.813
Saving model at epoch 70 . . . . . . . .

Train Client0 [71/100] LR=0.0001250 loss=0.000 ACC=100.000 F1=100.000 Rec=100.000 Prec=100.000
Train Client1 [71/100] LR=0.0001250 loss=0.008 ACC=99.784 F1=95.949 Rec=99.898 Prec=93.333
Train Client2 [71/100] LR=0.0001250 loss=0.016 ACC=99.823 F1=99.279 Rec=98.840 Prec=99.747
Train Client3 [71/100] LR=0.0001250 loss=0.148 ACC=98.864 F1=73.250 Rec=79.302 Prec=69.909
Train Client4 [71/100] LR=0.0001250 loss=0.026 ACC=99.826 F1=99.434 Rec=99.409 Prec=99.460
Train Client5 [71/100] LR=0.0001250 loss=0.000 ACC=100.000 F1=100.000 Rec=100.000 Prec=100.000
Train Client6 [71/100] LR=0.0001250 loss=0.000 ACC=100.000 F1=100.000 Rec=100.000 Prec=100.000
Train Client7 [71/100] LR=0.0001250 loss=0.002 ACC=100.000 F1=100.000 Rec=100.000 Prec=100.000

Val    [71/100] LR=0.0001250 loss=1.644 ACC=98.617 F1=98.352 Rec=98.298 Prec=98.445

Test-  OSR [71/100] LR=0.0001250 ACC=66.910 F1=66.326 Rec=82.268 Prec=59.412 UNK=0.000 OS*=98.722 HOS=0.000 AUROC=78.876 AUPR=63.797 OSCR=78.417
Test-Close [71/100] LR=0.0001250 loss=1.663 ACC=98.877 F1=98.597 Rec=98.722 Prec=98.508
Train Client0 [72/100] LR=0.0001250 loss=0.003 ACC=99.945 F1=99.858 Rec=99.858 Prec=99.858
Train Client1 [72/100] LR=0.0001250 loss=0.025 ACC=99.784 F1=95.949 Rec=99.898 Prec=93.333
Train Client2 [72/100] LR=0.0001250 loss=0.091 ACC=99.646 F1=99.645 Rec=99.508 Prec=99.787
Train Client3 [72/100] LR=0.0001250 loss=0.049 ACC=99.747 F1=97.663 Rec=99.806 Prec=95.804
Train Client4 [72/100] LR=0.0001250 loss=0.000 ACC=100.000 F1=100.000 Rec=100.000 Prec=100.000
Train Client5 [72/100] LR=0.0001250 loss=0.011 ACC=99.925 F1=97.087 Rec=99.889 Prec=95.000
Train Client6 [72/100] LR=0.0001250 loss=0.087 ACC=99.869 F1=99.890 Rec=99.827 Prec=99.952
Train Client7 [72/100] LR=0.0001250 loss=0.059 ACC=99.771 F1=99.907 Rec=99.906 Prec=99.909

Val    [72/100] LR=0.0001250 loss=1.650 ACC=98.790 F1=98.449 Rec=98.418 Prec=98.522

Test-  OSR [72/100] LR=0.0001250 ACC=66.852 F1=66.508 Rec=82.217 Prec=59.747 UNK=0.000 OS*=98.660 HOS=0.000 AUROC=80.579 AUPR=67.263 OSCR=80.371
Test-Close [72/100] LR=0.0001250 loss=1.669 ACC=98.790 F1=98.591 Rec=98.660 Prec=98.548
Train Client0 [73/100] LR=0.0001250 loss=0.104 ACC=99.836 F1=99.850 Rec=99.765 Prec=99.935
Train Client1 [73/100] LR=0.0001250 loss=0.050 ACC=99.569 F1=95.505 Rec=99.128 Prec=93.231
Train Client2 [73/100] LR=0.0001250 loss=0.001 ACC=99.941 F1=99.460 Rec=99.946 Prec=99.000
Train Client3 [73/100] LR=0.0001250 loss=0.035 ACC=99.621 F1=97.306 Rec=99.709 Prec=95.209
Train Client4 [73/100] LR=0.0001250 loss=0.014 ACC=99.896 F1=99.570 Rec=99.668 Prec=99.473
Train Client5 [73/100] LR=0.0001250 loss=0.021 ACC=99.774 F1=93.070 Rec=99.854 Prec=88.333
Train Client6 [73/100] LR=0.0001250 loss=0.006 ACC=99.913 F1=99.899 Rec=99.899 Prec=99.899
Train Client7 [73/100] LR=0.0001250 loss=0.064 ACC=99.771 F1=99.907 Rec=99.906 Prec=99.909

Val    [73/100] LR=0.0001250 loss=1.640 ACC=98.963 F1=98.669 Rec=98.676 Prec=98.692

Test-  OSR [73/100] LR=0.0001250 ACC=66.998 F1=66.500 Rec=82.374 Prec=59.676 UNK=0.000 OS*=98.848 HOS=0.000 AUROC=80.551 AUPR=68.381 OSCR=80.150
Test-Close [73/100] LR=0.0001250 loss=1.659 ACC=99.006 F1=98.847 Rec=98.848 Prec=98.863
>> New learning Rate: 6.25e-05
Train Client0 [74/100] LR=0.0000625 loss=0.146 ACC=99.945 F1=99.966 Rec=99.954 Prec=99.978
Train Client1 [74/100] LR=0.0000625 loss=0.799 ACC=99.138 F1=93.041 Rec=99.592 Prec=89.829
Train Client2 [74/100] LR=0.0000625 loss=0.008 ACC=99.941 F1=99.460 Rec=99.946 Prec=99.000
Train Client3 [74/100] LR=0.0000625 loss=0.021 ACC=99.495 F1=76.732 Rec=79.688 Prec=74.500
Train Client4 [74/100] LR=0.0000625 loss=0.000 ACC=100.000 F1=100.000 Rec=100.000 Prec=100.000
Train Client5 [74/100] LR=0.0000625 loss=0.005 ACC=99.849 F1=93.125 Rec=99.965 Prec=88.333
Train Client6 [74/100] LR=0.0000625 loss=0.252 ACC=99.650 F1=99.685 Rec=99.714 Prec=99.659
Train Client7 [74/100] LR=0.0000625 loss=0.219 ACC=99.607 F1=92.879 Rec=99.838 Prec=89.264

Val    [74/100] LR=0.0000625 loss=1.631 ACC=98.963 F1=98.684 Rec=98.676 Prec=98.713

Test-  OSR [74/100] LR=0.0000625 ACC=66.910 F1=65.953 Rec=82.281 Prec=58.798 UNK=0.000 OS*=98.737 HOS=0.000 AUROC=80.101 AUPR=68.205 OSCR=79.723
Test-Close [74/100] LR=0.0000625 loss=1.658 ACC=98.877 F1=98.691 Rec=98.737 Prec=98.663
Train Client0 [75/100] LR=0.0000625 loss=0.000 ACC=100.000 F1=100.000 Rec=100.000 Prec=100.000
Train Client1 [75/100] LR=0.0000625 loss=0.001 ACC=100.000 F1=100.000 Rec=100.000 Prec=100.000
Train Client2 [75/100] LR=0.0000625 loss=0.155 ACC=99.292 F1=99.388 Rec=99.049 Prec=99.739
Train Client3 [75/100] LR=0.0000625 loss=0.175 ACC=98.864 F1=90.980 Rec=99.121 Prec=86.311
Train Client4 [75/100] LR=0.0000625 loss=0.002 ACC=100.000 F1=100.000 Rec=100.000 Prec=100.000
Train Client5 [75/100] LR=0.0000625 loss=0.010 ACC=99.925 F1=97.134 Rec=99.982 Prec=95.000
Train Client6 [75/100] LR=0.0000625 loss=0.066 ACC=99.781 F1=99.863 Rec=99.806 Prec=99.921
Train Client7 [75/100] LR=0.0000625 loss=0.332 ACC=99.182 F1=90.502 Rec=99.663 Prec=85.838

Val    [75/100] LR=0.0000625 loss=1.639 ACC=98.790 F1=98.598 Rec=98.253 Prec=98.979

Test-  OSR [75/100] LR=0.0000625 ACC=66.852 F1=65.600 Rec=82.173 Prec=57.850 UNK=0.000 OS*=98.608 HOS=0.000 AUROC=80.415 AUPR=68.249 OSCR=79.987
Test-Close [75/100] LR=0.0000625 loss=1.655 ACC=98.790 F1=98.651 Rec=98.608 Prec=98.711
Saving model at epoch 75 . . . . . . . .

Train Client0 [76/100] LR=0.0000625 loss=0.000 ACC=100.000 F1=100.000 Rec=100.000 Prec=100.000
Train Client1 [76/100] LR=0.0000625 loss=0.000 ACC=100.000 F1=100.000 Rec=100.000 Prec=100.000
Train Client2 [76/100] LR=0.0000625 loss=0.088 ACC=99.882 F1=99.401 Rec=99.850 Prec=98.978
Train Client3 [76/100] LR=0.0000625 loss=0.232 ACC=98.737 F1=74.400 Rec=79.225 Prec=71.061
Train Client4 [76/100] LR=0.0000625 loss=0.000 ACC=100.000 F1=100.000 Rec=100.000 Prec=100.000
Train Client5 [76/100] LR=0.0000625 loss=0.000 ACC=100.000 F1=100.000 Rec=100.000 Prec=100.000
Train Client6 [76/100] LR=0.0000625 loss=0.003 ACC=100.000 F1=100.000 Rec=100.000 Prec=100.000
Train Client7 [76/100] LR=0.0000625 loss=0.246 ACC=99.346 F1=93.768 Rec=99.730 Prec=89.334

Val    [76/100] LR=0.0000625 loss=1.636 ACC=98.876 F1=98.684 Rec=98.681 Prec=98.702

Test-  OSR [76/100] LR=0.0000625 ACC=66.823 F1=65.517 Rec=82.200 Prec=58.084 UNK=0.000 OS*=98.641 HOS=0.000 AUROC=80.567 AUPR=68.406 OSCR=79.992
Test-Close [76/100] LR=0.0000625 loss=1.661 ACC=98.747 F1=98.581 Rec=98.641 Prec=98.539
Train Client0 [77/100] LR=0.0000625 loss=0.004 ACC=99.973 F1=99.763 Rec=99.881 Prec=99.648
Train Client1 [77/100] LR=0.0000625 loss=0.027 ACC=99.784 F1=95.949 Rec=99.898 Prec=93.333
Train Client2 [77/100] LR=0.0000625 loss=0.001 ACC=99.941 F1=99.925 Rec=99.946 Prec=99.904
Train Client3 [77/100] LR=0.0000625 loss=0.057 ACC=99.621 F1=97.305 Rec=99.708 Prec=95.209
Train Client4 [77/100] LR=0.0000625 loss=0.000 ACC=100.000 F1=100.000 Rec=100.000 Prec=100.000
Train Client5 [77/100] LR=0.0000625 loss=0.002 ACC=99.925 F1=97.087 Rec=99.890 Prec=95.000
Train Client6 [77/100] LR=0.0000625 loss=0.069 ACC=99.694 F1=99.776 Rec=99.665 Prec=99.889
Train Client7 [77/100] LR=0.0000625 loss=0.160 ACC=99.607 F1=96.993 Rec=99.838 Prec=94.633

Val    [77/100] LR=0.0000625 loss=1.655 ACC=98.790 F1=98.510 Rec=98.483 Prec=98.575

Test-  OSR [77/100] LR=0.0000625 ACC=66.706 F1=66.113 Rec=82.011 Prec=59.153 UNK=0.000 OS*=98.414 HOS=0.000 AUROC=75.540 AUPR=60.359 OSCR=74.919
Test-Close [77/100] LR=0.0000625 loss=1.675 ACC=98.575 F1=98.404 Rec=98.414 Prec=98.427
Train Client0 [78/100] LR=0.0000625 loss=0.000 ACC=100.000 F1=100.000 Rec=100.000 Prec=100.000
Train Client1 [78/100] LR=0.0000625 loss=0.619 ACC=98.276 F1=93.802 Rec=96.429 Prec=92.750
Train Client2 [78/100] LR=0.0000625 loss=0.009 ACC=99.941 F1=99.925 Rec=99.946 Prec=99.904
Train Client3 [78/100] LR=0.0000625 loss=0.066 ACC=99.495 F1=95.607 Rec=99.611 Prec=92.530
Train Client4 [78/100] LR=0.0000625 loss=0.000 ACC=100.000 F1=100.000 Rec=100.000 Prec=100.000
Train Client5 [78/100] LR=0.0000625 loss=0.000 ACC=100.000 F1=100.000 Rec=100.000 Prec=100.000
Train Client6 [78/100] LR=0.0000625 loss=0.000 ACC=100.000 F1=100.000 Rec=100.000 Prec=100.000
Train Client7 [78/100] LR=0.0000625 loss=0.000 ACC=100.000 F1=100.000 Rec=100.000 Prec=100.000

Val    [78/100] LR=0.0000625 loss=1.649 ACC=98.617 F1=98.396 Rec=98.489 Prec=98.340

Test-  OSR [78/100] LR=0.0000625 ACC=66.647 F1=65.708 Rec=82.013 Prec=58.636 UNK=0.000 OS*=98.416 HOS=0.000 AUROC=78.453 AUPR=63.550 OSCR=78.177
Test-Close [78/100] LR=0.0000625 loss=1.675 ACC=98.488 F1=98.233 Rec=98.416 Prec=98.090
Train Client0 [79/100] LR=0.0000625 loss=0.000 ACC=100.000 F1=100.000 Rec=100.000 Prec=100.000
Train Client1 [79/100] LR=0.0000625 loss=0.084 ACC=99.569 F1=94.721 Rec=99.797 Prec=91.111
Train Client2 [79/100] LR=0.0000625 loss=0.002 ACC=99.941 F1=99.925 Rec=99.946 Prec=99.904
Train Client3 [79/100] LR=0.0000625 loss=0.224 ACC=98.611 F1=72.706 Rec=79.147 Prec=69.049
Train Client4 [79/100] LR=0.0000625 loss=0.000 ACC=100.000 F1=100.000 Rec=100.000 Prec=100.000
Train Client5 [79/100] LR=0.0000625 loss=0.000 ACC=100.000 F1=100.000 Rec=100.000 Prec=100.000
Train Client6 [79/100] LR=0.0000625 loss=0.000 ACC=100.000 F1=100.000 Rec=100.000 Prec=100.000
Train Client7 [79/100] LR=0.0000625 loss=0.082 ACC=99.902 F1=99.639 Rec=99.960 Prec=99.329

Val    [79/100] LR=0.0000625 loss=1.663 ACC=98.444 F1=98.009 Rec=98.036 Prec=98.055

Test-  OSR [79/100] LR=0.0000625 ACC=66.676 F1=66.144 Rec=81.986 Prec=59.334 UNK=0.000 OS*=98.384 HOS=0.000 AUROC=69.565 AUPR=53.921 OSCR=68.950
Test-Close [79/100] LR=0.0000625 loss=1.676 ACC=98.531 F1=98.265 Rec=98.384 Prec=98.187
Train Client0 [80/100] LR=0.0000625 loss=0.000 ACC=100.000 F1=100.000 Rec=100.000 Prec=100.000
Train Client1 [80/100] LR=0.0000625 loss=0.004 ACC=99.784 F1=95.949 Rec=99.898 Prec=93.333
Train Client2 [80/100] LR=0.0000625 loss=0.115 ACC=99.646 F1=99.729 Rec=99.592 Prec=99.868
Train Client3 [80/100] LR=0.0000625 loss=0.080 ACC=99.116 F1=75.930 Rec=79.529 Prec=73.140
Train Client4 [80/100] LR=0.0000625 loss=0.000 ACC=100.000 F1=100.000 Rec=100.000 Prec=100.000
Train Client5 [80/100] LR=0.0000625 loss=0.000 ACC=100.000 F1=100.000 Rec=100.000 Prec=100.000
Train Client6 [80/100] LR=0.0000625 loss=0.135 ACC=99.650 F1=99.726 Rec=99.634 Prec=99.818
Train Client7 [80/100] LR=0.0000625 loss=0.001 ACC=100.000 F1=100.000 Rec=100.000 Prec=100.000

Val    [80/100] LR=0.0000625 loss=1.650 ACC=98.444 F1=98.013 Rec=98.231 Prec=97.873

Test-  OSR [80/100] LR=0.0000625 ACC=66.764 F1=66.323 Rec=82.205 Prec=59.699 UNK=0.000 OS*=98.646 HOS=0.000 AUROC=73.460 AUPR=56.356 OSCR=72.959
Test-Close [80/100] LR=0.0000625 loss=1.674 ACC=98.661 F1=98.379 Rec=98.646 Prec=98.168
Saving model at epoch 80 . . . . . . . .

Train Client0 [81/100] LR=0.0000625 loss=0.000 ACC=100.000 F1=100.000 Rec=100.000 Prec=100.000
Train Client1 [81/100] LR=0.0000625 loss=0.037 ACC=99.784 F1=95.949 Rec=99.897 Prec=93.333
Train Client2 [81/100] LR=0.0000625 loss=0.061 ACC=99.823 F1=99.865 Rec=99.796 Prec=99.934
Train Client3 [81/100] LR=0.0000625 loss=0.039 ACC=99.621 F1=97.305 Rec=99.708 Prec=95.209
Train Client4 [81/100] LR=0.0000625 loss=0.000 ACC=100.000 F1=100.000 Rec=100.000 Prec=100.000
Train Client5 [81/100] LR=0.0000625 loss=0.008 ACC=99.849 F1=93.078 Rec=99.871 Prec=88.333
Train Client6 [81/100] LR=0.0000625 loss=0.000 ACC=100.000 F1=100.000 Rec=100.000 Prec=100.000
Train Client7 [81/100] LR=0.0000625 loss=0.215 ACC=99.280 F1=99.386 Rec=99.703 Prec=99.084

Val    [81/100] LR=0.0000625 loss=1.649 ACC=98.617 F1=98.194 Rec=98.355 Prec=98.100

Test-  OSR [81/100] LR=0.0000625 ACC=66.647 F1=66.071 Rec=82.013 Prec=59.248 UNK=0.000 OS*=98.416 HOS=0.000 AUROC=76.018 AUPR=60.445 OSCR=75.722
Test-Close [81/100] LR=0.0000625 loss=1.674 ACC=98.488 F1=98.203 Rec=98.416 Prec=98.040
Train Client0 [82/100] LR=0.0000625 loss=0.000 ACC=100.000 F1=100.000 Rec=100.000 Prec=100.000
Train Client1 [82/100] LR=0.0000625 loss=0.062 ACC=99.784 F1=95.949 Rec=99.898 Prec=93.333
Train Client2 [82/100] LR=0.0000625 loss=0.000 ACC=100.000 F1=100.000 Rec=100.000 Prec=100.000
Train Client3 [82/100] LR=0.0000625 loss=0.041 ACC=99.242 F1=75.265 Rec=79.535 Prec=72.358
Train Client4 [82/100] LR=0.0000625 loss=0.012 ACC=99.931 F1=99.500 Rec=99.931 Prec=99.083
Train Client5 [82/100] LR=0.0000625 loss=0.000 ACC=100.000 F1=100.000 Rec=100.000 Prec=100.000
Train Client6 [82/100] LR=0.0000625 loss=0.000 ACC=100.000 F1=100.000 Rec=100.000 Prec=100.000
Train Client7 [82/100] LR=0.0000625 loss=0.000 ACC=100.000 F1=100.000 Rec=100.000 Prec=100.000

Val    [82/100] LR=0.0000625 loss=1.667 ACC=97.839 F1=97.299 Rec=97.652 Prec=97.099

Test-  OSR [82/100] LR=0.0000625 ACC=66.472 F1=66.053 Rec=81.826 Prec=59.357 UNK=0.000 OS*=98.191 HOS=0.000 AUROC=74.190 AUPR=56.414 OSCR=73.970
Test-Close [82/100] LR=0.0000625 loss=1.686 ACC=98.229 F1=97.923 Rec=98.191 Prec=97.727
Train Client0 [83/100] LR=0.0000625 loss=0.000 ACC=100.000 F1=100.000 Rec=100.000 Prec=100.000
Train Client1 [83/100] LR=0.0000625 loss=0.027 ACC=99.784 F1=95.949 Rec=99.898 Prec=93.333
Train Client2 [83/100] LR=0.0000625 loss=0.000 ACC=100.000 F1=100.000 Rec=100.000 Prec=100.000
Train Client3 [83/100] LR=0.0000625 loss=0.055 ACC=99.242 F1=76.167 Rec=79.535 Prec=73.571
Train Client4 [83/100] LR=0.0000625 loss=0.122 ACC=99.861 F1=99.881 Rec=99.806 Prec=99.957
Train Client5 [83/100] LR=0.0000625 loss=0.000 ACC=100.000 F1=100.000 Rec=100.000 Prec=100.000
Train Client6 [83/100] LR=0.0000625 loss=0.002 ACC=99.956 F1=99.949 Rec=99.969 Prec=99.930
Train Client7 [83/100] LR=0.0000625 loss=0.083 ACC=99.771 F1=99.586 Rec=99.905 Prec=99.277

Val    [83/100] LR=0.0000625 loss=1.646 ACC=98.444 F1=98.014 Rec=98.170 Prec=97.930

Test-  OSR [83/100] LR=0.0000625 ACC=66.764 F1=66.387 Rec=82.208 Prec=59.924 UNK=0.000 OS*=98.650 HOS=0.000 AUROC=72.124 AUPR=56.990 OSCR=71.552
Test-Close [83/100] LR=0.0000625 loss=1.672 ACC=98.661 F1=98.358 Rec=98.650 Prec=98.126
Train Client0 [84/100] LR=0.0000625 loss=0.000 ACC=100.000 F1=100.000 Rec=100.000 Prec=100.000
Train Client1 [84/100] LR=0.0000625 loss=0.062 ACC=99.569 F1=95.505 Rec=99.128 Prec=93.231
Train Client2 [84/100] LR=0.0000625 loss=0.000 ACC=100.000 F1=100.000 Rec=100.000 Prec=100.000
Train Client3 [84/100] LR=0.0000625 loss=0.040 ACC=99.621 F1=78.091 Rec=79.767 Prec=76.643
Train Client4 [84/100] LR=0.0000625 loss=0.000 ACC=100.000 F1=100.000 Rec=100.000 Prec=100.000
Train Client5 [84/100] LR=0.0000625 loss=0.000 ACC=100.000 F1=100.000 Rec=100.000 Prec=100.000
Train Client6 [84/100] LR=0.0000625 loss=0.098 ACC=99.738 F1=99.840 Rec=99.775 Prec=99.905
Train Client7 [84/100] LR=0.0000625 loss=0.176 ACC=99.607 F1=94.175 Rec=99.838 Prec=89.992

Val    [84/100] LR=0.0000625 loss=1.653 ACC=98.358 F1=97.901 Rec=98.037 Prec=97.847

Test-  OSR [84/100] LR=0.0000625 ACC=66.647 F1=66.212 Rec=82.071 Prec=59.591 UNK=0.000 OS*=98.486 HOS=0.000 AUROC=73.580 AUPR=58.257 OSCR=73.447
Test-Close [84/100] LR=0.0000625 loss=1.674 ACC=98.488 F1=98.207 Rec=98.486 Prec=97.996
Train Client0 [85/100] LR=0.0000625 loss=0.000 ACC=100.000 F1=100.000 Rec=100.000 Prec=100.000
Train Client1 [85/100] LR=0.0000625 loss=0.031 ACC=99.784 F1=95.949 Rec=99.897 Prec=93.333
Train Client2 [85/100] LR=0.0000625 loss=0.127 ACC=99.587 F1=99.597 Rec=99.353 Prec=99.847
Train Client3 [85/100] LR=0.0000625 loss=0.030 ACC=99.621 F1=78.091 Rec=79.767 Prec=76.643
Train Client4 [85/100] LR=0.0000625 loss=0.000 ACC=100.000 F1=100.000 Rec=100.000 Prec=100.000
Train Client5 [85/100] LR=0.0000625 loss=0.018 ACC=99.774 F1=92.751 Rec=99.947 Prec=88.000
Train Client6 [85/100] LR=0.0000625 loss=0.092 ACC=99.781 F1=99.843 Rec=99.766 Prec=99.921
Train Client7 [85/100] LR=0.0000625 loss=0.124 ACC=99.542 F1=95.279 Rec=99.158 Prec=92.221

Val    [85/100] LR=0.0000625 loss=1.641 ACC=98.444 F1=98.069 Rec=98.361 Prec=97.850

Test-  OSR [85/100] LR=0.0000625 ACC=66.530 F1=65.420 Rec=81.906 Prec=58.418 UNK=0.000 OS*=98.288 HOS=0.000 AUROC=79.346 AUPR=63.491 OSCR=78.990
Test-Close [85/100] LR=0.0000625 loss=1.668 ACC=98.315 F1=98.014 Rec=98.288 Prec=97.803
Saving model at epoch 85 . . . . . . . .

Train Client0 [86/100] LR=0.0000625 loss=0.000 ACC=100.000 F1=100.000 Rec=100.000 Prec=100.000
Train Client1 [86/100] LR=0.0000625 loss=0.047 ACC=99.784 F1=95.949 Rec=99.897 Prec=93.333
Train Client2 [86/100] LR=0.0000625 loss=0.077 ACC=99.823 F1=99.865 Rec=99.796 Prec=99.934
Train Client3 [86/100] LR=0.0000625 loss=0.070 ACC=99.242 F1=75.264 Rec=79.533 Prec=72.358
Train Client4 [86/100] LR=0.0000625 loss=0.000 ACC=100.000 F1=100.000 Rec=100.000 Prec=100.000
Train Client5 [86/100] LR=0.0000625 loss=0.008 ACC=99.849 F1=94.175 Rec=94.889 Prec=94.889
Train Client6 [86/100] LR=0.0000625 loss=0.057 ACC=99.738 F1=99.799 Rec=99.695 Prec=99.905
Train Client7 [86/100] LR=0.0000625 loss=0.001 ACC=100.000 F1=100.000 Rec=100.000 Prec=100.000

Val    [86/100] LR=0.0000625 loss=1.638 ACC=98.704 F1=98.414 Rec=98.358 Prec=98.511

Test-  OSR [86/100] LR=0.0000625 ACC=66.823 F1=65.761 Rec=82.147 Prec=58.599 UNK=0.000 OS*=98.576 HOS=0.000 AUROC=80.811 AUPR=69.054 OSCR=80.314
Test-Close [86/100] LR=0.0000625 loss=1.663 ACC=98.747 F1=98.509 Rec=98.576 Prec=98.469
Train Client0 [87/100] LR=0.0000625 loss=0.000 ACC=100.000 F1=100.000 Rec=100.000 Prec=100.000
Train Client1 [87/100] LR=0.0000625 loss=0.002 ACC=99.784 F1=95.949 Rec=99.898 Prec=93.333
Train Client2 [87/100] LR=0.0000625 loss=0.071 ACC=99.764 F1=99.282 Rec=99.658 Prec=98.934
Train Client3 [87/100] LR=0.0000625 loss=0.044 ACC=99.621 F1=78.344 Rec=79.766 Prec=77.143
Train Client4 [87/100] LR=0.0000625 loss=0.023 ACC=99.931 F1=99.500 Rec=99.931 Prec=99.083
Train Client5 [87/100] LR=0.0000625 loss=0.003 ACC=99.925 F1=95.991 Rec=99.982 Prec=93.333
Train Client6 [87/100] LR=0.0000625 loss=0.084 ACC=99.869 F1=99.028 Rec=99.828 Prec=98.302
Train Client7 [87/100] LR=0.0000625 loss=0.167 ACC=99.575 F1=95.519 Rec=99.825 Prec=92.558

Val    [87/100] LR=0.0000625 loss=1.632 ACC=98.790 F1=98.522 Rec=98.552 Prec=98.523

Test-  OSR [87/100] LR=0.0000625 ACC=66.881 F1=65.918 Rec=82.227 Prec=58.837 UNK=0.000 OS*=98.672 HOS=0.000 AUROC=83.603 AUPR=72.407 OSCR=83.148
Test-Close [87/100] LR=0.0000625 loss=1.660 ACC=98.834 F1=98.619 Rec=98.672 Prec=98.587
Train Client0 [88/100] LR=0.0000625 loss=0.000 ACC=100.000 F1=100.000 Rec=100.000 Prec=100.000
Train Client1 [88/100] LR=0.0000625 loss=0.459 ACC=98.707 F1=94.001 Rec=98.718 Prec=90.774
Train Client2 [88/100] LR=0.0000625 loss=0.078 ACC=99.764 F1=99.805 Rec=99.700 Prec=99.912
Train Client3 [88/100] LR=0.0000625 loss=0.686 ACC=99.116 F1=77.637 Rec=78.585 Prec=76.941
Train Client4 [88/100] LR=0.0000625 loss=0.000 ACC=100.000 F1=100.000 Rec=100.000 Prec=100.000
Train Client5 [88/100] LR=0.0000625 loss=0.007 ACC=99.849 F1=93.221 Rec=99.777 Prec=90.000
Train Client6 [88/100] LR=0.0000625 loss=0.092 ACC=99.869 F1=99.890 Rec=99.828 Prec=99.952
Train Client7 [88/100] LR=0.0000625 loss=0.097 ACC=99.935 F1=97.758 Rec=99.973 Prec=95.987

Val    [88/100] LR=0.0000625 loss=1.657 ACC=98.531 F1=98.192 Rec=98.230 Prec=98.206

Test-  OSR [88/100] LR=0.0000625 ACC=66.735 F1=65.989 Rec=82.067 Prec=58.882 UNK=0.000 OS*=98.480 HOS=0.000 AUROC=76.479 AUPR=64.136 OSCR=75.874
Test-Close [88/100] LR=0.0000625 loss=1.675 ACC=98.618 F1=98.440 Rec=98.480 Prec=98.428
Train Client0 [89/100] LR=0.0000625 loss=0.000 ACC=100.000 F1=100.000 Rec=100.000 Prec=100.000
Train Client1 [89/100] LR=0.0000625 loss=1.320 ACC=96.767 F1=94.281 Rec=97.802 Prec=92.195
Train Client2 [89/100] LR=0.0000625 loss=0.157 ACC=99.587 F1=99.631 Rec=99.422 Prec=99.847
Train Client3 [89/100] LR=0.0000625 loss=0.050 ACC=98.990 F1=75.851 Rec=79.377 Prec=73.140
Train Client4 [89/100] LR=0.0000625 loss=0.000 ACC=100.000 F1=100.000 Rec=100.000 Prec=100.000
Train Client5 [89/100] LR=0.0000625 loss=0.001 ACC=99.925 F1=97.087 Rec=99.890 Prec=95.000
Train Client6 [89/100] LR=0.0000625 loss=0.000 ACC=100.000 F1=100.000 Rec=100.000 Prec=100.000
Train Client7 [89/100] LR=0.0000625 loss=0.049 ACC=100.000 F1=100.000 Rec=100.000 Prec=100.000

Val    [89/100] LR=0.0000625 loss=1.691 ACC=97.839 F1=97.593 Rec=97.518 Prec=97.734

Test-  OSR [89/100] LR=0.0000625 ACC=66.238 F1=65.785 Rec=81.613 Prec=58.853 UNK=0.000 OS*=97.935 HOS=0.000 AUROC=75.761 AUPR=59.112 OSCR=75.209
Test-Close [89/100] LR=0.0000625 loss=1.710 ACC=97.883 F1=97.695 Rec=97.935 Prec=97.540
Train Client0 [90/100] LR=0.0000625 loss=0.000 ACC=100.000 F1=100.000 Rec=100.000 Prec=100.000
Train Client1 [90/100] LR=0.0000625 loss=0.029 ACC=99.569 F1=95.519 Rec=99.794 Prec=92.593
Train Client2 [90/100] LR=0.0000625 loss=0.061 ACC=99.705 F1=99.763 Rec=99.638 Prec=99.890
Train Client3 [90/100] LR=0.0000625 loss=0.024 ACC=99.621 F1=95.957 Rec=99.708 Prec=93.109
Train Client4 [90/100] LR=0.0000625 loss=0.000 ACC=100.000 F1=100.000 Rec=100.000 Prec=100.000
Train Client5 [90/100] LR=0.0000625 loss=0.000 ACC=100.000 F1=100.000 Rec=100.000 Prec=100.000
Train Client6 [90/100] LR=0.0000625 loss=0.081 ACC=99.869 F1=99.890 Rec=99.828 Prec=99.952
Train Client7 [90/100] LR=0.0000625 loss=0.008 ACC=100.000 F1=100.000 Rec=100.000 Prec=100.000

Val    [90/100] LR=0.0000625 loss=1.664 ACC=98.185 F1=97.847 Rec=98.039 Prec=97.733

Test-  OSR [90/100] LR=0.0000625 ACC=66.384 F1=65.824 Rec=81.831 Prec=59.164 UNK=0.000 OS*=98.197 HOS=0.000 AUROC=74.736 AUPR=58.328 OSCR=74.515
Test-Close [90/100] LR=0.0000625 loss=1.690 ACC=98.099 F1=97.816 Rec=98.197 Prec=97.534
Saving model at epoch 90 . . . . . . . .

Train Client0 [91/100] LR=0.0000625 loss=0.000 ACC=100.000 F1=100.000 Rec=100.000 Prec=100.000
Train Client1 [91/100] LR=0.0000625 loss=0.011 ACC=99.784 F1=95.949 Rec=99.898 Prec=93.333
Train Client2 [91/100] LR=0.0000625 loss=0.002 ACC=99.941 F1=99.925 Rec=99.946 Prec=99.904
Train Client3 [91/100] LR=0.0000625 loss=0.679 ACC=99.495 F1=78.044 Rec=79.254 Prec=77.062
Train Client4 [91/100] LR=0.0000625 loss=0.000 ACC=100.000 F1=100.000 Rec=100.000 Prec=100.000
Train Client5 [91/100] LR=0.0000625 loss=0.011 ACC=99.925 F1=97.134 Rec=99.982 Prec=95.000
Train Client6 [91/100] LR=0.0000625 loss=0.001 ACC=99.956 F1=99.949 Rec=99.969 Prec=99.930
Train Client7 [91/100] LR=0.0000625 loss=0.159 ACC=99.673 F1=95.880 Rec=99.865 Prec=93.229

Val    [91/100] LR=0.0000625 loss=1.633 ACC=98.790 F1=98.524 Rec=98.487 Prec=98.593

Test-  OSR [91/100] LR=0.0000625 ACC=66.910 F1=66.181 Rec=82.313 Prec=59.319 UNK=0.000 OS*=98.776 HOS=0.000 AUROC=78.981 AUPR=68.134 OSCR=78.266
Test-Close [91/100] LR=0.0000625 loss=1.663 ACC=98.877 F1=98.630 Rec=98.776 Prec=98.519
Train Client0 [92/100] LR=0.0000625 loss=0.000 ACC=100.000 F1=100.000 Rec=100.000 Prec=100.000
Train Client1 [92/100] LR=0.0000625 loss=0.022 ACC=99.569 F1=95.520 Rec=99.795 Prec=92.593
Train Client2 [92/100] LR=0.0000625 loss=0.089 ACC=99.587 F1=99.669 Rec=99.496 Prec=99.847
Train Client3 [92/100] LR=0.0000625 loss=0.032 ACC=99.495 F1=77.792 Rec=79.690 Prec=76.143
Train Client4 [92/100] LR=0.0000625 loss=0.000 ACC=100.000 F1=100.000 Rec=100.000 Prec=100.000
Train Client5 [92/100] LR=0.0000625 loss=0.004 ACC=99.925 F1=97.769 Rec=99.982 Prec=96.000
Train Client6 [92/100] LR=0.0000625 loss=0.000 ACC=100.000 F1=100.000 Rec=100.000 Prec=100.000
Train Client7 [92/100] LR=0.0000625 loss=0.175 ACC=99.542 F1=93.848 Rec=99.811 Prec=89.411

Val    [92/100] LR=0.0000625 loss=1.649 ACC=98.531 F1=98.119 Rec=98.100 Prec=98.204

Test-  OSR [92/100] LR=0.0000625 ACC=66.823 F1=66.499 Rec=82.232 Prec=59.845 UNK=0.000 OS*=98.678 HOS=0.000 AUROC=74.464 AUPR=61.932 OSCR=73.907
Test-Close [92/100] LR=0.0000625 loss=1.667 ACC=98.747 F1=98.536 Rec=98.678 Prec=98.431
Train Client0 [93/100] LR=0.0000625 loss=0.000 ACC=100.000 F1=100.000 Rec=100.000 Prec=100.000
Train Client1 [93/100] LR=0.0000625 loss=0.039 ACC=99.784 F1=95.949 Rec=99.897 Prec=93.333
Train Client2 [93/100] LR=0.0000625 loss=0.000 ACC=100.000 F1=100.000 Rec=100.000 Prec=100.000
Train Client3 [93/100] LR=0.0000625 loss=0.060 ACC=99.242 F1=77.484 Rec=79.531 Prec=75.714
Train Client4 [93/100] LR=0.0000625 loss=0.000 ACC=100.000 F1=100.000 Rec=100.000 Prec=100.000
Train Client5 [93/100] LR=0.0000625 loss=0.008 ACC=100.000 F1=100.000 Rec=100.000 Prec=100.000
Train Client6 [93/100] LR=0.0000625 loss=0.166 ACC=99.607 F1=98.806 Rec=99.484 Prec=98.207
Train Client7 [93/100] LR=0.0000625 loss=0.318 ACC=99.051 F1=89.332 Rec=94.622 Prec=85.948

Val    [93/100] LR=0.0000625 loss=1.639 ACC=98.790 F1=98.524 Rec=98.487 Prec=98.593

Test-  OSR [93/100] LR=0.0000625 ACC=66.852 F1=66.244 Rec=82.258 Prec=59.444 UNK=0.000 OS*=98.710 HOS=0.000 AUROC=77.012 AUPR=64.999 OSCR=76.528
Test-Close [93/100] LR=0.0000625 loss=1.663 ACC=98.790 F1=98.543 Rec=98.710 Prec=98.416
Train Client0 [94/100] LR=0.0000625 loss=0.001 ACC=99.973 F1=99.763 Rec=99.881 Prec=99.648
Train Client1 [94/100] LR=0.0000625 loss=0.003 ACC=99.784 F1=95.949 Rec=99.897 Prec=93.333
Train Client2 [94/100] LR=0.0000625 loss=0.000 ACC=100.000 F1=100.000 Rec=100.000 Prec=100.000
Train Client3 [94/100] LR=0.0000625 loss=0.008 ACC=99.747 F1=97.663 Rec=99.805 Prec=95.804
Train Client4 [94/100] LR=0.0000625 loss=0.000 ACC=100.000 F1=100.000 Rec=100.000 Prec=100.000
Train Client5 [94/100] LR=0.0000625 loss=0.012 ACC=99.774 F1=93.307 Rec=99.947 Prec=90.000
Train Client6 [94/100] LR=0.0000625 loss=0.000 ACC=100.000 F1=100.000 Rec=100.000 Prec=100.000
Train Client7 [94/100] LR=0.0000625 loss=0.077 ACC=99.771 F1=94.429 Rec=99.906 Prec=90.427

Val    [94/100] LR=0.0000625 loss=1.641 ACC=98.617 F1=98.194 Rec=98.229 Prec=98.220

Test-  OSR [94/100] LR=0.0000625 ACC=66.969 F1=66.696 Rec=82.394 Prec=60.048 UNK=0.000 OS*=98.872 HOS=0.000 AUROC=76.585 AUPR=65.003 OSCR=76.477
Test-Close [94/100] LR=0.0000625 loss=1.668 ACC=98.963 F1=98.757 Rec=98.872 Prec=98.672
Train Client0 [95/100] LR=0.0000625 loss=0.081 ACC=99.836 F1=99.898 Rec=99.861 Prec=99.935
Train Client1 [95/100] LR=0.0000625 loss=0.029 ACC=99.784 F1=95.948 Rec=99.897 Prec=93.333
Train Client2 [95/100] LR=0.0000625 loss=0.006 ACC=99.941 F1=99.460 Rec=99.946 Prec=99.000
Train Client3 [95/100] LR=0.0000625 loss=0.054 ACC=99.369 F1=76.687 Rec=79.611 Prec=74.487
Train Client4 [95/100] LR=0.0000625 loss=0.000 ACC=100.000 F1=100.000 Rec=100.000 Prec=100.000
Train Client5 [95/100] LR=0.0000625 loss=0.001 ACC=99.925 F1=97.134 Rec=99.982 Prec=95.000
Train Client6 [95/100] LR=0.0000625 loss=0.000 ACC=100.000 F1=100.000 Rec=100.000 Prec=100.000
Train Client7 [95/100] LR=0.0000625 loss=0.091 ACC=99.804 F1=95.933 Rec=99.919 Prec=93.281

Val    [95/100] LR=0.0000625 loss=1.645 ACC=98.531 F1=98.119 Rec=98.100 Prec=98.204

Test-  OSR [95/100] LR=0.0000625 ACC=66.969 F1=66.509 Rec=82.280 Prec=59.608 UNK=0.000 OS*=98.736 HOS=0.000 AUROC=76.891 AUPR=65.258 OSCR=76.285
Test-Close [95/100] LR=0.0000625 loss=1.666 ACC=98.963 F1=98.762 Rec=98.736 Prec=98.804
Saving model at epoch 95 . . . . . . . .

Train Client0 [96/100] LR=0.0000625 loss=0.000 ACC=100.000 F1=100.000 Rec=100.000 Prec=100.000
Train Client1 [96/100] LR=0.0000625 loss=0.822 ACC=99.569 F1=95.854 Rec=99.796 Prec=93.247
Train Client2 [96/100] LR=0.0000625 loss=0.000 ACC=100.000 F1=100.000 Rec=100.000 Prec=100.000
Train Client3 [96/100] LR=0.0000625 loss=0.092 ACC=98.864 F1=73.901 Rec=79.297 Prec=70.571
Train Client4 [96/100] LR=0.0000625 loss=0.000 ACC=100.000 F1=100.000 Rec=100.000 Prec=100.000
Train Client5 [96/100] LR=0.0000625 loss=0.000 ACC=100.000 F1=100.000 Rec=100.000 Prec=100.000
Train Client6 [96/100] LR=0.0000625 loss=0.061 ACC=99.694 F1=99.796 Rec=99.705 Prec=99.889
Train Client7 [96/100] LR=0.0000625 loss=0.183 ACC=99.640 F1=94.499 Rec=99.852 Prec=90.597

Val    [96/100] LR=0.0000625 loss=1.644 ACC=98.876 F1=98.559 Rec=98.547 Prec=98.607

Test-  OSR [96/100] LR=0.0000625 ACC=66.939 F1=66.543 Rec=82.324 Prec=59.859 UNK=0.000 OS*=98.788 HOS=0.000 AUROC=77.911 AUPR=65.631 OSCR=77.107
Test-Close [96/100] LR=0.0000625 loss=1.666 ACC=98.920 F1=98.665 Rec=98.788 Prec=98.570
Train Client0 [97/100] LR=0.0000625 loss=0.003 ACC=99.973 F1=79.991 Rec=79.981 Prec=80.000
Train Client1 [97/100] LR=0.0000625 loss=0.014 ACC=99.784 F1=95.949 Rec=99.898 Prec=93.333
Train Client2 [97/100] LR=0.0000625 loss=0.000 ACC=100.000 F1=100.000 Rec=100.000 Prec=100.000
Train Client3 [97/100] LR=0.0000625 loss=0.038 ACC=99.116 F1=76.366 Rec=79.453 Prec=74.024
Train Client4 [97/100] LR=0.0000625 loss=0.007 ACC=99.965 F1=99.867 Rec=99.770 Prec=99.966
Train Client5 [97/100] LR=0.0000625 loss=0.000 ACC=100.000 F1=100.000 Rec=100.000 Prec=100.000
Train Client6 [97/100] LR=0.0000625 loss=0.000 ACC=100.000 F1=100.000 Rec=100.000 Prec=100.000
Train Client7 [97/100] LR=0.0000625 loss=0.039 ACC=100.000 F1=100.000 Rec=100.000 Prec=100.000

Val    [97/100] LR=0.0000625 loss=1.631 ACC=98.704 F1=98.462 Rec=98.496 Prec=98.457

Test-  OSR [97/100] LR=0.0000625 ACC=66.998 F1=66.404 Rec=82.420 Prec=59.699 UNK=0.000 OS*=98.904 HOS=0.000 AUROC=81.751 AUPR=71.205 OSCR=81.638
Test-Close [97/100] LR=0.0000625 loss=1.658 ACC=99.006 F1=98.747 Rec=98.904 Prec=98.621
Train Client0 [98/100] LR=0.0000625 loss=0.000 ACC=100.000 F1=100.000 Rec=100.000 Prec=100.000
Train Client1 [98/100] LR=0.0000625 loss=0.043 ACC=99.784 F1=95.949 Rec=99.898 Prec=93.333
Train Client2 [98/100] LR=0.0000625 loss=0.069 ACC=99.646 F1=99.206 Rec=99.550 Prec=98.890
Train Client3 [98/100] LR=0.0000625 loss=0.019 ACC=99.621 F1=95.965 Rec=99.708 Prec=93.125
Train Client4 [98/100] LR=0.0000625 loss=0.000 ACC=100.000 F1=100.000 Rec=100.000 Prec=100.000
Train Client5 [98/100] LR=0.0000625 loss=0.018 ACC=99.774 F1=90.927 Rec=99.854 Prec=85.333
Train Client6 [98/100] LR=0.0000625 loss=0.000 ACC=100.000 F1=100.000 Rec=100.000 Prec=100.000
Train Client7 [98/100] LR=0.0000625 loss=0.137 ACC=99.705 F1=99.227 Rec=99.225 Prec=99.229

Val    [98/100] LR=0.0000625 loss=1.642 ACC=98.617 F1=98.352 Rec=98.298 Prec=98.445

Test-  OSR [98/100] LR=0.0000625 ACC=66.910 F1=65.903 Rec=82.229 Prec=58.714 UNK=0.000 OS*=98.674 HOS=0.000 AUROC=80.190 AUPR=69.568 OSCR=79.619
Test-Close [98/100] LR=0.0000625 loss=1.660 ACC=98.877 F1=98.670 Rec=98.674 Prec=98.685
Train Client0 [99/100] LR=0.0000625 loss=0.000 ACC=100.000 F1=100.000 Rec=100.000 Prec=100.000
Train Client1 [99/100] LR=0.0000625 loss=0.020 ACC=99.784 F1=95.949 Rec=99.898 Prec=93.333
Train Client2 [99/100] LR=0.0000625 loss=0.067 ACC=99.705 F1=99.265 Rec=99.646 Prec=98.912
Train Client3 [99/100] LR=0.0000625 loss=0.181 ACC=99.116 F1=77.646 Rec=79.455 Prec=76.154
Train Client4 [99/100] LR=0.0000625 loss=0.108 ACC=99.757 F1=99.813 Rec=99.702 Prec=99.925
Train Client5 [99/100] LR=0.0000625 loss=0.000 ACC=100.000 F1=100.000 Rec=100.000 Prec=100.000
Train Client6 [99/100] LR=0.0000625 loss=0.061 ACC=99.913 F1=99.933 Rec=99.899 Prec=99.968
Train Client7 [99/100] LR=0.0000625 loss=0.092 ACC=99.771 F1=97.370 Rec=99.906 Prec=95.290

Val    [99/100] LR=0.0000625 loss=1.647 ACC=98.617 F1=98.340 Rec=98.298 Prec=98.422

Test-  OSR [99/100] LR=0.0000625 ACC=66.881 F1=65.926 Rec=82.203 Prec=58.716 UNK=0.000 OS*=98.644 HOS=0.000 AUROC=78.473 AUPR=66.544 OSCR=77.899
Test-Close [99/100] LR=0.0000625 loss=1.665 ACC=98.834 F1=98.659 Rec=98.644 Prec=98.690
------>Best performance (by OSCR)--->>>>>>>

Test-  OSR [26/100] ACC=66.530 F1=66.785 Rec=81.584 Prec=60.913 UNK=0.000 OS*=97.901 HOS=0.000 AUROC=94.884 AUPR=87.414 OSCR=94.171
=====================================================================================================================================
The ending time ：2026-06-03 12:21:02
