Logging to: ./logs/ISIC_Pretrain_K5_U3_seed0_20260528_125633.log
==> Preparing data..
Known class list: [6 2 1 7 3] Unknown class list [0 5 4]
Total selected images: 25331
Train: 17731, Val: 2533, Test: 5067
Train class distribution: [(0, 3132), (1, 8985), (2, 2364), (3, 607), (4, 1858), (5, 156), (6, 177), (7, 452)]
{6: 0, 2: 1, 1: 2, 7: 3, 3: 4} {0: 5, 5: 6, 4: 7}
Known origin: [6 2 1 7 3] , new: [0 1 2 3 4]
Unknown origin: [0 5 4] , new: [5 6 7]
Known/Unknown in Train: 12585/5146
Known/Unknown in Val:   1792/741
Known/Unknown in Test:  3569/1498
Client0 sample num: 656
Client1 sample num: 2734
Client2 sample num: 5544
Client3 sample num: 351
Client4 sample num: 1294
Client5 sample num: 1259
Client6 sample num: 200
Client7 sample num: 547

>>> Setting up
==> Building [Resnet18] model..
154
120
Train Client0 [0/100] LR=0.0005000 loss=2.409 ACC=52.439 F1=36.289 Rec=35.815 Prec=38.033
Train Client1 [0/100] LR=0.0005000 loss=1.321 ACC=78.226 F1=32.929 Rec=33.122 Prec=34.616
Train Client2 [0/100] LR=0.0005000 loss=0.397 ACC=95.924 F1=20.430 Rec=20.369 Prec=22.546
Train Client3 [0/100] LR=0.0005000 loss=1.853 ACC=67.151 F1=25.424 Rec=26.082 Prec=25.092
Train Client4 [0/100] LR=0.0005000 loss=0.668 ACC=90.217 F1=27.491 Rec=26.564 Prec=28.939
Train Client5 [0/100] LR=0.0005000 loss=1.155 ACC=79.299 F1=26.334 Rec=25.888 Prec=27.133
Train Client6 [0/100] LR=0.0005000 loss=2.470 ACC=58.500 F1=31.545 Rec=31.330 Prec=31.787
Train Client7 [0/100] LR=0.0005000 loss=2.520 ACC=50.735 F1=31.786 Rec=32.203 Prec=32.121

Val    [0/100] LR=0.0005000 loss=2.497 ACC=70.480 F1=16.537 Rec=20.000 Prec=14.096

Test-  OSR [0/100] LR=0.0005000 ACC=51.845 F1=11.381 Rec=16.667 Prec=8.641 UNK=0.000 OS*=20.000 HOS=0.000 AUROC=60.927 AUPR=34.525 OSCR=54.617
Test-Close [0/100] LR=0.0005000 loss=2.428 ACC=73.606 F1=16.959 Rec=20.000 Prec=14.721
Saving best model . . . . . . . .

Saving model at epoch 0 . . . . . . . .

Train Client0 [1/100] LR=0.0005000 loss=2.361 ACC=46.037 F1=24.390 Rec=23.314 Prec=28.616
Train Client1 [1/100] LR=0.0005000 loss=1.218 ACC=80.022 F1=32.717 Rec=33.259 Prec=35.977
Train Client2 [1/100] LR=0.0005000 loss=0.406 ACC=96.411 F1=19.634 Rec=19.993 Prec=19.289
Train Client3 [1/100] LR=0.0005000 loss=1.479 ACC=76.163 F1=21.379 Rec=22.348 Prec=21.050
Train Client4 [1/100] LR=0.0005000 loss=0.644 ACC=91.925 F1=21.189 Rec=21.075 Prec=25.754
Train Client5 [1/100] LR=0.0005000 loss=0.996 ACC=83.041 F1=26.152 Rec=25.446 Prec=29.237
Train Client6 [1/100] LR=0.0005000 loss=2.030 ACC=61.500 F1=33.580 Rec=36.695 Prec=30.955
Train Client7 [1/100] LR=0.0005000 loss=2.294 ACC=55.147 F1=29.313 Rec=32.193 Prec=32.745

Val    [1/100] LR=0.0005000 loss=2.549 ACC=70.480 F1=16.537 Rec=20.000 Prec=14.096

Test-  OSR [1/100] LR=0.0005000 ACC=51.845 F1=11.381 Rec=16.667 Prec=8.641 UNK=0.000 OS*=20.000 HOS=0.000 AUROC=57.905 AUPR=33.878 OSCR=50.574
Test-Close [1/100] LR=0.0005000 loss=2.478 ACC=73.606 F1=16.959 Rec=20.000 Prec=14.721
Train Client0 [2/100] LR=0.0005000 loss=2.390 ACC=43.598 F1=16.065 Rec=18.048 Prec=19.121
Train Client1 [2/100] LR=0.0005000 loss=1.281 ACC=77.786 F1=31.349 Rec=32.222 Prec=30.574
Train Client2 [2/100] LR=0.0005000 loss=0.364 ACC=96.374 F1=19.631 Rec=19.985 Prec=19.289
Train Client3 [2/100] LR=0.0005000 loss=1.379 ACC=78.779 F1=22.661 Rec=22.901 Prec=27.898
Train Client4 [2/100] LR=0.0005000 loss=0.586 ACC=92.081 F1=19.754 Rec=20.282 Prec=28.429
Train Client5 [2/100] LR=0.0005000 loss=0.965 ACC=81.927 F1=23.770 Rec=23.370 Prec=26.710
Train Client6 [2/100] LR=0.0005000 loss=2.276 ACC=53.500 F1=27.134 Rec=30.489 Prec=26.422
Train Client7 [2/100] LR=0.0005000 loss=2.378 ACC=50.368 F1=24.940 Rec=28.585 Prec=25.829

Val    [2/100] LR=0.0005000 loss=2.477 ACC=70.480 F1=16.537 Rec=20.000 Prec=14.096

Test-  OSR [2/100] LR=0.0005000 ACC=51.845 F1=11.381 Rec=16.667 Prec=8.641 UNK=0.000 OS*=20.000 HOS=0.000 AUROC=54.795 AUPR=31.292 OSCR=48.401
Test-Close [2/100] LR=0.0005000 loss=2.433 ACC=73.606 F1=16.959 Rec=20.000 Prec=14.721
Train Client0 [3/100] LR=0.0005000 loss=2.501 ACC=40.854 F1=14.467 Rec=16.775 Prec=16.235
Train Client1 [3/100] LR=0.0005000 loss=1.272 ACC=78.959 F1=31.941 Rec=32.756 Prec=31.252
Train Client2 [3/100] LR=0.0005000 loss=0.320 ACC=96.447 F1=19.638 Rec=20.000 Prec=19.289
Train Client3 [3/100] LR=0.0005000 loss=1.280 ACC=77.035 F1=21.860 Rec=23.038 Prec=20.871
Train Client4 [3/100] LR=0.0005000 loss=0.513 ACC=92.624 F1=26.519 Rec=25.125 Prec=30.308
Train Client5 [3/100] LR=0.0005000 loss=0.943 ACC=83.121 F1=26.962 Rec=26.450 Prec=30.114
Train Client6 [3/100] LR=0.0005000 loss=2.197 ACC=56.500 F1=31.352 Rec=33.037 Prec=31.786
Train Client7 [3/100] LR=0.0005000 loss=2.347 ACC=51.471 F1=24.447 Rec=28.846 Prec=25.980

Val    [3/100] LR=0.0005000 loss=2.322 ACC=71.038 F1=17.723 Rec=20.576 Prec=27.548

Test-  OSR [3/100] LR=0.0005000 ACC=52.240 F1=12.463 Rec=17.211 Prec=16.650 UNK=0.000 OS*=20.654 HOS=0.000 AUROC=57.261 AUPR=32.012 OSCR=52.285
Test-Close [3/100] LR=0.0005000 loss=2.256 ACC=74.166 F1=18.292 Rec=20.654 Prec=26.296
Train Client0 [4/100] LR=0.0005000 loss=2.697 ACC=41.463 F1=16.547 Rec=17.460 Prec=17.660
Train Client1 [4/100] LR=0.0005000 loss=1.204 ACC=78.739 F1=31.843 Rec=32.611 Prec=31.221
Train Client2 [4/100] LR=0.0005000 loss=0.327 ACC=96.429 F1=19.636 Rec=19.996 Prec=19.289
Train Client3 [4/100] LR=0.0005000 loss=1.271 ACC=80.233 F1=26.588 Rec=25.560 Prec=36.754
Train Client4 [4/100] LR=0.0005000 loss=0.529 ACC=92.702 F1=27.626 Rec=26.331 Prec=30.331
Train Client5 [4/100] LR=0.0005000 loss=0.948 ACC=83.041 F1=25.965 Rec=25.220 Prec=29.787
Train Client6 [4/100] LR=0.0005000 loss=1.937 ACC=58.500 F1=32.696 Rec=34.646 Prec=33.485
Train Client7 [4/100] LR=0.0005000 loss=2.306 ACC=54.228 F1=28.964 Rec=31.840 Prec=27.649

Val    [4/100] LR=0.0005000 loss=2.294 ACC=74.833 F1=24.156 Rec=24.746 Prec=27.295

Test-  OSR [4/100] LR=0.0005000 ACC=54.746 F1=17.396 Rec=20.941 Prec=16.796 UNK=0.000 OS*=25.130 HOS=0.000 AUROC=61.443 AUPR=35.249 OSCR=56.210
Test-Close [4/100] LR=0.0005000 loss=2.241 ACC=77.725 F1=24.943 Rec=25.130 Prec=28.023
Saving best model . . . . . . . .

Train Client0 [5/100] LR=0.0005000 loss=2.620 ACC=41.616 F1=17.036 Rec=17.694 Prec=17.823
Train Client1 [5/100] LR=0.0005000 loss=1.095 ACC=81.452 F1=33.171 Rec=34.060 Prec=32.386
Train Client2 [5/100] LR=0.0005000 loss=0.316 ACC=96.392 F1=20.099 Rec=20.235 Prec=22.629
Train Client3 [5/100] LR=0.0005000 loss=1.173 ACC=81.105 F1=26.467 Rec=27.554 Prec=25.556
Train Client4 [5/100] LR=0.0005000 loss=0.466 ACC=93.090 F1=29.386 Rec=28.501 Prec=30.738
Train Client5 [5/100] LR=0.0005000 loss=0.888 ACC=83.439 F1=27.834 Rec=27.141 Prec=30.373
Train Client6 [5/100] LR=0.0005000 loss=1.731 ACC=62.500 F1=33.073 Rec=36.414 Prec=30.938
Train Client7 [5/100] LR=0.0005000 loss=2.104 ACC=54.412 F1=27.779 Rec=31.021 Prec=26.662

Val    [5/100] LR=0.0005000 loss=2.293 ACC=74.275 F1=23.239 Rec=24.003 Prec=27.512

Test-  OSR [5/100] LR=0.0005000 ACC=54.292 F1=16.870 Rec=20.252 Prec=17.758 UNK=0.000 OS*=24.303 HOS=0.000 AUROC=59.784 AUPR=33.680 OSCR=54.622
Test-Close [5/100] LR=0.0005000 loss=2.241 ACC=77.080 F1=24.028 Rec=24.303 Prec=28.573
Saving model at epoch 5 . . . . . . . .

Train Client0 [6/100] LR=0.0005000 loss=2.527 ACC=41.616 F1=17.417 Rec=17.655 Prec=19.619
Train Client1 [6/100] LR=0.0005000 loss=1.129 ACC=80.792 F1=32.893 Rec=33.809 Prec=32.073
Train Client2 [6/100] LR=0.0005000 loss=0.298 ACC=96.411 F1=19.638 Rec=19.993 Prec=19.296
Train Client3 [6/100] LR=0.0005000 loss=1.111 ACC=81.395 F1=27.337 Rec=28.648 Prec=26.151
Train Client4 [6/100] LR=0.0005000 loss=0.428 ACC=93.556 F1=30.242 Rec=28.932 Prec=32.414
Train Client5 [6/100] LR=0.0005000 loss=0.889 ACC=84.793 F1=30.287 Rec=29.232 Prec=35.038
Train Client6 [6/100] LR=0.0005000 loss=1.812 ACC=61.000 F1=35.084 Rec=36.707 Prec=36.347
Train Client7 [6/100] LR=0.0005000 loss=2.117 ACC=56.618 F1=28.795 Rec=32.394 Prec=27.218

Val    [6/100] LR=0.0005000 loss=2.317 ACC=71.150 F1=17.952 Rec=20.692 Prec=26.879

Test-  OSR [6/100] LR=0.0005000 ACC=52.181 F1=12.357 Rec=17.151 Prec=15.382 UNK=0.000 OS*=20.581 HOS=0.000 AUROC=60.046 AUPR=33.881 OSCR=54.954
Test-Close [6/100] LR=0.0005000 loss=2.261 ACC=74.082 F1=18.157 Rec=20.581 Prec=26.840
Train Client0 [7/100] LR=0.0005000 loss=2.549 ACC=41.006 F1=19.848 Rec=18.970 Prec=31.864
Train Client1 [7/100] LR=0.0005000 loss=1.093 ACC=81.232 F1=33.100 Rec=33.984 Prec=32.323
Train Client2 [7/100] LR=0.0005000 loss=0.293 ACC=96.374 F1=20.063 Rec=20.217 Prec=21.528
Train Client3 [7/100] LR=0.0005000 loss=1.184 ACC=79.651 F1=28.880 Rec=28.736 Prec=30.887
Train Client4 [7/100] LR=0.0005000 loss=0.436 ACC=94.022 F1=31.391 Rec=29.588 Prec=34.638
Train Client5 [7/100] LR=0.0005000 loss=0.815 ACC=83.280 F1=27.265 Rec=27.353 Prec=28.595
Train Client6 [7/100] LR=0.0005000 loss=1.974 ACC=61.000 F1=34.580 Rec=36.301 Prec=36.109
Train Client7 [7/100] LR=0.0005000 loss=2.168 ACC=56.250 F1=28.737 Rec=32.345 Prec=27.630

Val    [7/100] LR=0.0005000 loss=2.343 ACC=72.321 F1=20.151 Rec=21.902 Prec=29.126

Test-  OSR [7/100] LR=0.0005000 ACC=53.108 F1=14.548 Rec=18.451 Prec=17.722 UNK=0.000 OS*=22.142 HOS=0.000 AUROC=58.047 AUPR=32.145 OSCR=53.695
Test-Close [7/100] LR=0.0005000 loss=2.271 ACC=75.399 F1=20.932 Rec=22.142 Prec=28.334
Train Client0 [8/100] LR=0.0005000 loss=2.563 ACC=40.549 F1=16.717 Rec=17.131 Prec=18.722
Train Client1 [8/100] LR=0.0005000 loss=1.044 ACC=82.441 F1=33.738 Rec=34.721 Prec=32.840
Train Client2 [8/100] LR=0.0005000 loss=0.279 ACC=96.465 F1=22.276 Rec=21.452 Prec=31.341
Train Client3 [8/100] LR=0.0005000 loss=1.083 ACC=79.360 F1=26.881 Rec=27.318 Prec=29.970
Train Client4 [8/100] LR=0.0005000 loss=0.457 ACC=93.944 F1=30.487 Rec=29.136 Prec=32.748
Train Client5 [8/100] LR=0.0005000 loss=0.810 ACC=85.032 F1=32.511 Rec=31.268 Prec=34.652
Train Client6 [8/100] LR=0.0005000 loss=1.661 ACC=64.500 F1=37.931 Rec=39.196 Prec=38.754
Train Client7 [8/100] LR=0.0005000 loss=2.132 ACC=56.985 F1=28.939 Rec=32.613 Prec=34.159

Val    [8/100] LR=0.0005000 loss=2.333 ACC=73.158 F1=21.529 Rec=22.767 Prec=28.383

Test-  OSR [8/100] LR=0.0005000 ACC=53.582 F1=15.525 Rec=19.126 Prec=18.168 UNK=0.000 OS*=22.951 HOS=0.000 AUROC=59.126 AUPR=32.347 OSCR=54.853
Test-Close [8/100] LR=0.0005000 loss=2.264 ACC=76.072 F1=22.179 Rec=22.951 Prec=28.484
Train Client0 [9/100] LR=0.0005000 loss=2.801 ACC=42.073 F1=20.476 Rec=19.069 Prec=40.604
Train Client1 [9/100] LR=0.0005000 loss=1.039 ACC=82.588 F1=33.795 Rec=34.675 Prec=33.023
Train Client2 [9/100] LR=0.0005000 loss=0.282 ACC=96.429 F1=21.441 Rec=20.952 Prec=36.650
Train Client3 [9/100] LR=0.0005000 loss=1.156 ACC=79.070 F1=25.775 Rec=25.886 Prec=28.110
Train Client4 [9/100] LR=0.0005000 loss=0.527 ACC=92.391 F1=26.342 Rec=25.075 Prec=29.586
Train Client5 [9/100] LR=0.0005000 loss=0.796 ACC=84.076 F1=29.404 Rec=28.808 Prec=31.480
Train Client6 [9/100] LR=0.0005000 loss=1.752 ACC=63.500 F1=39.180 Rec=39.976 Prec=41.838
Train Client7 [9/100] LR=0.0005000 loss=1.976 ACC=56.250 F1=27.699 Rec=31.779 Prec=25.309

Val    [9/100] LR=0.0005000 loss=2.298 ACC=76.004 F1=25.591 Rec=25.957 Prec=28.112

Test-  OSR [9/100] LR=0.0005000 ACC=55.536 F1=18.601 Rec=21.989 Prec=18.092 UNK=0.000 OS*=26.387 HOS=0.000 AUROC=55.864 AUPR=31.345 OSCR=51.918
Test-Close [9/100] LR=0.0005000 loss=2.231 ACC=78.846 F1=26.393 Rec=26.387 Prec=28.976
Train Client0 [10/100] LR=0.0005000 loss=2.768 ACC=43.293 F1=19.634 Rec=18.999 Prec=20.934
Train Client1 [10/100] LR=0.0005000 loss=0.996 ACC=83.724 F1=34.319 Rec=35.291 Prec=33.435
Train Client2 [10/100] LR=0.0005000 loss=0.272 ACC=96.411 F1=21.400 Rec=20.948 Prec=28.330
Train Client3 [10/100] LR=0.0005000 loss=1.030 ACC=82.558 F1=34.342 Rec=33.148 Prec=49.859
Train Client4 [10/100] LR=0.0005000 loss=0.389 ACC=93.711 F1=32.895 Rec=31.568 Prec=35.022
Train Client5 [10/100] LR=0.0005000 loss=0.840 ACC=84.634 F1=32.332 Rec=30.651 Prec=52.596
Train Client6 [10/100] LR=0.0005000 loss=1.642 ACC=65.500 F1=39.100 Rec=40.274 Prec=40.230
Train Client7 [10/100] LR=0.0005000 loss=2.092 ACC=58.272 F1=29.683 Rec=33.362 Prec=28.612

Val    [10/100] LR=0.0005000 loss=2.273 ACC=77.232 F1=26.982 Rec=27.392 Prec=28.124

Test-  OSR [10/100] LR=0.0005000 ACC=56.779 F1=20.596 Rec=24.161 Prec=34.513 UNK=0.000 OS*=28.993 HOS=0.000 AUROC=59.720 AUPR=34.138 OSCR=55.539
Test-Close [10/100] LR=0.0005000 loss=2.214 ACC=80.611 F1=29.314 Rec=28.993 Prec=49.463
Saving model at epoch 10 . . . . . . . .

Train Client0 [11/100] LR=0.0005000 loss=2.560 ACC=41.006 F1=22.714 Rec=20.296 Prec=34.823
Train Client1 [11/100] LR=0.0005000 loss=0.984 ACC=84.238 F1=34.548 Rec=35.393 Prec=33.826
Train Client2 [11/100] LR=0.0005000 loss=0.273 ACC=96.519 F1=24.320 Rec=22.838 Prec=33.542
Train Client3 [11/100] LR=0.0005000 loss=1.018 ACC=79.360 F1=36.730 Rec=35.038 Prec=41.543
Train Client4 [11/100] LR=0.0005000 loss=0.383 ACC=94.876 F1=37.772 Rec=35.104 Prec=46.805
Train Client5 [11/100] LR=0.0005000 loss=0.738 ACC=85.987 F1=37.833 Rec=35.150 Prec=47.632
Train Client6 [11/100] LR=0.0005000 loss=1.740 ACC=62.000 F1=37.735 Rec=39.016 Prec=39.211
Train Client7 [11/100] LR=0.0005000 loss=2.000 ACC=56.250 F1=29.627 Rec=32.746 Prec=29.836

Val    [11/100] LR=0.0005000 loss=2.236 ACC=80.413 F1=37.965 Rec=35.802 Prec=49.446

Test-  OSR [11/100] LR=0.0005000 ACC=58.220 F1=26.256 Rec=29.069 Prec=34.608 UNK=0.000 OS*=34.883 HOS=0.000 AUROC=59.715 AUPR=35.338 OSCR=55.820
Test-Close [11/100] LR=0.0005000 loss=2.180 ACC=82.656 F1=36.588 Rec=34.883 Prec=49.828
Train Client0 [12/100] LR=0.0005000 loss=2.582 ACC=42.835 F1=27.521 Rec=24.531 Prec=32.771
Train Client1 [12/100] LR=0.0005000 loss=0.991 ACC=84.128 F1=38.020 Rec=37.419 Prec=48.654
Train Client2 [12/100] LR=0.0005000 loss=0.257 ACC=96.356 F1=22.816 Rec=21.878 Prec=28.352
Train Client3 [12/100] LR=0.0005000 loss=1.001 ACC=82.267 F1=37.303 Rec=35.640 Prec=40.257
Train Client4 [12/100] LR=0.0005000 loss=0.369 ACC=94.410 F1=34.688 Rec=32.743 Prec=44.812
Train Client5 [12/100] LR=0.0005000 loss=0.735 ACC=85.350 F1=37.593 Rec=34.597 Prec=44.958
Train Client6 [12/100] LR=0.0005000 loss=1.552 ACC=63.000 F1=37.441 Rec=38.479 Prec=36.849
Train Client7 [12/100] LR=0.0005000 loss=1.987 ACC=57.721 F1=28.747 Rec=32.722 Prec=26.418

Val    [12/100] LR=0.0005000 loss=2.264 ACC=77.846 F1=35.417 Rec=32.690 Prec=48.727

Test-  OSR [12/100] LR=0.0005000 ACC=56.917 F1=25.609 Rec=27.247 Prec=33.254 UNK=0.000 OS*=32.697 HOS=0.000 AUROC=57.832 AUPR=33.470 OSCR=53.765
Test-Close [12/100] LR=0.0005000 loss=2.213 ACC=80.807 F1=35.196 Rec=32.697 Prec=47.578
Train Client0 [13/100] LR=0.0005000 loss=2.728 ACC=41.616 F1=30.380 Rec=27.048 Prec=40.562
Train Client1 [13/100] LR=0.0005000 loss=0.976 ACC=84.457 F1=36.994 Rec=36.897 Prec=43.812
Train Client2 [13/100] LR=0.0005000 loss=0.269 ACC=96.609 F1=25.898 Rec=24.191 Prec=33.775
Train Client3 [13/100] LR=0.0005000 loss=0.964 ACC=82.558 F1=39.122 Rec=37.146 Prec=43.656
Train Client4 [13/100] LR=0.0005000 loss=0.409 ACC=94.099 F1=31.447 Rec=29.605 Prec=34.730
Train Client5 [13/100] LR=0.0005000 loss=0.744 ACC=85.589 F1=37.879 Rec=35.245 Prec=43.896
Train Client6 [13/100] LR=0.0005000 loss=1.876 ACC=58.500 F1=27.515 Rec=28.831 Prec=30.208
Train Client7 [13/100] LR=0.0005000 loss=1.983 ACC=57.169 F1=49.618 Rec=52.942 Prec=47.941

Val    [13/100] LR=0.0005000 loss=2.282 ACC=76.507 F1=27.389 Rec=27.043 Prec=48.803

Test-  OSR [13/100] LR=0.0005000 ACC=56.069 F1=21.830 Rec=24.151 Prec=34.486 UNK=0.000 OS*=28.982 HOS=0.000 AUROC=59.910 AUPR=34.075 OSCR=55.767
Test-Close [13/100] LR=0.0005000 loss=2.213 ACC=79.602 F1=30.549 Rec=28.982 Prec=49.343
Train Client0 [14/100] LR=0.0005000 loss=2.744 ACC=44.512 F1=28.922 Rec=26.840 Prec=32.052
Train Client1 [14/100] LR=0.0005000 loss=0.958 ACC=83.724 F1=37.459 Rec=37.124 Prec=41.085
Train Client2 [14/100] LR=0.0005000 loss=0.261 ACC=96.411 F1=24.882 Rec=23.642 Prec=28.608
Train Client3 [14/100] LR=0.0005000 loss=1.031 ACC=83.140 F1=43.728 Rec=41.757 Prec=47.982
Train Client4 [14/100] LR=0.0005000 loss=0.416 ACC=94.255 F1=35.202 Rec=33.007 Prec=41.837
Train Client5 [14/100] LR=0.0005000 loss=0.725 ACC=86.385 F1=38.831 Rec=35.455 Prec=50.308
Train Client6 [14/100] LR=0.0005000 loss=1.823 ACC=59.000 F1=35.726 Rec=37.095 Prec=39.215
Train Client7 [14/100] LR=0.0005000 loss=1.963 ACC=60.294 F1=34.186 Rec=36.660 Prec=38.320

Val    [14/100] LR=0.0005000 loss=2.232 ACC=78.627 F1=36.699 Rec=33.759 Prec=68.988

Test-  OSR [14/100] LR=0.0005000 ACC=56.996 F1=24.536 Rec=26.779 Prec=34.223 UNK=0.000 OS*=32.134 HOS=0.000 AUROC=61.476 AUPR=35.740 OSCR=57.322
Test-Close [14/100] LR=0.0005000 loss=2.177 ACC=80.919 F1=34.155 Rec=32.134 Prec=49.121
Saving best model . . . . . . . .

Train Client0 [15/100] LR=0.0005000 loss=2.959 ACC=42.530 F1=28.144 Rec=25.528 Prec=33.704
Train Client1 [15/100] LR=0.0005000 loss=0.957 ACC=84.384 F1=37.950 Rec=37.672 Prec=42.279
Train Client2 [15/100] LR=0.0005000 loss=0.257 ACC=96.392 F1=23.794 Rec=22.399 Prec=34.036
Train Client3 [15/100] LR=0.0005000 loss=0.905 ACC=84.012 F1=44.452 Rec=45.028 Prec=44.844
Train Client4 [15/100] LR=0.0005000 loss=0.389 ACC=94.488 F1=33.686 Rec=33.554 Prec=33.852
Train Client5 [15/100] LR=0.0005000 loss=0.690 ACC=86.704 F1=44.038 Rec=40.815 Prec=49.150
Train Client6 [15/100] LR=0.0005000 loss=1.663 ACC=64.500 F1=40.732 Rec=41.216 Prec=44.211
Train Client7 [15/100] LR=0.0005000 loss=1.890 ACC=61.581 F1=32.918 Rec=36.143 Prec=32.124

Val    [15/100] LR=0.0005000 loss=2.285 ACC=77.455 F1=35.677 Rec=32.687 Prec=49.022

Test-  OSR [15/100] LR=0.0005000 ACC=56.404 F1=24.588 Rec=26.042 Prec=34.895 UNK=0.000 OS*=31.250 HOS=0.000 AUROC=58.537 AUPR=32.960 OSCR=54.706
Test-Close [15/100] LR=0.0005000 loss=2.217 ACC=80.078 F1=33.800 Rec=31.250 Prec=49.412
Saving model at epoch 15 . . . . . . . .

Train Client0 [16/100] LR=0.0005000 loss=2.974 ACC=44.207 F1=32.785 Rec=28.990 Prec=39.297
Train Client1 [16/100] LR=0.0005000 loss=0.978 ACC=84.384 F1=35.833 Rec=36.252 Prec=37.895
Train Client2 [16/100] LR=0.0005000 loss=0.258 ACC=96.663 F1=27.439 Rec=25.113 Prec=36.414
Train Client3 [16/100] LR=0.0005000 loss=1.024 ACC=82.267 F1=38.952 Rec=38.301 Prec=41.970
Train Client4 [16/100] LR=0.0005000 loss=0.411 ACC=93.866 F1=33.561 Rec=32.070 Prec=36.848
Train Client5 [16/100] LR=0.0005000 loss=0.718 ACC=85.908 F1=42.781 Rec=40.042 Prec=48.199
Train Client6 [16/100] LR=0.0005000 loss=1.616 ACC=65.500 F1=39.560 Rec=40.517 Prec=41.265
Train Client7 [16/100] LR=0.0005000 loss=1.971 ACC=61.765 F1=34.888 Rec=37.375 Prec=35.880

Val    [16/100] LR=0.0005000 loss=2.225 ACC=80.469 F1=41.839 Rec=39.054 Prec=49.476

Test-  OSR [16/100] LR=0.0005000 ACC=58.062 F1=28.344 Rec=30.526 Prec=33.314 UNK=0.000 OS*=36.631 HOS=0.000 AUROC=59.581 AUPR=35.093 OSCR=55.669
Test-Close [16/100] LR=0.0005000 loss=2.175 ACC=82.432 F1=39.232 Rec=36.631 Prec=49.799
Train Client0 [17/100] LR=0.0005000 loss=2.776 ACC=46.951 F1=29.527 Rec=26.664 Prec=39.393
Train Client1 [17/100] LR=0.0005000 loss=0.963 ACC=84.714 F1=37.023 Rec=36.977 Prec=40.737
Train Client2 [17/100] LR=0.0005000 loss=0.252 ACC=96.555 F1=24.852 Rec=23.716 Prec=27.734
Train Client3 [17/100] LR=0.0005000 loss=0.891 ACC=81.105 F1=40.922 Rec=41.339 Prec=42.955
Train Client4 [17/100] LR=0.0005000 loss=0.392 ACC=94.643 F1=35.234 Rec=33.902 Prec=44.390
Train Client5 [17/100] LR=0.0005000 loss=0.682 ACC=86.306 F1=44.274 Rec=40.882 Prec=51.187
Train Client6 [17/100] LR=0.0005000 loss=1.534 ACC=65.000 F1=41.626 Rec=43.119 Prec=45.365
Train Client7 [17/100] LR=0.0005000 loss=1.957 ACC=59.926 F1=31.195 Rec=34.666 Prec=29.441

Val    [17/100] LR=0.0005000 loss=2.187 ACC=81.473 F1=41.522 Rec=38.999 Prec=49.985

Test-  OSR [17/100] LR=0.0005000 ACC=58.615 F1=30.134 Rec=32.552 Prec=34.470 UNK=0.000 OS*=39.062 HOS=0.000 AUROC=60.267 AUPR=36.877 OSCR=56.281
Test-Close [17/100] LR=0.0005000 loss=2.140 ACC=83.217 F1=41.451 Rec=39.062 Prec=49.911
Train Client0 [18/100] LR=0.0005000 loss=2.786 ACC=46.189 F1=30.324 Rec=28.398 Prec=33.165
Train Client1 [18/100] LR=0.0005000 loss=0.951 ACC=84.641 F1=38.644 Rec=38.191 Prec=41.348
Train Client2 [18/100] LR=0.0005000 loss=0.259 ACC=96.429 F1=28.994 Rec=26.258 Prec=38.991
Train Client3 [18/100] LR=0.0005000 loss=0.917 ACC=83.721 F1=45.496 Rec=46.400 Prec=45.593
Train Client4 [18/100] LR=0.0005000 loss=0.379 ACC=95.109 F1=39.640 Rec=37.041 Prec=46.389
Train Client5 [18/100] LR=0.0005000 loss=0.647 ACC=87.341 F1=47.434 Rec=45.359 Prec=50.436
Train Client6 [18/100] LR=0.0005000 loss=1.540 ACC=67.000 F1=42.108 Rec=42.952 Prec=43.280
Train Client7 [18/100] LR=0.0005000 loss=2.016 ACC=60.478 F1=32.825 Rec=35.889 Prec=31.526

Val    [18/100] LR=0.0005000 loss=2.257 ACC=78.013 F1=40.104 Rec=36.888 Prec=67.583

Test-  OSR [18/100] LR=0.0005000 ACC=57.036 F1=27.717 Rec=29.064 Prec=32.156 UNK=0.000 OS*=34.877 HOS=0.000 AUROC=60.015 AUPR=33.829 OSCR=56.287
Test-Close [18/100] LR=0.0005000 loss=2.199 ACC=80.975 F1=37.992 Rec=34.877 Prec=48.402
Train Client0 [19/100] LR=0.0005000 loss=2.995 ACC=45.579 F1=30.428 Rec=27.172 Prec=37.014
Train Client1 [19/100] LR=0.0005000 loss=0.949 ACC=85.264 F1=40.650 Rec=39.877 Prec=43.595
Train Client2 [19/100] LR=0.0005000 loss=0.243 ACC=96.645 F1=27.745 Rec=25.312 Prec=35.706
Train Client3 [19/100] LR=0.0005000 loss=0.984 ACC=82.558 F1=41.449 Rec=41.245 Prec=45.622
Train Client4 [19/100] LR=0.0005000 loss=0.343 ACC=94.876 F1=35.606 Rec=34.230 Prec=44.808
Train Client5 [19/100] LR=0.0005000 loss=0.689 ACC=86.226 F1=44.751 Rec=40.828 Prec=51.656
Train Client6 [19/100] LR=0.0005000 loss=1.608 ACC=59.500 F1=29.221 Rec=30.390 Prec=29.971
Train Client7 [19/100] LR=0.0005000 loss=1.923 ACC=58.640 F1=30.388 Rec=33.816 Prec=28.398

Val    [19/100] LR=0.0005000 loss=2.243 ACC=79.129 F1=41.738 Rec=38.997 Prec=48.081

Test-  OSR [19/100] LR=0.0005000 ACC=57.628 F1=30.704 Rec=32.426 Prec=32.495 UNK=0.000 OS*=38.911 HOS=0.000 AUROC=59.973 AUPR=34.042 OSCR=56.321
Test-Close [19/100] LR=0.0005000 loss=2.181 ACC=81.816 F1=41.985 Rec=38.911 Prec=49.106
Train Client0 [20/100] LR=0.0005000 loss=2.671 ACC=51.067 F1=36.078 Rec=33.144 Prec=40.578
Train Client1 [20/100] LR=0.0005000 loss=0.908 ACC=85.301 F1=42.034 Rec=41.166 Prec=44.437
Train Client2 [20/100] LR=0.0005000 loss=0.252 ACC=96.573 F1=29.565 Rec=26.417 Prec=43.587
Train Client3 [20/100] LR=0.0005000 loss=0.909 ACC=82.558 F1=41.162 Rec=40.254 Prec=43.865
Train Client4 [20/100] LR=0.0005000 loss=0.376 ACC=94.255 F1=34.761 Rec=33.541 Prec=53.606
Train Client5 [20/100] LR=0.0005000 loss=0.684 ACC=86.704 F1=45.020 Rec=42.209 Prec=50.771
Train Client6 [20/100] LR=0.0005000 loss=1.807 ACC=63.500 F1=29.091 Rec=30.365 Prec=29.909
Train Client7 [20/100] LR=0.0005000 loss=1.877 ACC=61.029 F1=35.344 Rec=37.210 Prec=52.087

Val    [20/100] LR=0.0005000 loss=2.236 ACC=78.237 F1=41.789 Rec=37.473 Prec=57.391

Test-  OSR [20/100] LR=0.0005000 ACC=56.463 F1=26.626 Rec=27.816 Prec=32.234 UNK=0.000 OS*=33.380 HOS=0.000 AUROC=60.369 AUPR=34.705 OSCR=56.273
Test-Close [20/100] LR=0.0005000 loss=2.178 ACC=80.163 F1=36.820 Rec=33.380 Prec=51.015
Saving model at epoch 20 . . . . . . . .

Train Client0 [21/100] LR=0.0005000 loss=2.677 ACC=48.628 F1=33.332 Rec=31.147 Prec=36.410
Train Client1 [21/100] LR=0.0005000 loss=0.889 ACC=85.997 F1=45.312 Rec=43.467 Prec=50.303
Train Client2 [21/100] LR=0.0005000 loss=0.238 ACC=96.537 F1=31.812 Rec=28.168 Prec=42.977
Train Client3 [21/100] LR=0.0005000 loss=0.914 ACC=81.395 F1=37.019 Rec=35.416 Prec=41.086
Train Client4 [21/100] LR=0.0005000 loss=0.339 ACC=94.410 F1=35.335 Rec=33.595 Prec=38.567
Train Client5 [21/100] LR=0.0005000 loss=0.635 ACC=88.137 F1=49.355 Rec=45.986 Prec=54.185
Train Client6 [21/100] LR=0.0005000 loss=1.538 ACC=65.500 F1=44.758 Rec=44.174 Prec=48.727
Train Client7 [21/100] LR=0.0005000 loss=1.762 ACC=64.154 F1=37.895 Rec=39.254 Prec=44.728

Val    [21/100] LR=0.0005000 loss=2.280 ACC=77.567 F1=41.081 Rec=36.580 Prec=55.666

Test-  OSR [21/100] LR=0.0005000 ACC=56.345 F1=30.246 Rec=30.498 Prec=36.363 UNK=0.000 OS*=36.597 HOS=0.000 AUROC=60.320 AUPR=34.081 OSCR=56.602
Test-Close [21/100] LR=0.0005000 loss=2.205 ACC=79.994 F1=40.839 Rec=36.597 Prec=52.912
Train Client0 [22/100] LR=0.0005000 loss=2.757 ACC=47.409 F1=34.955 Rec=32.542 Prec=37.886
Train Client1 [22/100] LR=0.0005000 loss=0.924 ACC=84.567 F1=40.694 Rec=40.176 Prec=42.299
Train Client2 [22/100] LR=0.0005000 loss=0.231 ACC=96.645 F1=32.871 Rec=29.387 Prec=43.169
Train Client3 [22/100] LR=0.0005000 loss=0.868 ACC=81.686 F1=37.512 Rec=37.296 Prec=38.407
Train Client4 [22/100] LR=0.0005000 loss=0.325 ACC=94.177 F1=34.404 Rec=32.574 Prec=54.151
Train Client5 [22/100] LR=0.0005000 loss=0.657 ACC=87.022 F1=46.186 Rec=43.376 Prec=50.941
Train Client6 [22/100] LR=0.0005000 loss=1.522 ACC=66.500 F1=36.219 Rec=35.960 Prec=37.769
Train Client7 [22/100] LR=0.0005000 loss=1.811 ACC=61.765 F1=35.340 Rec=37.695 Prec=38.142

Val    [22/100] LR=0.0005000 loss=2.278 ACC=77.902 F1=44.655 Rec=40.847 Prec=56.341

Test-  OSR [22/100] LR=0.0005000 ACC=56.582 F1=30.759 Rec=34.813 Prec=29.867 UNK=0.000 OS*=41.776 HOS=0.000 AUROC=60.153 AUPR=33.409 OSCR=56.577
Test-Close [22/100] LR=0.0005000 loss=2.209 ACC=80.331 F1=42.275 Rec=41.776 Prec=45.711
Train Client0 [23/100] LR=0.0005000 loss=2.797 ACC=49.695 F1=35.182 Rec=33.654 Prec=41.156
Train Client1 [23/100] LR=0.0005000 loss=0.900 ACC=84.457 F1=41.066 Rec=40.193 Prec=43.970
Train Client2 [23/100] LR=0.0005000 loss=0.240 ACC=96.591 F1=30.818 Rec=27.464 Prec=44.252
Train Client3 [23/100] LR=0.0005000 loss=0.856 ACC=83.140 F1=43.252 Rec=43.647 Prec=43.035
Train Client4 [23/100] LR=0.0005000 loss=0.381 ACC=94.876 F1=36.896 Rec=35.360 Prec=40.674
Train Client5 [23/100] LR=0.0005000 loss=0.669 ACC=87.182 F1=46.884 Rec=43.328 Prec=52.444
Train Client6 [23/100] LR=0.0005000 loss=1.339 ACC=69.000 F1=35.297 Rec=35.844 Prec=35.807
Train Client7 [23/100] LR=0.0005000 loss=1.977 ACC=61.397 F1=33.410 Rec=36.341 Prec=33.107

Val    [23/100] LR=0.0005000 loss=2.237 ACC=79.911 F1=41.424 Rec=37.669 Prec=59.466

Test-  OSR [23/100] LR=0.0005000 ACC=58.240 F1=30.706 Rec=32.762 Prec=34.437 UNK=0.000 OS*=39.315 HOS=0.000 AUROC=60.607 AUPR=35.049 OSCR=57.069
Test-Close [23/100] LR=0.0005000 loss=2.170 ACC=82.684 F1=42.208 Rec=39.315 Prec=55.037
>> New learning Rate: 0.00025
Train Client0 [24/100] LR=0.0002500 loss=3.462 ACC=44.665 F1=34.531 Rec=31.158 Prec=41.937
Train Client1 [24/100] LR=0.0002500 loss=0.886 ACC=86.217 F1=43.837 Rec=42.453 Prec=48.396
Train Client2 [24/100] LR=0.0002500 loss=0.211 ACC=96.916 F1=38.914 Rec=33.480 Prec=53.957
Train Client3 [24/100] LR=0.0002500 loss=0.785 ACC=82.558 F1=44.310 Rec=45.330 Prec=49.384
Train Client4 [24/100] LR=0.0002500 loss=0.351 ACC=94.953 F1=42.478 Rec=40.764 Prec=44.803
Train Client5 [24/100] LR=0.0002500 loss=0.593 ACC=87.659 F1=47.720 Rec=43.995 Prec=54.875
Train Client6 [24/100] LR=0.0002500 loss=1.608 ACC=59.500 F1=36.482 Rec=40.936 Prec=44.385
Train Client7 [24/100] LR=0.0002500 loss=1.846 ACC=60.478 F1=36.793 Rec=38.984 Prec=41.941

Val    [24/100] LR=0.0002500 loss=2.236 ACC=80.301 F1=47.246 Rec=43.312 Prec=56.100

Test-  OSR [24/100] LR=0.0002500 ACC=58.240 F1=33.577 Rec=36.301 Prec=32.818 UNK=0.000 OS*=43.561 HOS=0.000 AUROC=61.179 AUPR=35.820 OSCR=57.608
Test-Close [24/100] LR=0.0002500 loss=2.166 ACC=82.684 F1=46.265 Rec=43.561 Prec=51.215
Saving best model . . . . . . . .

Train Client0 [25/100] LR=0.0002500 loss=3.556 ACC=45.579 F1=32.015 Rec=29.234 Prec=38.257
Train Client1 [25/100] LR=0.0002500 loss=0.844 ACC=86.547 F1=47.622 Rec=46.672 Prec=58.427
Train Client2 [25/100] LR=0.0002500 loss=0.206 ACC=96.843 F1=37.623 Rec=32.943 Prec=48.282
Train Client3 [25/100] LR=0.0002500 loss=0.834 ACC=83.721 F1=46.653 Rec=51.254 Prec=51.309
Train Client4 [25/100] LR=0.0002500 loss=0.317 ACC=95.109 F1=42.760 Rec=40.020 Prec=61.260
Train Client5 [25/100] LR=0.0002500 loss=0.575 ACC=88.615 F1=51.255 Rec=48.001 Prec=56.006
Train Client6 [25/100] LR=0.0002500 loss=1.514 ACC=61.000 F1=30.600 Rec=33.146 Prec=36.416
Train Client7 [25/100] LR=0.0002500 loss=1.979 ACC=59.191 F1=35.375 Rec=37.981 Prec=42.149

Val    [25/100] LR=0.0002500 loss=2.218 ACC=80.357 F1=49.871 Rec=46.674 Prec=56.211

Test-  OSR [25/100] LR=0.0002500 ACC=57.312 F1=33.054 Rec=37.447 Prec=30.936 UNK=0.000 OS*=44.937 HOS=0.000 AUROC=60.912 AUPR=34.928 OSCR=57.312
Test-Close [25/100] LR=0.0002500 loss=2.155 ACC=81.367 F1=45.856 Rec=44.937 Prec=48.136
Saving model at epoch 25 . . . . . . . .

Train Client0 [26/100] LR=0.0002500 loss=3.277 ACC=46.037 F1=35.097 Rec=31.417 Prec=40.928
Train Client1 [26/100] LR=0.0002500 loss=0.843 ACC=86.474 F1=44.003 Rec=42.482 Prec=48.714
Train Client2 [26/100] LR=0.0002500 loss=0.199 ACC=96.825 F1=39.059 Rec=34.176 Prec=50.402
Train Client3 [26/100] LR=0.0002500 loss=0.757 ACC=83.430 F1=46.572 Rec=48.705 Prec=48.038
Train Client4 [26/100] LR=0.0002500 loss=0.282 ACC=95.497 F1=41.875 Rec=39.088 Prec=50.037
Train Client5 [26/100] LR=0.0002500 loss=0.558 ACC=88.933 F1=51.749 Rec=48.182 Prec=57.385
Train Client6 [26/100] LR=0.0002500 loss=1.828 ACC=61.500 F1=42.578 Rec=43.416 Prec=47.855
Train Client7 [26/100] LR=0.0002500 loss=1.785 ACC=61.213 F1=37.400 Rec=38.994 Prec=41.977

Val    [26/100] LR=0.0002500 loss=2.216 ACC=80.357 F1=49.057 Rec=45.622 Prec=56.052

Test-  OSR [26/100] LR=0.0002500 ACC=57.588 F1=33.601 Rec=37.349 Prec=35.285 UNK=0.000 OS*=44.819 HOS=0.000 AUROC=61.605 AUPR=35.429 OSCR=58.022
Test-Close [26/100] LR=0.0002500 loss=2.151 ACC=81.760 F1=46.804 Rec=44.819 Prec=55.317
Saving best model . . . . . . . .

Train Client0 [27/100] LR=0.0002500 loss=3.359 ACC=46.951 F1=33.778 Rec=31.014 Prec=38.201
Train Client1 [27/100] LR=0.0002500 loss=0.804 ACC=86.657 F1=45.537 Rec=44.524 Prec=47.678
Train Client2 [27/100] LR=0.0002500 loss=0.196 ACC=96.898 F1=41.071 Rec=35.798 Prec=53.270
Train Client3 [27/100] LR=0.0002500 loss=0.669 ACC=86.047 F1=55.770 Rec=55.113 Prec=73.543
Train Client4 [27/100] LR=0.0002500 loss=0.321 ACC=95.652 F1=45.847 Rec=42.889 Prec=60.814
Train Client5 [27/100] LR=0.0002500 loss=0.540 ACC=89.252 F1=52.750 Rec=49.090 Prec=58.161
Train Client6 [27/100] LR=0.0002500 loss=1.388 ACC=62.500 F1=34.717 Rec=35.855 Prec=36.927
Train Client7 [27/100] LR=0.0002500 loss=1.941 ACC=61.029 F1=37.763 Rec=38.926 Prec=40.652

Val    [27/100] LR=0.0002500 loss=2.229 ACC=80.748 F1=48.480 Rec=44.919 Prec=57.675

Test-  OSR [27/100] LR=0.0002500 ACC=57.983 F1=31.362 Rec=37.740 Prec=44.597 UNK=0.000 OS*=45.288 HOS=0.000 AUROC=60.943 AUPR=34.873 OSCR=57.632
Test-Close [27/100] LR=0.0002500 loss=2.166 ACC=82.320 F1=44.704 Rec=45.288 Prec=65.628
Train Client0 [28/100] LR=0.0002500 loss=3.261 ACC=52.591 F1=35.312 Rec=32.122 Prec=60.146
Train Client1 [28/100] LR=0.0002500 loss=0.816 ACC=86.987 F1=47.106 Rec=46.244 Prec=53.517
Train Client2 [28/100] LR=0.0002500 loss=0.192 ACC=96.988 F1=41.693 Rec=36.801 Prec=51.005
Train Client3 [28/100] LR=0.0002500 loss=0.688 ACC=84.302 F1=50.503 Rec=54.031 Prec=63.605
Train Client4 [28/100] LR=0.0002500 loss=0.316 ACC=94.798 F1=42.035 Rec=39.733 Prec=53.325
Train Client5 [28/100] LR=0.0002500 loss=0.564 ACC=88.615 F1=51.435 Rec=49.368 Prec=55.223
Train Client6 [28/100] LR=0.0002500 loss=1.385 ACC=61.500 F1=31.076 Rec=32.551 Prec=34.000
Train Client7 [28/100] LR=0.0002500 loss=1.991 ACC=62.132 F1=51.100 Rec=59.844 Prec=57.002

Val    [28/100] LR=0.0002500 loss=2.191 ACC=83.650 F1=53.982 Rec=50.189 Prec=68.772

Test-  OSR [28/100] LR=0.0002500 ACC=58.990 F1=35.213 Rec=40.510 Prec=35.087 UNK=0.000 OS*=48.611 HOS=0.000 AUROC=61.360 AUPR=37.315 OSCR=57.893
Test-Close [28/100] LR=0.0002500 loss=2.137 ACC=83.749 F1=48.979 Rec=48.611 Prec=58.459
Train Client0 [29/100] LR=0.0002500 loss=3.352 ACC=50.915 F1=34.804 Rec=31.275 Prec=41.248
Train Client1 [29/100] LR=0.0002500 loss=0.830 ACC=86.290 F1=43.097 Rec=42.389 Prec=44.900
Train Client2 [29/100] LR=0.0002500 loss=0.201 ACC=96.861 F1=40.334 Rec=36.297 Prec=47.375
Train Client3 [29/100] LR=0.0002500 loss=0.802 ACC=84.593 F1=51.591 Rec=51.387 Prec=64.331
Train Client4 [29/100] LR=0.0002500 loss=0.293 ACC=95.575 F1=46.490 Rec=42.457 Prec=58.358
Train Client5 [29/100] LR=0.0002500 loss=0.543 ACC=88.933 F1=51.342 Rec=48.262 Prec=56.039
Train Client6 [29/100] LR=0.0002500 loss=1.343 ACC=66.000 F1=40.174 Rec=41.227 Prec=42.581
Train Client7 [29/100] LR=0.0002500 loss=1.915 ACC=60.846 F1=37.413 Rec=38.507 Prec=39.453

Val    [29/100] LR=0.0002500 loss=2.206 ACC=81.920 F1=50.661 Rec=47.187 Prec=56.659

Test-  OSR [29/100] LR=0.0002500 ACC=58.279 F1=32.480 Rec=38.466 Prec=28.860 UNK=0.000 OS*=46.159 HOS=0.000 AUROC=61.118 AUPR=35.099 OSCR=57.847
Test-Close [29/100] LR=0.0002500 loss=2.150 ACC=82.740 F1=45.695 Rec=46.159 Prec=46.031
Train Client0 [30/100] LR=0.0002500 loss=3.349 ACC=50.457 F1=34.289 Rec=31.881 Prec=37.973
Train Client1 [30/100] LR=0.0002500 loss=0.800 ACC=87.207 F1=46.256 Rec=44.966 Prec=55.916
Train Client2 [30/100] LR=0.0002500 loss=0.200 ACC=96.898 F1=41.808 Rec=36.833 Prec=51.647
Train Client3 [30/100] LR=0.0002500 loss=0.686 ACC=84.884 F1=47.932 Rec=47.483 Prec=49.742
Train Client4 [30/100] LR=0.0002500 loss=0.327 ACC=95.885 F1=44.917 Rec=41.949 Prec=57.259
Train Client5 [30/100] LR=0.0002500 loss=0.543 ACC=89.013 F1=52.008 Rec=49.943 Prec=55.475
Train Client6 [30/100] LR=0.0002500 loss=1.463 ACC=62.500 F1=32.439 Rec=33.431 Prec=34.936
Train Client7 [30/100] LR=0.0002500 loss=1.734 ACC=64.154 F1=41.218 Rec=42.019 Prec=44.032

Val    [30/100] LR=0.0002500 loss=2.170 ACC=84.096 F1=55.014 Rec=51.489 Prec=78.692

Test-  OSR [30/100] LR=0.0002500 ACC=59.542 F1=34.815 Rec=42.003 Prec=29.974 UNK=0.000 OS*=50.403 HOS=0.000 AUROC=62.753 AUPR=37.661 OSCR=59.374
Test-Close [30/100] LR=0.0002500 loss=2.116 ACC=84.533 F1=49.253 Rec=50.403 Prec=48.456
Saving best model . . . . . . . .

Saving model at epoch 30 . . . . . . . .

Train Client0 [31/100] LR=0.0002500 loss=2.952 ACC=52.134 F1=35.288 Rec=34.285 Prec=36.667
Train Client1 [31/100] LR=0.0002500 loss=0.772 ACC=87.500 F1=48.907 Rec=47.613 Prec=57.111
Train Client2 [31/100] LR=0.0002500 loss=0.195 ACC=96.880 F1=42.356 Rec=37.711 Prec=50.600
Train Client3 [31/100] LR=0.0002500 loss=0.750 ACC=82.849 F1=43.327 Rec=41.228 Prec=46.428
Train Client4 [31/100] LR=0.0002500 loss=0.287 ACC=95.031 F1=44.826 Rec=42.501 Prec=52.960
Train Client5 [31/100] LR=0.0002500 loss=0.534 ACC=89.411 F1=53.971 Rec=52.656 Prec=55.695
Train Client6 [31/100] LR=0.0002500 loss=1.340 ACC=71.000 F1=45.018 Rec=45.816 Prec=46.526
Train Client7 [31/100] LR=0.0002500 loss=1.682 ACC=64.706 F1=44.328 Rec=45.169 Prec=46.670

Val    [31/100] LR=0.0002500 loss=2.157 ACC=83.929 F1=52.216 Rec=49.378 Prec=58.574

Test-  OSR [31/100] LR=0.0002500 ACC=59.503 F1=34.387 Rec=40.724 Prec=32.729 UNK=0.000 OS*=48.869 HOS=0.000 AUROC=63.276 AUPR=38.399 OSCR=59.944
Test-Close [31/100] LR=0.0002500 loss=2.105 ACC=84.477 F1=48.118 Rec=48.869 Prec=54.668
Saving best model . . . . . . . .

Train Client0 [32/100] LR=0.0002500 loss=3.005 ACC=54.726 F1=38.103 Rec=35.806 Prec=50.221
Train Client1 [32/100] LR=0.0002500 loss=0.760 ACC=87.133 F1=45.444 Rec=44.078 Prec=62.363
Train Client2 [32/100] LR=0.0002500 loss=0.188 ACC=96.952 F1=42.998 Rec=37.488 Prec=55.418
Train Client3 [32/100] LR=0.0002500 loss=0.752 ACC=83.430 F1=47.212 Rec=49.152 Prec=47.155
Train Client4 [32/100] LR=0.0002500 loss=0.288 ACC=95.109 F1=40.132 Rec=37.298 Prec=56.518
Train Client5 [32/100] LR=0.0002500 loss=0.560 ACC=89.650 F1=53.197 Rec=51.409 Prec=56.290
Train Client6 [32/100] LR=0.0002500 loss=1.487 ACC=70.500 F1=42.404 Rec=42.984 Prec=43.923
Train Client7 [32/100] LR=0.0002500 loss=1.775 ACC=61.029 F1=39.846 Rec=40.842 Prec=41.162

Val    [32/100] LR=0.0002500 loss=2.190 ACC=82.422 F1=52.675 Rec=49.130 Prec=77.667

Test-  OSR [32/100] LR=0.0002500 ACC=58.733 F1=35.039 Rec=41.723 Prec=31.129 UNK=0.000 OS*=50.067 HOS=0.000 AUROC=60.854 AUPR=35.645 OSCR=57.438
Test-Close [32/100] LR=0.0002500 loss=2.142 ACC=83.385 F1=49.090 Rec=50.067 Prec=49.096
Train Client0 [33/100] LR=0.0002500 loss=3.503 ACC=51.524 F1=35.488 Rec=33.832 Prec=48.376
Train Client1 [33/100] LR=0.0002500 loss=0.826 ACC=87.023 F1=46.788 Rec=45.471 Prec=51.993
Train Client2 [33/100] LR=0.0002500 loss=0.187 ACC=96.988 F1=43.525 Rec=39.862 Prec=49.040
Train Client3 [33/100] LR=0.0002500 loss=0.708 ACC=84.884 F1=48.087 Rec=49.260 Prec=47.672
Train Client4 [33/100] LR=0.0002500 loss=0.301 ACC=95.419 F1=42.624 Rec=42.125 Prec=52.395
Train Client5 [33/100] LR=0.0002500 loss=0.531 ACC=89.650 F1=54.415 Rec=51.882 Prec=57.657
Train Client6 [33/100] LR=0.0002500 loss=1.315 ACC=65.000 F1=38.055 Rec=38.554 Prec=40.139
Train Client7 [33/100] LR=0.0002500 loss=1.780 ACC=65.257 F1=42.929 Rec=43.522 Prec=45.207

Val    [33/100] LR=0.0002500 loss=2.152 ACC=83.203 F1=50.534 Rec=46.663 Prec=58.788

Test-  OSR [33/100] LR=0.0002500 ACC=59.601 F1=35.293 Rec=40.485 Prec=31.682 UNK=0.000 OS*=48.581 HOS=0.000 AUROC=63.700 AUPR=38.694 OSCR=60.153
Test-Close [33/100] LR=0.0002500 loss=2.113 ACC=84.618 F1=49.355 Rec=48.581 Prec=50.797
Saving best model . . . . . . . .

Train Client0 [34/100] LR=0.0002500 loss=3.293 ACC=53.201 F1=35.514 Rec=33.905 Prec=38.053
Train Client1 [34/100] LR=0.0002500 loss=0.794 ACC=87.537 F1=47.981 Rec=46.326 Prec=63.521
Train Client2 [34/100] LR=0.0002500 loss=0.189 ACC=96.988 F1=42.907 Rec=38.138 Prec=52.200
Train Client3 [34/100] LR=0.0002500 loss=0.625 ACC=84.884 F1=49.480 Rec=51.932 Prec=53.666
Train Client4 [34/100] LR=0.0002500 loss=0.266 ACC=95.497 F1=44.548 Rec=43.210 Prec=54.728
Train Client5 [34/100] LR=0.0002500 loss=0.545 ACC=88.774 F1=51.274 Rec=48.247 Prec=55.729
Train Client6 [34/100] LR=0.0002500 loss=1.467 ACC=67.500 F1=49.700 Rec=49.383 Prec=53.953
Train Client7 [34/100] LR=0.0002500 loss=1.748 ACC=62.132 F1=59.977 Rec=61.515 Prec=63.365

Val    [34/100] LR=0.0002500 loss=2.181 ACC=83.203 F1=50.116 Rec=45.624 Prec=60.981

Test-  OSR [34/100] LR=0.0002500 ACC=59.463 F1=34.939 Rec=36.996 Prec=38.753 UNK=0.000 OS*=44.396 HOS=0.000 AUROC=61.934 AUPR=37.378 OSCR=58.582
Test-Close [34/100] LR=0.0002500 loss=2.117 ACC=84.421 F1=47.750 Rec=44.396 Prec=61.862
Train Client0 [35/100] LR=0.0002500 loss=3.298 ACC=52.439 F1=32.310 Rec=31.059 Prec=34.706
Train Client1 [35/100] LR=0.0002500 loss=0.841 ACC=86.547 F1=47.888 Rec=46.569 Prec=55.976
Train Client2 [35/100] LR=0.0002500 loss=0.192 ACC=97.186 F1=46.882 Rec=41.603 Prec=55.907
Train Client3 [35/100] LR=0.0002500 loss=0.709 ACC=85.174 F1=47.030 Rec=47.073 Prec=48.179
Train Client4 [35/100] LR=0.0002500 loss=0.283 ACC=95.264 F1=40.283 Rec=39.723 Prec=40.945
Train Client5 [35/100] LR=0.0002500 loss=0.515 ACC=89.252 F1=55.024 Rec=51.528 Prec=59.758
Train Client6 [35/100] LR=0.0002500 loss=1.256 ACC=68.500 F1=41.465 Rec=40.935 Prec=48.359
Train Client7 [35/100] LR=0.0002500 loss=1.748 ACC=61.581 F1=38.599 Rec=40.506 Prec=41.926

Val    [35/100] LR=0.0002500 loss=2.161 ACC=82.980 F1=52.238 Rec=47.598 Prec=71.800

Test-  OSR [35/100] LR=0.0002500 ACC=59.286 F1=34.587 Rec=40.329 Prec=36.001 UNK=0.000 OS*=48.395 HOS=0.000 AUROC=61.921 AUPR=35.913 OSCR=58.818
Test-Close [35/100] LR=0.0002500 loss=2.114 ACC=84.169 F1=48.166 Rec=48.395 Prec=60.525
Saving model at epoch 35 . . . . . . . .

Train Client0 [36/100] LR=0.0002500 loss=3.255 ACC=55.030 F1=36.251 Rec=35.101 Prec=46.888
Train Client1 [36/100] LR=0.0002500 loss=0.802 ACC=86.767 F1=47.482 Rec=46.071 Prec=52.533
Train Client2 [36/100] LR=0.0002500 loss=0.193 ACC=97.096 F1=42.627 Rec=38.706 Prec=49.079
Train Client3 [36/100] LR=0.0002500 loss=0.694 ACC=85.756 F1=49.437 Rec=46.786 Prec=66.645
Train Client4 [36/100] LR=0.0002500 loss=0.315 ACC=95.497 F1=44.344 Rec=42.440 Prec=59.809
Train Client5 [36/100] LR=0.0002500 loss=0.487 ACC=89.411 F1=53.976 Rec=51.729 Prec=57.480
Train Client6 [36/100] LR=0.0002500 loss=1.518 ACC=67.500 F1=36.944 Rec=38.262 Prec=39.288
Train Client7 [36/100] LR=0.0002500 loss=1.779 ACC=64.706 F1=44.410 Rec=44.824 Prec=45.443

Val    [36/100] LR=0.0002500 loss=2.216 ACC=80.636 F1=49.407 Rec=44.316 Prec=79.381

Test-  OSR [36/100] LR=0.0002500 ACC=57.608 F1=34.219 Rec=37.297 Prec=36.019 UNK=0.000 OS*=44.756 HOS=0.000 AUROC=61.507 AUPR=35.165 OSCR=58.088
Test-Close [36/100] LR=0.0002500 loss=2.157 ACC=81.788 F1=47.272 Rec=44.756 Prec=58.138
Train Client0 [37/100] LR=0.0002500 loss=3.277 ACC=53.659 F1=39.082 Rec=37.035 Prec=48.192
Train Client1 [37/100] LR=0.0002500 loss=0.786 ACC=87.390 F1=48.260 Rec=46.862 Prec=60.062
Train Client2 [37/100] LR=0.0002500 loss=0.179 ACC=97.276 F1=49.325 Rec=43.249 Prec=59.982
Train Client3 [37/100] LR=0.0002500 loss=0.749 ACC=84.884 F1=47.190 Rec=46.976 Prec=47.936
Train Client4 [37/100] LR=0.0002500 loss=0.275 ACC=95.730 F1=48.925 Rec=45.805 Prec=58.687
Train Client5 [37/100] LR=0.0002500 loss=0.510 ACC=89.570 F1=54.207 Rec=51.693 Prec=57.315
Train Client6 [37/100] LR=0.0002500 loss=1.743 ACC=67.500 F1=36.180 Rec=36.079 Prec=37.600
Train Client7 [37/100] LR=0.0002500 loss=1.692 ACC=65.257 F1=44.529 Rec=44.658 Prec=47.173

Val    [37/100] LR=0.0002500 loss=2.163 ACC=83.482 F1=53.105 Rec=48.515 Prec=74.687

Test-  OSR [37/100] LR=0.0002500 ACC=59.779 F1=36.532 Rec=41.330 Prec=37.132 UNK=0.000 OS*=49.596 HOS=0.000 AUROC=62.391 AUPR=37.026 OSCR=59.192
Test-Close [37/100] LR=0.0002500 loss=2.105 ACC=84.870 F1=50.807 Rec=49.596 Prec=61.651
Train Client0 [38/100] LR=0.0002500 loss=3.075 ACC=54.573 F1=36.131 Rec=35.417 Prec=37.314
Train Client1 [38/100] LR=0.0002500 loss=0.794 ACC=87.170 F1=47.482 Rec=46.720 Prec=55.028
Train Client2 [38/100] LR=0.0002500 loss=0.179 ACC=97.276 F1=49.716 Rec=44.495 Prec=58.081
Train Client3 [38/100] LR=0.0002500 loss=0.677 ACC=86.047 F1=55.389 Rec=52.922 Prec=61.109
Train Client4 [38/100] LR=0.0002500 loss=0.275 ACC=95.342 F1=48.400 Rec=46.040 Prec=53.897
Train Client5 [38/100] LR=0.0002500 loss=0.504 ACC=90.048 F1=56.408 Rec=53.448 Prec=60.132
Train Client6 [38/100] LR=0.0002500 loss=1.611 ACC=67.000 F1=36.549 Rec=37.742 Prec=37.239
Train Client7 [38/100] LR=0.0002500 loss=1.696 ACC=65.441 F1=43.316 Rec=43.158 Prec=44.980

Val    [38/100] LR=0.0002500 loss=2.220 ACC=81.362 F1=50.500 Rec=45.002 Prec=80.568

Test-  OSR [38/100] LR=0.0002500 ACC=58.575 F1=35.788 Rec=37.635 Prec=42.582 UNK=0.000 OS*=45.162 HOS=0.000 AUROC=61.635 AUPR=34.989 OSCR=58.424
Test-Close [38/100] LR=0.0002500 loss=2.149 ACC=83.161 F1=48.608 Rec=45.162 Prec=68.317
Train Client0 [39/100] LR=0.0002500 loss=3.198 ACC=54.116 F1=37.931 Rec=36.291 Prec=39.992
Train Client1 [39/100] LR=0.0002500 loss=0.736 ACC=87.427 F1=52.124 Rec=48.962 Prec=67.477
Train Client2 [39/100] LR=0.0002500 loss=0.183 ACC=97.114 F1=43.703 Rec=38.941 Prec=52.142
Train Client3 [39/100] LR=0.0002500 loss=0.686 ACC=84.593 F1=46.870 Rec=47.949 Prec=47.308
Train Client4 [39/100] LR=0.0002500 loss=0.277 ACC=95.730 F1=48.184 Rec=45.256 Prec=53.960
Train Client5 [39/100] LR=0.0002500 loss=0.532 ACC=89.889 F1=55.441 Rec=52.470 Prec=59.496
Train Client6 [39/100] LR=0.0002500 loss=1.198 ACC=71.000 F1=45.294 Rec=45.008 Prec=46.909
Train Client7 [39/100] LR=0.0002500 loss=1.842 ACC=62.684 F1=52.522 Rec=63.070 Prec=49.786

Val    [39/100] LR=0.0002500 loss=2.183 ACC=82.422 F1=54.745 Rec=50.409 Prec=65.408

Test-  OSR [39/100] LR=0.0002500 ACC=58.674 F1=36.756 Rec=41.513 Prec=36.450 UNK=0.000 OS*=49.815 HOS=0.000 AUROC=61.805 AUPR=35.230 OSCR=58.521
Test-Close [39/100] LR=0.0002500 loss=2.132 ACC=83.301 F1=51.011 Rec=49.815 Prec=57.775
Train Client0 [40/100] LR=0.0002500 loss=3.564 ACC=54.573 F1=39.373 Rec=37.575 Prec=59.825
Train Client1 [40/100] LR=0.0002500 loss=0.775 ACC=87.683 F1=49.339 Rec=47.303 Prec=60.578
Train Client2 [40/100] LR=0.0002500 loss=0.179 ACC=97.385 F1=49.323 Rec=44.294 Prec=57.342
Train Client3 [40/100] LR=0.0002500 loss=0.721 ACC=85.465 F1=56.500 Rec=55.095 Prec=58.856
Train Client4 [40/100] LR=0.0002500 loss=0.265 ACC=95.186 F1=46.854 Rec=43.714 Prec=54.033
Train Client5 [40/100] LR=0.0002500 loss=0.500 ACC=89.252 F1=55.722 Rec=53.386 Prec=58.656
Train Client6 [40/100] LR=0.0002500 loss=1.241 ACC=75.500 F1=46.158 Rec=45.632 Prec=48.851
Train Client7 [40/100] LR=0.0002500 loss=1.772 ACC=63.971 F1=41.898 Rec=42.625 Prec=43.581

Val    [40/100] LR=0.0002500 loss=2.199 ACC=82.422 F1=52.618 Rec=47.185 Prec=68.993

Test-  OSR [40/100] LR=0.0002500 ACC=59.088 F1=37.100 Rec=40.079 Prec=38.354 UNK=0.000 OS*=48.094 HOS=0.000 AUROC=61.763 AUPR=35.383 OSCR=58.587
Test-Close [40/100] LR=0.0002500 loss=2.134 ACC=83.889 F1=50.787 Rec=48.094 Prec=59.464
Saving model at epoch 40 . . . . . . . .

Train Client0 [41/100] LR=0.0002500 loss=3.158 ACC=55.488 F1=37.429 Rec=35.265 Prec=44.828
Train Client1 [41/100] LR=0.0002500 loss=0.789 ACC=87.317 F1=47.818 Rec=46.160 Prec=59.059
Train Client2 [41/100] LR=0.0002500 loss=0.169 ACC=97.312 F1=48.704 Rec=43.766 Prec=56.549
Train Client3 [41/100] LR=0.0002500 loss=0.644 ACC=84.884 F1=54.595 Rec=53.593 Prec=59.369
Train Client4 [41/100] LR=0.0002500 loss=0.317 ACC=95.575 F1=50.013 Rec=46.166 Prec=56.902
Train Client5 [41/100] LR=0.0002500 loss=0.493 ACC=90.287 F1=56.244 Rec=54.094 Prec=58.897
Train Client6 [41/100] LR=0.0002500 loss=1.325 ACC=69.500 F1=37.078 Rec=37.125 Prec=38.060
Train Client7 [41/100] LR=0.0002500 loss=1.889 ACC=65.257 F1=57.839 Rec=64.730 Prec=55.875

Val    [41/100] LR=0.0002500 loss=2.160 ACC=84.096 F1=53.572 Rec=51.521 Prec=66.218

Test-  OSR [41/100] LR=0.0002500 ACC=59.897 F1=34.937 Rec=43.532 Prec=33.286 UNK=0.000 OS*=52.238 HOS=0.000 AUROC=63.118 AUPR=38.320 OSCR=59.566
Test-Close [41/100] LR=0.0002500 loss=2.128 ACC=85.038 F1=49.872 Rec=52.238 Prec=58.902
Train Client0 [42/100] LR=0.0002500 loss=2.782 ACC=61.433 F1=40.830 Rec=40.437 Prec=41.309
Train Client1 [42/100] LR=0.0002500 loss=0.741 ACC=87.573 F1=49.805 Rec=47.767 Prec=56.915
Train Client2 [42/100] LR=0.0002500 loss=0.176 ACC=97.330 F1=49.511 Rec=44.245 Prec=57.895
Train Client3 [42/100] LR=0.0002500 loss=0.650 ACC=85.465 F1=52.433 Rec=52.341 Prec=55.962
Train Client4 [42/100] LR=0.0002500 loss=0.258 ACC=95.419 F1=54.834 Rec=52.091 Prec=61.182
Train Client5 [42/100] LR=0.0002500 loss=0.474 ACC=89.968 F1=55.193 Rec=53.015 Prec=58.010
Train Client6 [42/100] LR=0.0002500 loss=1.225 ACC=71.000 F1=38.431 Rec=38.720 Prec=38.606
Train Client7 [42/100] LR=0.0002500 loss=1.790 ACC=64.706 F1=65.338 Rec=65.606 Prec=65.480

Val    [42/100] LR=0.0002500 loss=2.211 ACC=82.589 F1=54.022 Rec=49.089 Prec=69.707

Test-  OSR [42/100] LR=0.0002500 ACC=59.009 F1=36.446 Rec=42.587 Prec=36.912 UNK=0.000 OS*=51.105 HOS=0.000 AUROC=61.730 AUPR=35.687 OSCR=58.463
Test-Close [42/100] LR=0.0002500 loss=2.134 ACC=83.777 F1=51.016 Rec=51.105 Prec=60.530
Train Client0 [43/100] LR=0.0002500 loss=3.716 ACC=57.774 F1=38.627 Rec=38.318 Prec=39.596
Train Client1 [43/100] LR=0.0002500 loss=0.746 ACC=87.610 F1=50.164 Rec=49.445 Prec=56.998
Train Client2 [43/100] LR=0.0002500 loss=0.175 ACC=97.421 F1=51.733 Rec=47.615 Prec=57.539
Train Client3 [43/100] LR=0.0002500 loss=0.735 ACC=84.302 F1=45.977 Rec=43.203 Prec=51.239
Train Client4 [43/100] LR=0.0002500 loss=0.294 ACC=95.031 F1=44.704 Rec=42.637 Prec=52.754
Train Client5 [43/100] LR=0.0002500 loss=0.499 ACC=90.127 F1=56.711 Rec=53.531 Prec=61.058
Train Client6 [43/100] LR=0.0002500 loss=1.511 ACC=76.500 F1=43.681 Rec=44.441 Prec=43.761
Train Client7 [43/100] LR=0.0002500 loss=1.871 ACC=62.500 F1=41.526 Rec=41.863 Prec=42.047

Val    [43/100] LR=0.0002500 loss=2.211 ACC=82.868 F1=52.091 Rec=46.924 Prec=80.073

Test-  OSR [43/100] LR=0.0002500 ACC=59.365 F1=36.618 Rec=40.062 Prec=39.038 UNK=0.000 OS*=48.075 HOS=0.000 AUROC=62.739 AUPR=36.231 OSCR=59.490
Test-Close [43/100] LR=0.0002500 loss=2.138 ACC=84.281 F1=50.574 Rec=48.075 Prec=65.215
Train Client0 [44/100] LR=0.0002500 loss=3.173 ACC=58.384 F1=41.221 Rec=39.814 Prec=52.105
Train Client1 [44/100] LR=0.0002500 loss=0.747 ACC=87.133 F1=47.648 Rec=46.811 Prec=56.955
Train Client2 [44/100] LR=0.0002500 loss=0.174 ACC=97.240 F1=47.474 Rec=42.339 Prec=55.964
Train Client3 [44/100] LR=0.0002500 loss=0.697 ACC=85.174 F1=47.028 Rec=47.030 Prec=47.661
Train Client4 [44/100] LR=0.0002500 loss=0.281 ACC=95.807 F1=49.564 Rec=46.195 Prec=55.056
Train Client5 [44/100] LR=0.0002500 loss=0.524 ACC=90.924 F1=57.030 Rec=54.456 Prec=60.545
Train Client6 [44/100] LR=0.0002500 loss=1.414 ACC=68.000 F1=41.854 Rec=42.793 Prec=43.510
Train Client7 [44/100] LR=0.0002500 loss=1.708 ACC=63.787 F1=42.919 Rec=43.614 Prec=43.695

Val    [44/100] LR=0.0002500 loss=2.217 ACC=81.250 F1=52.858 Rec=48.743 Prec=70.180

Test-  OSR [44/100] LR=0.0002500 ACC=58.082 F1=35.196 Rec=40.526 Prec=36.793 UNK=0.000 OS*=48.631 HOS=0.000 AUROC=61.668 AUPR=34.804 OSCR=58.256
Test-Close [44/100] LR=0.0002500 loss=2.151 ACC=82.460 F1=48.888 Rec=48.631 Prec=56.653
Train Client0 [45/100] LR=0.0002500 loss=3.170 ACC=56.707 F1=39.285 Rec=36.873 Prec=54.371
Train Client1 [45/100] LR=0.0002500 loss=0.747 ACC=87.830 F1=50.422 Rec=48.679 Prec=61.519
Train Client2 [45/100] LR=0.0002500 loss=0.178 ACC=97.312 F1=49.890 Rec=44.555 Prec=58.831
Train Client3 [45/100] LR=0.0002500 loss=0.659 ACC=84.012 F1=49.423 Rec=48.972 Prec=52.857
Train Client4 [45/100] LR=0.0002500 loss=0.290 ACC=95.497 F1=48.202 Rec=46.504 Prec=59.097
Train Client5 [45/100] LR=0.0002500 loss=0.515 ACC=89.889 F1=54.494 Rec=50.253 Prec=61.008
Train Client6 [45/100] LR=0.0002500 loss=1.243 ACC=70.000 F1=37.756 Rec=37.904 Prec=38.202
Train Client7 [45/100] LR=0.0002500 loss=1.572 ACC=66.544 F1=45.426 Rec=45.834 Prec=47.890

Val    [45/100] LR=0.0002500 loss=2.185 ACC=82.254 F1=51.531 Rec=46.660 Prec=70.224

Test-  OSR [45/100] LR=0.0002500 ACC=59.128 F1=35.409 Rec=41.610 Prec=34.534 UNK=0.000 OS*=49.932 HOS=0.000 AUROC=62.704 AUPR=36.218 OSCR=59.472
Test-Close [45/100] LR=0.0002500 loss=2.135 ACC=83.945 F1=49.480 Rec=49.932 Prec=59.012
Saving model at epoch 45 . . . . . . . .

Train Client0 [46/100] LR=0.0002500 loss=3.474 ACC=60.366 F1=41.015 Rec=39.954 Prec=51.492
Train Client1 [46/100] LR=0.0002500 loss=0.761 ACC=87.427 F1=46.402 Rec=44.685 Prec=57.164
Train Client2 [46/100] LR=0.0002500 loss=0.159 ACC=97.439 F1=51.837 Rec=46.150 Prec=61.041
Train Client3 [46/100] LR=0.0002500 loss=0.689 ACC=83.140 F1=45.526 Rec=44.533 Prec=48.738
Train Client4 [46/100] LR=0.0002500 loss=0.246 ACC=95.575 F1=44.709 Rec=41.939 Prec=51.520
Train Client5 [46/100] LR=0.0002500 loss=0.513 ACC=89.490 F1=53.197 Rec=50.138 Prec=57.663
Train Client6 [46/100] LR=0.0002500 loss=1.422 ACC=67.000 F1=35.892 Rec=37.482 Prec=37.214
Train Client7 [46/100] LR=0.0002500 loss=1.712 ACC=63.971 F1=52.964 Rec=63.623 Prec=51.345

Val    [46/100] LR=0.0002500 loss=2.171 ACC=83.482 F1=55.781 Rec=52.134 Prec=67.046

Test-  OSR [46/100] LR=0.0002500 ACC=59.147 F1=34.751 Rec=43.857 Prec=32.457 UNK=0.000 OS*=52.628 HOS=0.000 AUROC=63.026 AUPR=36.980 OSCR=59.486
Test-Close [46/100] LR=0.0002500 loss=2.139 ACC=83.973 F1=49.869 Rec=52.628 Prec=54.346
Train Client0 [47/100] LR=0.0002500 loss=3.352 ACC=60.518 F1=39.214 Rec=39.071 Prec=39.551
Train Client1 [47/100] LR=0.0002500 loss=0.745 ACC=88.270 F1=51.858 Rec=50.035 Prec=62.117
Train Client2 [47/100] LR=0.0002500 loss=0.160 ACC=97.457 F1=50.853 Rec=46.197 Prec=57.674
Train Client3 [47/100] LR=0.0002500 loss=0.696 ACC=84.302 F1=53.042 Rec=52.483 Prec=57.522
Train Client4 [47/100] LR=0.0002500 loss=0.271 ACC=95.807 F1=48.222 Rec=46.398 Prec=54.514
Train Client5 [47/100] LR=0.0002500 loss=0.497 ACC=90.207 F1=55.956 Rec=53.087 Prec=59.558
Train Client6 [47/100] LR=0.0002500 loss=1.186 ACC=72.000 F1=44.524 Rec=44.690 Prec=47.584
Train Client7 [47/100] LR=0.0002500 loss=1.931 ACC=65.257 F1=52.909 Rec=63.194 Prec=50.311

Val    [47/100] LR=0.0002500 loss=2.144 ACC=84.710 F1=56.535 Rec=51.066 Prec=69.295

Test-  OSR [47/100] LR=0.0002500 ACC=59.917 F1=39.468 Rec=43.156 Prec=38.798 UNK=0.000 OS*=51.788 HOS=0.000 AUROC=63.035 AUPR=37.389 OSCR=59.759
Test-Close [47/100] LR=0.0002500 loss=2.100 ACC=85.066 F1=54.850 Rec=51.788 Prec=63.463
Train Client0 [48/100] LR=0.0002500 loss=3.317 ACC=57.012 F1=36.695 Rec=35.531 Prec=49.576
Train Client1 [48/100] LR=0.0002500 loss=0.761 ACC=87.793 F1=47.095 Rec=45.593 Prec=54.410
Train Client2 [48/100] LR=0.0002500 loss=0.170 ACC=97.294 F1=50.165 Rec=44.977 Prec=58.534
Train Client3 [48/100] LR=0.0002500 loss=0.654 ACC=85.756 F1=53.359 Rec=54.536 Prec=58.829
Train Client4 [48/100] LR=0.0002500 loss=0.273 ACC=96.040 F1=52.247 Rec=49.222 Prec=56.631
Train Client5 [48/100] LR=0.0002500 loss=0.512 ACC=90.287 F1=55.897 Rec=53.553 Prec=58.906
Train Client6 [48/100] LR=0.0002500 loss=1.046 ACC=80.000 F1=44.499 Rec=44.704 Prec=44.327
Train Client7 [48/100] LR=0.0002500 loss=1.884 ACC=65.625 F1=45.643 Rec=45.791 Prec=46.903

Val    [48/100] LR=0.0002500 loss=2.182 ACC=82.366 F1=56.207 Rec=50.009 Prec=72.713

Test-  OSR [48/100] LR=0.0002500 ACC=58.654 F1=36.460 Rec=41.279 Prec=36.174 UNK=0.000 OS*=49.534 HOS=0.000 AUROC=61.972 AUPR=35.283 OSCR=58.734
Test-Close [48/100] LR=0.0002500 loss=2.139 ACC=83.273 F1=50.791 Rec=49.534 Prec=58.575
>> New learning Rate: 0.000125
Train Client0 [49/100] LR=0.0001250 loss=4.166 ACC=51.982 F1=38.621 Rec=36.960 Prec=47.762
Train Client1 [49/100] LR=0.0001250 loss=0.765 ACC=88.196 F1=52.515 Rec=50.980 Prec=58.990
Train Client2 [49/100] LR=0.0001250 loss=0.147 ACC=97.529 F1=54.054 Rec=48.997 Prec=61.547
Train Client3 [49/100] LR=0.0001250 loss=0.677 ACC=83.721 F1=47.857 Rec=47.803 Prec=51.697
Train Client4 [49/100] LR=0.0001250 loss=0.244 ACC=95.807 F1=46.338 Rec=43.062 Prec=58.708
Train Client5 [49/100] LR=0.0001250 loss=0.467 ACC=90.685 F1=56.559 Rec=53.969 Prec=60.085
Train Client6 [49/100] LR=0.0001250 loss=1.201 ACC=64.500 F1=37.206 Rec=38.647 Prec=42.076
Train Client7 [49/100] LR=0.0001250 loss=1.691 ACC=62.684 F1=57.103 Rec=64.983 Prec=56.673

Val    [49/100] LR=0.0001250 loss=2.236 ACC=83.929 F1=58.502 Rec=54.205 Prec=69.263

Test-  OSR [49/100] LR=0.0001250 ACC=59.325 F1=36.374 Rec=44.184 Prec=33.680 UNK=0.000 OS*=53.021 HOS=0.000 AUROC=62.178 AUPR=36.143 OSCR=58.532
Test-Close [49/100] LR=0.0001250 loss=2.204 ACC=84.225 F1=51.716 Rec=53.021 Prec=56.301
Train Client0 [50/100] LR=0.0001250 loss=3.885 ACC=55.183 F1=36.906 Rec=34.124 Prec=44.034
Train Client1 [50/100] LR=0.0001250 loss=0.754 ACC=88.013 F1=51.297 Rec=49.555 Prec=59.630
Train Client2 [50/100] LR=0.0001250 loss=0.144 ACC=97.835 F1=61.738 Rec=57.687 Prec=71.627
Train Client3 [50/100] LR=0.0001250 loss=0.689 ACC=84.884 F1=54.123 Rec=55.053 Prec=56.721
Train Client4 [50/100] LR=0.0001250 loss=0.260 ACC=95.730 F1=51.698 Rec=52.163 Prec=61.646
Train Client5 [50/100] LR=0.0001250 loss=0.440 ACC=91.162 F1=57.883 Rec=55.520 Prec=60.729
Train Client6 [50/100] LR=0.0001250 loss=1.172 ACC=70.000 F1=45.633 Rec=45.938 Prec=51.197
Train Client7 [50/100] LR=0.0001250 loss=1.693 ACC=64.890 F1=65.579 Rec=67.600 Prec=67.130

Val    [50/100] LR=0.0001250 loss=2.241 ACC=83.036 F1=57.104 Rec=51.938 Prec=69.317

Test-  OSR [50/100] LR=0.0001250 ACC=58.753 F1=35.891 Rec=42.075 Prec=33.945 UNK=0.000 OS*=50.490 HOS=0.000 AUROC=62.536 AUPR=36.360 OSCR=58.871
Test-Close [50/100] LR=0.0001250 loss=2.190 ACC=83.413 F1=50.661 Rec=50.490 Prec=55.921
Saving model at epoch 50 . . . . . . . .

Train Client0 [51/100] LR=0.0001250 loss=4.307 ACC=52.439 F1=39.563 Rec=36.683 Prec=49.656
Train Client1 [51/100] LR=0.0001250 loss=0.655 ACC=88.196 F1=52.467 Rec=50.296 Prec=59.689
Train Client2 [51/100] LR=0.0001250 loss=0.135 ACC=97.655 F1=55.320 Rec=51.905 Prec=59.653
Train Client3 [51/100] LR=0.0001250 loss=0.709 ACC=85.174 F1=54.920 Rec=57.372 Prec=59.303
Train Client4 [51/100] LR=0.0001250 loss=0.241 ACC=95.885 F1=51.513 Rec=49.771 Prec=57.663
Train Client5 [51/100] LR=0.0001250 loss=0.455 ACC=90.446 F1=57.186 Rec=54.254 Prec=60.953
Train Client6 [51/100] LR=0.0001250 loss=1.358 ACC=68.500 F1=40.289 Rec=41.678 Prec=43.262
Train Client7 [51/100] LR=0.0001250 loss=1.825 ACC=63.051 F1=56.799 Rec=64.836 Prec=56.127

Val    [51/100] LR=0.0001250 loss=2.276 ACC=81.808 F1=55.937 Rec=50.347 Prec=70.077

Test-  OSR [51/100] LR=0.0001250 ACC=58.319 F1=36.091 Rec=41.726 Prec=35.738 UNK=0.000 OS*=50.072 HOS=0.000 AUROC=62.224 AUPR=35.314 OSCR=58.657
Test-Close [51/100] LR=0.0001250 loss=2.237 ACC=82.796 F1=50.356 Rec=50.072 Prec=58.243
Train Client0 [52/100] LR=0.0001250 loss=3.677 ACC=55.793 F1=40.518 Rec=38.179 Prec=54.789
Train Client1 [52/100] LR=0.0001250 loss=0.677 ACC=87.537 F1=51.954 Rec=49.688 Prec=57.984
Train Client2 [52/100] LR=0.0001250 loss=0.143 ACC=97.601 F1=56.221 Rec=51.184 Prec=63.501
Train Client3 [52/100] LR=0.0001250 loss=0.699 ACC=85.756 F1=55.637 Rec=53.400 Prec=63.029
Train Client4 [52/100] LR=0.0001250 loss=0.258 ACC=95.885 F1=50.406 Rec=50.406 Prec=58.995
Train Client5 [52/100] LR=0.0001250 loss=0.461 ACC=90.287 F1=56.343 Rec=53.476 Prec=59.974
Train Client6 [52/100] LR=0.0001250 loss=1.187 ACC=72.000 F1=43.681 Rec=44.932 Prec=46.781
Train Client7 [52/100] LR=0.0001250 loss=1.788 ACC=63.419 F1=53.778 Rec=64.864 Prec=52.329

Val    [52/100] LR=0.0001250 loss=2.222 ACC=83.482 F1=58.207 Rec=53.209 Prec=69.496

Test-  OSR [52/100] LR=0.0001250 ACC=59.009 F1=36.691 Rec=42.824 Prec=35.165 UNK=0.000 OS*=51.389 HOS=0.000 AUROC=62.666 AUPR=36.035 OSCR=59.255
Test-Close [52/100] LR=0.0001250 loss=2.176 ACC=83.777 F1=51.533 Rec=51.389 Prec=57.633
Train Client0 [53/100] LR=0.0001250 loss=3.118 ACC=59.451 F1=38.507 Rec=38.566 Prec=38.743
Train Client1 [53/100] LR=0.0001250 loss=0.696 ACC=88.563 F1=52.208 Rec=50.747 Prec=59.181
Train Client2 [53/100] LR=0.0001250 loss=0.140 ACC=97.745 F1=56.893 Rec=52.929 Prec=62.016
Train Client3 [53/100] LR=0.0001250 loss=0.667 ACC=84.593 F1=53.906 Rec=55.265 Prec=56.893
Train Client4 [53/100] LR=0.0001250 loss=0.253 ACC=95.419 F1=51.269 Rec=47.683 Prec=58.642
Train Client5 [53/100] LR=0.0001250 loss=0.428 ACC=91.322 F1=59.603 Rec=56.804 Prec=62.999
Train Client6 [53/100] LR=0.0001250 loss=1.120 ACC=68.000 F1=37.518 Rec=38.038 Prec=38.837
Train Client7 [53/100] LR=0.0001250 loss=1.714 ACC=63.787 F1=50.818 Rec=63.683 Prec=50.475

Val    [53/100] LR=0.0001250 loss=2.220 ACC=84.319 F1=59.914 Rec=55.435 Prec=71.449

Test-  OSR [53/100] LR=0.0001250 ACC=59.443 F1=36.554 Rec=43.975 Prec=34.468 UNK=0.000 OS*=52.770 HOS=0.000 AUROC=63.091 AUPR=37.230 OSCR=59.540
Test-Close [53/100] LR=0.0001250 loss=2.172 ACC=84.393 F1=52.050 Rec=52.770 Prec=57.537
Train Client0 [54/100] LR=0.0001250 loss=3.471 ACC=54.116 F1=37.916 Rec=34.890 Prec=48.549
Train Client1 [54/100] LR=0.0001250 loss=0.674 ACC=88.563 F1=51.271 Rec=49.033 Prec=59.210
Train Client2 [54/100] LR=0.0001250 loss=0.144 ACC=97.619 F1=56.595 Rec=53.560 Prec=60.581
Train Client3 [54/100] LR=0.0001250 loss=0.585 ACC=85.756 F1=55.168 Rec=58.381 Prec=56.799
Train Client4 [54/100] LR=0.0001250 loss=0.248 ACC=95.497 F1=45.740 Rec=44.124 Prec=51.739
Train Client5 [54/100] LR=0.0001250 loss=0.435 ACC=91.481 F1=59.296 Rec=57.872 Prec=60.934
Train Client6 [54/100] LR=0.0001250 loss=1.240 ACC=71.500 F1=43.234 Rec=44.849 Prec=45.302
Train Client7 [54/100] LR=0.0001250 loss=1.532 ACC=67.831 F1=68.284 Rec=69.034 Prec=69.272

Val    [54/100] LR=0.0001250 loss=2.268 ACC=83.259 F1=56.869 Rec=53.232 Prec=69.943

Test-  OSR [54/100] LR=0.0001250 ACC=59.068 F1=35.916 Rec=43.019 Prec=34.931 UNK=0.000 OS*=51.623 HOS=0.000 AUROC=63.945 AUPR=37.579 OSCR=60.169
Test-Close [54/100] LR=0.0001250 loss=2.216 ACC=83.861 F1=50.542 Rec=51.623 Prec=57.177
Saving best model . . . . . . . .

Train Client0 [55/100] LR=0.0001250 loss=3.537 ACC=59.146 F1=43.202 Rec=40.817 Prec=62.797
Train Client1 [55/100] LR=0.0001250 loss=0.700 ACC=89.260 F1=54.726 Rec=51.198 Prec=64.698
Train Client2 [55/100] LR=0.0001250 loss=0.130 ACC=97.745 F1=57.905 Rec=54.744 Prec=62.140
Train Client3 [55/100] LR=0.0001250 loss=0.653 ACC=83.430 F1=49.787 Rec=46.998 Prec=55.098
Train Client4 [55/100] LR=0.0001250 loss=0.214 ACC=96.118 F1=55.789 Rec=53.177 Prec=63.190
Train Client5 [55/100] LR=0.0001250 loss=0.445 ACC=91.242 F1=59.524 Rec=57.115 Prec=62.423
Train Client6 [55/100] LR=0.0001250 loss=1.035 ACC=75.500 F1=45.981 Rec=47.378 Prec=47.062
Train Client7 [55/100] LR=0.0001250 loss=1.600 ACC=64.522 F1=63.059 Rec=64.343 Prec=63.472

Val    [55/100] LR=0.0001250 loss=2.244 ACC=83.761 F1=55.025 Rec=51.792 Prec=70.014

Test-  OSR [55/100] LR=0.0001250 ACC=59.325 F1=35.576 Rec=43.929 Prec=33.732 UNK=0.000 OS*=52.715 HOS=0.000 AUROC=62.912 AUPR=36.943 OSCR=59.360
Test-Close [55/100] LR=0.0001250 loss=2.212 ACC=84.225 F1=50.258 Rec=52.715 Prec=55.085
Saving model at epoch 55 . . . . . . . .

Train Client0 [56/100] LR=0.0001250 loss=3.369 ACC=58.689 F1=41.105 Rec=40.630 Prec=51.356
Train Client1 [56/100] LR=0.0001250 loss=0.633 ACC=88.930 F1=53.805 Rec=50.494 Prec=63.708
Train Client2 [56/100] LR=0.0001250 loss=0.138 ACC=97.962 F1=60.413 Rec=57.931 Prec=63.337
Train Client3 [56/100] LR=0.0001250 loss=0.582 ACC=86.047 F1=56.178 Rec=57.383 Prec=58.274
Train Client4 [56/100] LR=0.0001250 loss=0.244 ACC=95.575 F1=51.124 Rec=50.536 Prec=53.104
Train Client5 [56/100] LR=0.0001250 loss=0.459 ACC=90.844 F1=57.179 Rec=55.335 Prec=59.536
Train Client6 [56/100] LR=0.0001250 loss=1.343 ACC=68.500 F1=38.678 Rec=40.628 Prec=41.622
Train Client7 [56/100] LR=0.0001250 loss=1.625 ACC=64.522 F1=58.133 Rec=66.071 Prec=55.848

Val    [56/100] LR=0.0001250 loss=2.243 ACC=83.984 F1=58.517 Rec=52.759 Prec=71.493

Test-  OSR [56/100] LR=0.0001250 ACC=59.562 F1=39.149 Rec=42.529 Prec=39.212 UNK=0.000 OS*=51.034 HOS=0.000 AUROC=63.375 AUPR=36.964 OSCR=59.974
Test-Close [56/100] LR=0.0001250 loss=2.177 ACC=84.562 F1=54.097 Rec=51.034 Prec=62.079
Train Client0 [57/100] LR=0.0001250 loss=3.260 ACC=57.165 F1=38.813 Rec=37.399 Prec=40.932
Train Client1 [57/100] LR=0.0001250 loss=0.645 ACC=88.600 F1=54.161 Rec=51.700 Prec=62.233
Train Client2 [57/100] LR=0.0001250 loss=0.142 ACC=97.655 F1=56.920 Rec=52.101 Prec=70.098
Train Client3 [57/100] LR=0.0001250 loss=0.646 ACC=84.593 F1=52.676 Rec=52.244 Prec=58.827
Train Client4 [57/100] LR=0.0001250 loss=0.228 ACC=96.118 F1=59.106 Rec=58.435 Prec=65.128
Train Client5 [57/100] LR=0.0001250 loss=0.420 ACC=91.561 F1=58.941 Rec=56.632 Prec=61.678
Train Client6 [57/100] LR=0.0001250 loss=1.105 ACC=69.500 F1=42.570 Rec=43.803 Prec=44.884
Train Client7 [57/100] LR=0.0001250 loss=1.735 ACC=66.544 F1=66.739 Rec=67.749 Prec=67.190

Val    [57/100] LR=0.0001250 loss=2.280 ACC=83.147 F1=58.958 Rec=53.285 Prec=68.784

Test-  OSR [57/100] LR=0.0001250 ACC=59.246 F1=39.873 Rec=44.627 Prec=37.396 UNK=0.000 OS*=53.552 HOS=0.000 AUROC=62.924 AUPR=36.244 OSCR=59.448
Test-Close [57/100] LR=0.0001250 loss=2.191 ACC=84.113 F1=55.525 Rec=53.552 Prec=59.433
Train Client0 [58/100] LR=0.0001250 loss=3.387 ACC=59.146 F1=41.598 Rec=40.715 Prec=42.878
Train Client1 [58/100] LR=0.0001250 loss=0.665 ACC=88.820 F1=52.616 Rec=51.253 Prec=58.595
Train Client2 [58/100] LR=0.0001250 loss=0.134 ACC=97.727 F1=58.281 Rec=55.209 Prec=62.285
Train Client3 [58/100] LR=0.0001250 loss=0.673 ACC=86.628 F1=56.824 Rec=55.535 Prec=59.314
Train Client4 [58/100] LR=0.0001250 loss=0.246 ACC=95.031 F1=55.332 Rec=52.304 Prec=60.704
Train Client5 [58/100] LR=0.0001250 loss=0.416 ACC=91.481 F1=60.228 Rec=56.974 Prec=64.320
Train Client6 [58/100] LR=0.0001250 loss=1.108 ACC=74.000 F1=40.924 Rec=41.808 Prec=41.128
Train Client7 [58/100] LR=0.0001250 loss=1.498 ACC=65.993 F1=65.758 Rec=66.498 Prec=66.052

Val    [58/100] LR=0.0001250 loss=2.346 ACC=83.426 F1=58.912 Rec=53.043 Prec=69.152

Test-  OSR [58/100] LR=0.0001250 ACC=59.246 F1=39.712 Rec=44.668 Prec=37.136 UNK=0.000 OS*=53.602 HOS=0.000 AUROC=62.975 AUPR=36.881 OSCR=59.349
Test-Close [58/100] LR=0.0001250 loss=2.230 ACC=84.113 F1=55.426 Rec=53.602 Prec=59.885
Train Client0 [59/100] LR=0.0001250 loss=3.436 ACC=60.213 F1=42.451 Rec=40.472 Prec=64.545
Train Client1 [59/100] LR=0.0001250 loss=0.636 ACC=88.966 F1=53.039 Rec=50.785 Prec=59.706
Train Client2 [59/100] LR=0.0001250 loss=0.137 ACC=97.637 F1=57.179 Rec=53.269 Prec=68.929
Train Client3 [59/100] LR=0.0001250 loss=0.646 ACC=86.337 F1=58.508 Rec=61.343 Prec=67.710
Train Client4 [59/100] LR=0.0001250 loss=0.269 ACC=96.196 F1=56.361 Rec=51.321 Prec=65.796
Train Client5 [59/100] LR=0.0001250 loss=0.429 ACC=91.322 F1=58.052 Rec=55.353 Prec=61.555
Train Client6 [59/100] LR=0.0001250 loss=1.041 ACC=77.500 F1=48.524 Rec=48.489 Prec=50.166
Train Client7 [59/100] LR=0.0001250 loss=1.516 ACC=67.096 F1=66.662 Rec=67.550 Prec=67.675

Val    [59/100] LR=0.0001250 loss=2.445 ACC=83.426 F1=58.303 Rec=53.360 Prec=69.886

Test-  OSR [59/100] LR=0.0001250 ACC=58.871 F1=37.697 Rec=44.689 Prec=35.345 UNK=0.000 OS*=53.626 HOS=0.000 AUROC=62.714 AUPR=36.927 OSCR=58.805
Test-Close [59/100] LR=0.0001250 loss=2.318 ACC=83.581 F1=52.660 Rec=53.626 Prec=57.854
Train Client0 [60/100] LR=0.0001250 loss=2.798 ACC=60.213 F1=41.770 Rec=41.412 Prec=42.337
Train Client1 [60/100] LR=0.0001250 loss=0.644 ACC=89.223 F1=52.784 Rec=50.181 Prec=60.793
Train Client2 [60/100] LR=0.0001250 loss=0.121 ACC=98.052 F1=63.993 Rec=60.381 Prec=68.402
Train Client3 [60/100] LR=0.0001250 loss=0.565 ACC=85.465 F1=52.675 Rec=52.846 Prec=55.566
Train Client4 [60/100] LR=0.0001250 loss=0.205 ACC=96.429 F1=59.030 Rec=58.834 Prec=62.584
Train Client5 [60/100] LR=0.0001250 loss=0.425 ACC=90.685 F1=58.775 Rec=56.935 Prec=60.956
Train Client6 [60/100] LR=0.0001250 loss=1.293 ACC=71.500 F1=44.548 Rec=44.914 Prec=47.811
Train Client7 [60/100] LR=0.0001250 loss=1.595 ACC=66.544 F1=59.401 Rec=66.519 Prec=56.663

Val    [60/100] LR=0.0001250 loss=2.282 ACC=83.315 F1=59.833 Rec=55.327 Prec=67.865

Test-  OSR [60/100] LR=0.0001250 ACC=59.167 F1=39.658 Rec=46.138 Prec=37.090 UNK=0.000 OS*=55.365 HOS=0.000 AUROC=63.369 AUPR=36.319 OSCR=59.832
Test-Close [60/100] LR=0.0001250 loss=2.189 ACC=84.001 F1=55.500 Rec=55.365 Prec=58.983
Saving model at epoch 60 . . . . . . . .

Train Client0 [61/100] LR=0.0001250 loss=2.697 ACC=60.366 F1=41.190 Rec=40.088 Prec=51.547
Train Client1 [61/100] LR=0.0001250 loss=0.642 ACC=88.050 F1=50.684 Rec=49.131 Prec=56.304
Train Client2 [61/100] LR=0.0001250 loss=0.123 ACC=98.124 F1=64.301 Rec=59.058 Prec=87.585
Train Client3 [61/100] LR=0.0001250 loss=0.649 ACC=84.884 F1=55.064 Rec=54.170 Prec=57.614
Train Client4 [61/100] LR=0.0001250 loss=0.250 ACC=96.118 F1=58.755 Rec=56.070 Prec=64.996
Train Client5 [61/100] LR=0.0001250 loss=0.475 ACC=91.162 F1=59.232 Rec=57.019 Prec=61.912
Train Client6 [61/100] LR=0.0001250 loss=1.027 ACC=73.500 F1=40.846 Rec=41.901 Prec=40.913
Train Client7 [61/100] LR=0.0001250 loss=1.544 ACC=66.912 F1=67.043 Rec=67.372 Prec=67.559

Val    [61/100] LR=0.0001250 loss=2.291 ACC=83.538 F1=60.547 Rec=56.220 Prec=68.202

Test-  OSR [61/100] LR=0.0001250 ACC=59.207 F1=38.160 Rec=45.460 Prec=35.249 UNK=0.000 OS*=54.552 HOS=0.000 AUROC=64.384 AUPR=37.811 OSCR=60.337
Test-Close [61/100] LR=0.0001250 loss=2.235 ACC=84.057 F1=54.243 Rec=54.552 Prec=58.007
Saving best model . . . . . . . .

Train Client0 [62/100] LR=0.0001250 loss=3.378 ACC=60.518 F1=42.235 Rec=40.824 Prec=53.022
Train Client1 [62/100] LR=0.0001250 loss=0.651 ACC=88.746 F1=52.339 Rec=49.901 Prec=59.900
Train Client2 [62/100] LR=0.0001250 loss=0.120 ACC=97.872 F1=60.406 Rec=57.153 Prec=68.085
Train Client3 [62/100] LR=0.0001250 loss=0.594 ACC=86.628 F1=59.367 Rec=57.303 Prec=66.188
Train Client4 [62/100] LR=0.0001250 loss=0.278 ACC=95.497 F1=42.473 Rec=39.460 Prec=47.799
Train Client5 [62/100] LR=0.0001250 loss=0.414 ACC=91.640 F1=60.636 Rec=58.661 Prec=62.933
Train Client6 [62/100] LR=0.0001250 loss=1.013 ACC=78.500 F1=52.436 Rec=52.100 Prec=54.927
Train Client7 [62/100] LR=0.0001250 loss=1.467 ACC=67.463 F1=67.716 Rec=68.031 Prec=68.844

Val    [62/100] LR=0.0001250 loss=2.275 ACC=82.199 F1=58.904 Rec=53.943 Prec=67.863

Test-  OSR [62/100] LR=0.0001250 ACC=58.891 F1=39.797 Rec=44.765 Prec=38.239 UNK=0.000 OS*=53.718 HOS=0.000 AUROC=62.519 AUPR=35.706 OSCR=58.857
Test-Close [62/100] LR=0.0001250 loss=2.210 ACC=83.609 F1=55.285 Rec=53.718 Prec=60.395
Train Client0 [63/100] LR=0.0001250 loss=3.549 ACC=62.500 F1=43.381 Rec=41.294 Prec=55.524
Train Client1 [63/100] LR=0.0001250 loss=0.626 ACC=88.820 F1=58.447 Rec=55.240 Prec=65.972
Train Client2 [63/100] LR=0.0001250 loss=0.136 ACC=97.709 F1=59.292 Rec=55.244 Prec=64.511
Train Client3 [63/100] LR=0.0001250 loss=0.556 ACC=87.791 F1=56.202 Rec=53.887 Prec=63.024
Train Client4 [63/100] LR=0.0001250 loss=0.232 ACC=96.429 F1=56.844 Rec=55.481 Prec=60.843
Train Client5 [63/100] LR=0.0001250 loss=0.404 ACC=91.162 F1=60.606 Rec=58.276 Prec=63.331
Train Client6 [63/100] LR=0.0001250 loss=1.403 ACC=75.000 F1=46.505 Rec=48.168 Prec=46.865
Train Client7 [63/100] LR=0.0001250 loss=1.591 ACC=66.176 F1=67.131 Rec=67.776 Prec=67.818

Val    [63/100] LR=0.0001250 loss=2.320 ACC=82.868 F1=57.593 Rec=54.032 Prec=68.895

Test-  OSR [63/100] LR=0.0001250 ACC=58.930 F1=36.951 Rec=44.351 Prec=35.882 UNK=0.000 OS*=53.221 HOS=0.000 AUROC=62.893 AUPR=36.555 OSCR=59.001
Test-Close [63/100] LR=0.0001250 loss=2.258 ACC=83.665 F1=51.890 Rec=53.221 Prec=58.651
Train Client0 [64/100] LR=0.0001250 loss=3.550 ACC=58.689 F1=38.886 Rec=38.186 Prec=49.306
Train Client1 [64/100] LR=0.0001250 loss=0.651 ACC=88.820 F1=58.155 Rec=54.122 Prec=68.713
Train Client2 [64/100] LR=0.0001250 loss=0.122 ACC=97.980 F1=61.838 Rec=58.598 Prec=65.911
Train Client3 [64/100] LR=0.0001250 loss=0.555 ACC=87.500 F1=58.929 Rec=56.363 Prec=62.974
Train Client4 [64/100] LR=0.0001250 loss=0.244 ACC=95.963 F1=61.771 Rec=57.048 Prec=68.793
Train Client5 [64/100] LR=0.0001250 loss=0.429 ACC=91.720 F1=60.180 Rec=58.335 Prec=62.366
Train Client6 [64/100] LR=0.0001250 loss=1.096 ACC=74.500 F1=42.467 Rec=44.268 Prec=43.041
Train Client7 [64/100] LR=0.0001250 loss=1.531 ACC=66.360 F1=66.019 Rec=66.447 Prec=66.537

Val    [64/100] LR=0.0001250 loss=2.267 ACC=83.650 F1=59.037 Rec=54.756 Prec=70.906

Test-  OSR [64/100] LR=0.0001250 ACC=59.226 F1=37.143 Rec=44.059 Prec=35.904 UNK=0.000 OS*=52.871 HOS=0.000 AUROC=63.256 AUPR=37.072 OSCR=59.828
Test-Close [64/100] LR=0.0001250 loss=2.180 ACC=84.085 F1=52.032 Rec=52.871 Prec=59.038
Train Client0 [65/100] LR=0.0001250 loss=3.738 ACC=58.689 F1=39.537 Rec=38.049 Prec=41.815
Train Client1 [65/100] LR=0.0001250 loss=0.671 ACC=88.930 F1=51.369 Rec=49.380 Prec=58.238
Train Client2 [65/100] LR=0.0001250 loss=0.123 ACC=97.926 F1=62.196 Rec=57.358 Prec=75.289
Train Client3 [65/100] LR=0.0001250 loss=0.601 ACC=85.465 F1=52.133 Rec=48.879 Prec=56.685
Train Client4 [65/100] LR=0.0001250 loss=0.266 ACC=95.575 F1=45.531 Rec=43.113 Prec=56.518
Train Client5 [65/100] LR=0.0001250 loss=0.407 ACC=91.799 F1=60.122 Rec=57.498 Prec=63.333
Train Client6 [65/100] LR=0.0001250 loss=1.020 ACC=79.000 F1=51.994 Rec=53.687 Prec=52.178
Train Client7 [65/100] LR=0.0001250 loss=1.620 ACC=65.074 F1=64.898 Rec=65.749 Prec=65.149

Val    [65/100] LR=0.0001250 loss=2.250 ACC=83.538 F1=59.877 Rec=55.799 Prec=66.049

Test-  OSR [65/100] LR=0.0001250 ACC=59.443 F1=40.233 Rec=47.023 Prec=36.521 UNK=0.000 OS*=56.428 HOS=0.000 AUROC=63.320 AUPR=36.712 OSCR=59.606
Test-Close [65/100] LR=0.0001250 loss=2.208 ACC=84.393 F1=56.320 Rec=56.428 Prec=58.662
Saving model at epoch 65 . . . . . . . .

Train Client0 [66/100] LR=0.0001250 loss=3.414 ACC=57.927 F1=38.547 Rec=36.359 Prec=46.084
Train Client1 [66/100] LR=0.0001250 loss=0.650 ACC=88.526 F1=54.672 Rec=52.552 Prec=60.590
Train Client2 [66/100] LR=0.0001250 loss=0.121 ACC=97.962 F1=66.744 Rec=63.233 Prec=74.064
Train Client3 [66/100] LR=0.0001250 loss=0.622 ACC=86.337 F1=58.556 Rec=57.368 Prec=62.737
Train Client4 [66/100] LR=0.0001250 loss=0.224 ACC=95.885 F1=53.228 Rec=49.469 Prec=63.275
Train Client5 [66/100] LR=0.0001250 loss=0.444 ACC=90.924 F1=58.862 Rec=55.985 Prec=62.628
Train Client6 [66/100] LR=0.0001250 loss=1.051 ACC=75.500 F1=46.779 Rec=46.765 Prec=49.122
Train Client7 [66/100] LR=0.0001250 loss=1.357 ACC=68.199 F1=68.758 Rec=69.490 Prec=69.054

Val    [66/100] LR=0.0001250 loss=2.272 ACC=83.036 F1=57.981 Rec=52.538 Prec=71.175

Test-  OSR [66/100] LR=0.0001250 ACC=58.970 F1=37.518 Rec=42.667 Prec=37.346 UNK=0.000 OS*=51.200 HOS=0.000 AUROC=63.149 AUPR=36.460 OSCR=59.400
Test-Close [66/100] LR=0.0001250 loss=2.234 ACC=83.721 F1=52.152 Rec=51.200 Prec=61.593
Train Client0 [67/100] LR=0.0001250 loss=3.367 ACC=62.195 F1=41.241 Rec=39.667 Prec=43.951
Train Client1 [67/100] LR=0.0001250 loss=0.641 ACC=88.856 F1=54.292 Rec=52.869 Prec=60.976
Train Client2 [67/100] LR=0.0001250 loss=0.122 ACC=97.872 F1=65.137 Rec=58.499 Prec=77.669
Train Client3 [67/100] LR=0.0001250 loss=0.581 ACC=84.884 F1=52.475 Rec=50.150 Prec=61.094
Train Client4 [67/100] LR=0.0001250 loss=0.259 ACC=95.575 F1=50.446 Rec=46.368 Prec=58.678
Train Client5 [67/100] LR=0.0001250 loss=0.419 ACC=91.481 F1=60.437 Rec=57.760 Prec=63.661
Train Client6 [67/100] LR=0.0001250 loss=1.364 ACC=73.500 F1=41.586 Rec=43.146 Prec=42.926
Train Client7 [67/100] LR=0.0001250 loss=1.515 ACC=64.890 F1=45.910 Rec=46.782 Prec=46.630

Val    [67/100] LR=0.0001250 loss=2.330 ACC=81.920 F1=59.497 Rec=55.302 Prec=68.531

Test-  OSR [67/100] LR=0.0001250 ACC=58.674 F1=39.187 Rec=45.474 Prec=36.944 UNK=0.000 OS*=54.569 HOS=0.000 AUROC=62.294 AUPR=35.479 OSCR=58.374
Test-Close [67/100] LR=0.0001250 loss=2.284 ACC=83.301 F1=54.568 Rec=54.569 Prec=58.403
Train Client0 [68/100] LR=0.0001250 loss=3.582 ACC=58.994 F1=40.195 Rec=37.981 Prec=51.292
Train Client1 [68/100] LR=0.0001250 loss=0.655 ACC=88.930 F1=54.581 Rec=52.503 Prec=60.335
Train Client2 [68/100] LR=0.0001250 loss=0.117 ACC=97.926 F1=59.954 Rec=57.900 Prec=62.598
Train Client3 [68/100] LR=0.0001250 loss=0.524 ACC=87.209 F1=54.565 Rec=52.681 Prec=58.192
Train Client4 [68/100] LR=0.0001250 loss=0.228 ACC=96.196 F1=52.781 Rec=48.742 Prec=63.613
Train Client5 [68/100] LR=0.0001250 loss=0.457 ACC=91.401 F1=58.715 Rec=56.391 Prec=61.475
Train Client6 [68/100] LR=0.0001250 loss=0.979 ACC=76.000 F1=50.134 Rec=50.469 Prec=51.593
Train Client7 [68/100] LR=0.0001250 loss=1.674 ACC=66.912 F1=57.347 Rec=67.707 Prec=54.965

Val    [68/100] LR=0.0001250 loss=2.323 ACC=84.263 F1=63.270 Rec=58.258 Prec=70.856

Test-  OSR [68/100] LR=0.0001250 ACC=59.522 F1=39.756 Rec=46.817 Prec=35.844 UNK=0.000 OS*=56.181 HOS=0.000 AUROC=63.912 AUPR=37.162 OSCR=59.952
Test-Close [68/100] LR=0.0001250 loss=2.285 ACC=84.505 F1=56.062 Rec=56.181 Prec=58.774
Train Client0 [69/100] LR=0.0001250 loss=3.099 ACC=63.110 F1=43.544 Rec=41.940 Prec=51.534
Train Client1 [69/100] LR=0.0001250 loss=0.615 ACC=89.040 F1=55.129 Rec=52.858 Prec=60.909
Train Client2 [69/100] LR=0.0001250 loss=0.112 ACC=98.178 F1=67.215 Rec=62.316 Prec=75.209
Train Client3 [69/100] LR=0.0001250 loss=0.587 ACC=86.628 F1=57.297 Rec=56.532 Prec=60.195
Train Client4 [69/100] LR=0.0001250 loss=0.215 ACC=96.196 F1=49.984 Rec=47.393 Prec=56.989
Train Client5 [69/100] LR=0.0001250 loss=0.431 ACC=91.401 F1=59.913 Rec=57.496 Prec=62.815
Train Client6 [69/100] LR=0.0001250 loss=1.224 ACC=78.000 F1=50.499 Rec=52.129 Prec=51.504
Train Client7 [69/100] LR=0.0001250 loss=1.864 ACC=65.993 F1=66.810 Rec=67.981 Prec=67.196

Val    [69/100] LR=0.0001250 loss=2.361 ACC=82.757 F1=56.818 Rec=51.116 Prec=70.116

Test-  OSR [69/100] LR=0.0001250 ACC=58.753 F1=37.528 Rec=42.241 Prec=36.560 UNK=0.000 OS*=50.689 HOS=0.000 AUROC=62.767 AUPR=36.286 OSCR=58.710
Test-Close [69/100] LR=0.0001250 loss=2.372 ACC=83.413 F1=52.219 Rec=50.689 Prec=59.918
Train Client0 [70/100] LR=0.0001250 loss=3.409 ACC=60.061 F1=40.087 Rec=39.523 Prec=41.128
Train Client1 [70/100] LR=0.0001250 loss=0.620 ACC=89.406 F1=55.430 Rec=52.508 Prec=64.003
Train Client2 [70/100] LR=0.0001250 loss=0.120 ACC=98.052 F1=61.926 Rec=56.885 Prec=72.138
Train Client3 [70/100] LR=0.0001250 loss=0.627 ACC=85.174 F1=54.169 Rec=53.224 Prec=59.308
Train Client4 [70/100] LR=0.0001250 loss=0.231 ACC=95.963 F1=53.212 Rec=48.712 Prec=61.017
Train Client5 [70/100] LR=0.0001250 loss=0.405 ACC=90.924 F1=58.834 Rec=56.035 Prec=62.646
Train Client6 [70/100] LR=0.0001250 loss=1.224 ACC=74.500 F1=46.015 Rec=46.079 Prec=47.696
Train Client7 [70/100] LR=0.0001250 loss=1.748 ACC=64.522 F1=44.370 Rec=45.296 Prec=44.834

Val    [70/100] LR=0.0001250 loss=2.315 ACC=82.980 F1=57.538 Rec=53.106 Prec=65.038

Test-  OSR [70/100] LR=0.0001250 ACC=59.147 F1=39.285 Rec=44.821 Prec=36.332 UNK=0.000 OS*=53.785 HOS=0.000 AUROC=62.302 AUPR=36.297 OSCR=58.570
Test-Close [70/100] LR=0.0001250 loss=2.302 ACC=83.973 F1=54.311 Rec=53.785 Prec=57.604
Saving model at epoch 70 . . . . . . . .

Train Client0 [71/100] LR=0.0001250 loss=3.264 ACC=60.518 F1=42.530 Rec=40.152 Prec=52.252
Train Client1 [71/100] LR=0.0001250 loss=0.702 ACC=88.343 F1=52.580 Rec=49.740 Prec=60.920
Train Client2 [71/100] LR=0.0001250 loss=0.112 ACC=98.124 F1=63.768 Rec=59.998 Prec=69.310
Train Client3 [71/100] LR=0.0001250 loss=0.592 ACC=85.756 F1=53.124 Rec=52.434 Prec=57.532
Train Client4 [71/100] LR=0.0001250 loss=0.199 ACC=96.351 F1=63.599 Rec=58.022 Prec=74.011
Train Client5 [71/100] LR=0.0001250 loss=0.434 ACC=91.322 F1=59.202 Rec=56.790 Prec=62.103
Train Client6 [71/100] LR=0.0001250 loss=1.221 ACC=75.500 F1=49.909 Rec=51.436 Prec=50.369
Train Client7 [71/100] LR=0.0001250 loss=1.540 ACC=67.831 F1=67.778 Rec=68.270 Prec=68.456

Val    [71/100] LR=0.0001250 loss=2.231 ACC=84.319 F1=58.033 Rec=54.525 Prec=68.704

Test-  OSR [71/100] LR=0.0001250 ACC=59.680 F1=38.102 Rec=45.707 Prec=36.426 UNK=0.000 OS*=54.848 HOS=0.000 AUROC=63.985 AUPR=38.177 OSCR=60.251
Test-Close [71/100] LR=0.0001250 loss=2.210 ACC=84.730 F1=53.606 Rec=54.848 Prec=60.246
Train Client0 [72/100] LR=0.0001250 loss=3.512 ACC=59.909 F1=40.499 Rec=39.522 Prec=48.096
Train Client1 [72/100] LR=0.0001250 loss=0.659 ACC=88.600 F1=56.487 Rec=53.962 Prec=63.536
Train Client2 [72/100] LR=0.0001250 loss=0.110 ACC=98.142 F1=63.174 Rec=60.818 Prec=65.925
Train Client3 [72/100] LR=0.0001250 loss=0.605 ACC=86.919 F1=61.195 Rec=63.476 Prec=62.810
Train Client4 [72/100] LR=0.0001250 loss=0.233 ACC=95.652 F1=50.661 Rec=46.759 Prec=59.131
Train Client5 [72/100] LR=0.0001250 loss=0.403 ACC=91.879 F1=60.731 Rec=58.823 Prec=62.938
Train Client6 [72/100] LR=0.0001250 loss=1.124 ACC=72.000 F1=45.838 Rec=48.182 Prec=46.782
Train Client7 [72/100] LR=0.0001250 loss=1.682 ACC=67.096 F1=67.466 Rec=68.362 Prec=68.340

Val    [72/100] LR=0.0001250 loss=2.333 ACC=83.092 F1=59.051 Rec=54.208 Prec=67.159

Test-  OSR [72/100] LR=0.0001250 ACC=59.167 F1=39.474 Rec=45.433 Prec=36.487 UNK=0.000 OS*=54.520 HOS=0.000 AUROC=62.817 AUPR=36.380 OSCR=59.055
Test-Close [72/100] LR=0.0001250 loss=2.314 ACC=84.001 F1=54.854 Rec=54.520 Prec=58.200
Train Client0 [73/100] LR=0.0001250 loss=3.187 ACC=59.756 F1=39.553 Rec=37.555 Prec=53.539
Train Client1 [73/100] LR=0.0001250 loss=0.602 ACC=88.563 F1=54.340 Rec=51.436 Prec=61.186
Train Client2 [73/100] LR=0.0001250 loss=0.125 ACC=97.890 F1=59.383 Rec=56.729 Prec=62.636
Train Client3 [73/100] LR=0.0001250 loss=0.598 ACC=85.756 F1=58.995 Rec=59.944 Prec=60.599
Train Client4 [73/100] LR=0.0001250 loss=0.241 ACC=96.040 F1=52.378 Rec=49.868 Prec=55.446
Train Client5 [73/100] LR=0.0001250 loss=0.406 ACC=90.924 F1=58.045 Rec=56.249 Prec=60.104
Train Client6 [73/100] LR=0.0001250 loss=1.086 ACC=73.500 F1=47.486 Rec=48.208 Prec=48.559
Train Client7 [73/100] LR=0.0001250 loss=1.625 ACC=66.544 F1=67.324 Rec=68.336 Prec=67.567

Val    [73/100] LR=0.0001250 loss=2.302 ACC=83.538 F1=58.497 Rec=54.417 Prec=66.559

Test-  OSR [73/100] LR=0.0001250 ACC=59.167 F1=37.467 Rec=44.006 Prec=35.144 UNK=0.000 OS*=52.807 HOS=0.000 AUROC=62.787 AUPR=36.250 OSCR=59.133
Test-Close [73/100] LR=0.0001250 loss=2.303 ACC=84.001 F1=52.279 Rec=52.807 Prec=56.875
>> New learning Rate: 6.25e-05
Train Client0 [74/100] LR=0.0000625 loss=3.183 ACC=58.079 F1=40.648 Rec=38.539 Prec=48.432
Train Client1 [74/100] LR=0.0000625 loss=0.596 ACC=89.516 F1=56.638 Rec=53.856 Prec=64.498
Train Client2 [74/100] LR=0.0000625 loss=0.105 ACC=98.070 F1=66.599 Rec=62.265 Prec=76.651
Train Client3 [74/100] LR=0.0000625 loss=0.543 ACC=86.628 F1=59.303 Rec=60.286 Prec=64.007
Train Client4 [74/100] LR=0.0000625 loss=0.194 ACC=95.807 F1=52.650 Rec=51.364 Prec=58.847
Train Client5 [74/100] LR=0.0000625 loss=0.369 ACC=91.242 F1=59.947 Rec=57.726 Prec=62.668
Train Client6 [74/100] LR=0.0000625 loss=1.120 ACC=69.500 F1=43.079 Rec=46.598 Prec=45.674
Train Client7 [74/100] LR=0.0000625 loss=1.778 ACC=65.809 F1=65.908 Rec=67.616 Prec=68.904

Val    [74/100] LR=0.0000625 loss=2.343 ACC=83.259 F1=59.889 Rec=57.019 Prec=64.667

Test-  OSR [74/100] LR=0.0000625 ACC=58.930 F1=38.514 Rec=45.810 Prec=35.144 UNK=0.000 OS*=54.972 HOS=0.000 AUROC=62.428 AUPR=36.292 OSCR=58.670
Test-Close [74/100] LR=0.0000625 loss=2.295 ACC=83.665 F1=54.052 Rec=54.972 Prec=56.402
Train Client0 [75/100] LR=0.0000625 loss=3.965 ACC=57.317 F1=39.369 Rec=37.154 Prec=43.679
Train Client1 [75/100] LR=0.0000625 loss=0.591 ACC=89.040 F1=57.561 Rec=56.443 Prec=62.062
Train Client2 [75/100] LR=0.0000625 loss=0.093 ACC=98.413 F1=70.117 Rec=66.261 Prec=79.322
Train Client3 [75/100] LR=0.0000625 loss=0.603 ACC=84.884 F1=57.217 Rec=57.419 Prec=60.977
Train Client4 [75/100] LR=0.0000625 loss=0.221 ACC=96.817 F1=55.004 Rec=52.289 Prec=59.239
Train Client5 [75/100] LR=0.0000625 loss=0.361 ACC=92.038 F1=61.821 Rec=58.993 Prec=65.430
Train Client6 [75/100] LR=0.0000625 loss=1.130 ACC=68.500 F1=38.303 Rec=40.935 Prec=41.636
Train Client7 [75/100] LR=0.0000625 loss=1.700 ACC=63.051 F1=43.682 Rec=45.306 Prec=46.051

Val    [75/100] LR=0.0000625 loss=2.365 ACC=83.203 F1=59.106 Rec=55.778 Prec=64.844

Test-  OSR [75/100] LR=0.0000625 ACC=59.365 F1=39.614 Rec=46.896 Prec=35.674 UNK=0.000 OS*=56.275 HOS=0.000 AUROC=61.801 AUPR=36.095 OSCR=57.964
Test-Close [75/100] LR=0.0000625 loss=2.323 ACC=84.281 F1=55.454 Rec=56.275 Prec=58.006
Saving model at epoch 75 . . . . . . . .

Train Client0 [76/100] LR=0.0000625 loss=3.358 ACC=60.518 F1=40.322 Rec=38.149 Prec=53.168
Train Client1 [76/100] LR=0.0000625 loss=0.609 ACC=88.893 F1=55.193 Rec=54.093 Prec=58.851
Train Client2 [76/100] LR=0.0000625 loss=0.106 ACC=97.980 F1=63.437 Rec=59.615 Prec=70.159
Train Client3 [76/100] LR=0.0000625 loss=0.572 ACC=85.756 F1=55.596 Rec=52.820 Prec=64.677
Train Client4 [76/100] LR=0.0000625 loss=0.277 ACC=96.273 F1=58.762 Rec=59.305 Prec=67.262
Train Client5 [76/100] LR=0.0000625 loss=0.380 ACC=92.834 F1=62.656 Rec=60.040 Prec=65.796
Train Client6 [76/100] LR=0.0000625 loss=1.180 ACC=68.500 F1=43.442 Rec=47.111 Prec=47.300
Train Client7 [76/100] LR=0.0000625 loss=1.751 ACC=62.316 F1=62.673 Rec=64.999 Prec=64.652

Val    [76/100] LR=0.0000625 loss=2.391 ACC=83.761 F1=60.476 Rec=57.226 Prec=68.523

Test-  OSR [76/100] LR=0.0000625 ACC=59.246 F1=38.429 Rec=45.637 Prec=35.593 UNK=0.000 OS*=54.765 HOS=0.000 AUROC=62.178 AUPR=36.245 OSCR=58.319
Test-Close [76/100] LR=0.0000625 loss=2.318 ACC=84.113 F1=53.858 Rec=54.765 Prec=57.812
Train Client0 [77/100] LR=0.0000625 loss=3.822 ACC=55.335 F1=37.544 Rec=35.151 Prec=51.708
Train Client1 [77/100] LR=0.0000625 loss=0.596 ACC=89.919 F1=56.776 Rec=53.584 Prec=64.921
Train Client2 [77/100] LR=0.0000625 loss=0.102 ACC=98.214 F1=70.103 Rec=66.465 Prec=75.658
Train Client3 [77/100] LR=0.0000625 loss=0.636 ACC=86.628 F1=55.792 Rec=53.255 Prec=61.895
Train Client4 [77/100] LR=0.0000625 loss=0.220 ACC=96.040 F1=52.193 Rec=50.853 Prec=56.774
Train Client5 [77/100] LR=0.0000625 loss=0.395 ACC=91.799 F1=61.339 Rec=58.276 Prec=65.763
Train Client6 [77/100] LR=0.0000625 loss=1.176 ACC=68.500 F1=40.797 Rec=43.554 Prec=43.430
Train Client7 [77/100] LR=0.0000625 loss=1.501 ACC=64.890 F1=65.365 Rec=67.451 Prec=67.381

Val    [77/100] LR=0.0000625 loss=2.342 ACC=82.868 F1=60.283 Rec=57.161 Prec=65.513

Test-  OSR [77/100] LR=0.0000625 ACC=58.891 F1=39.536 Rec=46.181 Prec=36.177 UNK=0.000 OS*=55.417 HOS=0.000 AUROC=62.083 AUPR=35.994 OSCR=58.124
Test-Close [77/100] LR=0.0000625 loss=2.279 ACC=83.609 F1=55.303 Rec=55.417 Prec=57.974
Train Client0 [78/100] LR=0.0000625 loss=3.549 ACC=56.250 F1=37.523 Rec=35.112 Prec=48.726
Train Client1 [78/100] LR=0.0000625 loss=0.605 ACC=89.333 F1=56.954 Rec=53.930 Prec=63.731
Train Client2 [78/100] LR=0.0000625 loss=0.095 ACC=98.359 F1=67.330 Rec=64.829 Prec=74.365
Train Client3 [78/100] LR=0.0000625 loss=0.558 ACC=86.919 F1=60.515 Rec=59.150 Prec=65.636
Train Client4 [78/100] LR=0.0000625 loss=0.241 ACC=95.575 F1=57.513 Rec=59.174 Prec=60.944
Train Client5 [78/100] LR=0.0000625 loss=0.389 ACC=91.799 F1=59.708 Rec=56.783 Prec=63.545
Train Client6 [78/100] LR=0.0000625 loss=1.082 ACC=71.000 F1=42.802 Rec=46.122 Prec=45.950
Train Client7 [78/100] LR=0.0000625 loss=1.500 ACC=65.993 F1=66.357 Rec=68.147 Prec=68.379

Val    [78/100] LR=0.0000625 loss=2.272 ACC=83.873 F1=61.344 Rec=56.929 Prec=68.913

Test-  OSR [78/100] LR=0.0000625 ACC=59.147 F1=39.816 Rec=45.589 Prec=37.078 UNK=0.000 OS*=54.707 HOS=0.000 AUROC=61.942 AUPR=36.216 OSCR=58.302
Test-Close [78/100] LR=0.0000625 loss=2.247 ACC=83.973 F1=55.649 Rec=54.707 Prec=59.612
Train Client0 [79/100] LR=0.0000625 loss=3.484 ACC=59.451 F1=41.516 Rec=39.281 Prec=54.159
Train Client1 [79/100] LR=0.0000625 loss=0.663 ACC=88.746 F1=55.304 Rec=53.079 Prec=61.463
Train Client2 [79/100] LR=0.0000625 loss=0.094 ACC=98.341 F1=68.405 Rec=64.977 Prec=75.566
Train Client3 [79/100] LR=0.0000625 loss=0.562 ACC=86.919 F1=59.558 Rec=56.536 Prec=67.405
Train Client4 [79/100] LR=0.0000625 loss=0.191 ACC=96.894 F1=68.684 Rec=68.033 Prec=71.717
Train Client5 [79/100] LR=0.0000625 loss=0.391 ACC=91.481 F1=61.085 Rec=58.049 Prec=64.950
Train Client6 [79/100] LR=0.0000625 loss=1.208 ACC=68.000 F1=40.468 Rec=44.149 Prec=42.935
Train Client7 [79/100] LR=0.0000625 loss=1.703 ACC=65.993 F1=67.222 Rec=69.322 Prec=70.351

Val    [79/100] LR=0.0000625 loss=2.435 ACC=82.757 F1=61.078 Rec=57.495 Prec=66.225

Test-  OSR [79/100] LR=0.0000625 ACC=58.871 F1=39.939 Rec=46.744 Prec=35.663 UNK=0.000 OS*=56.093 HOS=0.000 AUROC=61.878 AUPR=36.690 OSCR=57.470
Test-Close [79/100] LR=0.0000625 loss=2.409 ACC=83.581 F1=56.343 Rec=56.093 Prec=58.416
Train Client0 [80/100] LR=0.0000625 loss=3.169 ACC=60.061 F1=41.383 Rec=38.832 Prec=49.633
Train Client1 [80/100] LR=0.0000625 loss=0.590 ACC=88.930 F1=62.197 Rec=58.469 Prec=70.446
Train Client2 [80/100] LR=0.0000625 loss=0.097 ACC=98.268 F1=67.852 Rec=64.861 Prec=72.008
Train Client3 [80/100] LR=0.0000625 loss=0.559 ACC=86.919 F1=57.494 Rec=55.004 Prec=62.791
Train Client4 [80/100] LR=0.0000625 loss=0.197 ACC=96.273 F1=57.428 Rec=57.355 Prec=64.626
Train Client5 [80/100] LR=0.0000625 loss=0.374 ACC=91.799 F1=61.800 Rec=60.062 Prec=64.173
Train Client6 [80/100] LR=0.0000625 loss=1.126 ACC=73.000 F1=44.204 Rec=47.298 Prec=46.973
Train Client7 [80/100] LR=0.0000625 loss=1.828 ACC=61.949 F1=62.723 Rec=64.377 Prec=66.154

Val    [80/100] LR=0.0000625 loss=2.440 ACC=82.310 F1=60.629 Rec=57.517 Prec=65.458

Test-  OSR [80/100] LR=0.0000625 ACC=58.358 F1=38.907 Rec=46.660 Prec=34.753 UNK=0.000 OS*=55.992 HOS=0.000 AUROC=61.572 AUPR=35.803 OSCR=57.096
Test-Close [80/100] LR=0.0000625 loss=2.412 ACC=82.852 F1=54.690 Rec=55.992 Prec=55.895
Saving model at epoch 80 . . . . . . . .

Train Client0 [81/100] LR=0.0000625 loss=3.701 ACC=58.689 F1=40.029 Rec=37.341 Prec=50.402
Train Client1 [81/100] LR=0.0000625 loss=0.594 ACC=89.699 F1=56.406 Rec=53.563 Prec=64.639
Train Client2 [81/100] LR=0.0000625 loss=0.088 ACC=98.503 F1=70.921 Rec=67.892 Prec=74.973
Train Client3 [81/100] LR=0.0000625 loss=0.615 ACC=85.174 F1=55.080 Rec=52.877 Prec=59.462
Train Client4 [81/100] LR=0.0000625 loss=0.233 ACC=95.885 F1=57.787 Rec=59.999 Prec=58.744
Train Client5 [81/100] LR=0.0000625 loss=0.399 ACC=91.879 F1=60.977 Rec=59.239 Prec=63.078
Train Client6 [81/100] LR=0.0000625 loss=1.093 ACC=69.000 F1=44.217 Rec=47.389 Prec=47.159
Train Client7 [81/100] LR=0.0000625 loss=1.868 ACC=63.787 F1=57.429 Rec=66.505 Prec=56.898

Val    [81/100] LR=0.0000625 loss=2.334 ACC=83.817 F1=61.418 Rec=57.106 Prec=68.224

Test-  OSR [81/100] LR=0.0000625 ACC=59.049 F1=39.231 Rec=45.939 Prec=35.673 UNK=0.000 OS*=55.126 HOS=0.000 AUROC=62.134 AUPR=36.117 OSCR=58.270
Test-Close [81/100] LR=0.0000625 loss=2.293 ACC=83.833 F1=55.073 Rec=55.126 Prec=57.490
Train Client0 [82/100] LR=0.0000625 loss=3.570 ACC=58.079 F1=38.696 Rec=34.863 Prec=51.246
Train Client1 [82/100] LR=0.0000625 loss=0.584 ACC=88.380 F1=56.664 Rec=54.573 Prec=60.862
Train Client2 [82/100] LR=0.0000625 loss=0.101 ACC=98.304 F1=67.495 Rec=64.384 Prec=72.372
Train Client3 [82/100] LR=0.0000625 loss=0.648 ACC=84.884 F1=55.242 Rec=54.867 Prec=59.279
Train Client4 [82/100] LR=0.0000625 loss=0.211 ACC=96.584 F1=63.696 Rec=60.995 Prec=71.132
Train Client5 [82/100] LR=0.0000625 loss=0.389 ACC=91.799 F1=60.725 Rec=58.924 Prec=62.746
Train Client6 [82/100] LR=0.0000625 loss=1.118 ACC=73.500 F1=47.062 Rec=50.567 Prec=49.439
Train Client7 [82/100] LR=0.0000625 loss=1.585 ACC=63.603 F1=64.254 Rec=66.085 Prec=67.053

Val    [82/100] LR=0.0000625 loss=2.284 ACC=84.375 F1=61.157 Rec=57.640 Prec=67.828

Test-  OSR [82/100] LR=0.0000625 ACC=59.542 F1=40.394 Rec=45.833 Prec=38.400 UNK=0.000 OS*=55.000 HOS=0.000 AUROC=62.005 AUPR=35.971 OSCR=58.512
Test-Close [82/100] LR=0.0000625 loss=2.236 ACC=84.533 F1=56.262 Rec=55.000 Prec=60.984
Train Client0 [83/100] LR=0.0000625 loss=3.497 ACC=59.604 F1=42.275 Rec=39.555 Prec=55.090
Train Client1 [83/100] LR=0.0000625 loss=0.548 ACC=90.433 F1=59.056 Rec=56.232 Prec=65.325
Train Client2 [83/100] LR=0.0000625 loss=0.089 ACC=98.485 F1=70.014 Rec=65.464 Prec=78.398
Train Client3 [83/100] LR=0.0000625 loss=0.778 ACC=85.174 F1=55.917 Rec=55.298 Prec=59.917
Train Client4 [83/100] LR=0.0000625 loss=0.332 ACC=95.730 F1=54.981 Rec=58.574 Prec=61.555
Train Client5 [83/100] LR=0.0000625 loss=0.374 ACC=92.197 F1=63.230 Rec=60.957 Prec=65.860
Train Client6 [83/100] LR=0.0000625 loss=1.202 ACC=72.000 F1=43.673 Rec=46.371 Prec=45.483
Train Client7 [83/100] LR=0.0000625 loss=1.622 ACC=64.154 F1=64.545 Rec=66.209 Prec=66.555

Val    [83/100] LR=0.0000625 loss=2.430 ACC=83.705 F1=62.025 Rec=58.771 Prec=68.329

Test-  OSR [83/100] LR=0.0000625 ACC=58.851 F1=38.572 Rec=46.370 Prec=35.167 UNK=0.000 OS*=55.643 HOS=0.000 AUROC=61.960 AUPR=36.054 OSCR=57.692
Test-Close [83/100] LR=0.0000625 loss=2.382 ACC=83.553 F1=54.175 Rec=55.643 Prec=57.175
Train Client0 [84/100] LR=0.0000625 loss=3.923 ACC=57.622 F1=42.269 Rec=38.800 Prec=55.430
Train Client1 [84/100] LR=0.0000625 loss=0.589 ACC=89.113 F1=55.932 Rec=53.813 Prec=61.279
Train Client2 [84/100] LR=0.0000625 loss=0.086 ACC=98.503 F1=73.311 Rec=68.928 Prec=81.118
Train Client3 [84/100] LR=0.0000625 loss=0.665 ACC=83.721 F1=51.385 Rec=57.096 Prec=56.049
Train Client4 [84/100] LR=0.0000625 loss=0.231 ACC=95.342 F1=52.142 Rec=51.578 Prec=56.091
Train Client5 [84/100] LR=0.0000625 loss=0.376 ACC=92.197 F1=64.013 Rec=61.839 Prec=66.518
Train Client6 [84/100] LR=0.0000625 loss=1.259 ACC=64.000 F1=38.618 Rec=44.239 Prec=42.655
Train Client7 [84/100] LR=0.0000625 loss=1.683 ACC=65.257 F1=65.066 Rec=66.752 Prec=67.256

Val    [84/100] LR=0.0000625 loss=2.398 ACC=83.147 F1=60.771 Rec=57.375 Prec=65.811

Test-  OSR [84/100] LR=0.0000625 ACC=59.246 F1=39.863 Rec=46.267 Prec=36.452 UNK=0.000 OS*=55.521 HOS=0.000 AUROC=62.300 AUPR=36.502 OSCR=58.163
Test-Close [84/100] LR=0.0000625 loss=2.331 ACC=84.113 F1=55.938 Rec=55.521 Prec=58.860
Train Client0 [85/100] LR=0.0000625 loss=3.562 ACC=58.841 F1=40.353 Rec=39.077 Prec=51.140
Train Client1 [85/100] LR=0.0000625 loss=0.612 ACC=89.479 F1=56.419 Rec=53.958 Prec=62.529
Train Client2 [85/100] LR=0.0000625 loss=0.091 ACC=98.467 F1=69.653 Rec=67.240 Prec=74.726
Train Client3 [85/100] LR=0.0000625 loss=0.580 ACC=84.302 F1=50.474 Rec=54.994 Prec=55.131
Train Client4 [85/100] LR=0.0000625 loss=0.244 ACC=95.497 F1=53.572 Rec=54.947 Prec=59.471
Train Client5 [85/100] LR=0.0000625 loss=0.354 ACC=92.436 F1=62.619 Rec=61.038 Prec=64.449
Train Client6 [85/100] LR=0.0000625 loss=1.170 ACC=69.500 F1=46.049 Rec=51.465 Prec=48.562
Train Client7 [85/100] LR=0.0000625 loss=1.789 ACC=63.787 F1=64.432 Rec=67.030 Prec=66.765

Val    [85/100] LR=0.0000625 loss=2.396 ACC=83.650 F1=61.281 Rec=57.886 Prec=66.581

Test-  OSR [85/100] LR=0.0000625 ACC=59.147 F1=39.076 Rec=46.281 Prec=35.239 UNK=0.000 OS*=55.537 HOS=0.000 AUROC=62.334 AUPR=36.485 OSCR=58.144
Test-Close [85/100] LR=0.0000625 loss=2.340 ACC=83.973 F1=54.983 Rec=55.537 Prec=57.141
Saving model at epoch 85 . . . . . . . .

Train Client0 [86/100] LR=0.0000625 loss=3.734 ACC=58.537 F1=39.064 Rec=36.472 Prec=62.394
Train Client1 [86/100] LR=0.0000625 loss=0.569 ACC=89.736 F1=61.964 Rec=59.457 Prec=67.777
Train Client2 [86/100] LR=0.0000625 loss=0.098 ACC=98.286 F1=70.183 Rec=65.999 Prec=76.122
Train Client3 [86/100] LR=0.0000625 loss=0.546 ACC=88.081 F1=61.407 Rec=59.564 Prec=67.225
Train Client4 [86/100] LR=0.0000625 loss=0.225 ACC=96.118 F1=55.141 Rec=53.787 Prec=60.083
Train Client5 [86/100] LR=0.0000625 loss=0.368 ACC=92.197 F1=62.955 Rec=61.467 Prec=64.622
Train Client6 [86/100] LR=0.0000625 loss=1.107 ACC=72.000 F1=45.531 Rec=49.928 Prec=47.626
Train Client7 [86/100] LR=0.0000625 loss=1.860 ACC=63.051 F1=63.709 Rec=65.452 Prec=65.871

Val    [86/100] LR=0.0000625 loss=2.334 ACC=84.263 F1=62.475 Rec=58.143 Prec=69.753

Test-  OSR [86/100] LR=0.0000625 ACC=58.990 F1=39.055 Rec=45.048 Prec=36.103 UNK=0.000 OS*=54.058 HOS=0.000 AUROC=62.348 AUPR=36.298 OSCR=58.443
Test-Close [86/100] LR=0.0000625 loss=2.307 ACC=83.749 F1=54.629 Rec=54.058 Prec=57.884
Train Client0 [87/100] LR=0.0000625 loss=3.379 ACC=62.195 F1=44.029 Rec=41.865 Prec=56.515
Train Client1 [87/100] LR=0.0000625 loss=0.617 ACC=89.406 F1=63.154 Rec=60.685 Prec=69.031
Train Client2 [87/100] LR=0.0000625 loss=0.094 ACC=98.449 F1=71.604 Rec=68.452 Prec=78.483
Train Client3 [87/100] LR=0.0000625 loss=0.573 ACC=85.465 F1=51.004 Rec=49.093 Prec=55.042
Train Client4 [87/100] LR=0.0000625 loss=0.223 ACC=96.196 F1=60.370 Rec=60.136 Prec=65.505
Train Client5 [87/100] LR=0.0000625 loss=0.406 ACC=91.720 F1=60.526 Rec=57.766 Prec=63.852
Train Client6 [87/100] LR=0.0000625 loss=1.025 ACC=75.000 F1=48.610 Rec=52.403 Prec=50.017
Train Client7 [87/100] LR=0.0000625 loss=1.932 ACC=64.522 F1=58.349 Rec=66.552 Prec=56.832

Val    [87/100] LR=0.0000625 loss=2.280 ACC=84.431 F1=60.968 Rec=58.735 Prec=64.476

Test-  OSR [87/100] LR=0.0000625 ACC=59.680 F1=40.232 Rec=47.607 Prec=36.103 UNK=0.000 OS*=57.129 HOS=0.000 AUROC=63.464 AUPR=37.297 OSCR=59.664
Test-Close [87/100] LR=0.0000625 loss=2.236 ACC=84.730 F1=57.003 Rec=57.129 Prec=59.361
Train Client0 [88/100] LR=0.0000625 loss=4.198 ACC=58.079 F1=39.515 Rec=36.113 Prec=51.728
Train Client1 [88/100] LR=0.0000625 loss=0.580 ACC=89.186 F1=62.525 Rec=57.872 Prec=74.245
Train Client2 [88/100] LR=0.0000625 loss=0.084 ACC=98.503 F1=71.741 Rec=68.065 Prec=83.640
Train Client3 [88/100] LR=0.0000625 loss=0.552 ACC=85.465 F1=56.253 Rec=55.733 Prec=59.959
Train Client4 [88/100] LR=0.0000625 loss=0.233 ACC=95.807 F1=52.920 Rec=51.202 Prec=57.356
Train Client5 [88/100] LR=0.0000625 loss=0.395 ACC=91.640 F1=60.488 Rec=57.808 Prec=63.669
Train Client6 [88/100] LR=0.0000625 loss=1.138 ACC=72.500 F1=44.762 Rec=47.522 Prec=48.983
Train Client7 [88/100] LR=0.0000625 loss=2.193 ACC=62.316 F1=63.342 Rec=66.025 Prec=65.650

Val    [88/100] LR=0.0000625 loss=2.291 ACC=84.152 F1=60.755 Rec=55.448 Prec=69.566

Test-  OSR [88/100] LR=0.0000625 ACC=59.582 F1=40.314 Rec=44.822 Prec=37.838 UNK=0.000 OS*=53.786 HOS=0.000 AUROC=62.568 AUPR=36.418 OSCR=58.941
Test-Close [88/100] LR=0.0000625 loss=2.239 ACC=84.590 F1=56.156 Rec=53.786 Prec=60.953
Train Client0 [89/100] LR=0.0000625 loss=3.864 ACC=61.585 F1=43.173 Rec=41.410 Prec=58.821
Train Client1 [89/100] LR=0.0000625 loss=0.595 ACC=89.260 F1=58.454 Rec=56.461 Prec=63.881
Train Client2 [89/100] LR=0.0000625 loss=0.089 ACC=98.341 F1=70.953 Rec=68.544 Prec=75.743
Train Client3 [89/100] LR=0.0000625 loss=0.589 ACC=86.337 F1=56.711 Rec=55.400 Prec=67.123
Train Client4 [89/100] LR=0.0000625 loss=0.204 ACC=95.730 F1=48.729 Rec=45.537 Prec=57.041
Train Client5 [89/100] LR=0.0000625 loss=0.385 ACC=91.322 F1=59.980 Rec=57.202 Prec=63.345
Train Client6 [89/100] LR=0.0000625 loss=1.207 ACC=69.000 F1=41.476 Rec=45.141 Prec=45.599
Train Client7 [89/100] LR=0.0000625 loss=1.705 ACC=67.647 F1=68.587 Rec=69.634 Prec=71.461

Val    [89/100] LR=0.0000625 loss=2.354 ACC=83.147 F1=60.740 Rec=55.648 Prec=69.739

Test-  OSR [89/100] LR=0.0000625 ACC=58.772 F1=39.039 Rec=43.703 Prec=36.984 UNK=0.000 OS*=52.444 HOS=0.000 AUROC=62.189 AUPR=35.871 OSCR=58.239
Test-Close [89/100] LR=0.0000625 loss=2.322 ACC=83.441 F1=54.492 Rec=52.444 Prec=59.786
Train Client0 [90/100] LR=0.0000625 loss=3.784 ACC=58.841 F1=41.351 Rec=37.384 Prec=57.840
Train Client1 [90/100] LR=0.0000625 loss=0.568 ACC=89.773 F1=58.685 Rec=55.981 Prec=65.020
Train Client2 [90/100] LR=0.0000625 loss=0.091 ACC=98.323 F1=73.528 Rec=69.005 Prec=79.859
Train Client3 [90/100] LR=0.0000625 loss=0.525 ACC=87.500 F1=59.169 Rec=54.403 Prec=70.107
Train Client4 [90/100] LR=0.0000625 loss=0.244 ACC=96.273 F1=60.169 Rec=59.859 Prec=62.857
Train Client5 [90/100] LR=0.0000625 loss=0.400 ACC=91.162 F1=58.716 Rec=56.475 Prec=61.499
Train Client6 [90/100] LR=0.0000625 loss=1.048 ACC=74.500 F1=43.356 Rec=45.949 Prec=45.181
Train Client7 [90/100] LR=0.0000625 loss=1.754 ACC=62.868 F1=63.305 Rec=65.760 Prec=65.278

Val    [90/100] LR=0.0000625 loss=2.288 ACC=84.319 F1=60.985 Rec=57.909 Prec=66.337

Test-  OSR [90/100] LR=0.0000625 ACC=59.345 F1=39.497 Rec=46.016 Prec=36.275 UNK=0.000 OS*=55.219 HOS=0.000 AUROC=63.239 AUPR=36.733 OSCR=59.454
Test-Close [90/100] LR=0.0000625 loss=2.240 ACC=84.253 F1=55.813 Rec=55.219 Prec=58.889
Saving model at epoch 90 . . . . . . . .

Train Client0 [91/100] LR=0.0000625 loss=3.736 ACC=61.433 F1=40.706 Rec=37.826 Prec=51.873
Train Client1 [91/100] LR=0.0000625 loss=0.586 ACC=89.186 F1=56.554 Rec=54.465 Prec=61.086
Train Client2 [91/100] LR=0.0000625 loss=0.091 ACC=98.359 F1=71.332 Rec=66.560 Prec=81.521
Train Client3 [91/100] LR=0.0000625 loss=0.529 ACC=86.047 F1=60.221 Rec=61.014 Prec=61.935
Train Client4 [91/100] LR=0.0000625 loss=0.230 ACC=95.885 F1=52.280 Rec=52.271 Prec=56.903
Train Client5 [91/100] LR=0.0000625 loss=0.396 ACC=92.357 F1=62.121 Rec=61.172 Prec=63.161
Train Client6 [91/100] LR=0.0000625 loss=1.417 ACC=72.500 F1=44.249 Rec=47.085 Prec=46.263
Train Client7 [91/100] LR=0.0000625 loss=1.664 ACC=65.257 F1=55.762 Rec=67.080 Prec=54.822

Val    [91/100] LR=0.0000625 loss=2.348 ACC=83.817 F1=62.244 Rec=59.295 Prec=67.184

Test-  OSR [91/100] LR=0.0000625 ACC=58.772 F1=38.849 Rec=46.749 Prec=35.277 UNK=0.000 OS*=56.099 HOS=0.000 AUROC=62.862 AUPR=36.989 OSCR=58.640
Test-Close [91/100] LR=0.0000625 loss=2.303 ACC=83.441 F1=54.933 Rec=56.099 Prec=56.966
Train Client0 [92/100] LR=0.0000625 loss=3.519 ACC=60.823 F1=41.039 Rec=37.791 Prec=53.072
Train Client1 [92/100] LR=0.0000625 loss=0.577 ACC=89.296 F1=57.192 Rec=54.903 Prec=63.128
Train Client2 [92/100] LR=0.0000625 loss=0.086 ACC=98.449 F1=69.270 Rec=67.353 Prec=72.799
Train Client3 [92/100] LR=0.0000625 loss=0.584 ACC=86.628 F1=60.327 Rec=60.673 Prec=63.750
Train Client4 [92/100] LR=0.0000625 loss=0.211 ACC=96.118 F1=60.123 Rec=62.901 Prec=64.159
Train Client5 [92/100] LR=0.0000625 loss=0.381 ACC=90.924 F1=59.211 Rec=57.440 Prec=61.378
Train Client6 [92/100] LR=0.0000625 loss=1.232 ACC=71.000 F1=45.392 Rec=49.066 Prec=46.164
Train Client7 [92/100] LR=0.0000625 loss=1.630 ACC=64.338 F1=45.341 Rec=47.256 Prec=47.099

Val    [92/100] LR=0.0000625 loss=2.317 ACC=83.259 F1=60.981 Rec=56.886 Prec=67.686

Test-  OSR [92/100] LR=0.0000625 ACC=58.990 F1=39.753 Rec=45.698 Prec=36.750 UNK=0.000 OS*=54.837 HOS=0.000 AUROC=62.392 AUPR=36.311 OSCR=58.616
Test-Close [92/100] LR=0.0000625 loss=2.247 ACC=83.749 F1=55.340 Rec=54.837 Prec=58.356
Train Client0 [93/100] LR=0.0000625 loss=3.505 ACC=60.061 F1=41.383 Rec=38.602 Prec=50.909
Train Client1 [93/100] LR=0.0000625 loss=0.525 ACC=89.846 F1=59.135 Rec=55.992 Prec=64.486
Train Client2 [93/100] LR=0.0000625 loss=0.088 ACC=98.593 F1=73.596 Rec=68.867 Prec=83.113
Train Client3 [93/100] LR=0.0000625 loss=0.635 ACC=86.628 F1=59.182 Rec=57.835 Prec=64.676
Train Client4 [93/100] LR=0.0000625 loss=0.179 ACC=96.817 F1=66.005 Rec=66.645 Prec=70.977
Train Client5 [93/100] LR=0.0000625 loss=0.372 ACC=92.197 F1=62.646 Rec=61.090 Prec=64.394
Train Client6 [93/100] LR=0.0000625 loss=1.113 ACC=73.500 F1=45.150 Rec=47.074 Prec=46.621
Train Client7 [93/100] LR=0.0000625 loss=1.581 ACC=66.544 F1=66.815 Rec=68.839 Prec=68.817

Val    [93/100] LR=0.0000625 loss=2.271 ACC=84.208 F1=61.941 Rec=58.611 Prec=66.732

Test-  OSR [93/100] LR=0.0000625 ACC=59.384 F1=39.380 Rec=47.028 Prec=35.173 UNK=0.000 OS*=56.434 HOS=0.000 AUROC=63.494 AUPR=37.189 OSCR=59.812
Test-Close [93/100] LR=0.0000625 loss=2.221 ACC=84.309 F1=55.564 Rec=56.434 Prec=57.318
Train Client0 [94/100] LR=0.0000625 loss=4.108 ACC=60.518 F1=40.989 Rec=39.671 Prec=52.490
Train Client1 [94/100] LR=0.0000625 loss=0.592 ACC=89.260 F1=57.435 Rec=55.318 Prec=61.938
Train Client2 [94/100] LR=0.0000625 loss=0.087 ACC=98.575 F1=74.922 Rec=71.663 Prec=84.141
Train Client3 [94/100] LR=0.0000625 loss=0.485 ACC=86.919 F1=60.582 Rec=59.333 Prec=63.823
Train Client4 [94/100] LR=0.0000625 loss=0.201 ACC=96.506 F1=61.947 Rec=60.689 Prec=64.977
Train Client5 [94/100] LR=0.0000625 loss=0.385 ACC=93.073 F1=63.394 Rec=62.977 Prec=63.962
Train Client6 [94/100] LR=0.0000625 loss=1.207 ACC=72.000 F1=43.361 Rec=45.870 Prec=45.599
Train Client7 [94/100] LR=0.0000625 loss=2.057 ACC=65.441 F1=59.338 Rec=67.309 Prec=57.991

Val    [94/100] LR=0.0000625 loss=2.350 ACC=83.761 F1=59.116 Rec=54.176 Prec=69.012

Test-  OSR [94/100] LR=0.0000625 ACC=59.305 F1=39.431 Rec=44.993 Prec=36.748 UNK=0.000 OS*=53.991 HOS=0.000 AUROC=62.623 AUPR=36.504 OSCR=58.979
Test-Close [94/100] LR=0.0000625 loss=2.266 ACC=84.197 F1=54.977 Rec=53.991 Prec=59.895
Train Client0 [95/100] LR=0.0000625 loss=3.563 ACC=60.518 F1=39.870 Rec=37.688 Prec=51.390
Train Client1 [95/100] LR=0.0000625 loss=0.585 ACC=89.186 F1=56.735 Rec=54.122 Prec=62.032
Train Client2 [95/100] LR=0.0000625 loss=0.078 ACC=98.665 F1=76.525 Rec=73.498 Prec=80.989
Train Client3 [95/100] LR=0.0000625 loss=0.493 ACC=88.663 F1=65.023 Rec=67.140 Prec=69.326
Train Client4 [95/100] LR=0.0000625 loss=0.231 ACC=95.575 F1=53.513 Rec=58.449 Prec=59.261
Train Client5 [95/100] LR=0.0000625 loss=0.377 ACC=91.879 F1=62.674 Rec=60.587 Prec=65.074
Train Client6 [95/100] LR=0.0000625 loss=1.124 ACC=73.000 F1=44.249 Rec=46.425 Prec=46.448
Train Client7 [95/100] LR=0.0000625 loss=1.509 ACC=66.176 F1=65.865 Rec=67.539 Prec=67.571

Val    [95/100] LR=0.0000625 loss=2.378 ACC=83.984 F1=59.414 Rec=55.434 Prec=67.645

Test-  OSR [95/100] LR=0.0000625 ACC=59.029 F1=38.835 Rec=45.390 Prec=35.764 UNK=0.000 OS*=54.468 HOS=0.000 AUROC=62.928 AUPR=36.676 OSCR=58.928
Test-Close [95/100] LR=0.0000625 loss=2.333 ACC=83.805 F1=54.437 Rec=54.468 Prec=58.711
Saving model at epoch 95 . . . . . . . .

Train Client0 [96/100] LR=0.0000625 loss=3.852 ACC=61.280 F1=42.167 Rec=40.496 Prec=56.184
Train Client1 [96/100] LR=0.0000625 loss=0.574 ACC=89.956 F1=59.105 Rec=56.194 Prec=65.001
Train Client2 [96/100] LR=0.0000625 loss=0.079 ACC=98.539 F1=76.735 Rec=73.053 Prec=82.817
Train Client3 [96/100] LR=0.0000625 loss=0.458 ACC=88.663 F1=64.553 Rec=63.906 Prec=69.913
Train Client4 [96/100] LR=0.0000625 loss=0.206 ACC=96.351 F1=50.520 Rec=47.981 Prec=55.503
Train Client5 [96/100] LR=0.0000625 loss=0.391 ACC=91.959 F1=59.796 Rec=57.541 Prec=62.546
Train Client6 [96/100] LR=0.0000625 loss=1.111 ACC=71.500 F1=46.308 Rec=49.279 Prec=48.170
Train Client7 [96/100] LR=0.0000625 loss=1.678 ACC=66.360 F1=66.357 Rec=67.446 Prec=68.149

Val    [96/100] LR=0.0000625 loss=2.376 ACC=84.319 F1=61.538 Rec=58.433 Prec=67.214

Test-  OSR [96/100] LR=0.0000625 ACC=59.147 F1=38.590 Rec=46.260 Prec=35.274 UNK=0.000 OS*=55.512 HOS=0.000 AUROC=62.453 AUPR=36.533 OSCR=58.459
Test-Close [96/100] LR=0.0000625 loss=2.316 ACC=83.973 F1=54.511 Rec=55.512 Prec=58.030
Train Client0 [97/100] LR=0.0000625 loss=3.144 ACC=60.061 F1=41.675 Rec=38.275 Prec=53.923
Train Client1 [97/100] LR=0.0000625 loss=0.618 ACC=89.443 F1=57.981 Rec=55.943 Prec=63.483
Train Client2 [97/100] LR=0.0000625 loss=0.095 ACC=98.359 F1=70.202 Rec=65.310 Prec=78.646
Train Client3 [97/100] LR=0.0000625 loss=0.645 ACC=86.919 F1=59.258 Rec=56.775 Prec=64.800
Train Client4 [97/100] LR=0.0000625 loss=0.236 ACC=96.040 F1=56.173 Rec=56.183 Prec=59.007
Train Client5 [97/100] LR=0.0000625 loss=0.381 ACC=91.481 F1=61.678 Rec=60.139 Prec=63.487
Train Client6 [97/100] LR=0.0000625 loss=1.103 ACC=67.500 F1=40.101 Rec=43.063 Prec=42.682
Train Client7 [97/100] LR=0.0000625 loss=1.649 ACC=65.257 F1=66.219 Rec=67.502 Prec=68.309

Val    [97/100] LR=0.0000625 loss=2.396 ACC=83.147 F1=60.362 Rec=56.299 Prec=66.931

Test-  OSR [97/100] LR=0.0000625 ACC=58.911 F1=39.153 Rec=45.417 Prec=35.876 UNK=0.000 OS*=54.501 HOS=0.000 AUROC=62.489 AUPR=36.536 OSCR=58.400
Test-Close [97/100] LR=0.0000625 loss=2.321 ACC=83.637 F1=54.934 Rec=54.501 Prec=58.382
Train Client0 [98/100] LR=0.0000625 loss=3.557 ACC=62.957 F1=44.604 Rec=41.172 Prec=62.231
Train Client1 [98/100] LR=0.0000625 loss=0.604 ACC=89.626 F1=62.397 Rec=58.215 Prec=74.869
Train Client2 [98/100] LR=0.0000625 loss=0.081 ACC=98.521 F1=75.593 Rec=71.841 Prec=81.048
Train Client3 [98/100] LR=0.0000625 loss=0.574 ACC=86.628 F1=61.314 Rec=60.678 Prec=66.515
Train Client4 [98/100] LR=0.0000625 loss=0.194 ACC=96.661 F1=58.753 Rec=57.460 Prec=64.817
Train Client5 [98/100] LR=0.0000625 loss=0.372 ACC=92.277 F1=62.209 Rec=59.313 Prec=65.694
Train Client6 [98/100] LR=0.0000625 loss=0.983 ACC=73.500 F1=42.324 Rec=44.585 Prec=44.005
Train Client7 [98/100] LR=0.0000625 loss=1.654 ACC=65.625 F1=65.997 Rec=67.720 Prec=67.344

Val    [98/100] LR=0.0000625 loss=2.519 ACC=82.310 F1=58.987 Rec=54.596 Prec=68.776

Test-  OSR [98/100] LR=0.0000625 ACC=58.417 F1=38.011 Rec=43.612 Prec=36.559 UNK=0.000 OS*=52.334 HOS=0.000 AUROC=61.523 AUPR=35.193 OSCR=57.287
Test-Close [98/100] LR=0.0000625 loss=2.455 ACC=82.936 F1=53.149 Rec=52.334 Prec=59.437
Train Client0 [99/100] LR=0.0000625 loss=3.728 ACC=60.671 F1=40.857 Rec=38.039 Prec=54.451
Train Client1 [99/100] LR=0.0000625 loss=0.556 ACC=89.993 F1=57.650 Rec=55.924 Prec=63.282
Train Client2 [99/100] LR=0.0000625 loss=0.086 ACC=98.377 F1=71.553 Rec=68.129 Prec=75.896
Train Client3 [99/100] LR=0.0000625 loss=0.565 ACC=86.337 F1=58.976 Rec=56.793 Prec=64.373
Train Client4 [99/100] LR=0.0000625 loss=0.208 ACC=96.273 F1=62.862 Rec=63.212 Prec=66.152
Train Client5 [99/100] LR=0.0000625 loss=0.363 ACC=92.038 F1=61.723 Rec=59.340 Prec=64.665
Train Client6 [99/100] LR=0.0000625 loss=1.125 ACC=71.000 F1=45.228 Rec=49.308 Prec=46.621
Train Client7 [99/100] LR=0.0000625 loss=1.844 ACC=63.419 F1=43.906 Rec=46.120 Prec=47.057

Val    [99/100] LR=0.0000625 loss=2.402 ACC=83.594 F1=60.971 Rec=56.414 Prec=68.994

Test-  OSR [99/100] LR=0.0000625 ACC=59.029 F1=38.988 Rec=44.566 Prec=36.446 UNK=0.000 OS*=53.479 HOS=0.000 AUROC=62.904 AUPR=36.395 OSCR=58.921
Test-Close [99/100] LR=0.0000625 loss=2.372 ACC=83.805 F1=54.933 Rec=53.479 Prec=59.548
------>Best performance (by OSCR)--->>>>>>>

Test-  OSR [61/100] ACC=59.029 F1=38.988 Rec=44.566 Prec=36.446 UNK=0.000 OS*=53.479 HOS=0.000 AUROC=62.904 AUPR=36.395 OSCR=58.921
=====================================================================================================================================
The ending time ：2026-05-28 16:45:32
