Logging to: ./logs/ISIC_Pretrain_K5_U3_seed0_20260617_190927.log
==> Preparing data..
Protocol mode: hard
Fixed known classes: ['MEL', 'NV', 'BKL', 'DF', 'VASC']
Fixed unknown classes: ['BCC', 'AK', 'SCC']
Known class list: [0 1 4 5 6] Unknown class list [2 3 7]
Total selected images: 25331
Train: 17731, Val: 2533, Test: 5067
Train class distribution: [(0, 3132), (1, 8985), (2, 2364), (3, 607), (4, 1858), (5, 156), (6, 177), (7, 452)]
{0: 0, 1: 1, 4: 2, 5: 3, 6: 4} {2: 5, 3: 6, 7: 7}
Known origin: [0 1 4 5 6] , new: [0 1 2 3 4]
Unknown origin: [2 3 7] , new: [5 6 7]
Known/Unknown in Train: 14308/3423
Known/Unknown in Val:   2036/497
Known/Unknown in Test:  4169/898
Client0 sample num: 1755
Client1 sample num: 7271
Client2 sample num: 1709
Client3 sample num: 361
Client4 sample num: 1500
Client5 sample num: 1112
Client6 sample num: 155
Client7 sample num: 445

>>> Setting up
==> Using device: cuda:1
==> Building [Resnet18] model..
154
120
Train Client0 [0/50] LR=0.0005000 loss=1.523 (CE=0.795 VIR=0.120 wVIR=0.060 AUX=0.668 w=0.500) ACC=72.660 F1=39.712 Rec=37.759 Prec=43.911
Train Client1 [0/50] LR=0.0005000 loss=0.848 (CE=0.424 VIR=0.043 wVIR=0.022 AUX=0.402 w=0.500) ACC=89.193 F1=20.378 Rec=20.654 Prec=26.083
Train Client2 [0/50] LR=0.0005000 loss=2.124 (CE=1.126 VIR=0.210 wVIR=0.105 AUX=0.893 w=0.500) ACC=64.378 F1=27.262 Rec=27.422 Prec=28.430
Train Client3 [0/50] LR=0.0005000 loss=2.706 (CE=1.434 VIR=0.600 wVIR=0.300 AUX=0.972 w=0.500) ACC=60.278 F1=22.933 Rec=23.160 Prec=22.963
Train Client4 [0/50] LR=0.0005000 loss=1.457 (CE=0.759 VIR=0.190 wVIR=0.095 AUX=0.602 w=0.500) ACC=76.337 F1=22.094 Rec=21.949 Prec=23.276
Train Client5 [0/50] LR=0.0005000 loss=2.494 (CE=1.309 VIR=0.230 wVIR=0.115 AUX=1.070 w=0.500) ACC=52.428 F1=29.359 Rec=29.614 Prec=29.348
Train Client6 [0/50] LR=0.0005000 loss=2.920 (CE=1.550 VIR=0.673 wVIR=0.337 AUX=1.034 w=0.500) ACC=59.211 F1=28.491 Rec=28.773 Prec=28.285
Train Client7 [0/50] LR=0.0005000 loss=2.190 (CE=1.156 VIR=0.338 wVIR=0.169 AUX=0.865 w=0.500) ACC=65.455 F1=28.399 Rec=27.655 Prec=30.093

Val    [0/50] LR=0.0005000 loss=2.582 ACC=62.033 F1=15.314 Rec=20.000 Prec=12.407
Val-Known->Virtual [0/50] rate=0.000% prob_mean=0.018486 margin_mean=0.686421
Val-LogitMargin [0/50] TrueKnown-VMax mean=3.9403 std=1.1127 p10=2.1947 p50=4.5841 p90=4.7645

Test-  OSR [0/50] LR=0.0005000 ACC=51.845 F1=11.381 Rec=16.667 Prec=8.641 UNK=0.000 OS*=20.000 HOS=0.000 AUROC=64.442 AUPR=22.928 OSCR=47.660
Test-Close [0/50] LR=0.0005000 loss=2.548 ACC=63.013 F1=15.462 Rec=20.000 Prec=12.603
Test-Virtual [0/50] CloseK->V=0.000% Open->V=0.000% OpenVEntropy=0.000000 CloseHist=[0, 0, 0] OpenHist=[0, 0, 0]
Test-LogitMargin [0/50] CloseTrue-VMax mean=3.9703 std=1.0780 p10=2.2058 p50=4.5792 p90=4.7586 | OpenKnown-VMax mean=4.5773 std=0.0719 p10=4.4810 p50=4.5738 p90=4.6733
AnchorDiag [0/50] VNorm=[1.0, 0.9999999403953552, 0.9999998807907104] VDriftMax=0.000000 Vcos(max/mean)=(0.0000/-0.0000) KVcos(max/mean)=(0.0181/-0.0003) ValK->V=0.00% CloseK->V=0.00% Open->V=0.00% OpenVEntropy=0.0000
Saving best model . . . . . . . .

Saving model at epoch 0 . . . . . . . .

Train Client0 [1/50] LR=0.0005000 loss=1.459 (CE=0.736 VIR=0.058 wVIR=0.029 AUX=0.695 w=0.500) ACC=73.288 F1=31.312 Rec=31.034 Prec=36.730
Train Client1 [1/50] LR=0.0005000 loss=0.823 (CE=0.415 VIR=0.017 wVIR=0.009 AUX=0.399 w=0.500) ACC=89.579 F1=19.121 Rec=20.048 Prec=20.280
Train Client2 [1/50] LR=0.0005000 loss=2.020 (CE=1.026 VIR=0.086 wVIR=0.043 AUX=0.952 w=0.500) ACC=62.793 F1=22.680 Rec=23.602 Prec=26.712
Train Client3 [1/50] LR=0.0005000 loss=1.992 (CE=1.008 VIR=0.101 wVIR=0.050 AUX=0.933 w=0.500) ACC=67.778 F1=20.234 Rec=21.277 Prec=21.791
Train Client4 [1/50] LR=0.0005000 loss=1.260 (CE=0.648 VIR=0.037 wVIR=0.019 AUX=0.594 w=0.500) ACC=78.676 F1=18.416 Rec=19.748 Prec=21.017
Train Client5 [1/50] LR=0.0005000 loss=2.247 (CE=1.129 VIR=0.077 wVIR=0.039 AUX=1.080 w=0.500) ACC=52.158 F1=26.347 Rec=27.834 Prec=27.876
Train Client6 [1/50] LR=0.0005000 loss=2.239 (CE=1.082 VIR=0.123 wVIR=0.062 AUX=1.096 w=0.500) ACC=68.421 F1=18.233 Rec=20.808 Prec=24.014
Train Client7 [1/50] LR=0.0005000 loss=2.014 (CE=1.029 VIR=0.152 wVIR=0.076 AUX=0.909 w=0.500) ACC=70.909 F1=21.757 Rec=22.843 Prec=23.519

Val    [1/50] LR=0.0005000 loss=2.542 ACC=62.033 F1=15.314 Rec=20.000 Prec=12.407
Val-Known->Virtual [1/50] rate=0.000% prob_mean=0.006482 margin_mean=0.696385
Val-LogitMargin [1/50] TrueKnown-VMax mean=5.0339 std=1.1342 p10=3.4744 p50=5.6813 p90=5.7783

Test-  OSR [1/50] LR=0.0005000 ACC=51.845 F1=11.381 Rec=16.667 Prec=8.641 UNK=0.000 OS*=20.000 HOS=0.000 AUROC=57.978 AUPR=19.974 OSCR=42.625
Test-Close [1/50] LR=0.0005000 loss=2.505 ACC=63.013 F1=15.462 Rec=20.000 Prec=12.603
Test-Virtual [1/50] CloseK->V=0.000% Open->V=0.000% OpenVEntropy=0.000000 CloseHist=[0, 0, 0] OpenHist=[0, 0, 0]
Test-LogitMargin [1/50] CloseTrue-VMax mean=5.0666 std=1.0964 p10=3.4796 p50=5.6828 p90=5.7763 | OpenKnown-VMax mean=5.6986 std=0.0382 p10=5.6546 p50=5.6917 p90=5.7548
AnchorDiag [1/50] VNorm=[0.9999999403953552, 0.9999999403953552, 0.9999998807907104] VDriftMax=0.000000 Vcos(max/mean)=(0.0000/-0.0000) KVcos(max/mean)=(0.0270/-0.0002) ValK->V=0.00% CloseK->V=0.00% Open->V=0.00% OpenVEntropy=0.0000
Train Client0 [2/50] LR=0.0005000 loss=1.425 (CE=0.724 VIR=0.040 wVIR=0.020 AUX=0.681 w=0.500) ACC=72.603 F1=29.828 Rec=29.840 Prec=39.160
Train Client1 [2/50] LR=0.0005000 loss=0.772 (CE=0.387 VIR=0.009 wVIR=0.005 AUX=0.380 w=0.500) ACC=89.785 F1=19.797 Rec=20.415 Prec=26.272
Train Client2 [2/50] LR=0.0005000 loss=2.006 (CE=1.021 VIR=0.068 wVIR=0.034 AUX=0.952 w=0.500) ACC=63.146 F1=22.769 Rec=23.560 Prec=26.457
Train Client3 [2/50] LR=0.0005000 loss=2.135 (CE=1.118 VIR=0.085 wVIR=0.042 AUX=0.976 w=0.500) ACC=65.833 F1=16.729 Rec=18.788 Prec=15.095
Train Client4 [2/50] LR=0.0005000 loss=1.275 (CE=0.657 VIR=0.031 wVIR=0.016 AUX=0.602 w=0.500) ACC=78.275 F1=18.468 Rec=20.098 Prec=20.009
Train Client5 [2/50] LR=0.0005000 loss=2.231 (CE=1.120 VIR=0.050 wVIR=0.025 AUX=1.086 w=0.500) ACC=53.507 F1=25.951 Rec=28.062 Prec=27.397
Train Client6 [2/50] LR=0.0005000 loss=2.191 (CE=1.123 VIR=0.093 wVIR=0.046 AUX=1.021 w=0.500) ACC=67.763 F1=19.296 Rec=21.343 Prec=20.502
Train Client7 [2/50] LR=0.0005000 loss=2.077 (CE=1.099 VIR=0.145 wVIR=0.072 AUX=0.906 w=0.500) ACC=69.773 F1=17.307 Rec=20.133 Prec=19.167

Val    [2/50] LR=0.0005000 loss=2.499 ACC=63.703 F1=18.397 Rec=21.558 Prec=30.203
Val-Known->Virtual [2/50] rate=0.000% prob_mean=0.003337 margin_mean=0.714584
Val-LogitMargin [2/50] TrueKnown-VMax mean=5.7541 std=1.1498 p10=4.1312 p50=6.0768 p90=6.6362

Test-  OSR [2/50] LR=0.0005000 ACC=53.128 F1=13.735 Rec=17.869 Prec=21.025 UNK=0.000 OS*=21.442 HOS=0.000 AUROC=66.332 AUPR=25.061 OSCR=49.408
Test-Close [2/50] LR=0.0005000 loss=2.462 ACC=64.572 F1=18.338 Rec=21.442 Prec=31.459
Test-Virtual [2/50] CloseK->V=0.000% Open->V=0.000% OpenVEntropy=0.000000 CloseHist=[0, 0, 0] OpenHist=[0, 0, 0]
Test-LogitMargin [2/50] CloseTrue-VMax mean=5.7940 std=1.1113 p10=4.1385 p50=6.1352 p90=6.6309 | OpenKnown-VMax mean=6.4536 std=0.1245 p10=6.3310 p50=6.4505 p90=6.5973
AnchorDiag [2/50] VNorm=[0.9999999403953552, 0.9999999403953552, 0.9999998807907104] VDriftMax=0.000000 Vcos(max/mean)=(0.0000/-0.0000) KVcos(max/mean)=(0.0243/-0.0007) ValK->V=0.00% CloseK->V=0.00% Open->V=0.00% OpenVEntropy=0.0000
Saving best model . . . . . . . .

Train Client0 [3/50] LR=0.0005000 loss=1.264 (CE=0.639 VIR=0.021 wVIR=0.010 AUX=0.614 w=0.500) ACC=74.658 F1=35.763 Rec=34.212 Prec=42.599
Train Client1 [3/50] LR=0.0005000 loss=0.785 (CE=0.397 VIR=0.016 wVIR=0.008 AUX=0.380 w=0.500) ACC=89.551 F1=19.948 Rec=20.470 Prec=23.668
Train Client2 [3/50] LR=0.0005000 loss=1.907 (CE=0.983 VIR=0.042 wVIR=0.021 AUX=0.903 w=0.500) ACC=62.500 F1=22.794 Rec=23.478 Prec=26.412
Train Client3 [3/50] LR=0.0005000 loss=2.010 (CE=1.114 VIR=0.076 wVIR=0.038 AUX=0.858 w=0.500) ACC=63.333 F1=18.136 Rec=19.990 Prec=17.840
Train Client4 [3/50] LR=0.0005000 loss=1.224 (CE=0.639 VIR=0.020 wVIR=0.010 AUX=0.575 w=0.500) ACC=78.209 F1=20.355 Rec=21.358 Prec=24.458
Train Client5 [3/50] LR=0.0005000 loss=2.178 (CE=1.093 VIR=0.064 wVIR=0.032 AUX=1.053 w=0.500) ACC=52.788 F1=25.951 Rec=27.724 Prec=28.323
Train Client6 [3/50] LR=0.0005000 loss=2.093 (CE=1.019 VIR=0.056 wVIR=0.028 AUX=1.045 w=0.500) ACC=71.711 F1=30.102 Rec=29.135 Prec=38.429
Train Client7 [3/50] LR=0.0005000 loss=2.130 (CE=1.132 VIR=0.141 wVIR=0.070 AUX=0.927 w=0.500) ACC=70.227 F1=17.121 Rec=20.130 Prec=19.161

Val    [3/50] LR=0.0005000 loss=2.507 ACC=62.623 F1=16.560 Rec=20.586 Prec=28.962
Val-Known->Virtual [3/50] rate=0.000% prob_mean=0.003400 margin_mean=0.782070
Val-LogitMargin [3/50] TrueKnown-VMax mean=5.7243 std=1.3446 p10=3.9288 p50=6.3905 p90=6.7715

Test-  OSR [3/50] LR=0.0005000 ACC=52.240 F1=12.208 Rec=17.057 Prec=19.964 UNK=0.000 OS*=20.468 HOS=0.000 AUROC=69.167 AUPR=27.060 OSCR=50.694
Test-Close [3/50] LR=0.0005000 loss=2.474 ACC=63.492 F1=16.459 Rec=20.468 Prec=30.359
Test-Virtual [3/50] CloseK->V=0.000% Open->V=0.000% OpenVEntropy=0.000000 CloseHist=[0, 0, 0] OpenHist=[0, 0, 0]
Test-LogitMargin [3/50] CloseTrue-VMax mean=5.7563 std=1.3182 p10=3.9399 p50=6.3786 p90=6.7645 | OpenKnown-VMax mean=6.3496 std=0.2233 p10=6.1086 p50=6.3158 p90=6.6531
AnchorDiag [3/50] VNorm=[0.9999999403953552, 0.9999999403953552, 0.9999998807907104] VDriftMax=0.000000 Vcos(max/mean)=(0.0000/-0.0000) KVcos(max/mean)=(0.0183/-0.0069) ValK->V=0.00% CloseK->V=0.00% Open->V=0.00% OpenVEntropy=0.0000
Saving best model . . . . . . . .

Train Client0 [4/50] LR=0.0005000 loss=1.233 (CE=0.633 VIR=0.033 wVIR=0.000 AUX=0.600 w=0.010) ACC=75.799 F1=40.594 Rec=38.208 Prec=46.995
Train Client1 [4/50] LR=0.0005000 loss=0.735 (CE=0.374 VIR=0.020 wVIR=0.000 AUX=0.361 w=0.010) ACC=89.758 F1=21.102 Rec=21.081 Prec=46.380
Train Client2 [4/50] LR=0.0005000 loss=2.023 (CE=1.089 VIR=0.172 wVIR=0.002 AUX=0.932 w=0.010) ACC=61.913 F1=20.787 Rec=22.290 Prec=24.432
Train Client3 [4/50] LR=0.0005000 loss=2.019 (CE=1.140 VIR=0.100 wVIR=0.001 AUX=0.878 w=0.010) ACC=65.000 F1=18.717 Rec=21.894 Prec=16.793
Train Client4 [4/50] LR=0.0005000 loss=1.242 (CE=0.661 VIR=0.044 wVIR=0.000 AUX=0.580 w=0.010) ACC=78.142 F1=18.091 Rec=19.486 Prec=22.251
Train Client5 [4/50] LR=0.0005000 loss=2.217 (CE=1.187 VIR=0.164 wVIR=0.002 AUX=1.029 w=0.010) ACC=53.867 F1=26.600 Rec=28.406 Prec=28.257
Train Client6 [4/50] LR=0.0005000 loss=2.223 (CE=1.188 VIR=0.123 wVIR=0.001 AUX=1.033 w=0.010) ACC=67.763 F1=16.220 Rec=19.808 Prec=13.733
Train Client7 [4/50] LR=0.0005000 loss=2.057 (CE=1.185 VIR=0.235 wVIR=0.002 AUX=0.870 w=0.010) ACC=71.136 F1=18.193 Rec=20.718 Prec=31.032

Val    [4/50] LR=0.0005000 loss=2.501 ACC=62.574 F1=16.475 Rec=20.542 Prec=27.785
Val-Known->Virtual [4/50] rate=0.000% prob_mean=0.007439 margin_mean=0.811780
Val-LogitMargin [4/50] TrueKnown-VMax mean=4.9469 std=1.5794 p10=3.1868 p50=5.5303 p90=6.1156

Test-  OSR [4/50] LR=0.0005000 ACC=52.477 F1=12.594 Rec=17.259 Prec=20.522 UNK=0.000 OS*=20.710 HOS=0.000 AUROC=69.052 AUPR=26.227 OSCR=50.795
Test-Close [4/50] LR=0.0005000 loss=2.469 ACC=63.780 F1=16.931 Rec=20.710 Prec=31.084
Test-Virtual [4/50] CloseK->V=0.000% Open->V=0.000% OpenVEntropy=0.000000 CloseHist=[0, 0, 0] OpenHist=[0, 0, 0]
Test-LogitMargin [4/50] CloseTrue-VMax mean=4.9839 std=1.5377 p10=3.2026 p50=5.5566 p90=6.1243 | OpenKnown-VMax mean=5.5740 std=0.2401 p10=5.3164 p50=5.5459 p90=5.8935
AnchorDiag [4/50] VNorm=[0.9999999403953552, 0.9999999403953552, 0.9999998807907104] VDriftMax=0.000000 Vcos(max/mean)=(0.0000/-0.0000) KVcos(max/mean)=(0.0352/0.0010) ValK->V=0.00% CloseK->V=0.00% Open->V=0.00% OpenVEntropy=0.0000
Saving best model . . . . . . . .

Train Client0 [5/50] LR=0.0005000 loss=1.212 (CE=0.634 VIR=0.097 wVIR=0.001 AUX=0.577 w=0.010) ACC=76.998 F1=42.365 Rec=39.515 Prec=50.048
Train Client1 [5/50] LR=0.0005000 loss=0.712 (CE=0.364 VIR=0.048 wVIR=0.000 AUX=0.348 w=0.010) ACC=89.716 F1=21.001 Rec=21.070 Prec=26.420
Train Client2 [5/50] LR=0.0005000 loss=1.909 (CE=1.042 VIR=0.261 wVIR=0.003 AUX=0.864 w=0.010) ACC=63.674 F1=24.496 Rec=25.718 Prec=26.313
Train Client3 [5/50] LR=0.0005000 loss=2.223 (CE=1.313 VIR=0.296 wVIR=0.003 AUX=0.907 w=0.010) ACC=63.056 F1=16.901 Rec=18.864 Prec=15.590
Train Client4 [5/50] LR=0.0005000 loss=1.237 (CE=0.667 VIR=0.067 wVIR=0.001 AUX=0.568 w=0.010) ACC=77.941 F1=18.237 Rec=19.950 Prec=18.838
Train Client5 [5/50] LR=0.0005000 loss=2.155 (CE=1.138 VIR=0.217 wVIR=0.002 AUX=1.015 w=0.010) ACC=54.137 F1=27.435 Rec=28.795 Prec=28.992
Train Client6 [5/50] LR=0.0005000 loss=2.014 (CE=1.101 VIR=0.201 wVIR=0.002 AUX=0.911 w=0.010) ACC=67.105 F1=22.484 Rec=23.597 Prec=23.356
Train Client7 [5/50] LR=0.0005000 loss=2.175 (CE=1.355 VIR=0.530 wVIR=0.005 AUX=0.815 w=0.010) ACC=70.455 F1=17.386 Rec=20.136 Prec=19.541

Val    [5/50] LR=0.0005000 loss=2.390 ACC=66.208 F1=22.385 Rec=24.036 Prec=28.667
Val-Known->Virtual [5/50] rate=0.000% prob_mean=0.019822 margin_mean=0.707397
Val-LogitMargin [5/50] TrueKnown-VMax mean=4.2841 std=1.6574 p10=3.0431 p50=4.5836 p90=5.4576

Test-  OSR [5/50] LR=0.0005000 ACC=55.319 F1=16.971 Rec=20.060 Prec=18.652 UNK=0.000 OS*=24.072 HOS=0.000 AUROC=73.257 AUPR=30.594 OSCR=55.085
Test-Close [5/50] LR=0.0005000 loss=2.359 ACC=67.234 F1=22.628 Rec=24.072 Prec=29.392
Test-Virtual [5/50] CloseK->V=0.000% Open->V=0.000% OpenVEntropy=0.000000 CloseHist=[0, 0, 0] OpenHist=[0, 0, 0]
Test-LogitMargin [5/50] CloseTrue-VMax mean=4.3218 std=1.4813 p10=3.0672 p50=4.6280 p90=5.4371 | OpenKnown-VMax mean=4.7120 std=0.2465 p10=4.4617 p50=4.6743 p90=5.0055
AnchorDiag [5/50] VNorm=[0.9999999403953552, 0.9999999403953552, 0.9999998807907104] VDriftMax=0.000000 Vcos(max/mean)=(0.0000/-0.0000) KVcos(max/mean)=(0.0388/0.0018) ValK->V=0.00% CloseK->V=0.00% Open->V=0.00% OpenVEntropy=0.0000
Saving best model . . . . . . . .

Saving model at epoch 5 . . . . . . . .

Train Client0 [6/50] LR=0.0005000 loss=1.182 (CE=0.608 VIR=0.122 wVIR=0.001 AUX=0.572 w=0.010) ACC=76.541 F1=44.542 Rec=41.615 Prec=51.121
Train Client1 [6/50] LR=0.0005000 loss=0.697 (CE=0.356 VIR=0.081 wVIR=0.001 AUX=0.340 w=0.010) ACC=90.033 F1=23.076 Rec=22.264 Prec=35.876
Train Client2 [6/50] LR=0.0005000 loss=1.876 (CE=1.014 VIR=0.439 wVIR=0.004 AUX=0.858 w=0.010) ACC=64.495 F1=25.670 Rec=26.050 Prec=29.781
Train Client3 [6/50] LR=0.0005000 loss=2.104 (CE=1.273 VIR=0.549 wVIR=0.005 AUX=0.826 w=0.010) ACC=62.778 F1=17.457 Rec=19.621 Prec=16.153
Train Client4 [6/50] LR=0.0005000 loss=1.206 (CE=0.638 VIR=0.183 wVIR=0.002 AUX=0.566 w=0.010) ACC=78.275 F1=19.766 Rec=21.115 Prec=25.931
Train Client5 [6/50] LR=0.0005000 loss=2.266 (CE=1.261 VIR=0.546 wVIR=0.005 AUX=1.000 w=0.010) ACC=55.845 F1=29.722 Rec=30.444 Prec=30.840
Train Client6 [6/50] LR=0.0005000 loss=1.755 (CE=0.955 VIR=0.184 wVIR=0.002 AUX=0.798 w=0.010) ACC=71.053 F1=32.106 Rec=32.179 Prec=33.711
Train Client7 [6/50] LR=0.0005000 loss=2.251 (CE=1.455 VIR=0.846 wVIR=0.008 AUX=0.788 w=0.010) ACC=71.136 F1=22.838 Rec=23.337 Prec=29.937

Val    [6/50] LR=0.0005000 loss=2.345 ACC=68.566 F1=29.706 Rec=28.932 Prec=47.469
Val-Known->Virtual [6/50] rate=0.000% prob_mean=0.015214 margin_mean=0.680373
Val-LogitMargin [6/50] TrueKnown-VMax mean=4.4353 std=1.1342 p10=3.0042 p50=4.6797 p90=5.5391

Test-  OSR [6/50] LR=0.0005000 ACC=56.641 F1=20.683 Rec=22.862 Prec=30.074 UNK=0.000 OS*=27.434 HOS=0.000 AUROC=71.599 AUPR=30.860 OSCR=54.787
Test-Close [6/50] LR=0.0005000 loss=2.323 ACC=68.841 F1=27.615 Rec=27.434 Prec=47.637
Test-Virtual [6/50] CloseK->V=0.000% Open->V=0.000% OpenVEntropy=0.000000 CloseHist=[0, 0, 0] OpenHist=[0, 0, 0]
Test-LogitMargin [6/50] CloseTrue-VMax mean=4.4423 std=1.0872 p10=3.0213 p50=4.6692 p90=5.5161 | OpenKnown-VMax mean=4.4968 std=0.3748 p10=4.1896 p50=4.4223 p90=4.8394
AnchorDiag [6/50] VNorm=[0.9999999403953552, 0.9999999403953552, 0.9999998807907104] VDriftMax=0.000000 Vcos(max/mean)=(0.0000/-0.0000) KVcos(max/mean)=(0.0349/0.0057) ValK->V=0.00% CloseK->V=0.00% Open->V=0.00% OpenVEntropy=0.0000
Train Client0 [7/50] LR=0.0005000 loss=1.186 (CE=0.625 VIR=0.184 wVIR=0.002 AUX=0.560 w=0.010) ACC=77.112 F1=47.023 Rec=45.110 Prec=50.871
Train Client1 [7/50] LR=0.0005000 loss=0.681 (CE=0.346 VIR=0.055 wVIR=0.001 AUX=0.334 w=0.010) ACC=90.102 F1=23.153 Rec=22.314 Prec=36.234
Train Client2 [7/50] LR=0.0005000 loss=1.788 (CE=0.961 VIR=0.577 wVIR=0.006 AUX=0.821 w=0.010) ACC=65.317 F1=27.337 Rec=27.230 Prec=30.468
Train Client3 [7/50] LR=0.0005000 loss=2.174 (CE=1.315 VIR=0.666 wVIR=0.007 AUX=0.853 w=0.010) ACC=66.667 F1=18.794 Rec=21.515 Prec=16.977
Train Client4 [7/50] LR=0.0005000 loss=1.179 (CE=0.631 VIR=0.221 wVIR=0.002 AUX=0.546 w=0.010) ACC=78.275 F1=19.222 Rec=20.028 Prec=23.435
Train Client5 [7/50] LR=0.0005000 loss=2.205 (CE=1.238 VIR=0.582 wVIR=0.006 AUX=0.961 w=0.010) ACC=56.655 F1=30.517 Rec=31.127 Prec=31.447
Train Client6 [7/50] LR=0.0005000 loss=2.351 (CE=1.445 VIR=0.716 wVIR=0.007 AUX=0.899 w=0.010) ACC=73.026 F1=30.113 Rec=30.652 Prec=30.887
Train Client7 [7/50] LR=0.0005000 loss=2.221 (CE=1.396 VIR=0.720 wVIR=0.007 AUX=0.817 w=0.010) ACC=71.818 F1=25.753 Rec=26.244 Prec=47.183

Val    [7/50] LR=0.0005000 loss=2.320 ACC=68.222 F1=31.279 Rec=30.223 Prec=41.241
Val-Known->Virtual [7/50] rate=0.000% prob_mean=0.024132 margin_mean=0.693936
Val-LogitMargin [7/50] TrueKnown-VMax mean=4.0852 std=1.1193 p10=2.8887 p50=4.2859 p90=5.2073

Test-  OSR [7/50] LR=0.0005000 ACC=56.700 F1=22.170 Rec=24.605 Prec=22.376 UNK=0.000 OS*=29.527 HOS=0.000 AUROC=77.500 AUPR=37.239 OSCR=58.685
Test-Close [7/50] LR=0.0005000 loss=2.297 ACC=68.913 F1=30.076 Rec=29.527 Prec=36.828
Test-Virtual [7/50] CloseK->V=0.000% Open->V=0.000% OpenVEntropy=0.000000 CloseHist=[0, 0, 0] OpenHist=[0, 0, 0]
Test-LogitMargin [7/50] CloseTrue-VMax mean=4.1062 std=1.0741 p10=2.9093 p50=4.2864 p90=5.1929 | OpenKnown-VMax mean=4.1437 std=0.3889 p10=3.7934 p50=4.0935 p90=4.5569
AnchorDiag [7/50] VNorm=[0.9999999403953552, 0.9999999403953552, 0.9999998807907104] VDriftMax=0.000000 Vcos(max/mean)=(0.0000/-0.0000) KVcos(max/mean)=(0.0382/0.0098) ValK->V=0.00% CloseK->V=0.00% Open->V=0.00% OpenVEntropy=0.0000
Saving best model . . . . . . . .

Train Client0 [8/50] LR=0.0005000 loss=1.118 (CE=0.582 VIR=0.155 wVIR=0.002 AUX=0.535 w=0.010) ACC=78.482 F1=50.029 Rec=47.295 Prec=55.031
Train Client1 [8/50] LR=0.0005000 loss=0.663 (CE=0.337 VIR=0.083 wVIR=0.001 AUX=0.325 w=0.010) ACC=90.116 F1=26.120 Rec=24.306 Prec=36.143
Train Client2 [8/50] LR=0.0005000 loss=1.800 (CE=0.944 VIR=0.534 wVIR=0.005 AUX=0.851 w=0.010) ACC=64.026 F1=25.776 Rec=25.740 Prec=29.410
Train Client3 [8/50] LR=0.0005000 loss=2.182 (CE=1.375 VIR=0.750 wVIR=0.008 AUX=0.799 w=0.010) ACC=63.611 F1=19.247 Rec=23.182 Prec=17.464
Train Client4 [8/50] LR=0.0005000 loss=1.152 (CE=0.608 VIR=0.225 wVIR=0.002 AUX=0.542 w=0.010) ACC=78.275 F1=19.013 Rec=19.910 Prec=24.938
Train Client5 [8/50] LR=0.0005000 loss=2.335 (CE=1.351 VIR=0.775 wVIR=0.008 AUX=0.977 w=0.010) ACC=56.745 F1=28.896 Rec=30.253 Prec=30.058
Train Client6 [8/50] LR=0.0005000 loss=1.543 (CE=0.776 VIR=0.204 wVIR=0.002 AUX=0.765 w=0.010) ACC=75.658 F1=32.021 Rec=33.516 Prec=31.057
Train Client7 [8/50] LR=0.0005000 loss=2.064 (CE=1.316 VIR=0.659 wVIR=0.007 AUX=0.742 w=0.010) ACC=70.000 F1=22.443 Rec=23.512 Prec=25.150

Val    [8/50] LR=0.0005000 loss=2.307 ACC=69.450 F1=34.529 Rec=32.857 Prec=44.724
Val-Known->Virtual [8/50] rate=0.000% prob_mean=0.022021 margin_mean=0.676626
Val-LogitMargin [8/50] TrueKnown-VMax mean=4.0685 std=1.0992 p10=2.8683 p50=4.2327 p90=5.1854

Test-  OSR [8/50] LR=0.0005000 ACC=57.332 F1=24.065 Rec=25.982 Prec=25.661 UNK=0.000 OS*=31.178 HOS=0.000 AUROC=74.762 AUPR=34.542 OSCR=57.142
Test-Close [8/50] LR=0.0005000 loss=2.285 ACC=69.681 F1=32.195 Rec=31.178 Prec=39.661
Test-Virtual [8/50] CloseK->V=0.000% Open->V=0.000% OpenVEntropy=0.000000 CloseHist=[0, 0, 0] OpenHist=[0, 0, 0]
Test-LogitMargin [8/50] CloseTrue-VMax mean=4.0900 std=1.0451 p10=2.8991 p50=4.2170 p90=5.1775 | OpenKnown-VMax mean=4.0413 std=0.5004 p10=3.7036 p50=3.9071 p90=4.5786
AnchorDiag [8/50] VNorm=[0.9999999403953552, 0.9999999403953552, 0.9999998807907104] VDriftMax=0.000000 Vcos(max/mean)=(0.0000/-0.0000) KVcos(max/mean)=(0.0385/0.0125) ValK->V=0.00% CloseK->V=0.00% Open->V=0.00% OpenVEntropy=0.0000
Train Client0 [9/50] LR=0.0005000 loss=1.188 (CE=0.641 VIR=0.222 wVIR=0.002 AUX=0.545 w=0.010) ACC=77.112 F1=46.064 Rec=43.367 Prec=51.480
Train Client1 [9/50] LR=0.0005000 loss=0.662 (CE=0.335 VIR=0.070 wVIR=0.001 AUX=0.327 w=0.010) ACC=90.184 F1=25.671 Rec=23.909 Prec=38.025
Train Client2 [9/50] LR=0.0005000 loss=1.792 (CE=0.966 VIR=0.758 wVIR=0.008 AUX=0.818 w=0.010) ACC=65.200 F1=27.969 Rec=27.638 Prec=31.487
Train Client3 [9/50] LR=0.0005000 loss=2.060 (CE=1.265 VIR=0.579 wVIR=0.006 AUX=0.789 w=0.010) ACC=62.500 F1=18.067 Rec=21.149 Prec=16.478
Train Client4 [9/50] LR=0.0005000 loss=1.252 (CE=0.707 VIR=0.401 wVIR=0.004 AUX=0.540 w=0.010) ACC=77.005 F1=18.223 Rec=19.784 Prec=18.893
Train Client5 [9/50] LR=0.0005000 loss=1.977 (CE=0.999 VIR=0.402 wVIR=0.004 AUX=0.974 w=0.010) ACC=56.205 F1=29.230 Rec=30.337 Prec=29.960
Train Client6 [9/50] LR=0.0005000 loss=1.561 (CE=0.812 VIR=0.157 wVIR=0.002 AUX=0.748 w=0.010) ACC=71.053 F1=33.889 Rec=32.802 Prec=54.021
Train Client7 [9/50] LR=0.0005000 loss=1.566 (CE=0.872 VIR=0.211 wVIR=0.002 AUX=0.692 w=0.010) ACC=72.955 F1=34.886 Rec=33.314 Prec=44.300

Val    [9/50] LR=0.0005000 loss=2.403 ACC=67.829 F1=33.488 Rec=31.443 Prec=48.576
Val-Known->Virtual [9/50] rate=0.688% prob_mean=0.063811 margin_mean=0.671217
Val-LogitMargin [9/50] TrueKnown-VMax mean=3.4452 std=1.4188 p10=1.8148 p50=3.8487 p90=4.7537

Test-  OSR [9/50] LR=0.0005000 ACC=55.891 F1=23.179 Rec=24.306 Prec=28.697 UNK=0.000 OS*=29.167 HOS=0.000 AUROC=73.724 AUPR=29.561 OSCR=55.003
Test-Close [9/50] LR=0.0005000 loss=2.366 ACC=68.650 F1=30.469 Rec=29.395 Prec=41.716
Test-Virtual [9/50] CloseK->V=0.816% Open->V=0.000% OpenVEntropy=0.000000 CloseHist=[1, 5, 28] OpenHist=[0, 0, 0]
Test-LogitMargin [9/50] CloseTrue-VMax mean=3.4844 std=1.3577 p10=1.9349 p50=3.8493 p90=4.7674 | OpenKnown-VMax mean=3.9687 std=0.3496 p10=3.7174 p50=3.8777 p90=4.3536
AnchorDiag [9/50] VNorm=[0.9999999403953552, 0.9999999403953552, 0.9999998807907104] VDriftMax=0.000000 Vcos(max/mean)=(0.0000/-0.0000) KVcos(max/mean)=(0.0398/0.0118) ValK->V=0.69% CloseK->V=0.82% Open->V=0.00% OpenVEntropy=0.0000
Train Client0 [10/50] LR=0.0005000 loss=1.108 (CE=0.578 VIR=0.181 wVIR=0.002 AUX=0.529 w=0.010) ACC=78.596 F1=48.973 Rec=45.797 Prec=55.250
Train Client1 [10/50] LR=0.0005000 loss=0.659 (CE=0.335 VIR=0.076 wVIR=0.001 AUX=0.323 w=0.010) ACC=90.157 F1=28.440 Rec=25.740 Prec=42.244
Train Client2 [10/50] LR=0.0005000 loss=1.801 (CE=0.973 VIR=0.666 wVIR=0.007 AUX=0.822 w=0.010) ACC=65.728 F1=27.889 Rec=27.594 Prec=31.518
Train Client3 [10/50] LR=0.0005000 loss=2.139 (CE=1.359 VIR=0.805 wVIR=0.008 AUX=0.773 w=0.010) ACC=65.556 F1=25.265 Rec=29.405 Prec=25.322
Train Client4 [10/50] LR=0.0005000 loss=1.140 (CE=0.610 VIR=0.213 wVIR=0.002 AUX=0.528 w=0.010) ACC=78.075 F1=19.572 Rec=20.554 Prec=23.670
Train Client5 [10/50] LR=0.0005000 loss=1.935 (CE=0.982 VIR=0.334 wVIR=0.003 AUX=0.950 w=0.010) ACC=57.824 F1=31.325 Rec=31.889 Prec=32.487
Train Client6 [10/50] LR=0.0005000 loss=1.632 (CE=0.878 VIR=0.280 wVIR=0.003 AUX=0.750 w=0.010) ACC=72.368 F1=34.110 Rec=34.084 Prec=37.475
Train Client7 [10/50] LR=0.0005000 loss=1.748 (CE=0.999 VIR=0.313 wVIR=0.003 AUX=0.745 w=0.010) ACC=71.364 F1=23.798 Rec=25.135 Prec=24.563

Val    [10/50] LR=0.0005000 loss=2.457 ACC=67.436 F1=29.124 Rec=28.242 Prec=45.155
Val-Known->Virtual [10/50] rate=1.866% prob_mean=0.081836 margin_mean=0.677813
Val-LogitMargin [10/50] TrueKnown-VMax mean=3.2250 std=1.6643 p10=1.4895 p50=3.5881 p90=4.7274

Test-  OSR [10/50] LR=0.0005000 ACC=55.082 F1=20.704 Rec=22.286 Prec=27.094 UNK=0.000 OS*=26.744 HOS=0.000 AUROC=67.289 AUPR=24.769 OSCR=49.651
Test-Close [10/50] LR=0.0005000 loss=2.418 ACC=68.722 F1=27.625 Rec=27.307 Prec=40.451
Test-Virtual [10/50] CloseK->V=2.015% Open->V=0.000% OpenVEntropy=0.000000 CloseHist=[2, 81, 1] OpenHist=[0, 0, 0]
Test-LogitMargin [10/50] CloseTrue-VMax mean=3.2651 std=1.6392 p10=1.5803 p50=3.6827 p90=4.7326 | OpenKnown-VMax mean=3.9180 std=0.4187 p10=3.5129 p50=3.8612 p90=4.3361
AnchorDiag [10/50] VNorm=[0.9999999403953552, 0.9999999403953552, 0.9999998807907104] VDriftMax=0.000000 Vcos(max/mean)=(0.0000/-0.0000) KVcos(max/mean)=(0.0427/0.0154) ValK->V=1.87% CloseK->V=2.01% Open->V=0.00% OpenVEntropy=0.0000
Saving model at epoch 10 . . . . . . . .

>> New learning Rate: 0.00025
Train Client0 [11/50] LR=0.0002500 loss=1.080 (CE=0.578 VIR=0.197 wVIR=0.002 AUX=0.500 w=0.010) ACC=80.023 F1=51.340 Rec=47.827 Prec=58.058
Train Client1 [11/50] LR=0.0002500 loss=0.623 (CE=0.315 VIR=0.070 wVIR=0.001 AUX=0.307 w=0.010) ACC=90.363 F1=32.384 Rec=29.129 Prec=42.860
Train Client2 [11/50] LR=0.0002500 loss=1.838 (CE=1.048 VIR=0.949 wVIR=0.009 AUX=0.780 w=0.010) ACC=59.683 F1=25.880 Rec=26.704 Prec=26.773
Train Client3 [11/50] LR=0.0002500 loss=2.289 (CE=1.525 VIR=0.742 wVIR=0.007 AUX=0.757 w=0.010) ACC=54.722 F1=19.115 Rec=23.820 Prec=27.995
Train Client4 [11/50] LR=0.0002500 loss=1.178 (CE=0.672 VIR=0.337 wVIR=0.003 AUX=0.502 w=0.010) ACC=75.401 F1=28.014 Rec=27.026 Prec=36.805
Train Client5 [11/50] LR=0.0002500 loss=1.926 (CE=1.005 VIR=0.376 wVIR=0.004 AUX=0.917 w=0.010) ACC=56.565 F1=29.972 Rec=30.901 Prec=30.806
Train Client6 [11/50] LR=0.0002500 loss=1.507 (CE=0.891 VIR=0.219 wVIR=0.002 AUX=0.613 w=0.010) ACC=68.421 F1=26.835 Rec=28.553 Prec=33.852
Train Client7 [11/50] LR=0.0002500 loss=1.849 (CE=1.185 VIR=0.440 wVIR=0.004 AUX=0.660 w=0.010) ACC=71.591 F1=27.144 Rec=26.952 Prec=32.467

Val    [11/50] LR=0.0002500 loss=2.647 ACC=69.057 F1=35.121 Rec=33.609 Prec=42.728
Val-Known->Virtual [11/50] rate=7.220% prob_mean=0.152259 margin_mean=0.563785
Val-LogitMargin [11/50] TrueKnown-VMax mean=2.5444 std=3.3461 p10=-0.0559 p50=3.1506 p90=4.3733

Test-  OSR [11/50] LR=0.0002500 ACC=51.865 F1=25.123 Rec=26.300 Prec=25.640 UNK=0.111 OS*=31.537 HOS=0.222 AUROC=63.059 AUPR=21.832 OSCR=45.772
Test-Close [11/50] LR=0.0002500 loss=2.557 ACC=69.681 F1=34.711 Rec=33.681 Prec=39.804
Test-Virtual [11/50] CloseK->V=7.148% Open->V=0.111% OpenVEntropy=-0.000000 CloseHist=[6, 1, 291] OpenHist=[0, 0, 1]
Test-LogitMargin [11/50] CloseTrue-VMax mean=2.6336 std=2.0855 p10=0.0634 p50=3.2121 p90=4.3419 | OpenKnown-VMax mean=3.6158 std=0.4662 p10=3.2033 p50=3.5288 p90=4.1054
AnchorDiag [11/50] VNorm=[0.9999999403953552, 0.9999999403953552, 0.9999998807907104] VDriftMax=0.000000 Vcos(max/mean)=(0.0000/-0.0000) KVcos(max/mean)=(0.0434/0.0156) ValK->V=7.22% CloseK->V=7.15% Open->V=0.11% OpenVEntropy=-0.0000
Train Client0 [12/50] LR=0.0002500 loss=1.018 (CE=0.532 VIR=0.196 wVIR=0.002 AUX=0.484 w=0.010) ACC=80.251 F1=52.990 Rec=50.124 Prec=57.982
Train Client1 [12/50] LR=0.0002500 loss=0.614 (CE=0.309 VIR=0.083 wVIR=0.001 AUX=0.304 w=0.010) ACC=90.639 F1=33.166 Rec=29.516 Prec=44.891
Train Client2 [12/50] LR=0.0002500 loss=1.814 (CE=1.063 VIR=1.088 wVIR=0.011 AUX=0.741 w=0.010) ACC=65.258 F1=31.000 Rec=31.297 Prec=33.053
Train Client3 [12/50] LR=0.0002500 loss=2.586 (CE=1.834 VIR=1.228 wVIR=0.012 AUX=0.740 w=0.010) ACC=57.500 F1=24.712 Rec=26.702 Prec=32.122
Train Client4 [12/50] LR=0.0002500 loss=1.147 (CE=0.640 VIR=0.424 wVIR=0.004 AUX=0.502 w=0.010) ACC=77.406 F1=26.077 Rec=25.539 Prec=45.986
Train Client5 [12/50] LR=0.0002500 loss=1.941 (CE=1.015 VIR=0.554 wVIR=0.006 AUX=0.921 w=0.010) ACC=58.903 F1=32.397 Rec=32.959 Prec=33.269
Train Client6 [12/50] LR=0.0002500 loss=1.405 (CE=0.827 VIR=0.248 wVIR=0.002 AUX=0.576 w=0.010) ACC=68.421 F1=28.445 Rec=29.368 Prec=37.704
Train Client7 [12/50] LR=0.0002500 loss=1.958 (CE=1.259 VIR=0.591 wVIR=0.006 AUX=0.693 w=0.010) ACC=70.455 F1=23.050 Rec=24.097 Prec=25.532

Val    [12/50] LR=0.0002500 loss=2.518 ACC=70.481 F1=40.522 Rec=38.172 Prec=54.943
Val-Known->Virtual [12/50] rate=4.224% prob_mean=0.123799 margin_mean=0.591530
Val-LogitMargin [12/50] TrueKnown-VMax mean=2.6974 std=3.3197 p10=0.7062 p50=3.2132 p90=4.1868

Test-  OSR [12/50] LR=0.0002500 ACC=55.654 F1=27.964 Rec=30.791 Prec=31.149 UNK=0.000 OS*=36.949 HOS=0.000 AUROC=69.112 AUPR=26.939 OSCR=51.898
Test-Close [12/50] LR=0.0002500 loss=2.424 ACC=70.928 F1=38.708 Rec=37.992 Prec=52.503
Test-Virtual [12/50] CloseK->V=3.478% Open->V=0.000% OpenVEntropy=0.000000 CloseHist=[2, 0, 143] OpenHist=[0, 0, 0]
Test-LogitMargin [12/50] CloseTrue-VMax mean=2.7942 std=1.8910 p10=0.8496 p50=3.2214 p90=4.1805 | OpenKnown-VMax mean=3.4725 std=0.5342 p10=3.0016 p50=3.3262 p90=4.0725
AnchorDiag [12/50] VNorm=[0.9999999403953552, 0.9999999403953552, 0.9999998807907104] VDriftMax=0.000000 Vcos(max/mean)=(0.0000/-0.0000) KVcos(max/mean)=(0.0467/0.0163) ValK->V=4.22% CloseK->V=3.48% Open->V=0.00% OpenVEntropy=0.0000
Train Client0 [13/50] LR=0.0002500 loss=1.032 (CE=0.537 VIR=0.229 wVIR=0.002 AUX=0.492 w=0.010) ACC=80.080 F1=41.605 Rec=39.775 Prec=44.958
Train Client1 [13/50] LR=0.0002500 loss=0.610 (CE=0.308 VIR=0.089 wVIR=0.001 AUX=0.301 w=0.010) ACC=90.501 F1=33.692 Rec=30.514 Prec=43.153
Train Client2 [13/50] LR=0.0002500 loss=1.775 (CE=1.014 VIR=1.031 wVIR=0.010 AUX=0.750 w=0.010) ACC=63.322 F1=41.989 Rec=40.802 Prec=45.602
Train Client3 [13/50] LR=0.0002500 loss=2.151 (CE=1.422 VIR=0.847 wVIR=0.008 AUX=0.721 w=0.010) ACC=58.333 F1=24.564 Rec=28.615 Prec=30.544
Train Client4 [13/50] LR=0.0002500 loss=1.222 (CE=0.700 VIR=0.563 wVIR=0.006 AUX=0.517 w=0.010) ACC=77.005 F1=25.874 Rec=24.822 Prec=36.955
Train Client5 [13/50] LR=0.0002500 loss=1.994 (CE=1.084 VIR=0.637 wVIR=0.006 AUX=0.904 w=0.010) ACC=59.622 F1=32.948 Rec=33.387 Prec=33.371
Train Client6 [13/50] LR=0.0002500 loss=1.491 (CE=0.907 VIR=0.387 wVIR=0.004 AUX=0.580 w=0.010) ACC=71.711 F1=33.735 Rec=35.418 Prec=36.077
Train Client7 [13/50] LR=0.0002500 loss=2.521 (CE=1.830 VIR=1.252 wVIR=0.013 AUX=0.679 w=0.010) ACC=70.909 F1=26.763 Rec=27.086 Prec=29.964

Val    [13/50] LR=0.0002500 loss=2.430 ACC=70.138 F1=37.959 Rec=36.663 Prec=42.920
Val-Known->Virtual [13/50] rate=2.898% prob_mean=0.113764 margin_mean=0.592358
Val-LogitMargin [13/50] TrueKnown-VMax mean=2.7470 std=1.5519 p10=0.9974 p50=3.1575 p90=4.0644

Test-  OSR [13/50] LR=0.0002500 ACC=55.871 F1=26.953 Rec=29.303 Prec=42.393 UNK=0.000 OS*=35.164 HOS=0.000 AUROC=71.794 AUPR=28.936 OSCR=54.136
Test-Close [13/50] LR=0.0002500 loss=2.386 ACC=70.688 F1=36.360 Rec=36.047 Prec=58.510
Test-Virtual [13/50] CloseK->V=3.022% Open->V=0.000% OpenVEntropy=0.000000 CloseHist=[2, 0, 124] OpenHist=[0, 0, 0]
Test-LogitMargin [13/50] CloseTrue-VMax mean=2.7889 std=1.4497 p10=1.1346 p50=3.1730 p90=4.0230 | OpenKnown-VMax mean=3.2360 std=0.4723 p10=2.8543 p50=3.1016 p90=3.7722
AnchorDiag [13/50] VNorm=[0.9999999403953552, 0.9999999403953552, 0.9999998807907104] VDriftMax=0.000000 Vcos(max/mean)=(0.0000/-0.0000) KVcos(max/mean)=(0.0525/0.0170) ValK->V=2.90% CloseK->V=3.02% Open->V=0.00% OpenVEntropy=0.0000
Train Client0 [14/50] LR=0.0002500 loss=1.019 (CE=0.548 VIR=0.254 wVIR=0.003 AUX=0.469 w=0.010) ACC=80.879 F1=54.475 Rec=51.645 Prec=59.465
Train Client1 [14/50] LR=0.0002500 loss=0.601 (CE=0.302 VIR=0.085 wVIR=0.001 AUX=0.298 w=0.010) ACC=90.776 F1=33.595 Rec=29.585 Prec=47.022
Train Client2 [14/50] LR=0.0002500 loss=1.861 (CE=1.080 VIR=1.329 wVIR=0.013 AUX=0.768 w=0.010) ACC=63.967 F1=42.083 Rec=40.465 Prec=45.545
Train Client3 [14/50] LR=0.0002500 loss=2.275 (CE=1.559 VIR=1.099 wVIR=0.011 AUX=0.705 w=0.010) ACC=58.889 F1=23.888 Rec=30.152 Prec=24.857
Train Client4 [14/50] LR=0.0002500 loss=1.210 (CE=0.694 VIR=0.683 wVIR=0.007 AUX=0.510 w=0.010) ACC=77.340 F1=20.219 Rec=20.763 Prec=25.863
Train Client5 [14/50] LR=0.0002500 loss=1.898 (CE=0.995 VIR=0.622 wVIR=0.006 AUX=0.898 w=0.010) ACC=58.723 F1=31.317 Rec=32.157 Prec=32.299
Train Client6 [14/50] LR=0.0002500 loss=1.541 (CE=0.982 VIR=0.559 wVIR=0.006 AUX=0.553 w=0.010) ACC=73.026 F1=35.990 Rec=35.955 Prec=55.520
Train Client7 [14/50] LR=0.0002500 loss=1.967 (CE=1.273 VIR=0.652 wVIR=0.007 AUX=0.688 w=0.010) ACC=70.909 F1=24.698 Rec=25.267 Prec=27.905

Val    [14/50] LR=0.0002500 loss=2.412 ACC=70.727 F1=41.362 Rec=38.056 Prec=57.005
Val-Known->Virtual [14/50] rate=3.193% prob_mean=0.106629 margin_mean=0.596468
Val-LogitMargin [14/50] TrueKnown-VMax mean=2.7816 std=1.5525 p10=1.1387 p50=3.1567 p90=4.0697

Test-  OSR [14/50] LR=0.0002500 ACC=55.931 F1=29.838 Rec=30.726 Prec=34.334 UNK=0.000 OS*=36.871 HOS=0.000 AUROC=72.709 AUPR=29.206 OSCR=54.739
Test-Close [14/50] LR=0.0002500 loss=2.369 ACC=70.952 F1=39.738 Rec=37.815 Prec=53.661
Test-Virtual [14/50] CloseK->V=2.998% Open->V=0.000% OpenVEntropy=0.000000 CloseHist=[0, 0, 125] OpenHist=[0, 0, 0]
Test-LogitMargin [14/50] CloseTrue-VMax mean=2.8356 std=1.4873 p10=1.2419 p50=3.1741 p90=4.0351 | OpenKnown-VMax mean=3.1366 std=0.4564 p10=2.7600 p50=3.0364 p90=3.6173
AnchorDiag [14/50] VNorm=[0.9999999403953552, 0.9999999403953552, 0.9999998807907104] VDriftMax=0.000000 Vcos(max/mean)=(0.0000/-0.0000) KVcos(max/mean)=(0.0552/0.0169) ValK->V=3.19% CloseK->V=3.00% Open->V=0.00% OpenVEntropy=0.0000
Train Client0 [15/50] LR=0.0002500 loss=1.042 (CE=0.564 VIR=0.270 wVIR=0.003 AUX=0.475 w=0.010) ACC=79.852 F1=51.708 Rec=48.835 Prec=56.762
Train Client1 [15/50] LR=0.0002500 loss=0.598 (CE=0.303 VIR=0.102 wVIR=0.001 AUX=0.294 w=0.010) ACC=90.708 F1=34.826 Rec=31.616 Prec=43.369
Train Client2 [15/50] LR=0.0002500 loss=1.735 (CE=0.977 VIR=1.195 wVIR=0.012 AUX=0.746 w=0.010) ACC=64.613 F1=36.570 Rec=37.596 Prec=39.604
Train Client3 [15/50] LR=0.0002500 loss=2.431 (CE=1.726 VIR=1.240 wVIR=0.012 AUX=0.693 w=0.010) ACC=60.278 F1=30.529 Rec=34.595 Prec=38.811
Train Client4 [15/50] LR=0.0002500 loss=1.311 (CE=0.806 VIR=0.850 wVIR=0.009 AUX=0.497 w=0.010) ACC=77.340 F1=26.839 Rec=26.292 Prec=37.269
Train Client5 [15/50] LR=0.0002500 loss=1.969 (CE=1.073 VIR=0.725 wVIR=0.007 AUX=0.889 w=0.010) ACC=61.241 F1=33.837 Rec=34.281 Prec=34.593
Train Client6 [15/50] LR=0.0002500 loss=1.338 (CE=0.755 VIR=0.318 wVIR=0.003 AUX=0.580 w=0.010) ACC=75.000 F1=37.998 Rec=37.292 Prec=57.930
Train Client7 [15/50] LR=0.0002500 loss=2.151 (CE=1.512 VIR=0.972 wVIR=0.010 AUX=0.629 w=0.010) ACC=72.500 F1=29.429 Rec=28.793 Prec=39.100

Val    [15/50] LR=0.0002500 loss=2.611 ACC=69.548 F1=37.494 Rec=35.821 Prec=44.190
Val-Known->Virtual [15/50] rate=8.595% prob_mean=0.162126 margin_mean=0.553083
Val-LogitMargin [15/50] TrueKnown-VMax mean=2.2955 std=2.0175 p10=-0.4605 p50=2.8988 p90=3.9457

Test-  OSR [15/50] LR=0.0002500 ACC=51.490 F1=26.756 Rec=27.748 Prec=33.180 UNK=0.000 OS*=33.298 HOS=0.000 AUROC=66.866 AUPR=23.549 OSCR=49.385
Test-Close [15/50] LR=0.0002500 loss=2.538 ACC=70.161 F1=36.618 Rec=35.703 Prec=52.466
Test-Virtual [15/50] CloseK->V=7.916% Open->V=0.000% OpenVEntropy=0.000000 CloseHist=[0, 0, 330] OpenHist=[0, 0, 0]
Test-LogitMargin [15/50] CloseTrue-VMax mean=2.3801 std=1.8747 p10=-0.0754 p50=2.9090 p90=3.9295 | OpenKnown-VMax mean=3.0526 std=0.5381 p10=2.6237 p50=2.9281 p90=3.5879
AnchorDiag [15/50] VNorm=[0.9999999403953552, 0.9999999403953552, 0.9999998807907104] VDriftMax=0.000000 Vcos(max/mean)=(0.0000/-0.0000) KVcos(max/mean)=(0.0556/0.0159) ValK->V=8.60% CloseK->V=7.92% Open->V=0.00% OpenVEntropy=0.0000
Saving model at epoch 15 . . . . . . . .

Train Client0 [16/50] LR=0.0002500 loss=1.071 (CE=0.589 VIR=0.349 wVIR=0.003 AUX=0.478 w=0.010) ACC=80.993 F1=53.482 Rec=49.781 Prec=60.097
Train Client1 [16/50] LR=0.0002500 loss=0.594 (CE=0.299 VIR=0.104 wVIR=0.001 AUX=0.294 w=0.010) ACC=90.721 F1=33.210 Rec=29.984 Prec=42.727
Train Client2 [16/50] LR=0.0002500 loss=1.712 (CE=0.965 VIR=1.398 wVIR=0.014 AUX=0.733 w=0.010) ACC=64.965 F1=38.770 Rec=38.217 Prec=41.459
Train Client3 [16/50] LR=0.0002500 loss=2.256 (CE=1.520 VIR=1.079 wVIR=0.011 AUX=0.725 w=0.010) ACC=60.833 F1=26.370 Rec=29.859 Prec=34.789
Train Client4 [16/50] LR=0.0002500 loss=1.205 (CE=0.690 VIR=0.758 wVIR=0.008 AUX=0.508 w=0.010) ACC=77.340 F1=25.951 Rec=24.913 Prec=37.523
Train Client5 [16/50] LR=0.0002500 loss=2.041 (CE=1.138 VIR=0.893 wVIR=0.009 AUX=0.894 w=0.010) ACC=61.331 F1=34.378 Rec=34.696 Prec=35.628
Train Client6 [16/50] LR=0.0002500 loss=1.294 (CE=0.742 VIR=0.303 wVIR=0.003 AUX=0.549 w=0.010) ACC=73.684 F1=33.897 Rec=33.714 Prec=35.915
Train Client7 [16/50] LR=0.0002500 loss=1.765 (CE=1.129 VIR=0.587 wVIR=0.006 AUX=0.630 w=0.010) ACC=71.818 F1=31.226 Rec=29.031 Prec=49.371

Val    [16/50] LR=0.0002500 loss=2.439 ACC=70.580 F1=40.494 Rec=39.849 Prec=53.192
Val-Known->Virtual [16/50] rate=3.585% prob_mean=0.127082 margin_mean=0.579813
Val-LogitMargin [16/50] TrueKnown-VMax mean=2.4971 std=1.5307 p10=0.8194 p50=2.8681 p90=3.7386

Test-  OSR [16/50] LR=0.0002500 ACC=55.516 F1=27.894 Rec=31.905 Prec=31.857 UNK=0.000 OS*=38.286 HOS=0.000 AUROC=72.144 AUPR=28.310 OSCR=54.392
Test-Close [16/50] LR=0.0002500 loss=2.383 ACC=70.712 F1=38.237 Rec=39.313 Prec=49.968
Test-Virtual [16/50] CloseK->V=3.262% Open->V=0.000% OpenVEntropy=0.000000 CloseHist=[1, 0, 135] OpenHist=[0, 0, 0]
Test-LogitMargin [16/50] CloseTrue-VMax mean=2.5545 std=1.3867 p10=0.9679 p50=2.8639 p90=3.7072 | OpenKnown-VMax mean=2.8318 std=0.5081 p10=2.4332 p50=2.7173 p90=3.3070
AnchorDiag [16/50] VNorm=[0.9999999403953552, 0.9999999403953552, 0.9999998807907104] VDriftMax=0.000000 Vcos(max/mean)=(0.0000/-0.0000) KVcos(max/mean)=(0.0584/0.0165) ValK->V=3.59% CloseK->V=3.26% Open->V=0.00% OpenVEntropy=0.0000
Train Client0 [17/50] LR=0.0002500 loss=0.996 (CE=0.525 VIR=0.255 wVIR=0.003 AUX=0.468 w=0.010) ACC=80.194 F1=52.476 Rec=49.441 Prec=57.869
Train Client1 [17/50] LR=0.0002500 loss=0.596 (CE=0.301 VIR=0.111 wVIR=0.001 AUX=0.294 w=0.010) ACC=90.845 F1=33.404 Rec=30.195 Prec=43.339
Train Client2 [17/50] LR=0.0002500 loss=1.899 (CE=1.139 VIR=1.698 wVIR=0.017 AUX=0.744 w=0.010) ACC=65.141 F1=42.799 Rec=42.998 Prec=44.340
Train Client3 [17/50] LR=0.0002500 loss=2.005 (CE=1.283 VIR=0.975 wVIR=0.010 AUX=0.712 w=0.010) ACC=61.389 F1=29.169 Rec=31.017 Prec=32.178
Train Client4 [17/50] LR=0.0002500 loss=1.174 (CE=0.670 VIR=0.808 wVIR=0.008 AUX=0.496 w=0.010) ACC=78.476 F1=26.979 Rec=26.451 Prec=40.301
Train Client5 [17/50] LR=0.0002500 loss=1.988 (CE=1.105 VIR=0.855 wVIR=0.009 AUX=0.874 w=0.010) ACC=59.622 F1=32.246 Rec=32.858 Prec=33.536
Train Client6 [17/50] LR=0.0002500 loss=1.308 (CE=0.738 VIR=0.357 wVIR=0.004 AUX=0.567 w=0.010) ACC=73.026 F1=35.786 Rec=35.978 Prec=38.793
Train Client7 [17/50] LR=0.0002500 loss=1.641 (CE=1.032 VIR=0.516 wVIR=0.005 AUX=0.605 w=0.010) ACC=71.136 F1=25.563 Rec=25.979 Prec=28.712

Val    [17/50] LR=0.0002500 loss=2.522 ACC=70.334 F1=40.160 Rec=38.738 Prec=45.227
Val-Known->Virtual [17/50] rate=4.813% prob_mean=0.145770 margin_mean=0.597866
Val-LogitMargin [17/50] TrueKnown-VMax mean=2.3080 std=1.9739 p10=0.4764 p50=2.7790 p90=3.7908

Test-  OSR [17/50] LR=0.0002500 ACC=54.431 F1=26.940 Rec=30.298 Prec=24.785 UNK=0.000 OS*=36.357 HOS=0.000 AUROC=69.765 AUPR=26.126 OSCR=52.326
Test-Close [17/50] LR=0.0002500 loss=2.457 ACC=70.497 F1=37.424 Rec=37.735 Prec=39.372
Test-Virtual [17/50] CloseK->V=4.438% Open->V=0.000% OpenVEntropy=0.000000 CloseHist=[3, 1, 181] OpenHist=[0, 0, 0]
Test-LogitMargin [17/50] CloseTrue-VMax mean=2.3720 std=1.7198 p10=0.4795 p50=2.7756 p90=3.7994 | OpenKnown-VMax mean=2.8397 std=0.5274 p10=2.3841 p50=2.7043 p90=3.4515
AnchorDiag [17/50] VNorm=[0.9999999403953552, 0.9999999403953552, 0.9999998807907104] VDriftMax=0.000000 Vcos(max/mean)=(0.0000/-0.0000) KVcos(max/mean)=(0.0609/0.0164) ValK->V=4.81% CloseK->V=4.44% Open->V=0.00% OpenVEntropy=0.0000
Train Client0 [18/50] LR=0.0002500 loss=0.967 (CE=0.517 VIR=0.302 wVIR=0.003 AUX=0.448 w=0.010) ACC=82.078 F1=55.301 Rec=52.276 Prec=60.453
Train Client1 [18/50] LR=0.0002500 loss=0.593 (CE=0.299 VIR=0.113 wVIR=0.001 AUX=0.293 w=0.010) ACC=90.859 F1=34.766 Rec=31.205 Prec=44.440
Train Client2 [18/50] LR=0.0002500 loss=1.762 (CE=1.015 VIR=1.540 wVIR=0.015 AUX=0.732 w=0.010) ACC=63.615 F1=36.796 Rec=37.190 Prec=38.531
Train Client3 [18/50] LR=0.0002500 loss=2.206 (CE=1.499 VIR=1.105 wVIR=0.011 AUX=0.697 w=0.010) ACC=53.889 F1=26.372 Rec=30.660 Prec=31.151
Train Client4 [18/50] LR=0.0002500 loss=1.350 (CE=0.847 VIR=0.982 wVIR=0.010 AUX=0.493 w=0.010) ACC=77.406 F1=32.242 Rec=30.761 Prec=49.698
Train Client5 [18/50] LR=0.0002500 loss=2.036 (CE=1.169 VIR=1.025 wVIR=0.010 AUX=0.857 w=0.010) ACC=60.791 F1=34.344 Rec=34.604 Prec=34.839
Train Client6 [18/50] LR=0.0002500 loss=1.439 (CE=0.864 VIR=0.436 wVIR=0.004 AUX=0.571 w=0.010) ACC=73.684 F1=33.894 Rec=33.896 Prec=35.810
Train Client7 [18/50] LR=0.0002500 loss=1.647 (CE=1.040 VIR=0.616 wVIR=0.006 AUX=0.601 w=0.010) ACC=72.955 F1=31.349 Rec=31.043 Prec=41.642

Val    [18/50] LR=0.0002500 loss=2.658 ACC=69.990 F1=37.514 Rec=35.496 Prec=45.946
Val-Known->Virtual [18/50] rate=6.876% prob_mean=0.168347 margin_mean=0.568517
Val-LogitMargin [18/50] TrueKnown-VMax mean=2.0710 std=2.5871 p10=-0.1813 p50=2.6881 p90=3.7427

Test-  OSR [18/50] LR=0.0002500 ACC=52.536 F1=27.524 Rec=28.978 Prec=35.359 UNK=0.000 OS*=34.773 HOS=0.000 AUROC=66.491 AUPR=23.748 OSCR=49.294
Test-Close [18/50] LR=0.0002500 loss=2.548 ACC=70.616 F1=38.410 Rec=36.920 Prec=58.415
Test-Virtual [18/50] CloseK->V=6.860% Open->V=0.000% OpenVEntropy=0.000000 CloseHist=[0, 3, 283] OpenHist=[0, 0, 0]
Test-LogitMargin [18/50] CloseTrue-VMax mean=2.1892 std=1.9880 p10=0.0091 p50=2.7138 p90=3.7417 | OpenKnown-VMax mean=2.7735 std=0.5780 p10=2.2704 p50=2.6284 p90=3.4149
AnchorDiag [18/50] VNorm=[0.9999999403953552, 0.9999999403953552, 0.9999998807907104] VDriftMax=0.000000 Vcos(max/mean)=(0.0000/-0.0000) KVcos(max/mean)=(0.0581/0.0157) ValK->V=6.88% CloseK->V=6.86% Open->V=0.00% OpenVEntropy=0.0000
Train Client0 [19/50] LR=0.0002500 loss=0.999 (CE=0.540 VIR=0.354 wVIR=0.004 AUX=0.456 w=0.010) ACC=79.795 F1=51.425 Rec=48.330 Prec=57.269
Train Client1 [19/50] LR=0.0002500 loss=0.589 (CE=0.296 VIR=0.115 wVIR=0.001 AUX=0.292 w=0.010) ACC=91.134 F1=34.824 Rec=31.108 Prec=45.615
Train Client2 [19/50] LR=0.0002500 loss=1.872 (CE=1.127 VIR=1.668 wVIR=0.017 AUX=0.728 w=0.010) ACC=64.378 F1=34.744 Rec=34.610 Prec=37.698
Train Client3 [19/50] LR=0.0002500 loss=2.478 (CE=1.759 VIR=1.400 wVIR=0.014 AUX=0.705 w=0.010) ACC=58.056 F1=25.576 Rec=32.165 Prec=32.714
Train Client4 [19/50] LR=0.0002500 loss=1.375 (CE=0.879 VIR=1.001 wVIR=0.010 AUX=0.485 w=0.010) ACC=76.270 F1=28.566 Rec=28.275 Prec=34.383
Train Client5 [19/50] LR=0.0002500 loss=2.037 (CE=1.131 VIR=0.977 wVIR=0.010 AUX=0.896 w=0.010) ACC=59.892 F1=33.091 Rec=33.603 Prec=33.325
Train Client6 [19/50] LR=0.0002500 loss=1.553 (CE=0.924 VIR=0.554 wVIR=0.006 AUX=0.623 w=0.010) ACC=74.342 F1=36.326 Rec=37.905 Prec=37.514
Train Client7 [19/50] LR=0.0002500 loss=2.252 (CE=1.618 VIR=1.256 wVIR=0.013 AUX=0.621 w=0.010) ACC=71.136 F1=26.948 Rec=26.432 Prec=37.163

Val    [19/50] LR=0.0002500 loss=2.943 ACC=69.597 F1=38.930 Rec=35.142 Prec=60.093
Val-Known->Virtual [19/50] rate=12.033% prob_mean=0.208949 margin_mean=0.491597
Val-LogitMargin [19/50] TrueKnown-VMax mean=1.5721 std=2.7900 p10=-1.7759 p50=2.4588 p90=3.4852

Test-  OSR [19/50] LR=0.0002500 ACC=48.609 F1=27.693 Rec=26.078 Prec=36.168 UNK=0.000 OS*=31.294 HOS=0.000 AUROC=67.202 AUPR=23.205 OSCR=48.116
Test-Close [19/50] LR=0.0002500 loss=2.822 ACC=70.353 F1=37.964 Rec=34.872 Prec=55.613
Test-Virtual [19/50] CloseK->V=11.394% Open->V=0.000% OpenVEntropy=0.000000 CloseHist=[3, 124, 348] OpenHist=[0, 0, 0]
Test-LogitMargin [19/50] CloseTrue-VMax mean=1.7122 std=2.5013 p10=-1.3186 p50=2.4959 p90=3.4952 | OpenKnown-VMax mean=2.5251 std=0.4646 p10=2.1072 p50=2.4191 p90=3.0537
AnchorDiag [19/50] VNorm=[0.9999999403953552, 0.9999999403953552, 0.9999998807907104] VDriftMax=0.000000 Vcos(max/mean)=(0.0000/-0.0000) KVcos(max/mean)=(0.0615/0.0157) ValK->V=12.03% CloseK->V=11.39% Open->V=0.00% OpenVEntropy=0.0000
Train Client0 [20/50] LR=0.0002500 loss=1.023 (CE=0.544 VIR=0.364 wVIR=0.004 AUX=0.475 w=0.010) ACC=80.365 F1=52.865 Rec=48.929 Prec=60.488
Train Client1 [20/50] LR=0.0002500 loss=0.591 (CE=0.300 VIR=0.163 wVIR=0.002 AUX=0.289 w=0.010) ACC=90.928 F1=34.590 Rec=31.142 Prec=44.196
Train Client2 [20/50] LR=0.0002500 loss=1.895 (CE=1.162 VIR=1.781 wVIR=0.018 AUX=0.714 w=0.010) ACC=65.023 F1=45.704 Rec=42.777 Prec=52.654
Train Client3 [20/50] LR=0.0002500 loss=2.950 (CE=2.225 VIR=1.986 wVIR=0.020 AUX=0.705 w=0.010) ACC=56.389 F1=25.919 Rec=30.023 Prec=34.753
Train Client4 [20/50] LR=0.0002500 loss=1.304 (CE=0.794 VIR=1.302 wVIR=0.013 AUX=0.496 w=0.010) ACC=76.270 F1=30.980 Rec=30.959 Prec=36.669
Train Client5 [20/50] LR=0.0002500 loss=1.938 (CE=1.050 VIR=0.990 wVIR=0.010 AUX=0.879 w=0.010) ACC=58.453 F1=32.554 Rec=33.000 Prec=33.246
Train Client6 [20/50] LR=0.0002500 loss=1.443 (CE=0.883 VIR=0.520 wVIR=0.005 AUX=0.555 w=0.010) ACC=71.053 F1=29.236 Rec=29.088 Prec=34.537
Train Client7 [20/50] LR=0.0002500 loss=2.423 (CE=1.803 VIR=1.431 wVIR=0.014 AUX=0.605 w=0.010) ACC=72.727 F1=30.367 Rec=30.176 Prec=38.264

Val    [20/50] LR=0.0002500 loss=2.680 ACC=71.660 F1=43.611 Rec=39.125 Prec=57.690
Val-Known->Virtual [20/50] rate=8.595% prob_mean=0.192164 margin_mean=0.510136
Val-LogitMargin [20/50] TrueKnown-VMax mean=1.7912 std=2.7396 p10=-0.4985 p50=2.4028 p90=3.3605

Test-  OSR [20/50] LR=0.0002500 ACC=52.674 F1=31.261 Rec=30.597 Prec=34.100 UNK=0.000 OS*=36.717 HOS=0.000 AUROC=68.791 AUPR=25.059 OSCR=50.884
Test-Close [20/50] LR=0.0002500 loss=2.563 ACC=72.080 F1=42.919 Rec=39.275 Prec=54.206
Test-Virtual [20/50] CloseK->V=8.299% Open->V=0.000% OpenVEntropy=0.000000 CloseHist=[0, 216, 130] OpenHist=[0, 0, 0]
Test-LogitMargin [20/50] CloseTrue-VMax mean=1.9173 std=1.8121 p10=-0.2874 p50=2.4179 p90=3.3441 | OpenKnown-VMax mean=2.3980 std=0.5564 p10=1.9476 p50=2.2507 p90=2.9899
AnchorDiag [20/50] VNorm=[0.9999999403953552, 0.9999999403953552, 0.9999998807907104] VDriftMax=0.000000 Vcos(max/mean)=(0.0000/-0.0000) KVcos(max/mean)=(0.0624/0.0152) ValK->V=8.60% CloseK->V=8.30% Open->V=0.00% OpenVEntropy=0.0000
Saving model at epoch 20 . . . . . . . .

Train Client0 [21/50] LR=0.0002500 loss=0.950 (CE=0.512 VIR=0.412 wVIR=0.004 AUX=0.434 w=0.010) ACC=82.306 F1=55.646 Rec=52.809 Prec=60.559
Train Client1 [21/50] LR=0.0002500 loss=0.579 (CE=0.291 VIR=0.150 wVIR=0.001 AUX=0.287 w=0.010) ACC=90.997 F1=37.134 Rec=33.032 Prec=56.441
Train Client2 [21/50] LR=0.0002500 loss=1.752 (CE=1.010 VIR=1.673 wVIR=0.017 AUX=0.725 w=0.010) ACC=66.197 F1=37.714 Rec=34.833 Prec=53.063
Train Client3 [21/50] LR=0.0002500 loss=1.916 (CE=1.227 VIR=1.140 wVIR=0.011 AUX=0.677 w=0.010) ACC=59.167 F1=26.824 Rec=28.853 Prec=42.844
Train Client4 [21/50] LR=0.0002500 loss=1.346 (CE=0.854 VIR=1.187 wVIR=0.012 AUX=0.480 w=0.010) ACC=77.807 F1=27.111 Rec=26.046 Prec=37.195
Train Client5 [21/50] LR=0.0002500 loss=1.837 (CE=0.978 VIR=1.034 wVIR=0.010 AUX=0.849 w=0.010) ACC=59.802 F1=33.038 Rec=33.457 Prec=34.205
Train Client6 [21/50] LR=0.0002500 loss=1.287 (CE=0.772 VIR=0.553 wVIR=0.006 AUX=0.509 w=0.010) ACC=72.368 F1=34.639 Rec=33.767 Prec=46.592
Train Client7 [21/50] LR=0.0002500 loss=1.775 (CE=1.214 VIR=1.001 wVIR=0.010 AUX=0.551 w=0.010) ACC=72.727 F1=28.808 Rec=27.171 Prec=43.036

Val    [21/50] LR=0.0002500 loss=2.656 ACC=71.660 F1=41.192 Rec=38.819 Prec=53.328
Val-Known->Virtual [21/50] rate=8.497% prob_mean=0.192994 margin_mean=0.480152
Val-LogitMargin [21/50] TrueKnown-VMax mean=1.7928 std=2.0801 p10=-0.4384 p50=2.4026 p90=3.2359

Test-  OSR [21/50] LR=0.0002500 ACC=52.497 F1=29.623 Rec=31.442 Prec=33.658 UNK=0.000 OS*=37.730 HOS=0.000 AUROC=65.996 AUPR=23.708 OSCR=49.411
Test-Close [21/50] LR=0.0002500 loss=2.564 ACC=71.840 F1=41.545 Rec=40.308 Prec=54.489
Test-Virtual [21/50] CloseK->V=8.083% Open->V=0.000% OpenVEntropy=0.000000 CloseHist=[0, 29, 308] OpenHist=[0, 0, 0]
Test-LogitMargin [21/50] CloseTrue-VMax mean=1.8996 std=1.7788 p10=-0.1684 p50=2.4386 p90=3.2159 | OpenKnown-VMax mean=2.3485 std=0.5667 p10=1.8388 p50=2.1839 p90=3.0377
AnchorDiag [21/50] VNorm=[0.9999999403953552, 0.9999999403953552, 0.9999998807907104] VDriftMax=0.000000 Vcos(max/mean)=(0.0000/-0.0000) KVcos(max/mean)=(0.0617/0.0150) ValK->V=8.50% CloseK->V=8.08% Open->V=0.00% OpenVEntropy=0.0000
Train Client0 [22/50] LR=0.0002500 loss=0.954 (CE=0.512 VIR=0.337 wVIR=0.003 AUX=0.439 w=0.010) ACC=81.906 F1=53.752 Rec=51.057 Prec=59.095
Train Client1 [22/50] LR=0.0002500 loss=0.590 (CE=0.297 VIR=0.148 wVIR=0.001 AUX=0.292 w=0.010) ACC=90.804 F1=34.556 Rec=31.022 Prec=44.449
Train Client2 [22/50] LR=0.0002500 loss=1.723 (CE=0.983 VIR=1.653 wVIR=0.017 AUX=0.723 w=0.010) ACC=65.434 F1=37.936 Rec=35.256 Prec=52.402
Train Client3 [22/50] LR=0.0002500 loss=2.005 (CE=1.308 VIR=1.114 wVIR=0.011 AUX=0.686 w=0.010) ACC=61.944 F1=25.015 Rec=28.167 Prec=32.491
Train Client4 [22/50] LR=0.0002500 loss=1.113 (CE=0.629 VIR=0.891 wVIR=0.009 AUX=0.475 w=0.010) ACC=78.008 F1=23.742 Rec=23.751 Prec=28.308
Train Client5 [22/50] LR=0.0002500 loss=2.088 (CE=1.214 VIR=1.161 wVIR=0.012 AUX=0.862 w=0.010) ACC=60.072 F1=33.496 Rec=33.789 Prec=34.385
Train Client6 [22/50] LR=0.0002500 loss=1.272 (CE=0.753 VIR=0.402 wVIR=0.004 AUX=0.515 w=0.010) ACC=77.632 F1=44.698 Rec=41.817 Prec=62.443
Train Client7 [22/50] LR=0.0002500 loss=1.852 (CE=1.234 VIR=0.812 wVIR=0.008 AUX=0.611 w=0.010) ACC=71.818 F1=26.831 Rec=27.016 Prec=30.667

Val    [22/50] LR=0.0002500 loss=2.572 ACC=71.464 F1=43.728 Rec=40.511 Prec=58.699
Val-Known->Virtual [22/50] rate=6.385% prob_mean=0.166792 margin_mean=0.544744
Val-LogitMargin [22/50] TrueKnown-VMax mean=1.9845 std=2.2289 p10=0.1097 p50=2.5172 p90=3.4305

Test-  OSR [22/50] LR=0.0002500 ACC=53.819 F1=29.710 Rec=30.765 Prec=34.005 UNK=0.000 OS*=36.918 HOS=0.000 AUROC=70.607 AUPR=26.381 OSCR=52.975
Test-Close [22/50] LR=0.0002500 loss=2.481 ACC=71.144 F1=40.597 Rec=38.751 Prec=54.048
Test-Virtual [22/50] CloseK->V=5.829% Open->V=0.000% OpenVEntropy=0.000000 CloseHist=[0, 79, 164] OpenHist=[0, 0, 0]
Test-LogitMargin [22/50] CloseTrue-VMax mean=2.0814 std=1.6568 p10=0.2588 p50=2.5110 p90=3.4136 | OpenKnown-VMax mean=2.3888 std=0.5416 p10=1.9311 p50=2.2488 p90=2.9693
AnchorDiag [22/50] VNorm=[0.9999999403953552, 0.9999999403953552, 0.9999998807907104] VDriftMax=0.000000 Vcos(max/mean)=(0.0000/-0.0000) KVcos(max/mean)=(0.0592/0.0138) ValK->V=6.39% CloseK->V=5.83% Open->V=0.00% OpenVEntropy=0.0000
>> New learning Rate: 0.000125
Train Client0 [23/50] LR=0.0001250 loss=0.969 (CE=0.535 VIR=0.435 wVIR=0.004 AUX=0.430 w=0.010) ACC=80.422 F1=42.221 Rec=40.037 Prec=45.999
Train Client1 [23/50] LR=0.0001250 loss=0.551 (CE=0.277 VIR=0.159 wVIR=0.002 AUX=0.272 w=0.010) ACC=91.038 F1=37.588 Rec=33.954 Prec=47.089
Train Client2 [23/50] LR=0.0001250 loss=1.907 (CE=1.199 VIR=1.488 wVIR=0.015 AUX=0.694 w=0.010) ACC=59.448 F1=38.137 Rec=39.836 Prec=38.054
Train Client3 [23/50] LR=0.0001250 loss=2.123 (CE=1.436 VIR=1.083 wVIR=0.011 AUX=0.676 w=0.010) ACC=44.444 F1=23.594 Rec=30.952 Prec=34.519
Train Client4 [23/50] LR=0.0001250 loss=1.423 (CE=0.955 VIR=1.055 wVIR=0.011 AUX=0.458 w=0.010) ACC=72.326 F1=32.981 Rec=32.472 Prec=41.722
Train Client5 [23/50] LR=0.0001250 loss=1.811 (CE=0.972 VIR=0.800 wVIR=0.008 AUX=0.831 w=0.010) ACC=59.982 F1=33.025 Rec=33.545 Prec=34.083
Train Client6 [23/50] LR=0.0001250 loss=1.418 (CE=0.901 VIR=0.561 wVIR=0.006 AUX=0.511 w=0.010) ACC=71.711 F1=32.809 Rec=33.315 Prec=36.598
Train Client7 [23/50] LR=0.0001250 loss=1.784 (CE=1.226 VIR=0.845 wVIR=0.008 AUX=0.549 w=0.010) ACC=71.364 F1=27.229 Rec=27.172 Prec=30.891

Val    [23/50] LR=0.0001250 loss=2.810 ACC=71.365 F1=43.766 Rec=39.360 Prec=59.002
Val-Known->Virtual [23/50] rate=10.118% prob_mean=0.206495 margin_mean=0.490443
Val-LogitMargin [23/50] TrueKnown-VMax mean=1.5775 std=3.8144 p10=-0.8438 p50=2.3507 p90=3.3613

Test-  OSR [23/50] LR=0.0001250 ACC=51.095 F1=29.638 Rec=29.311 Prec=33.468 UNK=0.000 OS*=35.173 HOS=0.000 AUROC=68.673 AUPR=24.416 OSCR=50.464
Test-Close [23/50] LR=0.0001250 loss=2.659 ACC=71.192 F1=40.922 Rec=38.086 Prec=54.140
Test-Virtual [23/50] CloseK->V=9.235% Open->V=0.000% OpenVEntropy=0.000000 CloseHist=[0, 53, 332] OpenHist=[0, 0, 0]
Test-LogitMargin [23/50] CloseTrue-VMax mean=1.7430 std=2.2364 p10=-0.7076 p50=2.3452 p90=3.3541 | OpenKnown-VMax mean=2.3218 std=0.4782 p10=1.8821 p50=2.2030 p90=2.8898
AnchorDiag [23/50] VNorm=[0.9999999403953552, 0.9999999403953552, 0.9999998807907104] VDriftMax=0.000000 Vcos(max/mean)=(0.0000/-0.0000) KVcos(max/mean)=(0.0594/0.0139) ValK->V=10.12% CloseK->V=9.23% Open->V=0.00% OpenVEntropy=0.0000
Train Client0 [24/50] LR=0.0001250 loss=0.943 (CE=0.521 VIR=0.397 wVIR=0.004 AUX=0.418 w=0.010) ACC=82.135 F1=56.512 Rec=53.088 Prec=62.469
Train Client1 [24/50] LR=0.0001250 loss=0.549 (CE=0.276 VIR=0.153 wVIR=0.002 AUX=0.272 w=0.010) ACC=90.983 F1=38.916 Rec=35.616 Prec=53.045
Train Client2 [24/50] LR=0.0001250 loss=1.980 (CE=1.267 VIR=1.723 wVIR=0.017 AUX=0.696 w=0.010) ACC=61.150 F1=41.333 Rec=41.291 Prec=45.086
Train Client3 [24/50] LR=0.0001250 loss=2.563 (CE=1.887 VIR=1.609 wVIR=0.016 AUX=0.660 w=0.010) ACC=43.333 F1=24.763 Rec=26.212 Prec=49.482
Train Client4 [24/50] LR=0.0001250 loss=1.616 (CE=1.120 VIR=1.335 wVIR=0.013 AUX=0.483 w=0.010) ACC=73.128 F1=30.818 Rec=31.893 Prec=36.654
Train Client5 [24/50] LR=0.0001250 loss=1.860 (CE=1.025 VIR=0.875 wVIR=0.009 AUX=0.826 w=0.010) ACC=60.522 F1=34.011 Rec=34.392 Prec=34.838
Train Client6 [24/50] LR=0.0001250 loss=1.727 (CE=1.236 VIR=0.935 wVIR=0.009 AUX=0.482 w=0.010) ACC=75.000 F1=40.288 Rec=39.356 Prec=60.469
Train Client7 [24/50] LR=0.0001250 loss=2.106 (CE=1.547 VIR=1.184 wVIR=0.012 AUX=0.547 w=0.010) ACC=73.409 F1=33.973 Rec=32.735 Prec=47.704

Val    [24/50] LR=0.0001250 loss=2.740 ACC=71.955 F1=44.216 Rec=40.298 Prec=56.233
Val-Known->Virtual [24/50] rate=9.725% prob_mean=0.212552 margin_mean=0.478330
Val-LogitMargin [24/50] TrueKnown-VMax mean=1.5664 std=3.1640 p10=-0.7196 p50=2.1918 p90=3.2126

Test-  OSR [24/50] LR=0.0001250 ACC=52.043 F1=31.403 Rec=31.634 Prec=33.521 UNK=0.000 OS*=37.961 HOS=0.000 AUROC=69.237 AUPR=24.991 OSCR=51.276
Test-Close [24/50] LR=0.0001250 loss=2.603 ACC=71.912 F1=43.492 Rec=40.723 Prec=54.189
Test-Virtual [24/50] CloseK->V=8.875% Open->V=0.000% OpenVEntropy=0.000000 CloseHist=[0, 36, 334] OpenHist=[0, 0, 0]
Test-LogitMargin [24/50] CloseTrue-VMax mean=1.7230 std=1.9196 p10=-0.4216 p50=2.2403 p90=3.2048 | OpenKnown-VMax mean=2.1679 std=0.5058 p10=1.7544 p50=2.0300 p90=2.7302
AnchorDiag [24/50] VNorm=[0.9999999403953552, 0.9999999403953552, 0.9999998807907104] VDriftMax=0.000000 Vcos(max/mean)=(0.0000/-0.0000) KVcos(max/mean)=(0.0584/0.0137) ValK->V=9.72% CloseK->V=8.88% Open->V=0.00% OpenVEntropy=0.0000
Train Client0 [25/50] LR=0.0001250 loss=0.988 (CE=0.554 VIR=0.460 wVIR=0.005 AUX=0.430 w=0.010) ACC=81.279 F1=43.859 Rec=41.245 Prec=48.809
Train Client1 [25/50] LR=0.0001250 loss=0.537 (CE=0.270 VIR=0.147 wVIR=0.001 AUX=0.265 w=0.010) ACC=91.300 F1=40.223 Rec=36.580 Prec=60.884
Train Client2 [25/50] LR=0.0001250 loss=1.884 (CE=1.184 VIR=1.688 wVIR=0.017 AUX=0.684 w=0.010) ACC=62.500 F1=39.417 Rec=40.475 Prec=39.310
Train Client3 [25/50] LR=0.0001250 loss=2.851 (CE=2.144 VIR=1.817 wVIR=0.018 AUX=0.689 w=0.010) ACC=45.278 F1=21.429 Rec=30.996 Prec=26.788
Train Client4 [25/50] LR=0.0001250 loss=1.468 (CE=0.990 VIR=1.207 wVIR=0.012 AUX=0.466 w=0.010) ACC=75.067 F1=36.067 Rec=34.621 Prec=44.324
Train Client5 [25/50] LR=0.0001250 loss=1.870 (CE=1.030 VIR=0.939 wVIR=0.009 AUX=0.831 w=0.010) ACC=58.183 F1=32.768 Rec=33.216 Prec=33.144
Train Client6 [25/50] LR=0.0001250 loss=1.077 (CE=0.691 VIR=0.437 wVIR=0.004 AUX=0.382 w=0.010) ACC=76.316 F1=41.785 Rec=41.987 Prec=61.010
Train Client7 [25/50] LR=0.0001250 loss=1.719 (CE=1.175 VIR=0.865 wVIR=0.009 AUX=0.536 w=0.010) ACC=72.500 F1=29.516 Rec=29.289 Prec=38.106

Val    [25/50] LR=0.0001250 loss=2.712 ACC=73.134 F1=47.139 Rec=43.978 Prec=55.376
Val-Known->Virtual [25/50] rate=9.430% prob_mean=0.211778 margin_mean=0.475397
Val-LogitMargin [25/50] TrueKnown-VMax mean=1.5709 std=2.5566 p10=-0.7331 p50=2.1733 p90=3.1713

Test-  OSR [25/50] LR=0.0001250 ACC=53.365 F1=33.033 Rec=34.742 Prec=32.712 UNK=0.000 OS*=41.690 HOS=0.000 AUROC=70.095 AUPR=25.922 OSCR=52.435
Test-Close [25/50] LR=0.0001250 loss=2.594 ACC=73.303 F1=47.002 Rec=44.411 Prec=54.962
Test-Virtual [25/50] CloseK->V=8.563% Open->V=0.000% OpenVEntropy=0.000000 CloseHist=[0, 31, 326] OpenHist=[0, 0, 0]
Test-LogitMargin [25/50] CloseTrue-VMax mean=1.7075 std=1.9487 p10=-0.4178 p50=2.2236 p90=3.1655 | OpenKnown-VMax mean=2.1307 std=0.4698 p10=1.7211 p50=1.9926 p90=2.6907
AnchorDiag [25/50] VNorm=[0.9999999403953552, 0.9999999403953552, 0.9999998807907104] VDriftMax=0.000000 Vcos(max/mean)=(0.0000/-0.0000) KVcos(max/mean)=(0.0569/0.0136) ValK->V=9.43% CloseK->V=8.56% Open->V=0.00% OpenVEntropy=0.0000
Saving model at epoch 25 . . . . . . . .

Train Client0 [26/50] LR=0.0001250 loss=0.939 (CE=0.515 VIR=0.436 wVIR=0.004 AUX=0.420 w=0.010) ACC=82.021 F1=54.917 Rec=51.491 Prec=60.943
Train Client1 [26/50] LR=0.0001250 loss=0.539 (CE=0.271 VIR=0.156 wVIR=0.002 AUX=0.266 w=0.010) ACC=91.134 F1=38.918 Rec=35.183 Prec=50.643
Train Client2 [26/50] LR=0.0001250 loss=1.879 (CE=1.179 VIR=1.835 wVIR=0.018 AUX=0.681 w=0.010) ACC=65.786 F1=47.532 Rec=50.189 Prec=46.438
Train Client3 [26/50] LR=0.0001250 loss=2.580 (CE=1.898 VIR=1.660 wVIR=0.017 AUX=0.666 w=0.010) ACC=49.722 F1=31.652 Rec=35.877 Prec=34.866
Train Client4 [26/50] LR=0.0001250 loss=1.256 (CE=0.781 VIR=1.032 wVIR=0.010 AUX=0.464 w=0.010) ACC=75.334 F1=31.565 Rec=31.476 Prec=37.967
Train Client5 [26/50] LR=0.0001250 loss=1.920 (CE=1.072 VIR=1.001 wVIR=0.010 AUX=0.838 w=0.010) ACC=59.982 F1=34.051 Rec=34.481 Prec=34.163
Train Client6 [26/50] LR=0.0001250 loss=1.147 (CE=0.719 VIR=0.507 wVIR=0.005 AUX=0.423 w=0.010) ACC=76.974 F1=43.297 Rec=43.039 Prec=54.268
Train Client7 [26/50] LR=0.0001250 loss=2.281 (CE=1.744 VIR=1.431 wVIR=0.014 AUX=0.523 w=0.010) ACC=73.182 F1=36.007 Rec=34.531 Prec=41.089

Val    [26/50] LR=0.0001250 loss=2.689 ACC=72.250 F1=44.491 Rec=40.137 Prec=58.875
Val-Known->Virtual [26/50] rate=9.332% prob_mean=0.210212 margin_mean=0.485882
Val-LogitMargin [26/50] TrueKnown-VMax mean=1.5974 std=2.2587 p10=-0.7476 p50=2.2292 p90=3.1718

Test-  OSR [26/50] LR=0.0001250 ACC=52.536 F1=30.421 Rec=31.102 Prec=33.351 UNK=0.000 OS*=37.323 HOS=0.000 AUROC=69.103 AUPR=25.059 OSCR=51.404
Test-Close [26/50] LR=0.0001250 loss=2.587 ACC=72.200 F1=42.512 Rec=39.999 Prec=55.406
Test-Virtual [26/50] CloseK->V=8.395% Open->V=0.000% OpenVEntropy=0.000000 CloseHist=[0, 143, 207] OpenHist=[0, 0, 0]
Test-LogitMargin [26/50] CloseTrue-VMax mean=1.7166 std=2.0089 p10=-0.4278 p50=2.2687 p90=3.1560 | OpenKnown-VMax mean=2.1756 std=0.4467 p10=1.7769 p50=2.0473 p90=2.7038
AnchorDiag [26/50] VNorm=[0.9999999403953552, 0.9999999403953552, 0.9999998807907104] VDriftMax=0.000000 Vcos(max/mean)=(0.0000/-0.0000) KVcos(max/mean)=(0.0532/0.0130) ValK->V=9.33% CloseK->V=8.40% Open->V=0.00% OpenVEntropy=0.0000
Train Client0 [27/50] LR=0.0001250 loss=0.932 (CE=0.516 VIR=0.421 wVIR=0.004 AUX=0.412 w=0.010) ACC=83.105 F1=55.991 Rec=52.905 Prec=61.293
Train Client1 [27/50] LR=0.0001250 loss=0.537 (CE=0.269 VIR=0.148 wVIR=0.001 AUX=0.266 w=0.010) ACC=91.272 F1=38.495 Rec=34.482 Prec=60.309
Train Client2 [27/50] LR=0.0001250 loss=2.099 (CE=1.395 VIR=1.900 wVIR=0.019 AUX=0.686 w=0.010) ACC=63.791 F1=40.991 Rec=41.491 Prec=41.947
Train Client3 [27/50] LR=0.0001250 loss=2.123 (CE=1.464 VIR=1.218 wVIR=0.012 AUX=0.647 w=0.010) ACC=47.778 F1=21.766 Rec=27.792 Prec=26.277
Train Client4 [27/50] LR=0.0001250 loss=1.469 (CE=0.996 VIR=1.369 wVIR=0.014 AUX=0.459 w=0.010) ACC=75.334 F1=33.226 Rec=33.012 Prec=40.233
Train Client5 [27/50] LR=0.0001250 loss=1.810 (CE=0.989 VIR=0.805 wVIR=0.008 AUX=0.813 w=0.010) ACC=60.701 F1=33.993 Rec=34.300 Prec=34.575
Train Client6 [27/50] LR=0.0001250 loss=3.471 (CE=2.966 VIR=2.795 wVIR=0.028 AUX=0.477 w=0.010) ACC=73.026 F1=35.416 Rec=35.462 Prec=60.152
Train Client7 [27/50] LR=0.0001250 loss=2.151 (CE=1.582 VIR=1.189 wVIR=0.012 AUX=0.556 w=0.010) ACC=72.955 F1=32.590 Rec=31.871 Prec=38.061

Val    [27/50] LR=0.0001250 loss=2.742 ACC=72.299 F1=45.866 Rec=44.316 Prec=52.671
Val-Known->Virtual [27/50] rate=9.872% prob_mean=0.220297 margin_mean=0.467976
Val-LogitMargin [27/50] TrueKnown-VMax mean=1.5287 std=2.4112 p10=-0.8405 p50=2.1928 p90=3.0963

Test-  OSR [27/50] LR=0.0001250 ACC=52.299 F1=30.094 Rec=33.010 Prec=30.803 UNK=0.000 OS*=39.613 HOS=0.000 AUROC=68.091 AUPR=24.537 OSCR=50.864
Test-Close [27/50] LR=0.0001250 loss=2.642 ACC=72.511 F1=43.452 Rec=42.466 Prec=51.403
Test-Virtual [27/50] CloseK->V=9.283% Open->V=0.000% OpenVEntropy=0.000000 CloseHist=[1, 131, 255] OpenHist=[0, 0, 0]
Test-LogitMargin [27/50] CloseTrue-VMax mean=1.6400 std=2.0618 p10=-0.5632 p50=2.2023 p90=3.0938 | OpenKnown-VMax mean=2.1926 std=0.5194 p10=1.7734 p50=2.0414 p90=2.7917
AnchorDiag [27/50] VNorm=[0.9999999403953552, 0.9999999403953552, 0.9999998807907104] VDriftMax=0.000000 Vcos(max/mean)=(0.0000/-0.0000) KVcos(max/mean)=(0.0528/0.0131) ValK->V=9.87% CloseK->V=9.28% Open->V=0.00% OpenVEntropy=0.0000
Train Client0 [28/50] LR=0.0001250 loss=0.937 (CE=0.516 VIR=0.470 wVIR=0.005 AUX=0.417 w=0.010) ACC=81.963 F1=44.156 Rec=41.637 Prec=48.577
Train Client1 [28/50] LR=0.0001250 loss=0.538 (CE=0.270 VIR=0.163 wVIR=0.002 AUX=0.266 w=0.010) ACC=91.286 F1=39.292 Rec=35.599 Prec=52.576
Train Client2 [28/50] LR=0.0001250 loss=2.060 (CE=1.352 VIR=2.023 wVIR=0.020 AUX=0.688 w=0.010) ACC=63.146 F1=40.543 Rec=41.498 Prec=41.248
Train Client3 [28/50] LR=0.0001250 loss=2.464 (CE=1.799 VIR=1.669 wVIR=0.017 AUX=0.649 w=0.010) ACC=54.444 F1=35.333 Rec=39.983 Prec=41.121
Train Client4 [28/50] LR=0.0001250 loss=1.212 (CE=0.747 VIR=1.085 wVIR=0.011 AUX=0.455 w=0.010) ACC=76.404 F1=34.698 Rec=32.912 Prec=43.056
Train Client5 [28/50] LR=0.0001250 loss=1.900 (CE=1.055 VIR=0.977 wVIR=0.010 AUX=0.836 w=0.010) ACC=60.432 F1=44.031 Rec=54.321 Prec=41.970
Train Client6 [28/50] LR=0.0001250 loss=1.153 (CE=0.737 VIR=0.546 wVIR=0.005 AUX=0.410 w=0.010) ACC=76.316 F1=44.099 Rec=45.188 Prec=53.960
Train Client7 [28/50] LR=0.0001250 loss=1.768 (CE=1.260 VIR=0.965 wVIR=0.010 AUX=0.499 w=0.010) ACC=74.091 F1=36.077 Rec=34.097 Prec=42.388

Val    [28/50] LR=0.0001250 loss=2.627 ACC=72.250 F1=43.592 Rec=40.483 Prec=54.247
Val-Known->Virtual [28/50] rate=7.515% prob_mean=0.191000 margin_mean=0.510512
Val-LogitMargin [28/50] TrueKnown-VMax mean=1.7890 std=2.2945 p10=-0.3701 p50=2.3802 p90=3.2780

Test-  OSR [28/50] LR=0.0001250 ACC=54.016 F1=30.415 Rec=32.466 Prec=32.764 UNK=0.000 OS*=38.960 HOS=0.000 AUROC=67.359 AUPR=25.025 OSCR=50.838
Test-Close [28/50] LR=0.0001250 loss=2.554 ACC=72.248 F1=42.716 Rec=41.053 Prec=53.352
Test-Virtual [28/50] CloseK->V=6.692% Open->V=0.000% OpenVEntropy=0.000000 CloseHist=[0, 20, 259] OpenHist=[0, 0, 0]
Test-LogitMargin [28/50] CloseTrue-VMax mean=1.8828 std=2.4627 p10=-0.0165 p50=2.4042 p90=3.2942 | OpenKnown-VMax mean=2.3830 std=0.6035 p10=1.8469 p50=2.2106 p90=3.1577
AnchorDiag [28/50] VNorm=[0.9999999403953552, 0.9999999403953552, 0.9999998807907104] VDriftMax=0.000000 Vcos(max/mean)=(0.0000/-0.0000) KVcos(max/mean)=(0.0535/0.0131) ValK->V=7.51% CloseK->V=6.69% Open->V=0.00% OpenVEntropy=0.0000
Train Client0 [29/50] LR=0.0001250 loss=0.965 (CE=0.535 VIR=0.454 wVIR=0.005 AUX=0.425 w=0.010) ACC=82.363 F1=55.693 Rec=52.669 Prec=60.798
Train Client1 [29/50] LR=0.0001250 loss=0.528 (CE=0.265 VIR=0.158 wVIR=0.002 AUX=0.261 w=0.010) ACC=91.602 F1=41.621 Rec=37.452 Prec=60.678
Train Client2 [29/50] LR=0.0001250 loss=2.002 (CE=1.313 VIR=1.886 wVIR=0.019 AUX=0.670 w=0.010) ACC=66.080 F1=39.181 Rec=39.295 Prec=40.684
Train Client3 [29/50] LR=0.0001250 loss=2.012 (CE=1.377 VIR=1.238 wVIR=0.012 AUX=0.622 w=0.010) ACC=50.000 F1=29.735 Rec=31.017 Prec=38.449
Train Client4 [29/50] LR=0.0001250 loss=1.420 (CE=0.957 VIR=1.171 wVIR=0.012 AUX=0.451 w=0.010) ACC=74.799 F1=37.138 Rec=37.308 Prec=41.670
Train Client5 [29/50] LR=0.0001250 loss=1.878 (CE=1.046 VIR=1.069 wVIR=0.011 AUX=0.821 w=0.010) ACC=60.881 F1=34.102 Rec=34.607 Prec=34.603
Train Client6 [29/50] LR=0.0001250 loss=1.156 (CE=0.758 VIR=0.494 wVIR=0.005 AUX=0.393 w=0.010) ACC=73.684 F1=36.962 Rec=38.418 Prec=38.646
Train Client7 [29/50] LR=0.0001250 loss=1.996 (CE=1.451 VIR=1.213 wVIR=0.012 AUX=0.533 w=0.010) ACC=71.818 F1=35.655 Rec=33.581 Prec=40.873

Val    [29/50] LR=0.0001250 loss=2.667 ACC=72.790 F1=45.770 Rec=42.003 Prec=56.716
Val-Known->Virtual [29/50] rate=7.466% prob_mean=0.203230 margin_mean=0.483748
Val-LogitMargin [29/50] TrueKnown-VMax mean=1.6584 std=2.5049 p10=-0.3779 p50=2.2813 p90=3.0755

Test-  OSR [29/50] LR=0.0001250 ACC=53.898 F1=31.519 Rec=31.960 Prec=34.034 UNK=0.000 OS*=38.352 HOS=0.000 AUROC=68.677 AUPR=25.518 OSCR=51.888
Test-Close [29/50] LR=0.0001250 loss=2.568 ACC=72.415 F1=43.801 Rec=41.060 Prec=54.328
Test-Virtual [29/50] CloseK->V=7.076% Open->V=0.000% OpenVEntropy=0.000000 CloseHist=[0, 22, 273] OpenHist=[0, 0, 0]
Test-LogitMargin [29/50] CloseTrue-VMax mean=1.7741 std=2.9570 p10=-0.0418 p50=2.2984 p90=3.1110 | OpenKnown-VMax mean=2.2715 std=0.5349 p10=1.7928 p50=2.1290 p90=2.9572
AnchorDiag [29/50] VNorm=[0.9999999403953552, 0.9999999403953552, 0.9999998807907104] VDriftMax=0.000000 Vcos(max/mean)=(0.0000/-0.0000) KVcos(max/mean)=(0.0530/0.0132) ValK->V=7.47% CloseK->V=7.08% Open->V=0.00% OpenVEntropy=0.0000
Train Client0 [30/50] LR=0.0001250 loss=0.985 (CE=0.563 VIR=0.506 wVIR=0.005 AUX=0.417 w=0.010) ACC=82.192 F1=55.975 Rec=53.068 Prec=60.829
Train Client1 [30/50] LR=0.0001250 loss=0.521 (CE=0.261 VIR=0.141 wVIR=0.001 AUX=0.258 w=0.010) ACC=91.410 F1=40.643 Rec=37.166 Prec=53.280
Train Client2 [30/50] LR=0.0001250 loss=2.098 (CE=1.405 VIR=1.930 wVIR=0.019 AUX=0.674 w=0.010) ACC=62.911 F1=42.872 Rec=44.986 Prec=41.547
Train Client3 [30/50] LR=0.0001250 loss=2.007 (CE=1.353 VIR=1.248 wVIR=0.012 AUX=0.641 w=0.010) ACC=52.222 F1=28.088 Rec=32.262 Prec=37.735
Train Client4 [30/50] LR=0.0001250 loss=1.481 (CE=1.016 VIR=1.468 wVIR=0.015 AUX=0.450 w=0.010) ACC=77.406 F1=28.606 Rec=25.810 Prec=37.938
Train Client5 [30/50] LR=0.0001250 loss=2.063 (CE=1.237 VIR=1.272 wVIR=0.013 AUX=0.813 w=0.010) ACC=62.230 F1=35.765 Rec=36.045 Prec=36.232
Train Client6 [30/50] LR=0.0001250 loss=1.300 (CE=0.904 VIR=0.689 wVIR=0.007 AUX=0.389 w=0.010) ACC=76.974 F1=40.335 Rec=39.957 Prec=50.226
Train Client7 [30/50] LR=0.0001250 loss=2.349 (CE=1.773 VIR=1.379 wVIR=0.014 AUX=0.562 w=0.010) ACC=72.727 F1=35.225 Rec=32.519 Prec=45.098

Val    [30/50] LR=0.0001250 loss=2.894 ACC=73.232 F1=46.533 Rec=42.819 Prec=57.760
Val-Known->Virtual [30/50] rate=11.690% prob_mean=0.229849 margin_mean=0.454875
Val-LogitMargin [30/50] TrueKnown-VMax mean=1.3783 std=2.8609 p10=-1.5750 p50=2.2474 p90=3.1504

Test-  OSR [30/50] LR=0.0001250 ACC=50.898 F1=31.538 Rec=31.750 Prec=34.369 UNK=0.000 OS*=38.101 HOS=0.000 AUROC=66.715 AUPR=23.475 OSCR=49.504
Test-Close [30/50] LR=0.0001250 loss=2.780 ACC=72.559 F1=44.454 Rec=41.524 Prec=56.112
Test-Virtual [30/50] CloseK->V=10.770% Open->V=0.000% OpenVEntropy=0.000000 CloseHist=[1, 103, 345] OpenHist=[0, 0, 0]
Test-LogitMargin [30/50] CloseTrue-VMax mean=1.5082 std=2.7789 p10=-1.1170 p50=2.2852 p90=3.1360 | OpenKnown-VMax mean=2.2583 std=0.4983 p10=1.8006 p50=2.1388 p90=2.8440
AnchorDiag [30/50] VNorm=[0.9999999403953552, 0.9999999403953552, 0.9999998807907104] VDriftMax=0.000000 Vcos(max/mean)=(0.0000/-0.0000) KVcos(max/mean)=(0.0542/0.0133) ValK->V=11.69% CloseK->V=10.77% Open->V=0.00% OpenVEntropy=0.0000
Saving model at epoch 30 . . . . . . . .

Train Client0 [31/50] LR=0.0001250 loss=0.889 (CE=0.482 VIR=0.437 wVIR=0.004 AUX=0.403 w=0.010) ACC=82.477 F1=56.495 Rec=53.942 Prec=61.065
Train Client1 [31/50] LR=0.0001250 loss=0.523 (CE=0.263 VIR=0.168 wVIR=0.002 AUX=0.258 w=0.010) ACC=91.506 F1=41.313 Rec=37.736 Prec=53.784
Train Client2 [31/50] LR=0.0001250 loss=2.019 (CE=1.326 VIR=2.021 wVIR=0.020 AUX=0.673 w=0.010) ACC=64.554 F1=36.300 Rec=37.797 Prec=35.772
Train Client3 [31/50] LR=0.0001250 loss=2.238 (CE=1.590 VIR=1.471 wVIR=0.015 AUX=0.634 w=0.010) ACC=50.278 F1=33.789 Rec=40.806 Prec=38.625
Train Client4 [31/50] LR=0.0001250 loss=1.424 (CE=0.954 VIR=1.333 wVIR=0.013 AUX=0.456 w=0.010) ACC=75.468 F1=33.010 Rec=34.162 Prec=35.522
Train Client5 [31/50] LR=0.0001250 loss=2.091 (CE=1.239 VIR=1.290 wVIR=0.013 AUX=0.839 w=0.010) ACC=63.040 F1=35.733 Rec=36.097 Prec=36.156
Train Client6 [31/50] LR=0.0001250 loss=1.061 (CE=0.712 VIR=0.564 wVIR=0.006 AUX=0.343 w=0.010) ACC=76.974 F1=42.517 Rec=41.032 Prec=61.659
Train Client7 [31/50] LR=0.0001250 loss=2.263 (CE=1.735 VIR=1.465 wVIR=0.015 AUX=0.513 w=0.010) ACC=72.955 F1=35.422 Rec=33.820 Prec=40.150

Val    [31/50] LR=0.0001250 loss=3.016 ACC=73.281 F1=47.050 Rec=42.697 Prec=58.186
Val-Known->Virtual [31/50] rate=12.721% prob_mean=0.246645 margin_mean=0.421266
Val-LogitMargin [31/50] TrueKnown-VMax mean=1.1875 std=5.2316 p10=-1.8851 p50=2.1605 p90=3.0290

Test-  OSR [31/50] LR=0.0001250 ACC=50.444 F1=32.704 Rec=32.034 Prec=35.014 UNK=0.000 OS*=38.441 HOS=0.000 AUROC=64.306 AUPR=22.018 OSCR=48.094
Test-Close [31/50] LR=0.0001250 loss=2.837 ACC=72.919 F1=45.903 Rec=42.614 Prec=55.351
Test-Virtual [31/50] CloseK->V=12.233% Open->V=0.000% OpenVEntropy=0.000000 CloseHist=[1, 86, 423] OpenHist=[0, 0, 0]
Test-LogitMargin [31/50] CloseTrue-VMax mean=1.3831 std=3.1061 p10=-1.4374 p50=2.1780 p90=3.0389 | OpenKnown-VMax mean=2.2487 std=0.5471 p10=1.7977 p50=2.1124 p90=2.7939
AnchorDiag [31/50] VNorm=[0.9999999403953552, 0.9999999403953552, 0.9999998807907104] VDriftMax=0.000000 Vcos(max/mean)=(0.0000/-0.0000) KVcos(max/mean)=(0.0537/0.0130) ValK->V=12.72% CloseK->V=12.23% Open->V=0.00% OpenVEntropy=0.0000
Train Client0 [32/50] LR=0.0001250 loss=1.083 (CE=0.667 VIR=0.695 wVIR=0.007 AUX=0.409 w=0.010) ACC=82.820 F1=46.069 Rec=43.669 Prec=50.136
Train Client1 [32/50] LR=0.0001250 loss=0.516 (CE=0.259 VIR=0.173 wVIR=0.002 AUX=0.255 w=0.010) ACC=91.657 F1=43.207 Rec=39.129 Prec=58.032
Train Client2 [32/50] LR=0.0001250 loss=1.984 (CE=1.295 VIR=2.030 wVIR=0.020 AUX=0.669 w=0.010) ACC=64.965 F1=42.698 Rec=42.168 Prec=45.613
Train Client3 [32/50] LR=0.0001250 loss=1.931 (CE=1.287 VIR=1.262 wVIR=0.013 AUX=0.631 w=0.010) ACC=56.389 F1=27.320 Rec=33.106 Prec=32.795
Train Client4 [32/50] LR=0.0001250 loss=1.397 (CE=0.926 VIR=1.285 wVIR=0.013 AUX=0.458 w=0.010) ACC=76.003 F1=23.096 Rec=24.558 Prec=28.391
Train Client5 [32/50] LR=0.0001250 loss=1.867 (CE=1.048 VIR=1.059 wVIR=0.011 AUX=0.809 w=0.010) ACC=60.162 F1=33.759 Rec=34.097 Prec=34.548
Train Client6 [32/50] LR=0.0001250 loss=1.537 (CE=1.080 VIR=0.913 wVIR=0.009 AUX=0.447 w=0.010) ACC=75.000 F1=41.526 Rec=41.040 Prec=59.562
Train Client7 [32/50] LR=0.0001250 loss=2.069 (CE=1.515 VIR=1.199 wVIR=0.012 AUX=0.542 w=0.010) ACC=73.409 F1=35.111 Rec=32.635 Prec=42.681

Val    [32/50] LR=0.0001250 loss=2.797 ACC=72.446 F1=44.808 Rec=41.883 Prec=56.084
Val-Known->Virtual [32/50] rate=10.904% prob_mean=0.236245 margin_mean=0.452795
Val-LogitMargin [32/50] TrueKnown-VMax mean=1.4083 std=2.9784 p10=-1.1431 p50=2.1360 p90=2.9801

Test-  OSR [32/50] LR=0.0001250 ACC=51.865 F1=30.787 Rec=31.507 Prec=35.060 UNK=0.000 OS*=37.809 HOS=0.000 AUROC=66.441 AUPR=23.318 OSCR=49.796
Test-Close [32/50] LR=0.0001250 loss=2.705 ACC=72.607 F1=42.976 Rec=40.874 Prec=55.321
Test-Virtual [32/50] CloseK->V=9.882% Open->V=0.000% OpenVEntropy=0.000000 CloseHist=[0, 93, 319] OpenHist=[0, 0, 0]
Test-LogitMargin [32/50] CloseTrue-VMax mean=1.5101 std=2.8962 p10=-0.8209 p50=2.1527 p90=2.9711 | OpenKnown-VMax mean=2.2173 std=0.5239 p10=1.7733 p50=2.0682 p90=2.8663
AnchorDiag [32/50] VNorm=[0.9999999403953552, 0.9999999403953552, 0.9999998807907104] VDriftMax=0.000000 Vcos(max/mean)=(0.0000/-0.0000) KVcos(max/mean)=(0.0544/0.0129) ValK->V=10.90% CloseK->V=9.88% Open->V=0.00% OpenVEntropy=0.0000
Train Client0 [33/50] LR=0.0001250 loss=0.912 (CE=0.496 VIR=0.514 wVIR=0.005 AUX=0.411 w=0.010) ACC=82.591 F1=56.810 Rec=53.575 Prec=62.197
Train Client1 [33/50] LR=0.0001250 loss=0.517 (CE=0.260 VIR=0.179 wVIR=0.002 AUX=0.256 w=0.010) ACC=91.644 F1=41.832 Rec=38.162 Prec=55.229
Train Client2 [33/50] LR=0.0001250 loss=2.188 (CE=1.496 VIR=2.072 wVIR=0.021 AUX=0.672 w=0.010) ACC=64.613 F1=44.833 Rec=46.154 Prec=44.298
Train Client3 [33/50] LR=0.0001250 loss=1.878 (CE=1.243 VIR=1.252 wVIR=0.013 AUX=0.622 w=0.010) ACC=57.778 F1=34.590 Rec=37.868 Prec=46.901
Train Client4 [33/50] LR=0.0001250 loss=1.214 (CE=0.741 VIR=1.099 wVIR=0.011 AUX=0.462 w=0.010) ACC=76.537 F1=35.251 Rec=34.299 Prec=42.814
Train Client5 [33/50] LR=0.0001250 loss=1.867 (CE=1.055 VIR=1.199 wVIR=0.012 AUX=0.800 w=0.010) ACC=61.601 F1=35.065 Rec=35.278 Prec=35.745
Train Client6 [33/50] LR=0.0001250 loss=1.030 (CE=0.669 VIR=0.487 wVIR=0.005 AUX=0.356 w=0.010) ACC=77.632 F1=41.767 Rec=41.428 Prec=61.781
Train Client7 [33/50] LR=0.0001250 loss=1.732 (CE=1.230 VIR=0.895 wVIR=0.009 AUX=0.493 w=0.010) ACC=73.182 F1=33.087 Rec=31.952 Prec=39.660

Val    [33/50] LR=0.0001250 loss=2.792 ACC=73.821 F1=47.686 Rec=42.920 Prec=59.628
Val-Known->Virtual [33/50] rate=10.265% prob_mean=0.230839 margin_mean=0.451390
Val-LogitMargin [33/50] TrueKnown-VMax mean=1.4352 std=2.6890 p10=-1.1591 p50=2.1398 p90=3.0051

Test-  OSR [33/50] LR=0.0001250 ACC=52.812 F1=33.560 Rec=33.100 Prec=35.313 UNK=0.000 OS*=39.720 HOS=0.000 AUROC=67.595 AUPR=24.087 OSCR=50.930
Test-Close [33/50] LR=0.0001250 loss=2.694 ACC=73.159 F1=46.172 Rec=42.567 Prec=55.369
Test-Virtual [33/50] CloseK->V=9.427% Open->V=0.000% OpenVEntropy=0.000000 CloseHist=[0, 253, 140] OpenHist=[0, 0, 0]
Test-LogitMargin [33/50] CloseTrue-VMax mean=1.5463 std=2.6436 p10=-0.6454 p50=2.1510 p90=3.0022 | OpenKnown-VMax mean=2.1901 std=0.5572 p10=1.7287 p50=2.0330 p90=2.8193
AnchorDiag [33/50] VNorm=[0.9999999403953552, 0.9999999403953552, 0.9999998807907104] VDriftMax=0.000000 Vcos(max/mean)=(0.0000/-0.0000) KVcos(max/mean)=(0.0566/0.0131) ValK->V=10.27% CloseK->V=9.43% Open->V=0.00% OpenVEntropy=0.0000
Train Client0 [34/50] LR=0.0001250 loss=0.967 (CE=0.550 VIR=0.562 wVIR=0.006 AUX=0.411 w=0.010) ACC=82.420 F1=45.355 Rec=43.096 Prec=49.061
Train Client1 [34/50] LR=0.0001250 loss=0.510 (CE=0.257 VIR=0.171 wVIR=0.002 AUX=0.251 w=0.010) ACC=91.740 F1=44.401 Rec=40.591 Prec=60.602
Train Client2 [34/50] LR=0.0001250 loss=2.055 (CE=1.364 VIR=2.110 wVIR=0.021 AUX=0.670 w=0.010) ACC=64.847 F1=40.549 Rec=41.763 Prec=40.333
Train Client3 [34/50] LR=0.0001250 loss=1.968 (CE=1.307 VIR=1.347 wVIR=0.013 AUX=0.648 w=0.010) ACC=57.222 F1=34.691 Rec=33.290 Prec=48.063
Train Client4 [34/50] LR=0.0001250 loss=1.167 (CE=0.708 VIR=1.131 wVIR=0.011 AUX=0.448 w=0.010) ACC=78.075 F1=33.199 Rec=30.356 Prec=43.180
Train Client5 [34/50] LR=0.0001250 loss=1.886 (CE=1.042 VIR=1.109 wVIR=0.011 AUX=0.833 w=0.010) ACC=59.532 F1=34.401 Rec=34.729 Prec=34.337
Train Client6 [34/50] LR=0.0001250 loss=1.163 (CE=0.777 VIR=0.628 wVIR=0.006 AUX=0.380 w=0.010) ACC=73.026 F1=33.394 Rec=33.762 Prec=36.904
Train Client7 [34/50] LR=0.0001250 loss=1.768 (CE=1.236 VIR=0.962 wVIR=0.010 AUX=0.523 w=0.010) ACC=72.500 F1=30.960 Rec=29.617 Prec=40.545

Val    [34/50] LR=0.0001250 loss=2.529 ACC=72.986 F1=45.287 Rec=41.902 Prec=58.601
Val-Known->Virtual [34/50] rate=5.894% prob_mean=0.184987 margin_mean=0.511306
Val-LogitMargin [34/50] TrueKnown-VMax mean=1.8681 std=2.1104 p10=0.1640 p50=2.3401 p90=3.0937

Test-  OSR [34/50] LR=0.0001250 ACC=55.694 F1=31.985 Rec=32.764 Prec=36.207 UNK=0.000 OS*=39.316 HOS=0.000 AUROC=69.983 AUPR=27.077 OSCR=53.572
Test-Close [34/50] LR=0.0001250 loss=2.463 ACC=72.679 F1=43.433 Rec=41.374 Prec=56.037
Test-Virtual [34/50] CloseK->V=5.181% Open->V=0.000% OpenVEntropy=0.000000 CloseHist=[0, 76, 140] OpenHist=[0, 0, 0]
Test-LogitMargin [34/50] CloseTrue-VMax mean=1.9386 std=1.6778 p10=0.2622 p50=2.3268 p90=3.0957 | OpenKnown-VMax mean=2.3335 std=0.5647 p10=1.8451 p50=2.1681 p90=3.1134
AnchorDiag [34/50] VNorm=[0.9999999403953552, 0.9999999403953552, 0.9999998807907104] VDriftMax=0.000000 Vcos(max/mean)=(0.0000/-0.0000) KVcos(max/mean)=(0.0575/0.0133) ValK->V=5.89% CloseK->V=5.18% Open->V=0.00% OpenVEntropy=0.0000
>> New learning Rate: 6.25e-05
Train Client0 [35/50] LR=0.0000625 loss=0.911 (CE=0.508 VIR=0.540 wVIR=0.005 AUX=0.398 w=0.010) ACC=83.219 F1=45.187 Rec=42.012 Prec=50.848
Train Client1 [35/50] LR=0.0000625 loss=0.496 (CE=0.249 VIR=0.193 wVIR=0.002 AUX=0.245 w=0.010) ACC=92.057 F1=44.538 Rec=40.818 Prec=64.114
Train Client2 [35/50] LR=0.0000625 loss=2.394 (CE=1.723 VIR=2.084 wVIR=0.021 AUX=0.651 w=0.010) ACC=56.749 F1=39.549 Rec=47.297 Prec=37.582
Train Client3 [35/50] LR=0.0000625 loss=2.785 (CE=2.127 VIR=2.040 wVIR=0.020 AUX=0.637 w=0.010) ACC=41.389 F1=28.013 Rec=34.752 Prec=47.541
Train Client4 [35/50] LR=0.0000625 loss=1.561 (CE=1.105 VIR=1.332 wVIR=0.013 AUX=0.444 w=0.010) ACC=69.719 F1=30.954 Rec=35.595 Prec=35.145
Train Client5 [35/50] LR=0.0000625 loss=1.963 (CE=1.153 VIR=1.185 wVIR=0.012 AUX=0.798 w=0.010) ACC=60.971 F1=33.417 Rec=33.998 Prec=35.009
Train Client6 [35/50] LR=0.0000625 loss=2.100 (CE=1.690 VIR=1.513 wVIR=0.015 AUX=0.395 w=0.010) ACC=73.026 F1=35.867 Rec=37.225 Prec=59.066
Train Client7 [35/50] LR=0.0000625 loss=1.925 (CE=1.402 VIR=1.064 wVIR=0.011 AUX=0.512 w=0.010) ACC=71.364 F1=36.231 Rec=33.392 Prec=44.767

Val    [35/50] LR=0.0000625 loss=3.109 ACC=73.723 F1=48.903 Rec=45.273 Prec=57.428
Val-Known->Virtual [35/50] rate=14.342% prob_mean=0.283342 margin_mean=0.393320
Val-LogitMargin [35/50] TrueKnown-VMax mean=0.8978 std=4.1176 p10=-2.0349 p50=1.9050 p90=2.8726

Test-  OSR [35/50] LR=0.0000625 ACC=49.339 F1=32.875 Rec=32.976 Prec=33.608 UNK=0.111 OS*=39.549 HOS=0.222 AUROC=63.008 AUPR=21.266 OSCR=46.626
Test-Close [35/50] LR=0.0000625 loss=2.968 ACC=73.063 F1=46.325 Rec=43.796 Prec=53.672
Test-Virtual [35/50] CloseK->V=13.816% Open->V=0.111% OpenVEntropy=-0.000000 CloseHist=[2, 123, 451] OpenHist=[0, 0, 1]
Test-LogitMargin [35/50] CloseTrue-VMax mean=1.0424 std=3.1092 p10=-1.6135 p50=1.9107 p90=2.8453 | OpenKnown-VMax mean=2.0748 std=0.5258 p10=1.6009 p50=1.9487 p90=2.7041
AnchorDiag [35/50] VNorm=[0.9999999403953552, 0.9999999403953552, 0.9999998807907104] VDriftMax=0.000000 Vcos(max/mean)=(0.0000/-0.0000) KVcos(max/mean)=(0.0574/0.0135) ValK->V=14.34% CloseK->V=13.82% Open->V=0.11% OpenVEntropy=-0.0000
Saving model at epoch 35 . . . . . . . .

Train Client0 [36/50] LR=0.0000625 loss=0.983 (CE=0.592 VIR=0.638 wVIR=0.006 AUX=0.384 w=0.010) ACC=83.219 F1=46.330 Rec=43.719 Prec=50.647
Train Client1 [36/50] LR=0.0000625 loss=0.492 (CE=0.246 VIR=0.199 wVIR=0.002 AUX=0.243 w=0.010) ACC=91.864 F1=44.401 Rec=41.515 Prec=58.732
Train Client2 [36/50] LR=0.0000625 loss=2.396 (CE=1.717 VIR=2.079 wVIR=0.021 AUX=0.657 w=0.010) ACC=59.448 F1=47.073 Rec=54.621 Prec=43.585
Train Client3 [36/50] LR=0.0000625 loss=3.260 (CE=2.619 VIR=2.585 wVIR=0.026 AUX=0.616 w=0.010) ACC=46.111 F1=33.510 Rec=41.385 Prec=43.195
Train Client4 [36/50] LR=0.0000625 loss=1.305 (CE=0.855 VIR=1.224 wVIR=0.012 AUX=0.438 w=0.010) ACC=73.061 F1=36.267 Rec=36.769 Prec=42.121
Train Client5 [36/50] LR=0.0000625 loss=2.320 (CE=1.536 VIR=1.556 wVIR=0.016 AUX=0.769 w=0.010) ACC=60.432 F1=33.841 Rec=34.382 Prec=34.817
Train Client6 [36/50] LR=0.0000625 loss=1.721 (CE=1.301 VIR=1.093 wVIR=0.011 AUX=0.410 w=0.010) ACC=75.000 F1=40.171 Rec=39.424 Prec=60.469
Train Client7 [36/50] LR=0.0000625 loss=2.140 (CE=1.639 VIR=1.347 wVIR=0.013 AUX=0.487 w=0.010) ACC=73.636 F1=36.805 Rec=34.033 Prec=48.517

Val    [36/50] LR=0.0000625 loss=2.723 ACC=73.428 F1=47.553 Rec=42.629 Prec=60.898
Val-Known->Virtual [36/50] rate=9.086% prob_mean=0.231401 margin_mean=0.476233
Val-LogitMargin [36/50] TrueKnown-VMax mean=1.4393 std=3.0703 p10=-0.7347 p50=2.1009 p90=2.9623

Test-  OSR [36/50] LR=0.0000625 ACC=53.029 F1=33.231 Rec=32.460 Prec=36.171 UNK=0.445 OS*=38.863 HOS=0.881 AUROC=67.249 AUPR=24.146 OSCR=50.443
Test-Close [36/50] LR=0.0000625 loss=2.626 ACC=72.751 F1=45.455 Rec=41.665 Prec=56.699
Test-Virtual [36/50] CloseK->V=8.683% Open->V=0.445% OpenVEntropy=-0.000000 CloseHist=[1, 38, 323] OpenHist=[0, 0, 4]
Test-LogitMargin [36/50] CloseTrue-VMax mean=1.5421 std=2.1461 p10=-0.5380 p50=2.1012 p90=2.9643 | OpenKnown-VMax mean=2.1556 std=0.5331 p10=1.7145 p50=2.0674 p90=2.7520
AnchorDiag [36/50] VNorm=[0.9999999403953552, 0.9999999403953552, 0.9999998807907104] VDriftMax=0.000000 Vcos(max/mean)=(0.0000/-0.0000) KVcos(max/mean)=(0.0564/0.0134) ValK->V=9.09% CloseK->V=8.68% Open->V=0.45% OpenVEntropy=-0.0000
Train Client0 [37/50] LR=0.0000625 loss=0.921 (CE=0.521 VIR=0.548 wVIR=0.005 AUX=0.395 w=0.010) ACC=82.249 F1=44.481 Rec=41.631 Prec=49.737
Train Client1 [37/50] LR=0.0000625 loss=0.489 (CE=0.245 VIR=0.184 wVIR=0.002 AUX=0.243 w=0.010) ACC=92.098 F1=45.574 Rec=41.508 Prec=61.071
Train Client2 [37/50] LR=0.0000625 loss=2.315 (CE=1.647 VIR=2.038 wVIR=0.020 AUX=0.647 w=0.010) ACC=60.563 F1=37.245 Rec=39.024 Prec=38.265
Train Client3 [37/50] LR=0.0000625 loss=2.964 (CE=2.341 VIR=2.320 wVIR=0.023 AUX=0.600 w=0.010) ACC=46.389 F1=30.507 Rec=39.502 Prec=35.703
Train Client4 [37/50] LR=0.0000625 loss=1.564 (CE=1.095 VIR=1.408 wVIR=0.014 AUX=0.455 w=0.010) ACC=72.059 F1=33.686 Rec=34.695 Prec=37.745
Train Client5 [37/50] LR=0.0000625 loss=2.050 (CE=1.250 VIR=1.260 wVIR=0.013 AUX=0.788 w=0.010) ACC=60.252 F1=34.421 Rec=34.895 Prec=34.667
Train Client6 [37/50] LR=0.0000625 loss=1.235 (CE=0.887 VIR=0.780 wVIR=0.008 AUX=0.340 w=0.010) ACC=73.684 F1=36.187 Rec=34.756 Prec=50.038
Train Client7 [37/50] LR=0.0000625 loss=1.852 (CE=1.388 VIR=1.149 wVIR=0.011 AUX=0.452 w=0.010) ACC=75.000 F1=39.668 Rec=37.734 Prec=44.109

Val    [37/50] LR=0.0000625 loss=2.721 ACC=74.214 F1=49.216 Rec=46.292 Prec=57.245
Val-Known->Virtual [37/50] rate=9.185% prob_mean=0.233726 margin_mean=0.460991
Val-LogitMargin [37/50] TrueKnown-VMax mean=1.4381 std=3.4819 p10=-0.6526 p50=2.0651 p90=2.9444

Test-  OSR [37/50] LR=0.0000625 ACC=53.779 F1=32.428 Rec=34.697 Prec=32.353 UNK=0.334 OS*=41.569 HOS=0.663 AUROC=67.822 AUPR=24.457 OSCR=51.420
Test-Close [37/50] LR=0.0000625 loss=2.632 ACC=73.207 F1=45.873 Rec=44.205 Prec=53.572
Test-Virtual [37/50] CloseK->V=8.251% Open->V=0.334% OpenVEntropy=-0.000000 CloseHist=[2, 7, 335] OpenHist=[0, 0, 3]
Test-LogitMargin [37/50] CloseTrue-VMax mean=1.5236 std=2.3135 p10=-0.5483 p50=2.0722 p90=2.9297 | OpenKnown-VMax mean=2.1169 std=0.5083 p10=1.6623 p50=2.0331 p90=2.7385
AnchorDiag [37/50] VNorm=[0.9999999403953552, 0.9999999403953552, 0.9999998807907104] VDriftMax=0.000000 Vcos(max/mean)=(0.0000/-0.0000) KVcos(max/mean)=(0.0556/0.0134) ValK->V=9.18% CloseK->V=8.25% Open->V=0.33% OpenVEntropy=-0.0000
Train Client0 [38/50] LR=0.0000625 loss=0.924 (CE=0.541 VIR=0.556 wVIR=0.006 AUX=0.378 w=0.010) ACC=83.105 F1=46.783 Rec=44.138 Prec=51.233
Train Client1 [38/50] LR=0.0000625 loss=0.483 (CE=0.241 VIR=0.193 wVIR=0.002 AUX=0.240 w=0.010) ACC=92.112 F1=45.579 Rec=41.473 Prec=59.543
Train Client2 [38/50] LR=0.0000625 loss=2.340 (CE=1.672 VIR=1.986 wVIR=0.020 AUX=0.648 w=0.010) ACC=63.439 F1=45.934 Rec=52.216 Prec=42.736
Train Client3 [38/50] LR=0.0000625 loss=1.964 (CE=1.355 VIR=1.357 wVIR=0.014 AUX=0.596 w=0.010) ACC=45.278 F1=32.414 Rec=38.059 Prec=42.720
Train Client4 [38/50] LR=0.0000625 loss=1.294 (CE=0.847 VIR=1.215 wVIR=0.012 AUX=0.435 w=0.010) ACC=73.529 F1=33.131 Rec=33.088 Prec=38.543
Train Client5 [38/50] LR=0.0000625 loss=1.842 (CE=1.043 VIR=1.067 wVIR=0.011 AUX=0.789 w=0.010) ACC=59.982 F1=33.701 Rec=34.260 Prec=34.114
Train Client6 [38/50] LR=0.0000625 loss=1.715 (CE=1.293 VIR=1.154 wVIR=0.012 AUX=0.411 w=0.010) ACC=74.342 F1=38.399 Rec=36.794 Prec=47.351
Train Client7 [38/50] LR=0.0000625 loss=2.086 (CE=1.597 VIR=1.347 wVIR=0.013 AUX=0.476 w=0.010) ACC=73.409 F1=37.077 Rec=35.091 Prec=41.709

Val    [38/50] LR=0.0000625 loss=2.774 ACC=73.477 F1=48.367 Rec=45.077 Prec=57.237
Val-Known->Virtual [38/50] rate=9.430% prob_mean=0.248559 margin_mean=0.449720
Val-LogitMargin [38/50] TrueKnown-VMax mean=1.3153 std=3.3359 p10=-0.9051 p50=1.9720 p90=2.8776

Test-  OSR [38/50] LR=0.0000625 ACC=52.753 F1=32.216 Rec=33.413 Prec=33.177 UNK=0.445 OS*=40.007 HOS=0.881 AUROC=64.888 AUPR=22.620 OSCR=48.911
Test-Close [38/50] LR=0.0000625 loss=2.692 ACC=72.775 F1=45.141 Rec=42.964 Prec=53.611
Test-Virtual [38/50] CloseK->V=9.331% Open->V=0.445% OpenVEntropy=0.511860 CloseHist=[4, 36, 349] OpenHist=[0, 1, 3]
Test-LogitMargin [38/50] CloseTrue-VMax mean=1.3902 std=2.3995 p10=-0.7910 p50=1.9820 p90=2.8448 | OpenKnown-VMax mean=2.0802 std=0.5405 p10=1.6340 p50=2.0080 p90=2.7156
AnchorDiag [38/50] VNorm=[0.9999999403953552, 0.9999999403953552, 0.9999998807907104] VDriftMax=0.000000 Vcos(max/mean)=(0.0000/-0.0000) KVcos(max/mean)=(0.0552/0.0134) ValK->V=9.43% CloseK->V=9.33% Open->V=0.45% OpenVEntropy=0.5119
Train Client0 [39/50] LR=0.0000625 loss=0.861 (CE=0.484 VIR=0.500 wVIR=0.005 AUX=0.371 w=0.010) ACC=83.219 F1=47.218 Rec=44.504 Prec=51.644
Train Client1 [39/50] LR=0.0000625 loss=0.501 (CE=0.251 VIR=0.202 wVIR=0.002 AUX=0.248 w=0.010) ACC=91.823 F1=44.639 Rec=40.895 Prec=56.962
Train Client2 [39/50] LR=0.0000625 loss=2.355 (CE=1.694 VIR=2.097 wVIR=0.021 AUX=0.640 w=0.010) ACC=62.793 F1=44.006 Rec=47.859 Prec=42.259
Train Client3 [39/50] LR=0.0000625 loss=2.518 (CE=1.905 VIR=1.952 wVIR=0.020 AUX=0.593 w=0.010) ACC=50.278 F1=32.311 Rec=36.396 Prec=39.630
Train Client4 [39/50] LR=0.0000625 loss=1.455 (CE=1.012 VIR=1.420 wVIR=0.014 AUX=0.429 w=0.010) ACC=74.799 F1=35.320 Rec=33.710 Prec=49.397
Train Client5 [39/50] LR=0.0000625 loss=1.887 (CE=1.085 VIR=1.142 wVIR=0.011 AUX=0.791 w=0.010) ACC=60.432 F1=34.053 Rec=34.573 Prec=34.312
Train Client6 [39/50] LR=0.0000625 loss=1.214 (CE=0.884 VIR=0.788 wVIR=0.008 AUX=0.322 w=0.010) ACC=74.342 F1=38.399 Rec=39.100 Prec=50.839
Train Client7 [39/50] LR=0.0000625 loss=2.106 (CE=1.618 VIR=1.390 wVIR=0.014 AUX=0.474 w=0.010) ACC=74.091 F1=39.530 Rec=37.496 Prec=44.005

Val    [39/50] LR=0.0000625 loss=2.722 ACC=74.263 F1=48.957 Rec=45.364 Prec=57.978
Val-Known->Virtual [39/50] rate=9.971% prob_mean=0.244179 margin_mean=0.436614
Val-LogitMargin [39/50] TrueKnown-VMax mean=1.3998 std=3.2758 p10=-0.6296 p50=2.0022 p90=2.8568

Test-  OSR [39/50] LR=0.0000625 ACC=53.168 F1=32.957 Rec=33.706 Prec=34.083 UNK=0.223 OS*=40.403 HOS=0.443 AUROC=65.805 AUPR=23.545 OSCR=49.766
Test-Close [39/50] LR=0.0000625 loss=2.638 ACC=73.375 F1=45.916 Rec=43.307 Prec=54.579
Test-Virtual [39/50] CloseK->V=9.115% Open->V=0.223% OpenVEntropy=-0.000000 CloseHist=[1, 24, 355] OpenHist=[0, 0, 2]
Test-LogitMargin [39/50] CloseTrue-VMax mean=1.4788 std=2.2281 p10=-0.5040 p50=2.0047 p90=2.8356 | OpenKnown-VMax mean=2.1570 std=0.5265 p10=1.6889 p50=2.0559 p90=2.9001
AnchorDiag [39/50] VNorm=[0.9999999403953552, 0.9999999403953552, 0.9999998807907104] VDriftMax=0.000000 Vcos(max/mean)=(0.0000/-0.0000) KVcos(max/mean)=(0.0551/0.0134) ValK->V=9.97% CloseK->V=9.11% Open->V=0.22% OpenVEntropy=-0.0000
Train Client0 [40/50] LR=0.0000625 loss=0.879 (CE=0.483 VIR=0.527 wVIR=0.005 AUX=0.391 w=0.010) ACC=82.591 F1=45.171 Rec=42.463 Prec=49.626
Train Client1 [40/50] LR=0.0000625 loss=0.493 (CE=0.247 VIR=0.204 wVIR=0.002 AUX=0.244 w=0.010) ACC=91.836 F1=44.728 Rec=41.438 Prec=58.778
Train Client2 [40/50] LR=0.0000625 loss=2.297 (CE=1.621 VIR=2.008 wVIR=0.020 AUX=0.656 w=0.010) ACC=63.732 F1=38.161 Rec=39.991 Prec=37.721
Train Client3 [40/50] LR=0.0000625 loss=1.805 (CE=1.222 VIR=1.326 wVIR=0.013 AUX=0.570 w=0.010) ACC=53.889 F1=36.176 Rec=41.851 Prec=44.104
Train Client4 [40/50] LR=0.0000625 loss=1.209 (CE=0.763 VIR=1.193 wVIR=0.012 AUX=0.434 w=0.010) ACC=74.599 F1=34.530 Rec=32.743 Prec=41.551
Train Client5 [40/50] LR=0.0000625 loss=1.889 (CE=1.098 VIR=1.184 wVIR=0.012 AUX=0.780 w=0.010) ACC=58.723 F1=32.600 Rec=33.144 Prec=33.378
Train Client6 [40/50] LR=0.0000625 loss=1.206 (CE=0.837 VIR=0.730 wVIR=0.007 AUX=0.362 w=0.010) ACC=76.974 F1=42.058 Rec=41.730 Prec=51.748
Train Client7 [40/50] LR=0.0000625 loss=1.794 (CE=1.307 VIR=1.080 wVIR=0.011 AUX=0.476 w=0.010) ACC=70.909 F1=30.476 Rec=28.303 Prec=40.210

Val    [40/50] LR=0.0000625 loss=2.873 ACC=73.870 F1=48.334 Rec=44.133 Prec=59.008
Val-Known->Virtual [40/50] rate=11.297% prob_mean=0.258203 margin_mean=0.431350
Val-LogitMargin [40/50] TrueKnown-VMax mean=1.1992 std=4.4044 p10=-1.2890 p50=1.9747 p90=2.8663

Test-  OSR [40/50] LR=0.0000625 ACC=51.687 F1=32.966 Rec=33.025 Prec=34.837 UNK=0.223 OS*=39.585 HOS=0.443 AUROC=63.419 AUPR=22.069 OSCR=47.676
Test-Close [40/50] LR=0.0000625 loss=2.757 ACC=73.255 F1=45.838 Rec=42.994 Prec=55.291
Test-Virtual [40/50] CloseK->V=10.986% Open->V=0.223% OpenVEntropy=-0.000000 CloseHist=[2, 62, 394] OpenHist=[0, 0, 2]
Test-LogitMargin [40/50] CloseTrue-VMax mean=1.3138 std=2.7114 p10=-1.0198 p50=1.9858 p90=2.8524 | OpenKnown-VMax mean=2.1953 std=0.5238 p10=1.7215 p50=2.0735 p90=2.9811
AnchorDiag [40/50] VNorm=[0.9999999403953552, 0.9999999403953552, 0.9999998807907104] VDriftMax=0.000000 Vcos(max/mean)=(0.0000/-0.0000) KVcos(max/mean)=(0.0548/0.0134) ValK->V=11.30% CloseK->V=10.99% Open->V=0.22% OpenVEntropy=-0.0000
Saving model at epoch 40 . . . . . . . .

Train Client0 [41/50] LR=0.0000625 loss=0.898 (CE=0.510 VIR=0.556 wVIR=0.006 AUX=0.382 w=0.010) ACC=82.934 F1=46.138 Rec=43.354 Prec=50.993
Train Client1 [41/50] LR=0.0000625 loss=0.491 (CE=0.246 VIR=0.206 wVIR=0.002 AUX=0.243 w=0.010) ACC=91.947 F1=45.086 Rec=41.151 Prec=59.360
Train Client2 [41/50] LR=0.0000625 loss=2.308 (CE=1.642 VIR=2.062 wVIR=0.021 AUX=0.645 w=0.010) ACC=62.031 F1=42.723 Rec=43.147 Prec=45.260
Train Client3 [41/50] LR=0.0000625 loss=1.957 (CE=1.392 VIR=1.426 wVIR=0.014 AUX=0.550 w=0.010) ACC=44.444 F1=26.969 Rec=34.589 Prec=38.699
Train Client4 [41/50] LR=0.0000625 loss=1.587 (CE=1.128 VIR=1.558 wVIR=0.016 AUX=0.443 w=0.010) ACC=73.596 F1=35.765 Rec=35.858 Prec=39.220
Train Client5 [41/50] LR=0.0000625 loss=2.095 (CE=1.291 VIR=1.379 wVIR=0.014 AUX=0.790 w=0.010) ACC=59.712 F1=32.857 Rec=33.527 Prec=33.691
Train Client6 [41/50] LR=0.0000625 loss=1.129 (CE=0.802 VIR=0.708 wVIR=0.007 AUX=0.320 w=0.010) ACC=76.316 F1=41.267 Rec=40.570 Prec=60.748
Train Client7 [41/50] LR=0.0000625 loss=2.934 (CE=2.409 VIR=2.254 wVIR=0.023 AUX=0.503 w=0.010) ACC=71.818 F1=34.894 Rec=32.601 Prec=41.096

Val    [41/50] LR=0.0000625 loss=2.914 ACC=73.477 F1=47.483 Rec=44.013 Prec=56.621
Val-Known->Virtual [41/50] rate=12.328% prob_mean=0.260861 margin_mean=0.414506
Val-LogitMargin [41/50] TrueKnown-VMax mean=1.1779 std=2.8897 p10=-1.4411 p50=1.9918 p90=2.8521

Test-  OSR [41/50] LR=0.0000625 ACC=50.780 F1=32.650 Rec=32.486 Prec=34.853 UNK=0.223 OS*=38.939 HOS=0.443 AUROC=64.237 AUPR=22.082 OSCR=48.043
Test-Close [41/50] LR=0.0000625 loss=2.839 ACC=73.183 F1=45.720 Rec=42.731 Prec=55.135
Test-Virtual [41/50] CloseK->V=11.873% Open->V=0.223% OpenVEntropy=-0.000000 CloseHist=[18, 97, 380] OpenHist=[0, 0, 2]
Test-LogitMargin [41/50] CloseTrue-VMax mean=1.2514 std=2.5469 p10=-1.1956 p50=1.9961 p90=2.8443 | OpenKnown-VMax mean=2.1339 std=0.4881 p10=1.6873 p50=2.0357 p90=2.8206
AnchorDiag [41/50] VNorm=[0.9999999403953552, 0.9999999403953552, 0.9999998807907104] VDriftMax=0.000000 Vcos(max/mean)=(0.0000/-0.0000) KVcos(max/mean)=(0.0543/0.0135) ValK->V=12.33% CloseK->V=11.87% Open->V=0.22% OpenVEntropy=-0.0000
Train Client0 [42/50] LR=0.0000625 loss=0.903 (CE=0.511 VIR=0.600 wVIR=0.006 AUX=0.386 w=0.010) ACC=82.192 F1=45.658 Rec=42.906 Prec=50.270
Train Client1 [42/50] LR=0.0000625 loss=0.486 (CE=0.244 VIR=0.199 wVIR=0.002 AUX=0.240 w=0.010) ACC=91.864 F1=46.988 Rec=43.682 Prec=60.077
Train Client2 [42/50] LR=0.0000625 loss=2.370 (CE=1.712 VIR=2.173 wVIR=0.022 AUX=0.636 w=0.010) ACC=62.911 F1=46.978 Rec=52.271 Prec=44.267
Train Client3 [42/50] LR=0.0000625 loss=2.071 (CE=1.442 VIR=1.565 wVIR=0.016 AUX=0.613 w=0.010) ACC=53.611 F1=35.528 Rec=41.190 Prec=49.551
Train Client4 [42/50] LR=0.0000625 loss=1.567 (CE=1.111 VIR=1.525 wVIR=0.015 AUX=0.440 w=0.010) ACC=74.933 F1=33.251 Rec=28.653 Prec=46.577
Train Client5 [42/50] LR=0.0000625 loss=2.285 (CE=1.496 VIR=1.548 wVIR=0.015 AUX=0.774 w=0.010) ACC=61.871 F1=35.016 Rec=35.321 Prec=36.421
Train Client6 [42/50] LR=0.0000625 loss=1.436 (CE=1.029 VIR=0.917 wVIR=0.009 AUX=0.398 w=0.010) ACC=73.026 F1=35.888 Rec=37.613 Prec=51.421
Train Client7 [42/50] LR=0.0000625 loss=2.237 (CE=1.775 VIR=1.594 wVIR=0.016 AUX=0.447 w=0.010) ACC=72.273 F1=37.340 Rec=35.653 Prec=42.392

Val    [42/50] LR=0.0000625 loss=2.741 ACC=74.607 F1=49.082 Rec=46.242 Prec=57.948
Val-Known->Virtual [42/50] rate=9.381% prob_mean=0.236849 margin_mean=0.450839
Val-LogitMargin [42/50] TrueKnown-VMax mean=1.4138 std=3.1185 p10=-0.7985 p50=2.0720 p90=2.8899

Test-  OSR [42/50] LR=0.0000625 ACC=53.641 F1=32.766 Rec=34.107 Prec=34.186 UNK=0.223 OS*=40.884 HOS=0.443 AUROC=65.706 AUPR=23.575 OSCR=49.958
Test-Close [42/50] LR=0.0000625 loss=2.645 ACC=73.855 F1=45.846 Rec=43.758 Prec=55.156
Test-Virtual [42/50] CloseK->V=9.067% Open->V=0.223% OpenVEntropy=-0.000000 CloseHist=[2, 51, 325] OpenHist=[0, 0, 2]
Test-LogitMargin [42/50] CloseTrue-VMax mean=1.4995 std=2.1059 p10=-0.5325 p50=2.0505 p90=2.8666 | OpenKnown-VMax mean=2.1767 std=0.5197 p10=1.6669 p50=2.0657 p90=2.9542
AnchorDiag [42/50] VNorm=[0.9999999403953552, 0.9999999403953552, 0.9999998807907104] VDriftMax=0.000000 Vcos(max/mean)=(0.0000/-0.0000) KVcos(max/mean)=(0.0551/0.0136) ValK->V=9.38% CloseK->V=9.07% Open->V=0.22% OpenVEntropy=-0.0000
Train Client0 [43/50] LR=0.0000625 loss=0.880 (CE=0.498 VIR=0.565 wVIR=0.006 AUX=0.376 w=0.010) ACC=82.249 F1=45.063 Rec=42.493 Prec=49.248
Train Client1 [43/50] LR=0.0000625 loss=0.481 (CE=0.241 VIR=0.185 wVIR=0.002 AUX=0.238 w=0.010) ACC=91.974 F1=46.430 Rec=42.416 Prec=59.805
Train Client2 [43/50] LR=0.0000625 loss=2.268 (CE=1.593 VIR=1.984 wVIR=0.020 AUX=0.656 w=0.010) ACC=62.148 F1=43.738 Rec=42.361 Prec=51.378
Train Client3 [43/50] LR=0.0000625 loss=2.279 (CE=1.683 VIR=1.759 wVIR=0.018 AUX=0.578 w=0.010) ACC=48.889 F1=30.092 Rec=34.708 Prec=49.503
Train Client4 [43/50] LR=0.0000625 loss=1.444 (CE=1.007 VIR=1.403 wVIR=0.014 AUX=0.424 w=0.010) ACC=74.131 F1=36.985 Rec=39.975 Prec=39.180
Train Client5 [43/50] LR=0.0000625 loss=2.115 (CE=1.313 VIR=1.378 wVIR=0.014 AUX=0.788 w=0.010) ACC=62.410 F1=34.944 Rec=35.290 Prec=35.937
Train Client6 [43/50] LR=0.0000625 loss=1.033 (CE=0.716 VIR=0.622 wVIR=0.006 AUX=0.310 w=0.010) ACC=78.289 F1=44.595 Rec=43.143 Prec=61.160
Train Client7 [43/50] LR=0.0000625 loss=2.169 (CE=1.710 VIR=1.512 wVIR=0.015 AUX=0.445 w=0.010) ACC=74.545 F1=38.705 Rec=35.854 Prec=46.213

Val    [43/50] LR=0.0000625 loss=2.768 ACC=74.460 F1=49.555 Rec=45.559 Prec=58.452
Val-Known->Virtual [43/50] rate=10.020% prob_mean=0.240522 margin_mean=0.442097
Val-LogitMargin [43/50] TrueKnown-VMax mean=1.3741 std=3.3010 p10=-0.9254 p50=2.0521 p90=2.8557

Test-  OSR [43/50] LR=0.0000625 ACC=52.733 F1=32.333 Rec=33.818 Prec=32.202 UNK=0.000 OS*=40.582 HOS=0.000 AUROC=67.084 AUPR=24.124 OSCR=50.750
Test-Close [43/50] LR=0.0000625 loss=2.690 ACC=73.231 F1=45.432 Rec=43.524 Prec=52.157
Test-Virtual [43/50] CloseK->V=9.667% Open->V=0.000% OpenVEntropy=0.000000 CloseHist=[3, 23, 377] OpenHist=[0, 0, 0]
Test-LogitMargin [43/50] CloseTrue-VMax mean=1.4440 std=2.2782 p10=-0.8491 p50=2.0378 p90=2.8478 | OpenKnown-VMax mean=2.1852 std=0.4558 p10=1.7299 p50=2.0735 p90=2.8520
AnchorDiag [43/50] VNorm=[0.9999999403953552, 0.9999999403953552, 0.9999998807907104] VDriftMax=0.000000 Vcos(max/mean)=(0.0000/-0.0000) KVcos(max/mean)=(0.0550/0.0137) ValK->V=10.02% CloseK->V=9.67% Open->V=0.00% OpenVEntropy=0.0000
Train Client0 [44/50] LR=0.0000625 loss=0.906 (CE=0.520 VIR=0.629 wVIR=0.006 AUX=0.380 w=0.010) ACC=83.505 F1=46.747 Rec=44.042 Prec=51.098
Train Client1 [44/50] LR=0.0000625 loss=0.483 (CE=0.242 VIR=0.208 wVIR=0.002 AUX=0.239 w=0.010) ACC=91.768 F1=45.296 Rec=41.529 Prec=58.230
Train Client2 [44/50] LR=0.0000625 loss=2.571 (CE=1.902 VIR=2.315 wVIR=0.023 AUX=0.646 w=0.010) ACC=64.202 F1=41.044 Rec=43.867 Prec=39.617
Train Client3 [44/50] LR=0.0000625 loss=2.784 (CE=2.182 VIR=2.283 wVIR=0.023 AUX=0.579 w=0.010) ACC=50.556 F1=27.751 Rec=35.422 Prec=33.397
Train Client4 [44/50] LR=0.0000625 loss=1.515 (CE=1.061 VIR=1.463 wVIR=0.015 AUX=0.439 w=0.010) ACC=74.332 F1=33.656 Rec=38.277 Prec=35.772
Train Client5 [44/50] LR=0.0000625 loss=1.884 (CE=1.086 VIR=1.163 wVIR=0.012 AUX=0.786 w=0.010) ACC=61.241 F1=34.306 Rec=34.753 Prec=34.525
Train Client6 [44/50] LR=0.0000625 loss=1.235 (CE=0.861 VIR=0.750 wVIR=0.008 AUX=0.367 w=0.010) ACC=76.316 F1=40.933 Rec=41.102 Prec=60.714
Train Client7 [44/50] LR=0.0000625 loss=1.968 (CE=1.535 VIR=1.355 wVIR=0.014 AUX=0.420 w=0.010) ACC=75.455 F1=38.920 Rec=37.079 Prec=43.675

Val    [44/50] LR=0.0000625 loss=2.849 ACC=72.986 F1=47.608 Rec=43.696 Prec=58.339
Val-Known->Virtual [44/50] rate=11.444% prob_mean=0.249403 margin_mean=0.443505
Val-LogitMargin [44/50] TrueKnown-VMax mean=1.2622 std=2.7583 p10=-1.2151 p50=2.0391 p90=2.9102

Test-  OSR [44/50] LR=0.0000625 ACC=51.608 F1=32.241 Rec=31.913 Prec=34.737 UNK=0.000 OS*=38.296 HOS=0.000 AUROC=66.444 AUPR=23.363 OSCR=49.856
Test-Close [44/50] LR=0.0000625 loss=2.792 ACC=72.224 F1=44.559 Rec=41.366 Prec=55.008
Test-Virtual [44/50] CloseK->V=10.722% Open->V=0.000% OpenVEntropy=0.000000 CloseHist=[1, 128, 318] OpenHist=[0, 0, 0]
Test-LogitMargin [44/50] CloseTrue-VMax mean=1.3098 std=2.4619 p10=-1.1503 p50=2.0271 p90=2.8717 | OpenKnown-VMax mean=2.1507 std=0.4502 p10=1.6975 p50=2.0486 p90=2.7499
AnchorDiag [44/50] VNorm=[0.9999999403953552, 0.9999999403953552, 0.9999998807907104] VDriftMax=0.000000 Vcos(max/mean)=(0.0000/-0.0000) KVcos(max/mean)=(0.0547/0.0137) ValK->V=11.44% CloseK->V=10.72% Open->V=0.00% OpenVEntropy=0.0000
Train Client0 [45/50] LR=0.0000625 loss=0.864 (CE=0.488 VIR=0.573 wVIR=0.006 AUX=0.371 w=0.010) ACC=83.904 F1=46.789 Rec=44.281 Prec=50.804
Train Client1 [45/50] LR=0.0000625 loss=0.468 (CE=0.235 VIR=0.207 wVIR=0.002 AUX=0.231 w=0.010) ACC=92.222 F1=47.288 Rec=43.106 Prec=61.566
Train Client2 [45/50] LR=0.0000625 loss=2.340 (CE=1.673 VIR=2.143 wVIR=0.021 AUX=0.646 w=0.010) ACC=64.495 F1=49.744 Rec=51.803 Prec=48.863
Train Client3 [45/50] LR=0.0000625 loss=1.894 (CE=1.270 VIR=1.402 wVIR=0.014 AUX=0.610 w=0.010) ACC=54.444 F1=25.683 Rec=32.413 Prec=28.189
Train Client4 [45/50] LR=0.0000625 loss=1.181 (CE=0.745 VIR=1.178 wVIR=0.012 AUX=0.424 w=0.010) ACC=75.401 F1=38.006 Rec=37.675 Prec=41.236
Train Client5 [45/50] LR=0.0000625 loss=1.849 (CE=1.079 VIR=1.204 wVIR=0.012 AUX=0.759 w=0.010) ACC=62.320 F1=35.080 Rec=35.502 Prec=35.505
Train Client6 [45/50] LR=0.0000625 loss=1.126 (CE=0.771 VIR=0.744 wVIR=0.007 AUX=0.347 w=0.010) ACC=76.316 F1=41.963 Rec=41.329 Prec=60.714
Train Client7 [45/50] LR=0.0000625 loss=1.822 (CE=1.357 VIR=1.224 wVIR=0.012 AUX=0.453 w=0.010) ACC=72.955 F1=36.913 Rec=52.529 Prec=43.397

Val    [45/50] LR=0.0000625 loss=2.739 ACC=74.705 F1=48.653 Rec=44.837 Prec=58.956
Val-Known->Virtual [45/50] rate=9.332% prob_mean=0.240186 margin_mean=0.451393
Val-LogitMargin [45/50] TrueKnown-VMax mean=1.3949 std=2.6218 p10=-0.8093 p50=2.0402 p90=2.8869

Test-  OSR [45/50] LR=0.0000625 ACC=53.779 F1=32.874 Rec=33.458 Prec=34.552 UNK=0.445 OS*=40.060 HOS=0.881 AUROC=63.851 AUPR=22.800 OSCR=48.811
Test-Close [45/50] LR=0.0000625 loss=2.685 ACC=73.807 F1=45.535 Rec=42.894 Prec=54.841
Test-Virtual [45/50] CloseK->V=9.235% Open->V=0.445% OpenVEntropy=-0.000000 CloseHist=[2, 112, 271] OpenHist=[0, 0, 4]
Test-LogitMargin [45/50] CloseTrue-VMax mean=1.4372 std=2.2364 p10=-0.7146 p50=2.0233 p90=2.8405 | OpenKnown-VMax mean=2.2312 std=0.5706 p10=1.6883 p50=2.1048 p90=3.1098
AnchorDiag [45/50] VNorm=[0.9999999403953552, 0.9999999403953552, 0.9999998807907104] VDriftMax=0.000000 Vcos(max/mean)=(0.0000/-0.0000) KVcos(max/mean)=(0.0549/0.0136) ValK->V=9.33% CloseK->V=9.23% Open->V=0.45% OpenVEntropy=-0.0000
Saving model at epoch 45 . . . . . . . .

Train Client0 [46/50] LR=0.0000625 loss=0.874 (CE=0.492 VIR=0.556 wVIR=0.006 AUX=0.377 w=0.010) ACC=83.790 F1=57.939 Rec=54.473 Prec=63.657
Train Client1 [46/50] LR=0.0000625 loss=0.469 (CE=0.236 VIR=0.208 wVIR=0.002 AUX=0.231 w=0.010) ACC=92.043 F1=45.761 Rec=40.999 Prec=61.225
Train Client2 [46/50] LR=0.0000625 loss=2.307 (CE=1.649 VIR=2.118 wVIR=0.021 AUX=0.637 w=0.010) ACC=64.437 F1=47.377 Rec=48.518 Prec=48.053
Train Client3 [46/50] LR=0.0000625 loss=2.845 (CE=2.238 VIR=2.389 wVIR=0.024 AUX=0.583 w=0.010) ACC=52.778 F1=30.207 Rec=36.883 Prec=35.776
Train Client4 [46/50] LR=0.0000625 loss=1.319 (CE=0.872 VIR=1.311 wVIR=0.013 AUX=0.435 w=0.010) ACC=72.727 F1=37.906 Rec=36.083 Prec=46.986
Train Client5 [46/50] LR=0.0000625 loss=1.974 (CE=1.189 VIR=1.336 wVIR=0.013 AUX=0.771 w=0.010) ACC=60.252 F1=33.312 Rec=33.832 Prec=34.126
Train Client6 [46/50] LR=0.0000625 loss=1.365 (CE=0.972 VIR=0.912 wVIR=0.009 AUX=0.384 w=0.010) ACC=69.079 F1=32.178 Rec=32.791 Prec=37.507
Train Client7 [46/50] LR=0.0000625 loss=1.837 (CE=1.361 VIR=1.155 wVIR=0.012 AUX=0.465 w=0.010) ACC=72.273 F1=32.549 Rec=30.100 Prec=42.066

Val    [46/50] LR=0.0000625 loss=2.884 ACC=74.116 F1=48.778 Rec=44.675 Prec=58.240
Val-Known->Virtual [46/50] rate=11.346% prob_mean=0.259382 margin_mean=0.428858
Val-LogitMargin [46/50] TrueKnown-VMax mean=1.1819 std=3.8952 p10=-1.3416 p50=1.9974 p90=2.7852

Test-  OSR [46/50] LR=0.0000625 ACC=51.885 F1=34.076 Rec=33.763 Prec=35.703 UNK=0.223 OS*=40.471 HOS=0.443 AUROC=66.727 AUPR=23.357 OSCR=50.396
Test-Close [46/50] LR=0.0000625 loss=2.803 ACC=73.135 F1=47.239 Rec=43.863 Prec=56.313
Test-Virtual [46/50] CloseK->V=11.322% Open->V=0.223% OpenVEntropy=-0.000000 CloseHist=[3, 89, 380] OpenHist=[0, 0, 2]
Test-LogitMargin [46/50] CloseTrue-VMax mean=1.2529 std=2.6609 p10=-1.1577 p50=1.9839 p90=2.7808 | OpenKnown-VMax mean=2.1706 std=0.4575 p10=1.7405 p50=2.0768 p90=2.8096
AnchorDiag [46/50] VNorm=[0.9999999403953552, 0.9999999403953552, 0.9999998807907104] VDriftMax=0.000000 Vcos(max/mean)=(0.0000/-0.0000) KVcos(max/mean)=(0.0546/0.0137) ValK->V=11.35% CloseK->V=11.32% Open->V=0.22% OpenVEntropy=-0.0000
>> New learning Rate: 3.125e-05
Train Client0 [47/50] LR=0.0000313 loss=0.877 (CE=0.501 VIR=0.563 wVIR=0.006 AUX=0.370 w=0.010) ACC=83.105 F1=46.633 Rec=43.971 Prec=50.979
Train Client1 [47/50] LR=0.0000313 loss=0.462 (CE=0.230 VIR=0.247 wVIR=0.002 AUX=0.229 w=0.010) ACC=92.194 F1=48.017 Rec=43.990 Prec=60.801
Train Client2 [47/50] LR=0.0000313 loss=2.790 (CE=2.135 VIR=2.356 wVIR=0.024 AUX=0.632 w=0.010) ACC=58.979 F1=40.498 Rec=44.684 Prec=40.075
Train Client3 [47/50] LR=0.0000313 loss=2.110 (CE=1.530 VIR=1.602 wVIR=0.016 AUX=0.564 w=0.010) ACC=43.889 F1=32.036 Rec=37.670 Prec=47.445
Train Client4 [47/50] LR=0.0000313 loss=1.746 (CE=1.299 VIR=1.622 wVIR=0.016 AUX=0.430 w=0.010) ACC=64.773 F1=32.832 Rec=42.206 Prec=34.230
Train Client5 [47/50] LR=0.0000313 loss=2.073 (CE=1.298 VIR=1.369 wVIR=0.014 AUX=0.762 w=0.010) ACC=60.342 F1=33.739 Rec=34.307 Prec=35.853
Train Client6 [47/50] LR=0.0000313 loss=1.458 (CE=1.110 VIR=1.056 wVIR=0.011 AUX=0.337 w=0.010) ACC=78.289 F1=44.713 Rec=44.715 Prec=61.098
Train Client7 [47/50] LR=0.0000313 loss=2.564 (CE=2.097 VIR=1.992 wVIR=0.020 AUX=0.447 w=0.010) ACC=73.182 F1=34.725 Rec=32.150 Prec=43.174

Val    [47/50] LR=0.0000313 loss=2.993 ACC=74.509 F1=50.319 Rec=47.187 Prec=57.757
Val-Known->Virtual [47/50] rate=12.181% prob_mean=0.270838 margin_mean=0.425487
Val-LogitMargin [47/50] TrueKnown-VMax mean=1.0413 std=4.2003 p10=-1.6138 p50=1.9711 p90=2.8205

Test-  OSR [47/50] LR=0.0000313 ACC=51.253 F1=33.740 Rec=34.463 Prec=34.494 UNK=0.334 OS*=41.288 HOS=0.663 AUROC=63.075 AUPR=21.647 OSCR=47.587
Test-Close [47/50] LR=0.0000313 loss=2.911 ACC=73.471 F1=47.539 Rec=45.079 Prec=55.270
Test-Virtual [47/50] CloseK->V=12.305% Open->V=0.334% OpenVEntropy=-0.000000 CloseHist=[8, 89, 416] OpenHist=[0, 0, 3]
Test-LogitMargin [47/50] CloseTrue-VMax mean=1.1052 std=2.9523 p10=-1.6004 p50=1.9444 p90=2.7915 | OpenKnown-VMax mean=2.1700 std=0.5487 p10=1.6615 p50=2.0726 p90=2.9165
AnchorDiag [47/50] VNorm=[0.9999999403953552, 0.9999999403953552, 0.9999998807907104] VDriftMax=0.000000 Vcos(max/mean)=(0.0000/-0.0000) KVcos(max/mean)=(0.0545/0.0137) ValK->V=12.18% CloseK->V=12.31% Open->V=0.33% OpenVEntropy=-0.0000
Train Client0 [48/50] LR=0.0000313 loss=0.891 (CE=0.514 VIR=0.590 wVIR=0.006 AUX=0.371 w=0.010) ACC=83.733 F1=46.366 Rec=43.855 Prec=50.742
Train Client1 [48/50] LR=0.0000313 loss=0.458 (CE=0.229 VIR=0.227 wVIR=0.002 AUX=0.226 w=0.010) ACC=92.208 F1=48.238 Rec=42.912 Prec=62.372
Train Client2 [48/50] LR=0.0000313 loss=2.849 (CE=2.187 VIR=2.345 wVIR=0.023 AUX=0.638 w=0.010) ACC=57.277 F1=42.294 Rec=47.774 Prec=41.207
Train Client3 [48/50] LR=0.0000313 loss=3.097 (CE=2.489 VIR=2.498 wVIR=0.025 AUX=0.583 w=0.010) ACC=47.222 F1=29.282 Rec=38.690 Prec=41.078
Train Client4 [48/50] LR=0.0000313 loss=1.549 (CE=1.110 VIR=1.453 wVIR=0.015 AUX=0.424 w=0.010) ACC=69.051 F1=36.272 Rec=40.836 Prec=37.800
Train Client5 [48/50] LR=0.0000313 loss=1.913 (CE=1.143 VIR=1.172 wVIR=0.012 AUX=0.758 w=0.010) ACC=60.252 F1=33.836 Rec=34.285 Prec=36.036
Train Client6 [48/50] LR=0.0000313 loss=1.343 (CE=0.932 VIR=0.766 wVIR=0.008 AUX=0.404 w=0.010) ACC=72.368 F1=39.721 Rec=39.405 Prec=47.900
Train Client7 [48/50] LR=0.0000313 loss=2.056 (CE=1.633 VIR=1.431 wVIR=0.014 AUX=0.408 w=0.010) ACC=75.227 F1=40.810 Rec=38.324 Prec=45.986

Val    [48/50] LR=0.0000313 loss=3.023 ACC=74.312 F1=50.425 Rec=47.461 Prec=58.087
Val-Known->Virtual [48/50] rate=12.279% prob_mean=0.273844 margin_mean=0.418358
Val-LogitMargin [48/50] TrueKnown-VMax mean=0.9926 std=4.1419 p10=-1.5491 p50=1.9202 p90=2.8030

Test-  OSR [48/50] LR=0.0000313 ACC=50.977 F1=32.974 Rec=33.738 Prec=33.615 UNK=0.334 OS*=40.419 HOS=0.663 AUROC=63.889 AUPR=21.991 OSCR=47.935
Test-Close [48/50] LR=0.0000313 loss=2.961 ACC=73.039 F1=46.512 Rec=44.248 Prec=54.011
Test-Virtual [48/50] CloseK->V=12.329% Open->V=0.334% OpenVEntropy=-0.000000 CloseHist=[5, 97, 412] OpenHist=[0, 0, 3]
Test-LogitMargin [48/50] CloseTrue-VMax mean=1.0355 std=3.1486 p10=-1.7375 p50=1.8985 p90=2.7710 | OpenKnown-VMax mean=2.1182 std=0.5321 p10=1.6241 p50=2.0275 p90=2.8361
AnchorDiag [48/50] VNorm=[0.9999999403953552, 0.9999999403953552, 0.9999998807907104] VDriftMax=0.000000 Vcos(max/mean)=(0.0000/-0.0000) KVcos(max/mean)=(0.0548/0.0137) ValK->V=12.28% CloseK->V=12.33% Open->V=0.33% OpenVEntropy=-0.0000
Train Client0 [49/50] LR=0.0000313 loss=0.878 (CE=0.509 VIR=0.586 wVIR=0.006 AUX=0.363 w=0.010) ACC=83.790 F1=46.522 Rec=43.882 Prec=50.765
Train Client1 [49/50] LR=0.0000313 loss=0.455 (CE=0.227 VIR=0.212 wVIR=0.002 AUX=0.225 w=0.010) ACC=92.511 F1=51.296 Rec=47.187 Prec=64.660
Train Client2 [49/50] LR=0.0000313 loss=2.558 (CE=1.910 VIR=2.090 wVIR=0.021 AUX=0.627 w=0.010) ACC=58.040 F1=42.530 Rec=47.622 Prec=41.202
Train Client3 [49/50] LR=0.0000313 loss=2.106 (CE=1.534 VIR=1.570 wVIR=0.016 AUX=0.557 w=0.010) ACC=44.722 F1=28.539 Rec=36.342 Prec=48.611
Train Client4 [49/50] LR=0.0000313 loss=1.629 (CE=1.173 VIR=1.515 wVIR=0.015 AUX=0.441 w=0.010) ACC=67.781 F1=35.545 Rec=36.544 Prec=38.987
Train Client5 [49/50] LR=0.0000313 loss=1.938 (CE=1.151 VIR=1.159 wVIR=0.012 AUX=0.776 w=0.010) ACC=60.612 F1=33.208 Rec=33.945 Prec=35.087
Train Client6 [49/50] LR=0.0000313 loss=1.272 (CE=0.955 VIR=0.805 wVIR=0.008 AUX=0.309 w=0.010) ACC=74.342 F1=39.513 Rec=37.960 Prec=60.722
Train Client7 [49/50] LR=0.0000313 loss=2.145 (CE=1.700 VIR=1.490 wVIR=0.015 AUX=0.431 w=0.010) ACC=73.636 F1=37.606 Rec=35.594 Prec=42.491

Val    [49/50] LR=0.0000313 loss=2.981 ACC=74.509 F1=51.407 Rec=46.914 Prec=60.533
Val-Known->Virtual [49/50] rate=12.033% prob_mean=0.270081 margin_mean=0.415889
Val-LogitMargin [49/50] TrueKnown-VMax mean=1.0388 std=3.8877 p10=-1.4950 p50=1.9178 p90=2.7731

Test-  OSR [49/50] LR=0.0000313 ACC=51.687 F1=33.854 Rec=33.633 Prec=34.829 UNK=0.334 OS*=40.293 HOS=0.663 AUROC=63.916 AUPR=22.055 OSCR=48.416
Test-Close [49/50] LR=0.0000313 loss=2.924 ACC=73.471 F1=47.321 Rec=43.970 Prec=55.069
Test-Virtual [49/50] CloseK->V=11.993% Open->V=0.334% OpenVEntropy=-0.000000 CloseHist=[5, 67, 428] OpenHist=[0, 0, 3]
Test-LogitMargin [49/50] CloseTrue-VMax mean=1.0761 std=3.0390 p10=-1.5496 p50=1.8925 p90=2.7436 | OpenKnown-VMax mean=2.1021 std=0.5114 p10=1.6137 p50=2.0275 p90=2.7520
AnchorDiag [49/50] VNorm=[0.9999999403953552, 0.9999999403953552, 0.9999998807907104] VDriftMax=0.000000 Vcos(max/mean)=(0.0000/-0.0000) KVcos(max/mean)=(0.0546/0.0138) ValK->V=12.03% CloseK->V=11.99% Open->V=0.33% OpenVEntropy=-0.0000
------>Best performance (by OSCR)--->>>>>>>

Test-  OSR [7/50] ACC=56.700 F1=22.170 Rec=24.605 Prec=22.376 UNK=0.000 OS*=29.527 HOS=0.000 AUROC=77.500 AUPR=37.239 OSCR=58.685
=====================================================================================================================================
The ending time ：2026-06-17 22:07:49
