Logging to: ./logs/ISIC_Pretrain_K5_U3_seed0_20260617_145852.log
==> Preparing data..
Protocol mode: easy
Fixed known classes: ['MEL', 'NV', 'BCC', 'AK', 'BKL']
Fixed unknown classes: ['DF', 'VASC', 'SCC']
Known class list: [0 1 2 3 4] Unknown class list [5 6 7]
Total selected images: 25331
Train: 17731, Val: 2533, Test: 5067
Train class distribution: [(0, 3132), (1, 8985), (2, 2364), (3, 607), (4, 1858), (5, 156), (6, 177), (7, 452)]
{0: 0, 1: 1, 2: 2, 3: 3, 4: 4} {5: 5, 6: 6, 7: 7}
Known origin: [0 1 2 3 4] , new: [0 1 2 3 4]
Unknown origin: [5 6 7] , new: [5 6 7]
Known/Unknown in Train: 16946/785
Known/Unknown in Val:   2401/132
Known/Unknown in Test:  4864/203
Client0 sample num: 2503
Client1 sample num: 7742
Client2 sample num: 2139
Client3 sample num: 468
Client4 sample num: 1633
Client5 sample num: 1254
Client6 sample num: 366
Client7 sample num: 841

>>> Setting up
==> Using device: cuda:1
==> Building [Resnet18] model..
154
120
Train Client0 [0/50] LR=0.0005000 loss=2.087 (CE=1.074 VIR=0.107 wVIR=0.054 AUX=0.960 w=0.500) ACC=59.936 F1=39.390 Rec=39.765 Prec=39.868
Train Client1 [0/50] LR=0.0005000 loss=1.176 (CE=0.597 VIR=0.044 wVIR=0.022 AUX=0.557 w=0.500) ACC=83.299 F1=20.406 Rec=20.933 Prec=25.128
Train Client2 [0/50] LR=0.0005000 loss=1.922 (CE=1.002 VIR=0.150 wVIR=0.075 AUX=0.845 w=0.500) ACC=69.522 F1=33.607 Rec=33.616 Prec=34.316
Train Client3 [0/50] LR=0.0005000 loss=3.397 (CE=1.822 VIR=0.594 wVIR=0.297 AUX=1.279 w=0.500) ACC=46.121 F1=25.303 Rec=25.101 Prec=25.690
Train Client4 [0/50] LR=0.0005000 loss=1.586 (CE=0.831 VIR=0.196 wVIR=0.098 AUX=0.656 w=0.500) ACC=74.081 F1=28.010 Rec=27.523 Prec=29.292
Train Client5 [0/50] LR=0.0005000 loss=2.406 (CE=1.269 VIR=0.215 wVIR=0.107 AUX=1.030 w=0.500) ACC=55.048 F1=37.508 Rec=37.783 Prec=38.273
Train Client6 [0/50] LR=0.0005000 loss=3.291 (CE=1.781 VIR=0.671 wVIR=0.335 AUX=1.174 w=0.500) ACC=52.778 F1=22.761 Rec=23.114 Prec=22.463
Train Client7 [0/50] LR=0.0005000 loss=2.779 (CE=1.511 VIR=0.300 wVIR=0.150 AUX=1.118 w=0.500) ACC=51.190 F1=31.778 Rec=32.366 Prec=31.429

Val    [0/50] LR=0.0005000 loss=2.834 ACC=52.603 F1=13.788 Rec=20.000 Prec=10.521
Val-Known->Virtual [0/50] rate=0.000% prob_mean=0.016246 margin_mean=0.585495
Val-LogitMargin [0/50] TrueKnown-VMax mean=3.6929 std=1.0008 p10=2.5034 p50=4.3646 p90=4.6465

Test-  OSR [0/50] LR=0.0005000 ACC=51.845 F1=11.381 Rec=16.667 Prec=8.641 UNK=0.000 OS*=20.000 HOS=0.000 AUROC=71.760 AUPR=9.686 OSCR=47.189
Test-Close [0/50] LR=0.0005000 loss=2.814 ACC=54.009 F1=14.027 Rec=20.000 Prec=10.802
Test-Virtual [0/50] CloseK->V=0.000% Open->V=0.000% OpenVEntropy=0.000000 CloseHist=[0, 0, 0] OpenHist=[0, 0, 0]
Test-LogitMargin [0/50] CloseTrue-VMax mean=3.7095 std=1.0141 p10=2.5277 p50=4.3860 p90=4.6407 | OpenKnown-VMax mean=4.3648 std=0.1355 p10=4.2025 p50=4.3672 p90=4.5374
AnchorDiag [0/50] VNorm=[1.0, 0.9999999403953552, 0.9999999403953552] VDriftMax=0.000000 Vcos(max/mean)=(0.0000/-0.0000) KVcos(max/mean)=(0.0051/-0.0019) ValK->V=0.00% CloseK->V=0.00% Open->V=0.00% OpenVEntropy=0.0000
Saving best model . . . . . . . .

Saving model at epoch 0 . . . . . . . .

Train Client0 [1/50] LR=0.0005000 loss=1.934 (CE=0.979 VIR=0.019 wVIR=0.010 AUX=0.946 w=0.500) ACC=60.777 F1=37.844 Rec=38.732 Prec=41.605
Train Client1 [1/50] LR=0.0005000 loss=1.088 (CE=0.553 VIR=0.017 wVIR=0.009 AUX=0.527 w=0.500) ACC=84.049 F1=20.861 Rec=21.249 Prec=30.566
Train Client2 [1/50] LR=0.0005000 loss=1.953 (CE=1.011 VIR=0.065 wVIR=0.032 AUX=0.910 w=0.500) ACC=67.978 F1=30.153 Rec=30.010 Prec=34.713
Train Client3 [1/50] LR=0.0005000 loss=2.635 (CE=1.346 VIR=0.104 wVIR=0.052 AUX=1.238 w=0.500) ACC=52.586 F1=21.091 Rec=23.212 Prec=28.918
Train Client4 [1/50] LR=0.0005000 loss=1.379 (CE=0.710 VIR=0.030 wVIR=0.015 AUX=0.654 w=0.500) ACC=76.103 F1=26.877 Rec=26.553 Prec=28.061
Train Client5 [1/50] LR=0.0005000 loss=2.257 (CE=1.138 VIR=0.049 wVIR=0.024 AUX=1.094 w=0.500) ACC=54.487 F1=34.432 Rec=36.133 Prec=42.591
Train Client6 [1/50] LR=0.0005000 loss=2.230 (CE=1.123 VIR=0.100 wVIR=0.050 AUX=1.058 w=0.500) ACC=56.389 F1=20.369 Rec=21.586 Prec=19.763
Train Client7 [1/50] LR=0.0005000 loss=2.264 (CE=1.158 VIR=0.085 wVIR=0.043 AUX=1.063 w=0.500) ACC=57.857 F1=34.651 Rec=36.232 Prec=33.424

Val    [1/50] LR=0.0005000 loss=2.767 ACC=52.728 F1=14.161 Rec=20.165 Prec=25.911
Val-Known->Virtual [1/50] rate=0.000% prob_mean=0.005280 margin_mean=0.483867
Val-LogitMargin [1/50] TrueKnown-VMax mean=4.9417 std=0.7918 p10=4.0050 p50=5.3385 p90=5.6634

Test-  OSR [1/50] LR=0.0005000 ACC=51.885 F1=11.500 Rec=16.702 Prec=19.807 UNK=0.000 OS*=20.043 HOS=0.000 AUROC=75.081 AUPR=11.014 OSCR=48.025
Test-Close [1/50] LR=0.0005000 loss=2.751 ACC=54.050 F1=14.160 Rec=20.043 Prec=30.858
Test-Virtual [1/50] CloseK->V=0.000% Open->V=0.000% OpenVEntropy=0.000000 CloseHist=[0, 0, 0] OpenHist=[0, 0, 0]
Test-LogitMargin [1/50] CloseTrue-VMax mean=4.9537 std=0.8041 p10=4.0449 p50=5.3659 p90=5.6619 | OpenKnown-VMax mean=5.3345 std=0.1601 p10=5.1391 p50=5.3380 p90=5.5522
AnchorDiag [1/50] VNorm=[1.0, 0.9999999403953552, 0.9999999403953552] VDriftMax=0.000000 Vcos(max/mean)=(0.0000/-0.0000) KVcos(max/mean)=(0.0020/-0.0056) ValK->V=0.00% CloseK->V=0.00% Open->V=0.00% OpenVEntropy=0.0000
Saving best model . . . . . . . .

Train Client0 [2/50] LR=0.0005000 loss=1.912 (CE=0.965 VIR=0.022 wVIR=0.011 AUX=0.936 w=0.500) ACC=60.417 F1=38.996 Rec=39.461 Prec=41.184
Train Client1 [2/50] LR=0.0005000 loss=1.025 (CE=0.519 VIR=0.011 wVIR=0.005 AUX=0.501 w=0.500) ACC=84.423 F1=22.487 Rec=22.192 Prec=38.058
Train Client2 [2/50] LR=0.0005000 loss=1.772 (CE=0.913 VIR=0.033 wVIR=0.016 AUX=0.842 w=0.500) ACC=70.178 F1=31.046 Rec=31.875 Prec=32.470
Train Client3 [2/50] LR=0.0005000 loss=2.494 (CE=1.285 VIR=0.053 wVIR=0.027 AUX=1.182 w=0.500) ACC=55.388 F1=22.882 Rec=24.950 Prec=24.541
Train Client4 [2/50] LR=0.0005000 loss=1.347 (CE=0.689 VIR=0.020 wVIR=0.010 AUX=0.647 w=0.500) ACC=77.083 F1=27.651 Rec=27.383 Prec=28.574
Train Client5 [2/50] LR=0.0005000 loss=2.127 (CE=1.073 VIR=0.031 wVIR=0.015 AUX=1.038 w=0.500) ACC=56.891 F1=35.485 Rec=37.343 Prec=33.905
Train Client6 [2/50] LR=0.0005000 loss=2.071 (CE=1.071 VIR=0.045 wVIR=0.023 AUX=0.977 w=0.500) ACC=61.389 F1=23.516 Rec=24.672 Prec=22.848
Train Client7 [2/50] LR=0.0005000 loss=2.244 (CE=1.160 VIR=0.055 wVIR=0.027 AUX=1.056 w=0.500) ACC=52.619 F1=31.106 Rec=32.597 Prec=29.919

Val    [2/50] LR=0.0005000 loss=2.576 ACC=56.018 F1=23.140 Rec=24.956 Prec=47.115
Val-Known->Virtual [2/50] rate=0.000% prob_mean=0.003401 margin_mean=0.612320
Val-LogitMargin [2/50] TrueKnown-VMax mean=5.6953 std=1.0925 p10=4.4092 p50=5.7699 p90=7.0412

Test-  OSR [2/50] LR=0.0005000 ACC=54.746 F1=18.623 Rec=20.618 Prec=34.271 UNK=0.000 OS*=24.741 HOS=0.000 AUROC=75.827 AUPR=9.780 OSCR=50.141
Test-Close [2/50] LR=0.0005000 loss=2.554 ACC=57.031 F1=22.836 Rec=24.741 Prec=44.240
Test-Virtual [2/50] CloseK->V=0.000% Open->V=0.000% OpenVEntropy=0.000000 CloseHist=[0, 0, 0] OpenHist=[0, 0, 0]
Test-LogitMargin [2/50] CloseTrue-VMax mean=5.7184 std=1.0953 p10=4.4179 p50=5.8170 p90=7.0430 | OpenKnown-VMax mean=5.6932 std=0.4636 p10=5.2132 p50=5.6156 p90=6.3354
AnchorDiag [2/50] VNorm=[1.0, 0.9999999403953552, 0.9999999403953552] VDriftMax=0.000000 Vcos(max/mean)=(0.0000/-0.0000) KVcos(max/mean)=(0.0030/-0.0138) ValK->V=0.00% CloseK->V=0.00% Open->V=0.00% OpenVEntropy=0.0000
Saving best model . . . . . . . .

Train Client0 [3/50] LR=0.0005000 loss=1.813 (CE=0.915 VIR=0.022 wVIR=0.011 AUX=0.888 w=0.500) ACC=63.662 F1=42.531 Rec=42.666 Prec=44.557
Train Client1 [3/50] LR=0.0005000 loss=0.998 (CE=0.506 VIR=0.012 wVIR=0.006 AUX=0.487 w=0.500) ACC=84.230 F1=23.310 Rec=22.694 Prec=34.996
Train Client2 [3/50] LR=0.0005000 loss=1.741 (CE=0.905 VIR=0.046 wVIR=0.023 AUX=0.813 w=0.500) ACC=70.412 F1=33.301 Rec=33.816 Prec=34.252
Train Client3 [3/50] LR=0.0005000 loss=2.653 (CE=1.389 VIR=0.117 wVIR=0.058 AUX=1.206 w=0.500) ACC=54.095 F1=25.313 Rec=28.225 Prec=26.016
Train Client4 [3/50] LR=0.0005000 loss=1.285 (CE=0.669 VIR=0.015 wVIR=0.007 AUX=0.608 w=0.500) ACC=76.777 F1=29.201 Rec=29.172 Prec=29.705
Train Client5 [3/50] LR=0.0005000 loss=2.061 (CE=1.045 VIR=0.039 wVIR=0.019 AUX=0.997 w=0.500) ACC=55.769 F1=35.204 Rec=36.969 Prec=36.122
Train Client6 [3/50] LR=0.0005000 loss=2.110 (CE=1.127 VIR=0.071 wVIR=0.035 AUX=0.948 w=0.500) ACC=56.111 F1=21.874 Rec=23.091 Prec=20.814
Train Client7 [3/50] LR=0.0005000 loss=2.010 (CE=1.032 VIR=0.044 wVIR=0.022 AUX=0.957 w=0.500) ACC=59.524 F1=35.670 Rec=37.171 Prec=34.411

Val    [3/50] LR=0.0005000 loss=2.566 ACC=58.101 F1=24.876 Rec=26.686 Prec=42.633
Val-Known->Virtual [3/50] rate=0.000% prob_mean=0.003271 margin_mean=0.636268
Val-LogitMargin [3/50] TrueKnown-VMax mean=5.7499 std=1.2683 p10=4.0845 p50=5.9120 p90=7.3325

Test-  OSR [3/50] LR=0.0005000 ACC=57.253 F1=20.666 Rec=22.338 Prec=31.788 UNK=0.000 OS*=26.805 HOS=0.000 AUROC=70.936 AUPR=8.902 OSCR=49.006
Test-Close [3/50] LR=0.0005000 loss=2.531 ACC=59.642 F1=25.297 Rec=26.805 Prec=41.411
Test-Virtual [3/50] CloseK->V=0.000% Open->V=0.000% OpenVEntropy=0.000000 CloseHist=[0, 0, 0] OpenHist=[0, 0, 0]
Test-LogitMargin [3/50] CloseTrue-VMax mean=5.7834 std=1.2430 p10=4.1317 p50=5.9439 p90=7.3486 | OpenKnown-VMax mean=5.7475 std=0.6984 p10=4.9555 p50=5.6698 p90=6.6313
AnchorDiag [3/50] VNorm=[1.0, 0.9999999403953552, 0.9999999403953552] VDriftMax=0.000000 Vcos(max/mean)=(0.0000/-0.0000) KVcos(max/mean)=(0.0054/-0.0156) ValK->V=0.00% CloseK->V=0.00% Open->V=0.00% OpenVEntropy=0.0000
Train Client0 [4/50] LR=0.0005000 loss=1.782 (CE=0.912 VIR=0.048 wVIR=0.000 AUX=0.869 w=0.010) ACC=66.386 F1=35.439 Rec=35.487 Prec=37.197
Train Client1 [4/50] LR=0.0005000 loss=0.974 (CE=0.495 VIR=0.018 wVIR=0.000 AUX=0.479 w=0.010) ACC=84.643 F1=25.052 Rec=23.935 Prec=39.035
Train Client2 [4/50] LR=0.0005000 loss=1.809 (CE=1.016 VIR=0.324 wVIR=0.003 AUX=0.790 w=0.010) ACC=71.582 F1=33.709 Rec=34.001 Prec=35.175
Train Client3 [4/50] LR=0.0005000 loss=2.590 (CE=1.452 VIR=0.246 wVIR=0.002 AUX=1.136 w=0.010) ACC=55.388 F1=27.969 Rec=30.242 Prec=30.692
Train Client4 [4/50] LR=0.0005000 loss=1.291 (CE=0.675 VIR=0.030 wVIR=0.000 AUX=0.615 w=0.010) ACC=76.593 F1=28.900 Rec=28.839 Prec=29.509
Train Client5 [4/50] LR=0.0005000 loss=1.974 (CE=1.035 VIR=0.077 wVIR=0.001 AUX=0.939 w=0.010) ACC=60.176 F1=37.667 Rec=39.867 Prec=35.879
Train Client6 [4/50] LR=0.0005000 loss=2.139 (CE=1.207 VIR=0.132 wVIR=0.001 AUX=0.930 w=0.010) ACC=58.333 F1=25.266 Rec=26.626 Prec=24.243
Train Client7 [4/50] LR=0.0005000 loss=1.979 (CE=1.040 VIR=0.044 wVIR=0.000 AUX=0.938 w=0.010) ACC=59.762 F1=35.589 Rec=37.040 Prec=34.598

Val    [4/50] LR=0.0005000 loss=2.473 ACC=60.975 F1=34.221 Rec=33.731 Prec=46.499
Val-Known->Virtual [4/50] rate=0.000% prob_mean=0.006254 margin_mean=0.614019
Val-LogitMargin [4/50] TrueKnown-VMax mean=5.1636 std=1.1612 p10=3.8305 p50=5.0512 p90=6.6684

Test-  OSR [4/50] LR=0.0005000 ACC=59.858 F1=28.307 Rec=28.464 Prec=35.871 UNK=0.000 OS*=34.157 HOS=0.000 AUROC=73.513 AUPR=8.525 OSCR=51.946
Test-Close [4/50] LR=0.0005000 loss=2.448 ACC=62.356 F1=34.792 Rec=34.157 Prec=46.024
Test-Virtual [4/50] CloseK->V=0.000% Open->V=0.000% OpenVEntropy=0.000000 CloseHist=[0, 0, 0] OpenHist=[0, 0, 0]
Test-LogitMargin [4/50] CloseTrue-VMax mean=5.1930 std=1.1479 p10=3.8756 p50=5.1187 p90=6.6548 | OpenKnown-VMax mean=4.9696 std=0.7070 p10=4.4112 p50=4.7372 p90=6.0029
AnchorDiag [4/50] VNorm=[1.0, 0.9999999403953552, 0.9999999403953552] VDriftMax=0.000000 Vcos(max/mean)=(0.0000/-0.0000) KVcos(max/mean)=(0.0058/-0.0151) ValK->V=0.00% CloseK->V=0.00% Open->V=0.00% OpenVEntropy=0.0000
Saving best model . . . . . . . .

Train Client0 [5/50] LR=0.0005000 loss=1.771 (CE=0.913 VIR=0.097 wVIR=0.001 AUX=0.858 w=0.010) ACC=64.704 F1=35.093 Rec=35.119 Prec=36.150
Train Client1 [5/50] LR=0.0005000 loss=0.956 (CE=0.484 VIR=0.033 wVIR=0.000 AUX=0.471 w=0.010) ACC=84.488 F1=26.563 Rec=24.952 Prec=37.996
Train Client2 [5/50] LR=0.0005000 loss=1.769 (CE=0.976 VIR=0.417 wVIR=0.004 AUX=0.789 w=0.010) ACC=72.472 F1=34.878 Rec=35.194 Prec=36.377
Train Client3 [5/50] LR=0.0005000 loss=2.388 (CE=1.318 VIR=0.238 wVIR=0.002 AUX=1.067 w=0.010) ACC=53.448 F1=27.588 Rec=29.675 Prec=38.454
Train Client4 [5/50] LR=0.0005000 loss=1.247 (CE=0.673 VIR=0.134 wVIR=0.001 AUX=0.573 w=0.010) ACC=78.248 F1=31.919 Rec=32.194 Prec=31.838
Train Client5 [5/50] LR=0.0005000 loss=1.910 (CE=0.992 VIR=0.091 wVIR=0.001 AUX=0.918 w=0.010) ACC=58.814 F1=36.846 Rec=39.228 Prec=35.160
Train Client6 [5/50] LR=0.0005000 loss=2.074 (CE=1.132 VIR=0.221 wVIR=0.002 AUX=0.939 w=0.010) ACC=58.333 F1=26.059 Rec=26.587 Prec=26.058
Train Client7 [5/50] LR=0.0005000 loss=2.309 (CE=1.356 VIR=0.407 wVIR=0.004 AUX=0.950 w=0.010) ACC=58.690 F1=35.688 Rec=36.688 Prec=37.911

Val    [5/50] LR=0.0005000 loss=2.500 ACC=61.266 F1=33.041 Rec=31.901 Prec=45.768
Val-Known->Virtual [5/50] rate=0.333% prob_mean=0.024956 margin_mean=0.613504
Val-LogitMargin [5/50] TrueKnown-VMax mean=4.4387 std=1.2522 p10=2.9998 p50=4.4732 p90=5.9377

Test-  OSR [5/50] LR=0.0005000 ACC=59.720 F1=27.202 Rec=26.883 Prec=34.423 UNK=0.000 OS*=32.259 HOS=0.000 AUROC=71.218 AUPR=8.141 OSCR=50.322
Test-Close [5/50] LR=0.0005000 loss=2.464 ACC=62.623 F1=33.517 Rec=32.412 Prec=44.285
Test-Virtual [5/50] CloseK->V=0.411% Open->V=0.000% OpenVEntropy=0.000000 CloseHist=[0, 3, 17] OpenHist=[0, 0, 0]
Test-LogitMargin [5/50] CloseTrue-VMax mean=4.4896 std=1.2366 p10=3.0242 p50=4.5485 p90=5.9503 | OpenKnown-VMax mean=4.6922 std=0.6733 p10=4.0493 p50=4.4974 p90=5.7597
AnchorDiag [5/50] VNorm=[1.0, 0.9999999403953552, 0.9999999403953552] VDriftMax=0.000000 Vcos(max/mean)=(0.0000/-0.0000) KVcos(max/mean)=(0.0195/-0.0124) ValK->V=0.33% CloseK->V=0.41% Open->V=0.00% OpenVEntropy=0.0000
Saving model at epoch 5 . . . . . . . .

Train Client0 [6/50] LR=0.0005000 loss=1.760 (CE=0.907 VIR=0.188 wVIR=0.002 AUX=0.851 w=0.010) ACC=65.345 F1=43.458 Rec=43.671 Prec=45.429
Train Client1 [6/50] LR=0.0005000 loss=0.940 (CE=0.477 VIR=0.043 wVIR=0.000 AUX=0.463 w=0.010) ACC=85.031 F1=30.072 Rec=27.739 Prec=42.167
Train Client2 [6/50] LR=0.0005000 loss=1.689 (CE=0.926 VIR=0.658 wVIR=0.007 AUX=0.756 w=0.010) ACC=72.425 F1=35.331 Rec=35.748 Prec=35.788
Train Client3 [6/50] LR=0.0005000 loss=2.615 (CE=1.524 VIR=0.557 wVIR=0.006 AUX=1.085 w=0.010) ACC=55.388 F1=27.998 Rec=31.695 Prec=27.424
Train Client4 [6/50] LR=0.0005000 loss=1.205 (CE=0.633 VIR=0.154 wVIR=0.002 AUX=0.570 w=0.010) ACC=79.105 F1=30.514 Rec=30.491 Prec=30.752
Train Client5 [6/50] LR=0.0005000 loss=1.846 (CE=0.950 VIR=0.131 wVIR=0.001 AUX=0.895 w=0.010) ACC=60.577 F1=38.956 Rec=40.537 Prec=43.754
Train Client6 [6/50] LR=0.0005000 loss=2.136 (CE=1.208 VIR=0.428 wVIR=0.004 AUX=0.924 w=0.010) ACC=59.167 F1=26.410 Rec=26.362 Prec=30.716
Train Client7 [6/50] LR=0.0005000 loss=1.961 (CE=1.024 VIR=0.154 wVIR=0.002 AUX=0.936 w=0.010) ACC=58.810 F1=35.526 Rec=36.672 Prec=34.509

Val    [6/50] LR=0.0005000 loss=2.514 ACC=61.599 F1=34.800 Rec=33.749 Prec=48.132
Val-Known->Virtual [6/50] rate=0.708% prob_mean=0.030980 margin_mean=0.626096
Val-LogitMargin [6/50] TrueKnown-VMax mean=4.2792 std=1.3887 p10=2.6978 p50=4.1700 p90=6.0484

Test-  OSR [6/50] LR=0.0005000 ACC=59.996 F1=28.789 Rec=28.556 Prec=37.463 UNK=0.000 OS*=34.267 HOS=0.000 AUROC=71.159 AUPR=7.600 OSCR=50.003
Test-Close [6/50] LR=0.0005000 loss=2.470 ACC=62.829 F1=35.483 Rec=34.389 Prec=48.115
Test-Virtual [6/50] CloseK->V=0.329% Open->V=0.000% OpenVEntropy=0.000000 CloseHist=[0, 12, 4] OpenHist=[0, 0, 0]
Test-LogitMargin [6/50] CloseTrue-VMax mean=4.3351 std=1.3503 p10=2.7639 p50=4.2143 p90=6.0421 | OpenKnown-VMax mean=4.4733 std=0.7831 p10=3.8170 p50=4.2214 p90=5.7130
AnchorDiag [6/50] VNorm=[1.0, 0.9999999403953552, 0.9999999403953552] VDriftMax=0.000000 Vcos(max/mean)=(0.0000/-0.0000) KVcos(max/mean)=(0.0301/-0.0109) ValK->V=0.71% CloseK->V=0.33% Open->V=0.00% OpenVEntropy=0.0000
Train Client0 [7/50] LR=0.0005000 loss=1.666 (CE=0.839 VIR=0.150 wVIR=0.002 AUX=0.826 w=0.010) ACC=65.865 F1=45.035 Rec=44.969 Prec=46.618
Train Client1 [7/50] LR=0.0005000 loss=0.938 (CE=0.477 VIR=0.094 wVIR=0.001 AUX=0.460 w=0.010) ACC=84.928 F1=29.391 Rec=27.020 Prec=42.932
Train Client2 [7/50] LR=0.0005000 loss=1.726 (CE=0.962 VIR=1.019 wVIR=0.010 AUX=0.753 w=0.010) ACC=72.238 F1=34.895 Rec=35.620 Prec=35.265
Train Client3 [7/50] LR=0.0005000 loss=2.743 (CE=1.644 VIR=0.846 wVIR=0.008 AUX=1.091 w=0.010) ACC=54.741 F1=27.698 Rec=30.518 Prec=29.786
Train Client4 [7/50] LR=0.0005000 loss=1.199 (CE=0.631 VIR=0.226 wVIR=0.002 AUX=0.566 w=0.010) ACC=78.186 F1=30.087 Rec=29.820 Prec=39.642
Train Client5 [7/50] LR=0.0005000 loss=1.840 (CE=0.946 VIR=0.206 wVIR=0.002 AUX=0.891 w=0.010) ACC=60.256 F1=37.865 Rec=40.151 Prec=36.123
Train Client6 [7/50] LR=0.0005000 loss=1.965 (CE=1.038 VIR=0.414 wVIR=0.004 AUX=0.923 w=0.010) ACC=60.278 F1=25.721 Rec=26.119 Prec=27.510
Train Client7 [7/50] LR=0.0005000 loss=2.126 (CE=1.188 VIR=0.634 wVIR=0.006 AUX=0.931 w=0.010) ACC=58.690 F1=35.469 Rec=36.632 Prec=34.393

Val    [7/50] LR=0.0005000 loss=2.447 ACC=64.431 F1=39.563 Rec=38.659 Prec=45.655
Val-Known->Virtual [7/50] rate=0.375% prob_mean=0.027921 margin_mean=0.611009
Val-LogitMargin [7/50] TrueKnown-VMax mean=4.0970 std=1.2593 p10=2.6274 p50=4.1008 p90=5.6817

Test-  OSR [7/50] LR=0.0005000 ACC=63.667 F1=33.602 Rec=33.878 Prec=37.335 UNK=0.000 OS*=40.653 HOS=0.000 AUROC=70.523 AUPR=7.601 OSCR=52.553
Test-Close [7/50] LR=0.0005000 loss=2.416 ACC=66.653 F1=41.609 Rec=40.775 Prec=47.650
Test-Virtual [7/50] CloseK->V=0.350% Open->V=0.000% OpenVEntropy=0.000000 CloseHist=[0, 17, 0] OpenHist=[0, 0, 0]
Test-LogitMargin [7/50] CloseTrue-VMax mean=4.1360 std=1.2387 p10=2.6950 p50=4.1134 p90=5.6863 | OpenKnown-VMax mean=4.0855 std=0.6713 p10=3.4494 p50=3.8721 p90=5.1752
AnchorDiag [7/50] VNorm=[1.0, 0.9999999403953552, 0.9999999403953552] VDriftMax=0.000000 Vcos(max/mean)=(0.0000/-0.0000) KVcos(max/mean)=(0.0341/-0.0081) ValK->V=0.37% CloseK->V=0.35% Open->V=0.00% OpenVEntropy=0.0000
Saving best model . . . . . . . .

Train Client0 [8/50] LR=0.0005000 loss=1.749 (CE=0.910 VIR=0.303 wVIR=0.003 AUX=0.836 w=0.010) ACC=67.147 F1=36.273 Rec=36.252 Prec=38.107
Train Client1 [8/50] LR=0.0005000 loss=0.922 (CE=0.467 VIR=0.066 wVIR=0.001 AUX=0.454 w=0.010) ACC=84.863 F1=29.777 Rec=27.455 Prec=41.560
Train Client2 [8/50] LR=0.0005000 loss=1.747 (CE=1.025 VIR=1.117 wVIR=0.011 AUX=0.711 w=0.010) ACC=73.642 F1=36.305 Rec=36.838 Prec=36.730
Train Client3 [8/50] LR=0.0005000 loss=2.392 (CE=1.319 VIR=0.636 wVIR=0.006 AUX=1.067 w=0.010) ACC=57.974 F1=33.246 Rec=35.646 Prec=37.653
Train Client4 [8/50] LR=0.0005000 loss=1.187 (CE=0.631 VIR=0.344 wVIR=0.003 AUX=0.553 w=0.010) ACC=79.473 F1=30.722 Rec=30.732 Prec=30.891
Train Client5 [8/50] LR=0.0005000 loss=1.893 (CE=0.981 VIR=0.431 wVIR=0.004 AUX=0.908 w=0.010) ACC=62.580 F1=43.388 Rec=43.728 Prec=48.175
Train Client6 [8/50] LR=0.0005000 loss=1.884 (CE=1.015 VIR=0.503 wVIR=0.005 AUX=0.864 w=0.010) ACC=59.722 F1=28.611 Rec=28.427 Prec=29.695
Train Client7 [8/50] LR=0.0005000 loss=2.136 (CE=1.206 VIR=0.640 wVIR=0.006 AUX=0.924 w=0.010) ACC=60.000 F1=38.877 Rec=38.852 Prec=42.360

Val    [8/50] LR=0.0005000 loss=2.482 ACC=63.973 F1=38.472 Rec=37.057 Prec=47.069
Val-Known->Virtual [8/50] rate=1.000% prob_mean=0.041502 margin_mean=0.610932
Val-LogitMargin [8/50] TrueKnown-VMax mean=3.8679 std=1.3732 p10=2.2915 p50=3.8703 p90=5.4876

Test-  OSR [8/50] LR=0.0005000 ACC=62.206 F1=32.354 Rec=31.862 Prec=37.441 UNK=0.000 OS*=38.235 HOS=0.000 AUROC=67.550 AUPR=7.219 OSCR=49.458
Test-Close [8/50] LR=0.0005000 loss=2.441 ACC=65.789 F1=40.075 Rec=38.600 Prec=47.791
Test-Virtual [8/50] CloseK->V=0.987% Open->V=0.000% OpenVEntropy=0.000000 CloseHist=[0, 48, 0] OpenHist=[0, 0, 0]
Test-LogitMargin [8/50] CloseTrue-VMax mean=3.9136 std=1.3038 p10=2.4001 p50=3.9121 p90=5.4817 | OpenKnown-VMax mean=4.0393 std=0.7511 p10=3.3022 p50=3.8931 p90=5.2724
AnchorDiag [8/50] VNorm=[1.0, 0.9999999403953552, 0.9999999403953552] VDriftMax=0.000000 Vcos(max/mean)=(0.0000/-0.0000) KVcos(max/mean)=(0.0372/-0.0054) ValK->V=1.00% CloseK->V=0.99% Open->V=0.00% OpenVEntropy=0.0000
Train Client0 [9/50] LR=0.0005000 loss=1.691 (CE=0.875 VIR=0.390 wVIR=0.004 AUX=0.812 w=0.010) ACC=68.029 F1=36.977 Rec=37.012 Prec=38.593
Train Client1 [9/50] LR=0.0005000 loss=0.911 (CE=0.462 VIR=0.085 wVIR=0.001 AUX=0.448 w=0.010) ACC=85.044 F1=31.596 Rec=28.688 Prec=44.062
Train Client2 [9/50] LR=0.0005000 loss=1.719 (CE=1.005 VIR=1.337 wVIR=0.013 AUX=0.701 w=0.010) ACC=74.204 F1=36.505 Rec=37.429 Prec=36.401
Train Client3 [9/50] LR=0.0005000 loss=2.456 (CE=1.351 VIR=0.762 wVIR=0.008 AUX=1.097 w=0.010) ACC=53.879 F1=28.261 Rec=29.228 Prec=33.032
Train Client4 [9/50] LR=0.0005000 loss=1.195 (CE=0.645 VIR=0.560 wVIR=0.006 AUX=0.545 w=0.010) ACC=78.983 F1=30.438 Rec=30.411 Prec=30.681
Train Client5 [9/50] LR=0.0005000 loss=1.966 (CE=1.058 VIR=0.605 wVIR=0.006 AUX=0.903 w=0.010) ACC=60.497 F1=38.040 Rec=40.091 Prec=36.305
Train Client6 [9/50] LR=0.0005000 loss=1.948 (CE=1.042 VIR=0.551 wVIR=0.006 AUX=0.901 w=0.010) ACC=63.056 F1=32.245 Rec=31.763 Prec=33.722
Train Client7 [9/50] LR=0.0005000 loss=2.026 (CE=1.113 VIR=0.662 wVIR=0.007 AUX=0.907 w=0.010) ACC=58.571 F1=36.442 Rec=36.963 Prec=37.018

Val    [9/50] LR=0.0005000 loss=2.986 ACC=66.639 F1=43.031 Rec=41.510 Prec=46.936
Val-Known->Virtual [9/50] rate=10.537% prob_mean=0.141071 margin_mean=0.473167
Val-LogitMargin [9/50] TrueKnown-VMax mean=2.7485 std=2.9576 p10=-0.5104 p50=3.4609 p90=5.0119

Test-  OSR [9/50] LR=0.0005000 ACC=55.733 F1=34.075 Rec=32.658 Prec=36.499 UNK=1.970 OS*=38.796 HOS=3.750 AUROC=60.042 AUPR=4.827 OSCR=42.286
Test-Close [9/50] LR=0.0005000 loss=2.889 ACC=67.804 F1=43.841 Rec=42.435 Prec=47.404
Test-Virtual [9/50] CloseK->V=9.971% Open->V=1.970% OpenVEntropy=0.630930 CloseHist=[0, 126, 359] OpenHist=[0, 2, 2]
Test-LogitMargin [9/50] CloseTrue-VMax mean=2.8608 std=2.7440 p10=-0.2281 p50=3.5137 p90=5.0118 | OpenKnown-VMax mean=3.6513 std=1.2181 p10=3.1748 p50=3.6619 p90=4.7665
AnchorDiag [9/50] VNorm=[1.0, 0.9999999403953552, 0.9999999403953552] VDriftMax=0.000000 Vcos(max/mean)=(0.0000/-0.0000) KVcos(max/mean)=(0.0408/-0.0042) ValK->V=10.54% CloseK->V=9.97% Open->V=1.97% OpenVEntropy=0.6309
Train Client0 [10/50] LR=0.0005000 loss=1.692 (CE=0.863 VIR=0.320 wVIR=0.003 AUX=0.825 w=0.010) ACC=67.107 F1=36.887 Rec=36.548 Prec=45.429
Train Client1 [10/50] LR=0.0005000 loss=0.913 (CE=0.464 VIR=0.123 wVIR=0.001 AUX=0.448 w=0.010) ACC=85.031 F1=31.114 Rec=28.471 Prec=42.892
Train Client2 [10/50] LR=0.0005000 loss=1.743 (CE=1.040 VIR=1.407 wVIR=0.014 AUX=0.689 w=0.010) ACC=75.655 F1=38.462 Rec=38.833 Prec=38.836
Train Client3 [10/50] LR=0.0005000 loss=2.408 (CE=1.347 VIR=1.001 wVIR=0.010 AUX=1.051 w=0.010) ACC=56.681 F1=28.303 Rec=31.117 Prec=30.355
Train Client4 [10/50] LR=0.0005000 loss=1.164 (CE=0.612 VIR=0.459 wVIR=0.005 AUX=0.548 w=0.010) ACC=78.922 F1=29.636 Rec=29.860 Prec=29.527
Train Client5 [10/50] LR=0.0005000 loss=1.778 (CE=0.908 VIR=0.590 wVIR=0.006 AUX=0.863 w=0.010) ACC=62.740 F1=42.160 Rec=42.922 Prec=45.204
Train Client6 [10/50] LR=0.0005000 loss=1.785 (CE=0.937 VIR=0.539 wVIR=0.005 AUX=0.843 w=0.010) ACC=63.889 F1=28.993 Rec=28.905 Prec=30.712
Train Client7 [10/50] LR=0.0005000 loss=2.651 (CE=1.726 VIR=1.319 wVIR=0.013 AUX=0.911 w=0.010) ACC=56.786 F1=35.756 Rec=35.958 Prec=38.218

Val    [10/50] LR=0.0005000 loss=2.790 ACC=65.598 F1=41.240 Rec=39.968 Prec=46.602
Val-Known->Virtual [10/50] rate=7.830% prob_mean=0.119352 margin_mean=0.518947
Val-LogitMargin [10/50] TrueKnown-VMax mean=2.9069 std=2.3650 p10=0.8519 p50=3.3264 p90=4.8804

Test-  OSR [10/50] LR=0.0005000 ACC=57.845 F1=33.494 Rec=32.569 Prec=36.734 UNK=1.970 OS*=38.688 HOS=3.750 AUROC=66.991 AUPR=5.943 OSCR=47.289
Test-Close [10/50] LR=0.0005000 loss=2.719 ACC=67.044 F1=42.466 Rec=41.231 Prec=47.553
Test-Virtual [10/50] CloseK->V=6.908% Open->V=1.970% OpenVEntropy=0.630930 CloseHist=[0, 223, 113] OpenHist=[0, 2, 2]
Test-LogitMargin [10/50] CloseTrue-VMax mean=3.0032 std=2.2433 p10=1.0554 p50=3.3926 p90=4.8712 | OpenKnown-VMax mean=3.3828 std=1.3848 p10=2.9617 p50=3.4778 p90=4.3406
AnchorDiag [10/50] VNorm=[1.0, 0.9999999403953552, 0.9999999403953552] VDriftMax=0.000000 Vcos(max/mean)=(0.0000/-0.0000) KVcos(max/mean)=(0.0489/0.0001) ValK->V=7.83% CloseK->V=6.91% Open->V=1.97% OpenVEntropy=0.6309
Saving model at epoch 10 . . . . . . . .

>> New learning Rate: 0.00025
Train Client0 [11/50] LR=0.0002500 loss=1.582 (CE=0.805 VIR=0.429 wVIR=0.004 AUX=0.773 w=0.010) ACC=69.231 F1=38.174 Rec=38.034 Prec=39.620
Train Client1 [11/50] LR=0.0002500 loss=0.844 (CE=0.427 VIR=0.103 wVIR=0.001 AUX=0.417 w=0.010) ACC=85.820 F1=36.078 Rec=32.837 Prec=46.732
Train Client2 [11/50] LR=0.0002500 loss=1.536 (CE=0.863 VIR=1.134 wVIR=0.011 AUX=0.662 w=0.010) ACC=73.830 F1=36.873 Rec=38.139 Prec=36.278
Train Client3 [11/50] LR=0.0002500 loss=2.343 (CE=1.332 VIR=0.911 wVIR=0.009 AUX=1.002 w=0.010) ACC=56.466 F1=32.010 Rec=35.508 Prec=32.183
Train Client4 [11/50] LR=0.0002500 loss=1.154 (CE=0.642 VIR=0.781 wVIR=0.008 AUX=0.504 w=0.010) ACC=77.880 F1=30.667 Rec=30.801 Prec=30.716
Train Client5 [11/50] LR=0.0002500 loss=1.781 (CE=0.976 VIR=0.700 wVIR=0.007 AUX=0.797 w=0.010) ACC=64.103 F1=42.613 Rec=43.623 Prec=47.806
Train Client6 [11/50] LR=0.0002500 loss=1.828 (CE=1.018 VIR=0.715 wVIR=0.007 AUX=0.803 w=0.010) ACC=58.611 F1=29.460 Rec=30.182 Prec=30.386
Train Client7 [11/50] LR=0.0002500 loss=1.886 (CE=1.050 VIR=0.686 wVIR=0.007 AUX=0.829 w=0.010) ACC=59.762 F1=40.033 Rec=39.673 Prec=41.130

Val    [11/50] LR=0.0002500 loss=3.278 ACC=67.847 F1=43.909 Rec=43.221 Prec=47.945
Val-Known->Virtual [11/50] rate=13.619% prob_mean=0.178676 margin_mean=0.458307
Val-LogitMargin [11/50] TrueKnown-VMax mean=2.0467 std=3.7131 p10=-2.3223 p50=3.1007 p90=4.5509

Test-  OSR [11/50] LR=0.0002500 ACC=54.312 F1=34.736 Rec=34.011 Prec=37.888 UNK=2.463 OS*=40.321 HOS=4.643 AUROC=58.237 AUPR=4.437 OSCR=41.425
Test-Close [11/50] LR=0.0002500 loss=3.156 ACC=68.956 F1=45.362 Rec=44.942 Prec=49.161
Test-Virtual [11/50] CloseK->V=12.747% Open->V=2.463% OpenVEntropy=0.455486 CloseHist=[0, 448, 172] OpenHist=[0, 4, 1]
Test-LogitMargin [11/50] CloseTrue-VMax mean=2.1780 std=3.4535 p10=-1.6309 p50=3.1436 p90=4.5568 | OpenKnown-VMax mean=3.2522 std=1.7868 p10=2.7793 p50=3.4645 p90=4.3043
AnchorDiag [11/50] VNorm=[1.0, 0.9999999403953552, 0.9999999403953552] VDriftMax=0.000000 Vcos(max/mean)=(0.0000/-0.0000) KVcos(max/mean)=(0.0526/0.0019) ValK->V=13.62% CloseK->V=12.75% Open->V=2.46% OpenVEntropy=0.4555
Train Client0 [12/50] LR=0.0002500 loss=1.585 (CE=0.808 VIR=0.579 wVIR=0.006 AUX=0.771 w=0.010) ACC=69.391 F1=37.988 Rec=37.737 Prec=40.159
Train Client1 [12/50] LR=0.0002500 loss=0.825 (CE=0.417 VIR=0.130 wVIR=0.001 AUX=0.407 w=0.010) ACC=86.324 F1=38.888 Rec=34.770 Prec=50.891
Train Client2 [12/50] LR=0.0002500 loss=1.548 (CE=0.873 VIR=1.293 wVIR=0.013 AUX=0.662 w=0.010) ACC=75.421 F1=39.464 Rec=39.889 Prec=42.432
Train Client3 [12/50] LR=0.0002500 loss=2.899 (CE=1.865 VIR=1.521 wVIR=0.015 AUX=1.019 w=0.010) ACC=56.250 F1=34.988 Rec=39.351 Prec=44.040
Train Client4 [12/50] LR=0.0002500 loss=1.114 (CE=0.630 VIR=0.733 wVIR=0.007 AUX=0.477 w=0.010) ACC=78.493 F1=32.484 Rec=32.644 Prec=36.007
Train Client5 [12/50] LR=0.0002500 loss=1.759 (CE=0.923 VIR=0.649 wVIR=0.006 AUX=0.830 w=0.010) ACC=64.343 F1=42.031 Rec=43.431 Prec=45.835
Train Client6 [12/50] LR=0.0002500 loss=1.853 (CE=1.068 VIR=0.893 wVIR=0.009 AUX=0.776 w=0.010) ACC=61.944 F1=33.432 Rec=33.853 Prec=33.550
Train Client7 [12/50] LR=0.0002500 loss=1.852 (CE=1.006 VIR=0.630 wVIR=0.006 AUX=0.840 w=0.010) ACC=60.714 F1=41.276 Rec=40.963 Prec=42.367

Val    [12/50] LR=0.0002500 loss=3.152 ACC=68.805 F1=46.136 Rec=45.818 Prec=49.581
Val-Known->Virtual [12/50] rate=12.661% prob_mean=0.172093 margin_mean=0.468426
Val-LogitMargin [12/50] TrueKnown-VMax mean=2.0754 std=3.2529 p10=-1.9618 p50=3.0077 p90=4.3892

Test-  OSR [12/50] LR=0.0002500 ACC=55.575 F1=35.887 Rec=35.980 Prec=38.404 UNK=2.463 OS*=42.684 HOS=4.657 AUROC=59.228 AUPR=4.633 OSCR=42.480
Test-Close [12/50] LR=0.0002500 loss=3.058 ACC=69.511 F1=46.676 Rec=47.037 Prec=49.500
Test-Virtual [12/50] CloseK->V=11.780% Open->V=2.463% OpenVEntropy=-0.000000 CloseHist=[0, 524, 49] OpenHist=[0, 5, 0]
Test-LogitMargin [12/50] CloseTrue-VMax mean=2.1891 std=3.0361 p10=-1.6044 p50=3.0660 p90=4.3848 | OpenKnown-VMax mean=3.1733 std=1.2773 p10=2.6679 p50=3.2353 p90=4.0313
AnchorDiag [12/50] VNorm=[1.0, 0.9999999403953552, 0.9999999403953552] VDriftMax=0.000000 Vcos(max/mean)=(0.0000/-0.0000) KVcos(max/mean)=(0.0516/0.0036) ValK->V=12.66% CloseK->V=11.78% Open->V=2.46% OpenVEntropy=-0.0000
Train Client0 [13/50] LR=0.0002500 loss=1.557 (CE=0.793 VIR=0.581 wVIR=0.006 AUX=0.758 w=0.010) ACC=68.389 F1=37.401 Rec=37.249 Prec=39.400
Train Client1 [13/50] LR=0.0002500 loss=0.820 (CE=0.412 VIR=0.130 wVIR=0.001 AUX=0.406 w=0.010) ACC=86.285 F1=38.901 Rec=35.079 Prec=49.202
Train Client2 [13/50] LR=0.0002500 loss=1.546 (CE=0.887 VIR=1.544 wVIR=0.015 AUX=0.644 w=0.010) ACC=75.655 F1=39.940 Rec=40.748 Prec=41.148
Train Client3 [13/50] LR=0.0002500 loss=2.221 (CE=1.261 VIR=0.924 wVIR=0.009 AUX=0.951 w=0.010) ACC=55.819 F1=33.368 Rec=37.149 Prec=34.914
Train Client4 [13/50] LR=0.0002500 loss=1.156 (CE=0.648 VIR=0.761 wVIR=0.008 AUX=0.500 w=0.010) ACC=78.493 F1=31.903 Rec=31.637 Prec=35.240
Train Client5 [13/50] LR=0.0002500 loss=1.797 (CE=0.986 VIR=0.726 wVIR=0.007 AUX=0.804 w=0.010) ACC=63.381 F1=42.541 Rec=43.403 Prec=46.873
Train Client6 [13/50] LR=0.0002500 loss=1.760 (CE=0.991 VIR=0.881 wVIR=0.009 AUX=0.760 w=0.010) ACC=61.944 F1=32.746 Rec=33.645 Prec=32.007
Train Client7 [13/50] LR=0.0002500 loss=1.982 (CE=1.178 VIR=0.991 wVIR=0.010 AUX=0.794 w=0.010) ACC=62.619 F1=42.743 Rec=42.178 Prec=43.912

Val    [13/50] LR=0.0002500 loss=3.128 ACC=67.763 F1=44.682 Rec=43.515 Prec=49.198
Val-Known->Virtual [13/50] rate=12.995% prob_mean=0.188277 margin_mean=0.466416
Val-LogitMargin [13/50] TrueKnown-VMax mean=1.9228 std=3.0547 p10=-2.0251 p50=2.7558 p90=4.2729

Test-  OSR [13/50] LR=0.0002500 ACC=54.549 F1=35.390 Rec=34.505 Prec=38.174 UNK=3.448 OS*=40.716 HOS=6.358 AUROC=60.402 AUPR=4.722 OSCR=42.690
Test-Close [13/50] LR=0.0002500 loss=3.030 ACC=69.223 F1=46.085 Rec=45.374 Prec=49.700
Test-Virtual [13/50] CloseK->V=12.644% Open->V=3.448% OpenVEntropy=0.724834 CloseHist=[0, 535, 80] OpenHist=[1, 5, 1]
Test-LogitMargin [13/50] CloseTrue-VMax mean=2.0322 std=2.8536 p10=-1.7483 p50=2.8303 p90=4.2772 | OpenKnown-VMax mean=2.9317 std=1.3274 p10=2.3853 p50=3.0942 p90=3.9302
AnchorDiag [13/50] VNorm=[1.0, 0.9999999403953552, 0.9999999403953552] VDriftMax=0.000000 Vcos(max/mean)=(0.0000/-0.0000) KVcos(max/mean)=(0.0520/0.0048) ValK->V=12.99% CloseK->V=12.64% Open->V=3.45% OpenVEntropy=0.7248
Train Client0 [14/50] LR=0.0002500 loss=1.554 (CE=0.797 VIR=0.561 wVIR=0.006 AUX=0.751 w=0.010) ACC=69.471 F1=38.007 Rec=37.930 Prec=39.896
Train Client1 [14/50] LR=0.0002500 loss=0.825 (CE=0.417 VIR=0.156 wVIR=0.002 AUX=0.406 w=0.010) ACC=86.104 F1=37.586 Rec=34.118 Prec=48.642
Train Client2 [14/50] LR=0.0002500 loss=1.553 (CE=0.907 VIR=1.529 wVIR=0.015 AUX=0.631 w=0.010) ACC=74.953 F1=38.398 Rec=39.820 Prec=37.888
Train Client3 [14/50] LR=0.0002500 loss=2.611 (CE=1.649 VIR=1.415 wVIR=0.014 AUX=0.948 w=0.010) ACC=54.310 F1=32.553 Rec=34.579 Prec=35.064
Train Client4 [14/50] LR=0.0002500 loss=1.065 (CE=0.590 VIR=0.665 wVIR=0.007 AUX=0.469 w=0.010) ACC=80.637 F1=35.574 Rec=36.123 Prec=43.170
Train Client5 [14/50] LR=0.0002500 loss=1.647 (CE=0.876 VIR=0.641 wVIR=0.006 AUX=0.765 w=0.010) ACC=65.304 F1=44.921 Rec=45.317 Prec=49.964
Train Client6 [14/50] LR=0.0002500 loss=1.847 (CE=1.094 VIR=0.975 wVIR=0.010 AUX=0.744 w=0.010) ACC=56.667 F1=30.049 Rec=31.740 Prec=29.277
Train Client7 [14/50] LR=0.0002500 loss=1.861 (CE=1.031 VIR=0.867 wVIR=0.009 AUX=0.821 w=0.010) ACC=60.357 F1=39.181 Rec=39.096 Prec=40.222

Val    [14/50] LR=0.0002500 loss=2.986 ACC=68.721 F1=45.684 Rec=44.043 Prec=49.926
Val-Known->Virtual [14/50] rate=11.287% prob_mean=0.173680 margin_mean=0.490498
Val-LogitMargin [14/50] TrueKnown-VMax mean=2.0214 std=2.7341 p10=-1.0223 p50=2.7107 p90=4.1479

Test-  OSR [14/50] LR=0.0002500 ACC=56.069 F1=35.445 Rec=33.940 Prec=38.125 UNK=1.478 OS*=40.433 HOS=2.851 AUROC=61.141 AUPR=4.857 OSCR=43.755
Test-Close [14/50] LR=0.0002500 loss=2.910 ACC=69.202 F1=45.916 Rec=44.494 Prec=49.700
Test-Virtual [14/50] CloseK->V=10.896% Open->V=1.478% OpenVEntropy=1.000000 CloseHist=[2, 397, 131] OpenHist=[1, 1, 1]
Test-LogitMargin [14/50] CloseTrue-VMax mean=2.1108 std=2.5554 p10=-0.8083 p50=2.7668 p90=4.1510 | OpenKnown-VMax mean=2.8771 std=0.9482 p10=2.2878 p50=2.8942 p90=3.7688
AnchorDiag [14/50] VNorm=[1.0, 0.9999999403953552, 0.9999999403953552] VDriftMax=0.000000 Vcos(max/mean)=(0.0000/-0.0000) KVcos(max/mean)=(0.0546/0.0068) ValK->V=11.29% CloseK->V=10.90% Open->V=1.48% OpenVEntropy=1.0000
Train Client0 [15/50] LR=0.0002500 loss=1.538 (CE=0.784 VIR=0.592 wVIR=0.006 AUX=0.748 w=0.010) ACC=70.192 F1=38.721 Rec=38.375 Prec=47.186
Train Client1 [15/50] LR=0.0002500 loss=0.815 (CE=0.412 VIR=0.165 wVIR=0.002 AUX=0.402 w=0.010) ACC=86.091 F1=38.314 Rec=34.806 Prec=48.273
Train Client2 [15/50] LR=0.0002500 loss=1.556 (CE=0.920 VIR=1.641 wVIR=0.016 AUX=0.619 w=0.010) ACC=75.421 F1=40.670 Rec=41.131 Prec=48.737
Train Client3 [15/50] LR=0.0002500 loss=2.554 (CE=1.601 VIR=1.378 wVIR=0.014 AUX=0.939 w=0.010) ACC=55.172 F1=34.942 Rec=39.142 Prec=38.604
Train Client4 [15/50] LR=0.0002500 loss=1.133 (CE=0.629 VIR=0.773 wVIR=0.008 AUX=0.497 w=0.010) ACC=79.657 F1=31.764 Rec=31.611 Prec=34.057
Train Client5 [15/50] LR=0.0002500 loss=1.623 (CE=0.852 VIR=0.647 wVIR=0.006 AUX=0.765 w=0.010) ACC=65.064 F1=45.364 Rec=45.331 Prec=51.891
Train Client6 [15/50] LR=0.0002500 loss=1.736 (CE=1.020 VIR=0.933 wVIR=0.009 AUX=0.707 w=0.010) ACC=62.778 F1=33.200 Rec=33.970 Prec=32.779
Train Client7 [15/50] LR=0.0002500 loss=1.956 (CE=1.144 VIR=1.038 wVIR=0.010 AUX=0.802 w=0.010) ACC=61.786 F1=41.233 Rec=41.070 Prec=41.983

Val    [15/50] LR=0.0002500 loss=3.046 ACC=69.096 F1=46.263 Rec=45.229 Prec=51.313
Val-Known->Virtual [15/50] rate=11.870% prob_mean=0.188415 margin_mean=0.467678
Val-LogitMargin [15/50] TrueKnown-VMax mean=1.8178 std=2.9001 p10=-1.2811 p50=2.6009 p90=3.9183

Test-  OSR [15/50] LR=0.0002500 ACC=55.733 F1=35.948 Rec=35.199 Prec=39.088 UNK=0.985 OS*=42.042 HOS=1.925 AUROC=58.382 AUPR=4.551 OSCR=42.137
Test-Close [15/50] LR=0.0002500 loss=2.972 ACC=69.634 F1=46.829 Rec=46.371 Prec=50.704
Test-Virtual [15/50] CloseK->V=11.863% Open->V=0.985% OpenVEntropy=-0.000000 CloseHist=[74, 231, 272] OpenHist=[0, 0, 2]
Test-LogitMargin [15/50] CloseTrue-VMax mean=1.8915 std=2.6774 p10=-1.1969 p50=2.6354 p90=3.9164 | OpenKnown-VMax mean=2.8449 std=1.2694 p10=2.3240 p50=2.9032 p90=3.5851
AnchorDiag [15/50] VNorm=[1.0, 0.9999999403953552, 0.9999999403953552] VDriftMax=0.000000 Vcos(max/mean)=(0.0000/-0.0000) KVcos(max/mean)=(0.0538/0.0079) ValK->V=11.87% CloseK->V=11.86% Open->V=0.99% OpenVEntropy=-0.0000
Saving model at epoch 15 . . . . . . . .

Train Client0 [16/50] LR=0.0002500 loss=1.555 (CE=0.796 VIR=0.621 wVIR=0.006 AUX=0.753 w=0.010) ACC=69.952 F1=39.178 Rec=38.578 Prec=48.081
Train Client1 [16/50] LR=0.0002500 loss=0.811 (CE=0.409 VIR=0.178 wVIR=0.002 AUX=0.400 w=0.010) ACC=86.427 F1=39.390 Rec=35.594 Prec=50.402
Train Client2 [16/50] LR=0.0002500 loss=1.586 (CE=0.945 VIR=1.692 wVIR=0.017 AUX=0.624 w=0.010) ACC=76.498 F1=42.382 Rec=42.438 Prec=45.285
Train Client3 [16/50] LR=0.0002500 loss=2.552 (CE=1.600 VIR=1.303 wVIR=0.013 AUX=0.939 w=0.010) ACC=57.759 F1=36.041 Rec=38.154 Prec=40.436
Train Client4 [16/50] LR=0.0002500 loss=1.098 (CE=0.615 VIR=0.773 wVIR=0.008 AUX=0.476 w=0.010) ACC=80.821 F1=34.189 Rec=33.857 Prec=37.932
Train Client5 [16/50] LR=0.0002500 loss=1.620 (CE=0.865 VIR=0.728 wVIR=0.007 AUX=0.749 w=0.010) ACC=66.266 F1=46.175 Rec=46.338 Prec=50.169
Train Client6 [16/50] LR=0.0002500 loss=2.076 (CE=1.336 VIR=1.411 wVIR=0.014 AUX=0.726 w=0.010) ACC=61.111 F1=29.976 Rec=30.090 Prec=29.975
Train Client7 [16/50] LR=0.0002500 loss=2.157 (CE=1.355 VIR=1.281 wVIR=0.013 AUX=0.790 w=0.010) ACC=62.500 F1=41.436 Rec=41.025 Prec=42.826

Val    [16/50] LR=0.0002500 loss=3.197 ACC=69.763 F1=47.223 Rec=45.657 Prec=51.264
Val-Known->Virtual [16/50] rate=13.161% prob_mean=0.206838 margin_mean=0.437745
Val-LogitMargin [16/50] TrueKnown-VMax mean=1.5218 std=3.1004 p10=-2.4290 p50=2.4650 p90=3.7381

Test-  OSR [16/50] LR=0.0002500 ACC=54.312 F1=35.621 Rec=34.137 Prec=38.224 UNK=1.478 OS*=40.669 HOS=2.852 AUROC=57.512 AUPR=4.396 OSCR=41.261
Test-Close [16/50] LR=0.0002500 loss=3.134 ACC=69.675 F1=46.706 Rec=45.555 Prec=50.034
Test-Virtual [16/50] CloseK->V=13.240% Open->V=1.478% OpenVEntropy=0.579380 CloseHist=[149, 183, 312] OpenHist=[2, 0, 1]
Test-LogitMargin [16/50] CloseTrue-VMax mean=1.6073 std=2.9128 p10=-2.2178 p50=2.5196 p90=3.7558 | OpenKnown-VMax mean=2.6058 std=1.0726 p10=2.0998 p50=2.6498 p90=3.4225
AnchorDiag [16/50] VNorm=[1.0, 0.9999999403953552, 0.9999999403953552] VDriftMax=0.000000 Vcos(max/mean)=(0.0000/-0.0000) KVcos(max/mean)=(0.0545/0.0086) ValK->V=13.16% CloseK->V=13.24% Open->V=1.48% OpenVEntropy=0.5794
Train Client0 [17/50] LR=0.0002500 loss=1.512 (CE=0.771 VIR=0.633 wVIR=0.006 AUX=0.735 w=0.010) ACC=70.793 F1=39.842 Rec=39.374 Prec=46.106
Train Client1 [17/50] LR=0.0002500 loss=0.800 (CE=0.405 VIR=0.163 wVIR=0.002 AUX=0.394 w=0.010) ACC=86.518 F1=39.922 Rec=35.960 Prec=50.882
Train Client2 [17/50] LR=0.0002500 loss=1.715 (CE=1.083 VIR=1.946 wVIR=0.019 AUX=0.612 w=0.010) ACC=76.077 F1=40.096 Rec=41.321 Prec=39.343
Train Client3 [17/50] LR=0.0002500 loss=2.240 (CE=1.288 VIR=1.227 wVIR=0.012 AUX=0.940 w=0.010) ACC=60.776 F1=39.990 Rec=42.576 Prec=44.683
Train Client4 [17/50] LR=0.0002500 loss=1.082 (CE=0.606 VIR=0.821 wVIR=0.008 AUX=0.468 w=0.010) ACC=80.208 F1=31.920 Rec=32.517 Prec=31.348
Train Client5 [17/50] LR=0.0002500 loss=1.596 (CE=0.847 VIR=0.732 wVIR=0.007 AUX=0.741 w=0.010) ACC=66.747 F1=45.940 Rec=46.248 Prec=49.503
Train Client6 [17/50] LR=0.0002500 loss=1.640 (CE=0.973 VIR=1.092 wVIR=0.011 AUX=0.657 w=0.010) ACC=64.722 F1=34.192 Rec=33.967 Prec=34.565
Train Client7 [17/50] LR=0.0002500 loss=1.730 (CE=0.940 VIR=0.958 wVIR=0.010 AUX=0.780 w=0.010) ACC=63.333 F1=42.148 Rec=41.782 Prec=43.566

Val    [17/50] LR=0.0002500 loss=3.227 ACC=69.929 F1=45.899 Rec=45.739 Prec=50.050
Val-Known->Virtual [17/50] rate=13.369% prob_mean=0.209365 margin_mean=0.431411
Val-LogitMargin [17/50] TrueKnown-VMax mean=1.4320 std=3.2591 p10=-2.3311 p50=2.4064 p90=3.5919

Test-  OSR [17/50] LR=0.0002500 ACC=55.477 F1=35.968 Rec=35.774 Prec=39.190 UNK=1.478 OS*=42.633 HOS=2.857 AUROC=52.608 AUPR=3.893 OSCR=38.830
Test-Close [17/50] LR=0.0002500 loss=3.157 ACC=70.539 F1=47.073 Rec=47.376 Prec=50.552
Test-Virtual [17/50] CloseK->V=12.911% Open->V=1.478% OpenVEntropy=0.579380 CloseHist=[4, 537, 87] OpenHist=[1, 2, 0]
Test-LogitMargin [17/50] CloseTrue-VMax mean=1.5223 std=3.0573 p10=-2.1985 p50=2.4675 p90=3.6116 | OpenKnown-VMax mean=2.6730 std=1.0614 p10=2.0867 p50=2.7185 p90=3.5031
AnchorDiag [17/50] VNorm=[1.0, 0.9999999403953552, 0.9999999403953552] VDriftMax=0.000000 Vcos(max/mean)=(0.0000/-0.0000) KVcos(max/mean)=(0.0586/0.0101) ValK->V=13.37% CloseK->V=12.91% Open->V=1.48% OpenVEntropy=0.5794
Train Client0 [18/50] LR=0.0002500 loss=1.498 (CE=0.766 VIR=0.694 wVIR=0.007 AUX=0.725 w=0.010) ACC=70.393 F1=39.500 Rec=38.888 Prec=48.275
Train Client1 [18/50] LR=0.0002500 loss=0.779 (CE=0.394 VIR=0.191 wVIR=0.002 AUX=0.384 w=0.010) ACC=86.595 F1=40.512 Rec=36.538 Prec=50.779
Train Client2 [18/50] LR=0.0002500 loss=1.493 (CE=0.866 VIR=1.732 wVIR=0.017 AUX=0.610 w=0.010) ACC=76.030 F1=39.735 Rec=40.683 Prec=39.061
Train Client3 [18/50] LR=0.0002500 loss=2.154 (CE=1.204 VIR=1.192 wVIR=0.012 AUX=0.938 w=0.010) ACC=56.681 F1=33.137 Rec=35.393 Prec=35.550
Train Client4 [18/50] LR=0.0002500 loss=1.072 (CE=0.602 VIR=0.945 wVIR=0.009 AUX=0.461 w=0.010) ACC=80.576 F1=32.672 Rec=32.911 Prec=35.014
Train Client5 [18/50] LR=0.0002500 loss=1.584 (CE=0.827 VIR=0.833 wVIR=0.008 AUX=0.748 w=0.010) ACC=66.106 F1=46.383 Rec=46.617 Prec=48.778
Train Client6 [18/50] LR=0.0002500 loss=1.672 (CE=0.985 VIR=1.122 wVIR=0.011 AUX=0.675 w=0.010) ACC=62.222 F1=34.150 Rec=35.685 Prec=33.544
Train Client7 [18/50] LR=0.0002500 loss=1.768 (CE=0.965 VIR=1.013 wVIR=0.010 AUX=0.793 w=0.010) ACC=63.333 F1=40.506 Rec=40.593 Prec=40.959

Val    [18/50] LR=0.0002500 loss=2.817 ACC=69.388 F1=47.103 Rec=46.304 Prec=52.335
Val-Known->Virtual [18/50] rate=9.788% prob_mean=0.182988 margin_mean=0.474915
Val-LogitMargin [18/50] TrueKnown-VMax mean=1.8800 std=2.1340 p10=-0.3645 p50=2.3969 p90=3.6380

Test-  OSR [18/50] LR=0.0002500 ACC=58.358 F1=36.759 Rec=36.440 Prec=39.886 UNK=1.970 OS*=43.334 HOS=3.769 AUROC=61.207 AUPR=4.976 OSCR=44.650
Test-Close [18/50] LR=0.0002500 loss=2.759 ACC=69.696 F1=47.046 Rec=46.661 Prec=51.412
Test-Virtual [18/50] CloseK->V=9.025% Open->V=1.970% OpenVEntropy=-0.000000 CloseHist=[106, 318, 15] OpenHist=[4, 0, 0]
Test-LogitMargin [18/50] CloseTrue-VMax mean=1.9506 std=2.0169 p10=-0.1804 p50=2.4319 p90=3.6270 | OpenKnown-VMax mean=2.5214 std=0.8542 p10=1.9832 p50=2.5618 p90=3.2836
AnchorDiag [18/50] VNorm=[1.0, 0.9999999403953552, 0.9999999403953552] VDriftMax=0.000000 Vcos(max/mean)=(0.0000/-0.0000) KVcos(max/mean)=(0.0573/0.0111) ValK->V=9.79% CloseK->V=9.03% Open->V=1.97% OpenVEntropy=-0.0000
Train Client0 [19/50] LR=0.0002500 loss=1.483 (CE=0.760 VIR=0.749 wVIR=0.007 AUX=0.715 w=0.010) ACC=70.753 F1=38.900 Rec=38.803 Prec=40.490
Train Client1 [19/50] LR=0.0002500 loss=0.779 (CE=0.392 VIR=0.191 wVIR=0.002 AUX=0.385 w=0.010) ACC=86.867 F1=41.763 Rec=37.471 Prec=52.141
Train Client2 [19/50] LR=0.0002500 loss=1.636 (CE=1.017 VIR=1.961 wVIR=0.020 AUX=0.600 w=0.010) ACC=76.873 F1=40.816 Rec=41.648 Prec=40.351
Train Client3 [19/50] LR=0.0002500 loss=2.114 (CE=1.182 VIR=1.174 wVIR=0.012 AUX=0.920 w=0.010) ACC=57.328 F1=35.761 Rec=37.062 Prec=36.534
Train Client4 [19/50] LR=0.0002500 loss=1.084 (CE=0.603 VIR=0.840 wVIR=0.008 AUX=0.473 w=0.010) ACC=80.637 F1=32.621 Rec=32.435 Prec=37.008
Train Client5 [19/50] LR=0.0002500 loss=1.549 (CE=0.819 VIR=0.795 wVIR=0.008 AUX=0.722 w=0.010) ACC=66.106 F1=46.934 Rec=46.926 Prec=48.859
Train Client6 [19/50] LR=0.0002500 loss=1.728 (CE=0.981 VIR=1.099 wVIR=0.011 AUX=0.737 w=0.010) ACC=62.778 F1=34.492 Rec=36.423 Prec=33.358
Train Client7 [19/50] LR=0.0002500 loss=1.806 (CE=1.013 VIR=1.168 wVIR=0.012 AUX=0.782 w=0.010) ACC=63.929 F1=41.087 Rec=41.194 Prec=41.519

Val    [19/50] LR=0.0002500 loss=2.973 ACC=71.137 F1=49.594 Rec=49.149 Prec=51.125
Val-Known->Virtual [19/50] rate=11.495% prob_mean=0.202980 margin_mean=0.427350
Val-LogitMargin [19/50] TrueKnown-VMax mean=1.5808 std=2.7682 p10=-0.9788 p50=2.2882 p90=3.3402

Test-  OSR [19/50] LR=0.0002500 ACC=57.687 F1=38.044 Rec=38.045 Prec=38.823 UNK=0.493 OS*=45.555 HOS=0.975 AUROC=56.435 AUPR=4.365 OSCR=41.976
Test-Close [19/50] LR=0.0002500 loss=2.929 ACC=71.032 F1=49.422 Rec=49.613 Prec=50.370
Test-Virtual [19/50] CloseK->V=11.061% Open->V=0.493% OpenVEntropy=-0.000000 CloseHist=[218, 225, 95] OpenHist=[0, 0, 1]
Test-LogitMargin [19/50] CloseTrue-VMax mean=1.6342 std=2.5816 p10=-0.9810 p50=2.3439 p90=3.3560 | OpenKnown-VMax mean=2.4759 std=0.7303 p10=1.9574 p50=2.4096 p90=3.2963
AnchorDiag [19/50] VNorm=[1.0, 0.9999999403953552, 0.9999999403953552] VDriftMax=0.000000 Vcos(max/mean)=(0.0000/-0.0000) KVcos(max/mean)=(0.0560/0.0122) ValK->V=11.50% CloseK->V=11.06% Open->V=0.49% OpenVEntropy=-0.0000
Train Client0 [20/50] LR=0.0002500 loss=1.508 (CE=0.769 VIR=0.737 wVIR=0.007 AUX=0.732 w=0.010) ACC=70.673 F1=39.650 Rec=39.223 Prec=45.829
Train Client1 [20/50] LR=0.0002500 loss=0.783 (CE=0.395 VIR=0.197 wVIR=0.002 AUX=0.386 w=0.010) ACC=86.531 F1=40.620 Rec=36.848 Prec=50.072
Train Client2 [20/50] LR=0.0002500 loss=1.597 (CE=0.975 VIR=1.867 wVIR=0.019 AUX=0.603 w=0.010) ACC=76.639 F1=40.733 Rec=41.040 Prec=46.518
Train Client3 [20/50] LR=0.0002500 loss=2.225 (CE=1.279 VIR=1.301 wVIR=0.013 AUX=0.933 w=0.010) ACC=59.698 F1=38.961 Rec=40.626 Prec=46.383
Train Client4 [20/50] LR=0.0002500 loss=1.049 (CE=0.590 VIR=0.966 wVIR=0.010 AUX=0.449 w=0.010) ACC=81.127 F1=35.506 Rec=35.341 Prec=39.027
Train Client5 [20/50] LR=0.0002500 loss=1.520 (CE=0.794 VIR=0.709 wVIR=0.007 AUX=0.719 w=0.010) ACC=66.747 F1=47.034 Rec=47.335 Prec=49.526
Train Client6 [20/50] LR=0.0002500 loss=1.763 (CE=1.059 VIR=1.335 wVIR=0.013 AUX=0.691 w=0.010) ACC=64.722 F1=34.971 Rec=35.721 Prec=34.420
Train Client7 [20/50] LR=0.0002500 loss=1.734 (CE=0.961 VIR=1.087 wVIR=0.011 AUX=0.762 w=0.010) ACC=62.024 F1=42.558 Rec=42.004 Prec=43.576

Val    [20/50] LR=0.0002500 loss=3.478 ACC=69.554 F1=46.095 Rec=46.028 Prec=52.367
Val-Known->Virtual [20/50] rate=14.994% prob_mean=0.236064 margin_mean=0.413290
Val-LogitMargin [20/50] TrueKnown-VMax mean=0.9924 std=3.7703 p10=-3.4284 p50=2.1979 p90=3.4184

Test-  OSR [20/50] LR=0.0002500 ACC=53.898 F1=35.450 Rec=35.465 Prec=39.906 UNK=1.970 OS*=42.164 HOS=3.765 AUROC=53.388 AUPR=3.964 OSCR=38.835
Test-Close [20/50] LR=0.0002500 loss=3.407 ACC=70.025 F1=46.659 Rec=47.334 Prec=51.498
Test-Virtual [20/50] CloseK->V=14.083% Open->V=1.970% OpenVEntropy=0.511860 CloseHist=[169, 321, 195] OpenHist=[3, 0, 1]
Test-LogitMargin [20/50] CloseTrue-VMax mean=1.0817 std=3.5277 p10=-3.5694 p50=2.2481 p90=3.4075 | OpenKnown-VMax mean=2.4960 std=1.0673 p10=1.9323 p50=2.5206 p90=3.3031
AnchorDiag [20/50] VNorm=[1.0, 0.9999999403953552, 0.9999999403953552] VDriftMax=0.000000 Vcos(max/mean)=(0.0000/-0.0000) KVcos(max/mean)=(0.0580/0.0126) ValK->V=14.99% CloseK->V=14.08% Open->V=1.97% OpenVEntropy=0.5119
Saving model at epoch 20 . . . . . . . .

Train Client0 [21/50] LR=0.0002500 loss=1.473 (CE=0.753 VIR=0.696 wVIR=0.007 AUX=0.713 w=0.010) ACC=71.434 F1=40.830 Rec=40.089 Prec=46.104
Train Client1 [21/50] LR=0.0002500 loss=0.776 (CE=0.392 VIR=0.201 wVIR=0.002 AUX=0.383 w=0.010) ACC=86.737 F1=41.244 Rec=37.566 Prec=51.347
Train Client2 [21/50] LR=0.0002500 loss=1.517 (CE=0.889 VIR=1.866 wVIR=0.019 AUX=0.610 w=0.010) ACC=77.013 F1=40.810 Rec=41.132 Prec=41.426
Train Client3 [21/50] LR=0.0002500 loss=2.258 (CE=1.359 VIR=1.396 wVIR=0.014 AUX=0.884 w=0.010) ACC=62.500 F1=45.005 Rec=45.983 Prec=47.821
Train Client4 [21/50] LR=0.0002500 loss=1.086 (CE=0.619 VIR=1.070 wVIR=0.011 AUX=0.456 w=0.010) ACC=79.841 F1=32.864 Rec=33.012 Prec=34.960
Train Client5 [21/50] LR=0.0002500 loss=1.583 (CE=0.847 VIR=0.850 wVIR=0.009 AUX=0.728 w=0.010) ACC=65.705 F1=47.251 Rec=46.960 Prec=48.682
Train Client6 [21/50] LR=0.0002500 loss=1.580 (CE=0.937 VIR=1.119 wVIR=0.011 AUX=0.632 w=0.010) ACC=64.167 F1=33.404 Rec=34.896 Prec=32.304
Train Client7 [21/50] LR=0.0002500 loss=1.976 (CE=1.161 VIR=1.096 wVIR=0.011 AUX=0.804 w=0.010) ACC=64.167 F1=42.439 Rec=42.254 Prec=43.879

Val    [21/50] LR=0.0002500 loss=3.542 ACC=70.471 F1=49.088 Rec=47.324 Prec=62.619
Val-Known->Virtual [21/50] rate=15.035% prob_mean=0.239496 margin_mean=0.406033
Val-LogitMargin [21/50] TrueKnown-VMax mean=0.8749 std=3.8514 p10=-4.0948 p50=2.1087 p90=3.3569

Test-  OSR [21/50] LR=0.0002500 ACC=54.056 F1=36.648 Rec=35.316 Prec=39.240 UNK=3.448 OS*=41.690 HOS=6.370 AUROC=57.678 AUPR=4.417 OSCR=41.340
Test-Close [21/50] LR=0.0002500 loss=3.483 ACC=70.148 F1=47.980 Rec=46.880 Prec=51.262
Test-Virtual [21/50] CloseK->V=14.083% Open->V=3.448% OpenVEntropy=0.869916 CloseHist=[122, 291, 272] OpenHist=[4, 2, 1]
Test-LogitMargin [21/50] CloseTrue-VMax mean=0.9540 std=3.7448 p10=-4.1059 p50=2.1644 p90=3.3736 | OpenKnown-VMax mean=2.2337 std=0.9505 p10=1.7098 p50=2.3118 p90=3.0933
AnchorDiag [21/50] VNorm=[1.0, 0.9999999403953552, 0.9999999403953552] VDriftMax=0.000000 Vcos(max/mean)=(0.0000/-0.0000) KVcos(max/mean)=(0.0571/0.0130) ValK->V=15.04% CloseK->V=14.08% Open->V=3.45% OpenVEntropy=0.8699
Train Client0 [22/50] LR=0.0002500 loss=1.488 (CE=0.762 VIR=0.770 wVIR=0.008 AUX=0.718 w=0.010) ACC=71.194 F1=40.626 Rec=39.706 Prec=49.033
Train Client1 [22/50] LR=0.0002500 loss=0.786 (CE=0.398 VIR=0.243 wVIR=0.002 AUX=0.386 w=0.010) ACC=86.686 F1=41.257 Rec=37.405 Prec=51.203
Train Client2 [22/50] LR=0.0002500 loss=1.450 (CE=0.843 VIR=1.828 wVIR=0.018 AUX=0.589 w=0.010) ACC=76.030 F1=42.454 Rec=42.624 Prec=64.810
Train Client3 [22/50] LR=0.0002500 loss=2.056 (CE=1.162 VIR=1.207 wVIR=0.012 AUX=0.883 w=0.010) ACC=60.560 F1=40.134 Rec=41.990 Prec=41.626
Train Client4 [22/50] LR=0.0002500 loss=1.004 (CE=0.558 VIR=0.815 wVIR=0.008 AUX=0.438 w=0.010) ACC=81.250 F1=35.027 Rec=34.811 Prec=40.526
Train Client5 [22/50] LR=0.0002500 loss=1.576 (CE=0.841 VIR=0.911 wVIR=0.009 AUX=0.726 w=0.010) ACC=66.266 F1=46.734 Rec=46.737 Prec=48.783
Train Client6 [22/50] LR=0.0002500 loss=1.655 (CE=1.004 VIR=1.282 wVIR=0.013 AUX=0.638 w=0.010) ACC=63.056 F1=34.928 Rec=35.309 Prec=34.730
Train Client7 [22/50] LR=0.0002500 loss=1.847 (CE=1.076 VIR=1.235 wVIR=0.012 AUX=0.758 w=0.010) ACC=62.381 F1=42.110 Rec=41.855 Prec=42.963

Val    [22/50] LR=0.0002500 loss=3.202 ACC=71.678 F1=51.454 Rec=49.964 Prec=59.271
Val-Known->Virtual [22/50] rate=12.411% prob_mean=0.224744 margin_mean=0.417579
Val-LogitMargin [22/50] TrueKnown-VMax mean=1.2069 std=3.2361 p10=-1.9495 p50=2.1444 p90=3.2539

Test-  OSR [22/50] LR=0.0002500 ACC=56.977 F1=38.554 Rec=37.643 Prec=46.329 UNK=0.493 OS*=45.073 HOS=0.975 AUROC=57.703 AUPR=4.510 OSCR=42.658
Test-Close [22/50] LR=0.0002500 loss=3.135 ACC=71.320 F1=50.131 Rec=49.511 Prec=59.840
Test-Virtual [22/50] CloseK->V=12.068% Open->V=0.493% OpenVEntropy=-0.000000 CloseHist=[33, 471, 83] OpenHist=[0, 1, 0]
Test-LogitMargin [22/50] CloseTrue-VMax mean=1.2854 std=3.0174 p10=-2.0230 p50=2.1789 p90=3.2489 | OpenKnown-VMax mean=2.3410 std=0.8279 p10=1.7800 p50=2.2834 p90=3.1200
AnchorDiag [22/50] VNorm=[1.0, 0.9999999403953552, 0.9999999403953552] VDriftMax=0.000000 Vcos(max/mean)=(0.0000/-0.0000) KVcos(max/mean)=(0.0590/0.0140) ValK->V=12.41% CloseK->V=12.07% Open->V=0.49% OpenVEntropy=-0.0000
>> New learning Rate: 0.000125
Train Client0 [23/50] LR=0.0001250 loss=1.447 (CE=0.744 VIR=0.818 wVIR=0.008 AUX=0.695 w=0.010) ACC=71.675 F1=41.703 Rec=40.539 Prec=51.359
Train Client1 [23/50] LR=0.0001250 loss=0.731 (CE=0.368 VIR=0.256 wVIR=0.003 AUX=0.361 w=0.010) ACC=87.707 F1=45.235 Rec=41.099 Prec=54.337
Train Client2 [23/50] LR=0.0001250 loss=1.511 (CE=0.911 VIR=1.713 wVIR=0.017 AUX=0.583 w=0.010) ACC=74.906 F1=40.457 Rec=41.473 Prec=40.124
Train Client3 [23/50] LR=0.0001250 loss=2.404 (CE=1.534 VIR=1.616 wVIR=0.016 AUX=0.853 w=0.010) ACC=55.819 F1=37.971 Rec=41.495 Prec=41.571
Train Client4 [23/50] LR=0.0001250 loss=1.066 (CE=0.633 VIR=1.083 wVIR=0.011 AUX=0.422 w=0.010) ACC=80.086 F1=36.006 Rec=36.437 Prec=39.115
Train Client5 [23/50] LR=0.0001250 loss=1.554 (CE=0.846 VIR=0.969 wVIR=0.010 AUX=0.699 w=0.010) ACC=67.788 F1=49.157 Rec=48.892 Prec=51.646
Train Client6 [23/50] LR=0.0001250 loss=1.738 (CE=1.122 VIR=1.212 wVIR=0.012 AUX=0.604 w=0.010) ACC=56.111 F1=33.694 Rec=40.016 Prec=33.460
Train Client7 [23/50] LR=0.0001250 loss=1.731 (CE=1.008 VIR=0.902 wVIR=0.009 AUX=0.714 w=0.010) ACC=64.167 F1=43.841 Rec=43.429 Prec=44.874

Val    [23/50] LR=0.0001250 loss=3.577 ACC=71.179 F1=50.027 Rec=48.876 Prec=59.897
Val-Known->Virtual [23/50] rate=15.535% prob_mean=0.270769 margin_mean=0.370438
Val-LogitMargin [23/50] TrueKnown-VMax mean=0.5932 std=4.0936 p10=-3.8454 p50=1.8710 p90=2.9868

Test-  OSR [23/50] LR=0.0001250 ACC=54.628 F1=37.630 Rec=36.967 Prec=40.391 UNK=2.956 OS*=43.769 HOS=5.537 AUROC=57.815 AUPR=4.458 OSCR=41.781
Test-Close [23/50] LR=0.0001250 loss=3.453 ACC=71.361 F1=49.419 Rec=49.167 Prec=52.465
Test-Virtual [23/50] CloseK->V=14.741% Open->V=2.956% OpenVEntropy=0.789690 CloseHist=[104, 366, 247] OpenHist=[4, 1, 1]
Test-LogitMargin [23/50] CloseTrue-VMax mean=0.7244 std=3.7397 p10=-3.2826 p50=1.9157 p90=2.9696 | OpenKnown-VMax mean=1.9734 std=1.1356 p10=1.4842 p50=2.0140 p90=2.7561
AnchorDiag [23/50] VNorm=[1.0, 0.9999999403953552, 0.9999999403953552] VDriftMax=0.000000 Vcos(max/mean)=(0.0000/-0.0000) KVcos(max/mean)=(0.0595/0.0142) ValK->V=15.54% CloseK->V=14.74% Open->V=2.96% OpenVEntropy=0.7897
Train Client0 [24/50] LR=0.0001250 loss=1.440 (CE=0.739 VIR=0.838 wVIR=0.008 AUX=0.692 w=0.010) ACC=71.194 F1=39.694 Rec=39.202 Prec=44.031
Train Client1 [24/50] LR=0.0001250 loss=0.725 (CE=0.365 VIR=0.249 wVIR=0.002 AUX=0.358 w=0.010) ACC=87.526 F1=44.756 Rec=40.870 Prec=53.417
Train Client2 [24/50] LR=0.0001250 loss=1.516 (CE=0.939 VIR=1.767 wVIR=0.018 AUX=0.560 w=0.010) ACC=75.094 F1=42.137 Rec=43.784 Prec=41.035
Train Client3 [24/50] LR=0.0001250 loss=2.435 (CE=1.585 VIR=1.770 wVIR=0.018 AUX=0.832 w=0.010) ACC=56.897 F1=39.206 Rec=47.279 Prec=42.948
Train Client4 [24/50] LR=0.0001250 loss=1.030 (CE=0.600 VIR=1.178 wVIR=0.012 AUX=0.418 w=0.010) ACC=81.250 F1=35.789 Rec=36.033 Prec=37.634
Train Client5 [24/50] LR=0.0001250 loss=1.571 (CE=0.877 VIR=1.045 wVIR=0.010 AUX=0.684 w=0.010) ACC=66.747 F1=47.448 Rec=47.299 Prec=50.667
Train Client6 [24/50] LR=0.0001250 loss=1.616 (CE=1.001 VIR=1.187 wVIR=0.012 AUX=0.603 w=0.010) ACC=61.667 F1=35.645 Rec=38.462 Prec=35.308
Train Client7 [24/50] LR=0.0001250 loss=1.652 (CE=0.954 VIR=1.015 wVIR=0.010 AUX=0.688 w=0.010) ACC=63.095 F1=42.208 Rec=42.041 Prec=42.554

Val    [24/50] LR=0.0001250 loss=3.511 ACC=71.554 F1=50.517 Rec=49.477 Prec=63.327
Val-Known->Virtual [24/50] rate=15.077% prob_mean=0.267381 margin_mean=0.380129
Val-LogitMargin [24/50] TrueKnown-VMax mean=0.6441 std=3.8178 p10=-3.9586 p50=1.8858 p90=2.9457

Test-  OSR [24/50] LR=0.0001250 ACC=55.121 F1=37.618 Rec=37.148 Prec=39.993 UNK=2.956 OS*=43.987 HOS=5.539 AUROC=58.814 AUPR=4.562 OSCR=42.895
Test-Close [24/50] LR=0.0001250 loss=3.428 ACC=71.258 F1=49.280 Rec=49.156 Prec=51.911
Test-Virtual [24/50] CloseK->V=14.001% Open->V=2.956% OpenVEntropy=0.789690 CloseHist=[62, 437, 182] OpenHist=[4, 1, 1]
Test-LogitMargin [24/50] CloseTrue-VMax mean=0.7392 std=3.5455 p10=-3.6977 p50=1.9183 p90=2.9091 | OpenKnown-VMax mean=1.9138 std=0.9665 p10=1.4170 p50=1.9513 p90=2.6706
AnchorDiag [24/50] VNorm=[1.0, 0.9999999403953552, 0.9999999403953552] VDriftMax=0.000000 Vcos(max/mean)=(0.0000/-0.0000) KVcos(max/mean)=(0.0593/0.0147) ValK->V=15.08% CloseK->V=14.00% Open->V=2.96% OpenVEntropy=0.7897
Train Client0 [25/50] LR=0.0001250 loss=1.429 (CE=0.731 VIR=0.930 wVIR=0.009 AUX=0.689 w=0.010) ACC=71.995 F1=41.722 Rec=40.545 Prec=50.878
Train Client1 [25/50] LR=0.0001250 loss=0.729 (CE=0.366 VIR=0.286 wVIR=0.003 AUX=0.359 w=0.010) ACC=87.681 F1=45.494 Rec=41.490 Prec=54.413
Train Client2 [25/50] LR=0.0001250 loss=1.576 (CE=0.989 VIR=1.846 wVIR=0.018 AUX=0.568 w=0.010) ACC=75.796 F1=42.650 Rec=43.357 Prec=48.611
Train Client3 [25/50] LR=0.0001250 loss=2.101 (CE=1.227 VIR=1.458 wVIR=0.015 AUX=0.859 w=0.010) ACC=59.483 F1=44.036 Rec=49.032 Prec=47.893
Train Client4 [25/50] LR=0.0001250 loss=0.977 (CE=0.568 VIR=1.163 wVIR=0.012 AUX=0.397 w=0.010) ACC=81.066 F1=37.140 Rec=37.047 Prec=39.088
Train Client5 [25/50] LR=0.0001250 loss=1.528 (CE=0.857 VIR=1.071 wVIR=0.011 AUX=0.660 w=0.010) ACC=68.910 F1=51.348 Rec=55.270 Prec=53.923
Train Client6 [25/50] LR=0.0001250 loss=1.685 (CE=1.066 VIR=1.374 wVIR=0.014 AUX=0.605 w=0.010) ACC=62.222 F1=38.962 Rec=46.938 Prec=37.094
Train Client7 [25/50] LR=0.0001250 loss=1.893 (CE=1.168 VIR=1.368 wVIR=0.014 AUX=0.711 w=0.010) ACC=64.048 F1=43.609 Rec=43.115 Prec=44.621

Val    [25/50] LR=0.0001250 loss=3.537 ACC=71.262 F1=50.624 Rec=49.084 Prec=58.550
Val-Known->Virtual [25/50] rate=15.369% prob_mean=0.279584 margin_mean=0.361384
Val-LogitMargin [25/50] TrueKnown-VMax mean=0.5494 std=3.9088 p10=-3.8119 p50=1.7629 p90=2.8395

Test-  OSR [25/50] LR=0.0001250 ACC=54.095 F1=37.469 Rec=36.613 Prec=41.876 UNK=4.926 OS*=42.950 HOS=8.838 AUROC=58.793 AUPR=4.531 OSCR=42.309
Test-Close [25/50] LR=0.0001250 loss=3.450 ACC=70.724 F1=48.974 Rec=48.348 Prec=55.211
Test-Virtual [25/50] CloseK->V=14.679% Open->V=4.926% OpenVEntropy=0.858673 CloseHist=[44, 375, 295] OpenHist=[4, 5, 1]
Test-LogitMargin [25/50] CloseTrue-VMax mean=0.6444 std=3.5812 p10=-3.4595 p50=1.8006 p90=2.8218 | OpenKnown-VMax mean=1.7630 std=1.1735 p10=1.3518 p50=1.8842 p90=2.5900
AnchorDiag [25/50] VNorm=[1.0, 0.9999999403953552, 0.9999999403953552] VDriftMax=0.000000 Vcos(max/mean)=(0.0000/-0.0000) KVcos(max/mean)=(0.0602/0.0153) ValK->V=15.37% CloseK->V=14.68% Open->V=4.93% OpenVEntropy=0.8587
Saving model at epoch 25 . . . . . . . .

Train Client0 [26/50] LR=0.0001250 loss=1.434 (CE=0.736 VIR=0.962 wVIR=0.010 AUX=0.688 w=0.010) ACC=71.795 F1=41.208 Rec=40.265 Prec=48.009
Train Client1 [26/50] LR=0.0001250 loss=0.721 (CE=0.362 VIR=0.295 wVIR=0.003 AUX=0.355 w=0.010) ACC=87.810 F1=45.310 Rec=41.290 Prec=54.464
Train Client2 [26/50] LR=0.0001250 loss=1.430 (CE=0.845 VIR=1.765 wVIR=0.018 AUX=0.568 w=0.010) ACC=76.404 F1=41.839 Rec=42.875 Prec=41.348
Train Client3 [26/50] LR=0.0001250 loss=2.939 (CE=2.054 VIR=2.359 wVIR=0.024 AUX=0.861 w=0.010) ACC=57.543 F1=40.589 Rec=47.524 Prec=42.966
Train Client4 [26/50] LR=0.0001250 loss=1.095 (CE=0.676 VIR=1.299 wVIR=0.013 AUX=0.406 w=0.010) ACC=80.208 F1=35.826 Rec=35.647 Prec=39.204
Train Client5 [26/50] LR=0.0001250 loss=1.536 (CE=0.832 VIR=1.036 wVIR=0.010 AUX=0.694 w=0.010) ACC=66.987 F1=49.488 Rec=49.239 Prec=50.726
Train Client6 [26/50] LR=0.0001250 loss=1.669 (CE=1.040 VIR=1.365 wVIR=0.014 AUX=0.615 w=0.010) ACC=62.778 F1=39.849 Rec=46.972 Prec=38.207
Train Client7 [26/50] LR=0.0001250 loss=2.149 (CE=1.408 VIR=1.640 wVIR=0.016 AUX=0.725 w=0.010) ACC=61.548 F1=43.631 Rec=43.083 Prec=44.715

Val    [26/50] LR=0.0001250 loss=4.065 ACC=71.845 F1=51.971 Rec=50.530 Prec=58.592
Val-Known->Virtual [26/50] rate=17.618% prob_mean=0.317910 margin_mean=0.292971
Val-LogitMargin [26/50] TrueKnown-VMax mean=-0.1776 std=4.9991 p10=-6.3458 p50=1.5664 p90=2.5352

Test-  OSR [26/50] LR=0.0001250 ACC=53.286 F1=38.756 Rec=38.109 Prec=43.984 UNK=5.419 OS*=44.647 HOS=9.664 AUROC=57.504 AUPR=4.403 OSCR=41.294
Test-Close [26/50] LR=0.0001250 loss=3.963 ACC=71.669 F1=51.132 Rec=50.715 Prec=57.856
Test-Virtual [26/50] CloseK->V=16.591% Open->V=5.419% OpenVEntropy=0.834202 CloseHist=[58, 222, 527] OpenHist=[6, 4, 1]
Test-LogitMargin [26/50] CloseTrue-VMax mean=-0.0673 std=4.7152 p10=-6.1198 p50=1.5817 p90=2.5287 | OpenKnown-VMax mean=1.4728 std=1.4144 p10=1.1562 p50=1.6816 p90=2.2821
AnchorDiag [26/50] VNorm=[1.0, 0.9999999403953552, 0.9999999403953552] VDriftMax=0.000000 Vcos(max/mean)=(0.0000/-0.0000) KVcos(max/mean)=(0.0595/0.0156) ValK->V=17.62% CloseK->V=16.59% Open->V=5.42% OpenVEntropy=0.8342
Train Client0 [27/50] LR=0.0001250 loss=1.420 (CE=0.731 VIR=0.922 wVIR=0.009 AUX=0.680 w=0.010) ACC=71.835 F1=42.506 Rec=41.071 Prec=49.780
Train Client1 [27/50] LR=0.0001250 loss=0.702 (CE=0.353 VIR=0.286 wVIR=0.003 AUX=0.347 w=0.010) ACC=87.901 F1=46.649 Rec=42.776 Prec=54.519
Train Client2 [27/50] LR=0.0001250 loss=1.407 (CE=0.839 VIR=1.769 wVIR=0.018 AUX=0.550 w=0.010) ACC=76.217 F1=44.041 Rec=45.058 Prec=43.521
Train Client3 [27/50] LR=0.0001250 loss=2.441 (CE=1.598 VIR=1.935 wVIR=0.019 AUX=0.823 w=0.010) ACC=58.836 F1=41.379 Rec=43.091 Prec=47.627
Train Client4 [27/50] LR=0.0001250 loss=0.990 (CE=0.585 VIR=1.245 wVIR=0.012 AUX=0.392 w=0.010) ACC=80.944 F1=34.655 Rec=34.457 Prec=36.159
Train Client5 [27/50] LR=0.0001250 loss=1.460 (CE=0.802 VIR=1.000 wVIR=0.010 AUX=0.648 w=0.010) ACC=68.269 F1=49.389 Rec=48.955 Prec=52.112
Train Client6 [27/50] LR=0.0001250 loss=1.678 (CE=1.058 VIR=1.457 wVIR=0.015 AUX=0.606 w=0.010) ACC=60.556 F1=35.691 Rec=39.419 Prec=34.751
Train Client7 [27/50] LR=0.0001250 loss=1.724 (CE=1.014 VIR=1.189 wVIR=0.012 AUX=0.699 w=0.010) ACC=63.095 F1=43.859 Rec=43.248 Prec=44.817

Val    [27/50] LR=0.0001250 loss=3.821 ACC=71.720 F1=51.307 Rec=49.473 Prec=60.443
Val-Known->Virtual [27/50] rate=16.618% prob_mean=0.318899 margin_mean=0.316643
Val-LogitMargin [27/50] TrueKnown-VMax mean=0.0563 std=4.5989 p10=-5.2195 p50=1.5235 p90=2.5733

Test-  OSR [27/50] LR=0.0001250 ACC=52.950 F1=38.599 Rec=37.039 Prec=45.502 UNK=4.926 OS*=43.462 HOS=8.849 AUROC=56.842 AUPR=4.302 OSCR=40.852
Test-Close [27/50] LR=0.0001250 loss=3.714 ACC=71.135 F1=50.816 Rec=49.453 Prec=59.296
Test-Virtual [27/50] CloseK->V=16.365% Open->V=4.926% OpenVEntropy=0.455486 CloseHist=[12, 421, 363] OpenHist=[0, 8, 2]
Test-LogitMargin [27/50] CloseTrue-VMax mean=0.1691 std=4.2326 p10=-4.7090 p50=1.5445 p90=2.5419 | OpenKnown-VMax mean=1.4624 std=1.5564 p10=1.0716 p50=1.7109 p90=2.3142
AnchorDiag [27/50] VNorm=[1.0, 0.9999999403953552, 0.9999999403953552] VDriftMax=0.000000 Vcos(max/mean)=(0.0000/-0.0000) KVcos(max/mean)=(0.0603/0.0157) ValK->V=16.62% CloseK->V=16.37% Open->V=4.93% OpenVEntropy=0.4555
Train Client0 [28/50] LR=0.0001250 loss=1.433 (CE=0.747 VIR=1.064 wVIR=0.011 AUX=0.675 w=0.010) ACC=72.356 F1=41.696 Rec=40.763 Prec=47.014
Train Client1 [28/50] LR=0.0001250 loss=0.699 (CE=0.352 VIR=0.289 wVIR=0.003 AUX=0.345 w=0.010) ACC=87.875 F1=45.575 Rec=41.974 Prec=53.757
Train Client2 [28/50] LR=0.0001250 loss=1.511 (CE=0.935 VIR=1.837 wVIR=0.018 AUX=0.557 w=0.010) ACC=76.685 F1=42.220 Rec=43.238 Prec=41.879
Train Client3 [28/50] LR=0.0001250 loss=2.368 (CE=1.538 VIR=1.874 wVIR=0.019 AUX=0.811 w=0.010) ACC=54.741 F1=37.014 Rec=42.182 Prec=37.511
Train Client4 [28/50] LR=0.0001250 loss=1.014 (CE=0.599 VIR=1.240 wVIR=0.012 AUX=0.402 w=0.010) ACC=80.331 F1=36.138 Rec=36.199 Prec=38.394
Train Client5 [28/50] LR=0.0001250 loss=1.574 (CE=0.903 VIR=1.194 wVIR=0.012 AUX=0.659 w=0.010) ACC=68.189 F1=49.328 Rec=49.102 Prec=50.916
Train Client6 [28/50] LR=0.0001250 loss=1.682 (CE=1.106 VIR=1.618 wVIR=0.016 AUX=0.559 w=0.010) ACC=63.333 F1=39.225 Rec=44.257 Prec=37.856
Train Client7 [28/50] LR=0.0001250 loss=2.250 (CE=1.520 VIR=1.707 wVIR=0.017 AUX=0.713 w=0.010) ACC=63.929 F1=45.049 Rec=44.468 Prec=46.168

Val    [28/50] LR=0.0001250 loss=3.982 ACC=72.178 F1=52.500 Rec=50.730 Prec=59.336
Val-Known->Virtual [28/50] rate=17.576% prob_mean=0.336552 margin_mean=0.294339
Val-LogitMargin [28/50] TrueKnown-VMax mean=-0.1886 std=5.1477 p10=-5.2029 p50=1.4134 p90=2.4788

Test-  OSR [28/50] LR=0.0001250 ACC=52.931 F1=38.382 Rec=37.630 Prec=42.381 UNK=6.404 OS*=43.876 HOS=11.177 AUROC=56.673 AUPR=4.278 OSCR=40.761
Test-Close [28/50] LR=0.0001250 loss=3.851 ACC=71.464 F1=50.580 Rec=50.019 Prec=55.184
Test-Virtual [28/50] CloseK->V=17.044% Open->V=6.404% OpenVEntropy=0.895640 CloseHist=[15, 494, 320] OpenHist=[4, 7, 2]
Test-LogitMargin [28/50] CloseTrue-VMax mean=-0.0575 std=4.6708 p10=-4.4787 p50=1.4041 p90=2.4461 | OpenKnown-VMax mean=1.3535 std=1.6948 p10=0.9669 p50=1.5894 p90=2.2746
AnchorDiag [28/50] VNorm=[1.0, 0.9999999403953552, 0.9999999403953552] VDriftMax=0.000000 Vcos(max/mean)=(0.0000/-0.0000) KVcos(max/mean)=(0.0617/0.0162) ValK->V=17.58% CloseK->V=17.04% Open->V=6.40% OpenVEntropy=0.8956
Train Client0 [29/50] LR=0.0001250 loss=1.434 (CE=0.736 VIR=1.078 wVIR=0.011 AUX=0.687 w=0.010) ACC=72.236 F1=43.174 Rec=41.602 Prec=52.980
Train Client1 [29/50] LR=0.0001250 loss=0.703 (CE=0.355 VIR=0.346 wVIR=0.003 AUX=0.345 w=0.010) ACC=87.952 F1=46.274 Rec=42.409 Prec=54.699
Train Client2 [29/50] LR=0.0001250 loss=1.431 (CE=0.868 VIR=1.924 wVIR=0.019 AUX=0.543 w=0.010) ACC=76.592 F1=44.793 Rec=44.970 Prec=49.138
Train Client3 [29/50] LR=0.0001250 loss=2.298 (CE=1.458 VIR=1.851 wVIR=0.019 AUX=0.822 w=0.010) ACC=60.776 F1=44.748 Rec=49.274 Prec=47.152
Train Client4 [29/50] LR=0.0001250 loss=1.001 (CE=0.578 VIR=1.290 wVIR=0.013 AUX=0.410 w=0.010) ACC=81.311 F1=33.443 Rec=33.723 Prec=34.160
Train Client5 [29/50] LR=0.0001250 loss=1.493 (CE=0.812 VIR=1.104 wVIR=0.011 AUX=0.670 w=0.010) ACC=67.869 F1=49.539 Rec=49.099 Prec=51.021
Train Client6 [29/50] LR=0.0001250 loss=1.665 (CE=1.083 VIR=1.572 wVIR=0.016 AUX=0.567 w=0.010) ACC=61.667 F1=35.134 Rec=37.768 Prec=34.639
Train Client7 [29/50] LR=0.0001250 loss=1.683 (CE=0.958 VIR=1.154 wVIR=0.012 AUX=0.714 w=0.010) ACC=63.810 F1=43.165 Rec=43.005 Prec=44.033

Val    [29/50] LR=0.0001250 loss=3.594 ACC=71.762 F1=52.563 Rec=49.866 Prec=60.063
Val-Known->Virtual [29/50] rate=15.160% prob_mean=0.317805 margin_mean=0.304035
Val-LogitMargin [29/50] TrueKnown-VMax mean=0.2486 std=4.2377 p10=-3.3095 p50=1.4468 p90=2.4061

Test-  OSR [29/50] LR=0.0001250 ACC=54.746 F1=39.107 Rec=37.160 Prec=44.697 UNK=3.941 OS*=43.804 HOS=7.231 AUROC=59.292 AUPR=4.612 OSCR=43.001
Test-Close [29/50] LR=0.0001250 loss=3.481 ACC=71.073 F1=50.950 Rec=49.065 Prec=58.075
Test-Virtual [29/50] CloseK->V=14.350% Open->V=3.941% OpenVEntropy=0.819448 CloseHist=[7, 376, 315] OpenHist=[1, 5, 2]
Test-LogitMargin [29/50] CloseTrue-VMax mean=0.3675 std=3.7919 p10=-2.8012 p50=1.4795 p90=2.3894 | OpenKnown-VMax mean=1.4229 std=1.0833 p10=1.0250 p50=1.5285 p90=2.1484
AnchorDiag [29/50] VNorm=[1.0, 0.9999999403953552, 0.9999999403953552] VDriftMax=0.000000 Vcos(max/mean)=(0.0000/-0.0000) KVcos(max/mean)=(0.0621/0.0167) ValK->V=15.16% CloseK->V=14.35% Open->V=3.94% OpenVEntropy=0.8194
Train Client0 [30/50] LR=0.0001250 loss=1.416 (CE=0.727 VIR=1.041 wVIR=0.010 AUX=0.678 w=0.010) ACC=71.595 F1=40.382 Rec=39.827 Prec=44.336
Train Client1 [30/50] LR=0.0001250 loss=0.699 (CE=0.352 VIR=0.306 wVIR=0.003 AUX=0.344 w=0.010) ACC=87.952 F1=46.543 Rec=42.856 Prec=54.542
Train Client2 [30/50] LR=0.0001250 loss=1.409 (CE=0.847 VIR=1.842 wVIR=0.018 AUX=0.544 w=0.010) ACC=76.217 F1=44.398 Rec=44.684 Prec=53.391
Train Client3 [30/50] LR=0.0001250 loss=2.339 (CE=1.478 VIR=1.930 wVIR=0.019 AUX=0.842 w=0.010) ACC=59.698 F1=42.806 Rec=48.723 Prec=43.743
Train Client4 [30/50] LR=0.0001250 loss=0.983 (CE=0.562 VIR=1.253 wVIR=0.013 AUX=0.409 w=0.010) ACC=81.434 F1=35.301 Rec=35.170 Prec=38.108
Train Client5 [30/50] LR=0.0001250 loss=1.529 (CE=0.830 VIR=1.151 wVIR=0.012 AUX=0.688 w=0.010) ACC=67.067 F1=51.023 Rec=54.390 Prec=51.415
Train Client6 [30/50] LR=0.0001250 loss=1.623 (CE=1.040 VIR=1.470 wVIR=0.015 AUX=0.568 w=0.010) ACC=64.444 F1=37.738 Rec=42.561 Prec=36.623
Train Client7 [30/50] LR=0.0001250 loss=1.783 (CE=1.041 VIR=1.442 wVIR=0.014 AUX=0.727 w=0.010) ACC=65.357 F1=43.766 Rec=43.353 Prec=44.756

Val    [30/50] LR=0.0001250 loss=3.702 ACC=72.095 F1=53.843 Rec=51.136 Prec=61.664
Val-Known->Virtual [30/50] rate=15.410% prob_mean=0.322711 margin_mean=0.308692
Val-LogitMargin [30/50] TrueKnown-VMax mean=0.1238 std=4.3023 p10=-4.0874 p50=1.4692 p90=2.4145

Test-  OSR [30/50] LR=0.0001250 ACC=55.220 F1=40.027 Rec=38.401 Prec=46.101 UNK=3.941 OS*=45.293 HOS=7.251 AUROC=58.563 AUPR=4.521 OSCR=42.846
Test-Close [30/50] LR=0.0001250 loss=3.596 ACC=71.279 F1=52.037 Rec=50.447 Prec=59.853
Test-Virtual [30/50] CloseK->V=14.001% Open->V=3.941% OpenVEntropy=-0.000000 CloseHist=[0, 497, 184] OpenHist=[0, 8, 0]
Test-LogitMargin [30/50] CloseTrue-VMax mean=0.2376 std=3.9343 p10=-3.8584 p50=1.4917 p90=2.3835 | OpenKnown-VMax mean=1.3960 std=1.1644 p10=0.9743 p50=1.5728 p90=2.1856
AnchorDiag [30/50] VNorm=[1.0, 0.9999999403953552, 0.9999999403953552] VDriftMax=0.000000 Vcos(max/mean)=(0.0000/-0.0000) KVcos(max/mean)=(0.0649/0.0170) ValK->V=15.41% CloseK->V=14.00% Open->V=3.94% OpenVEntropy=-0.0000
Saving model at epoch 30 . . . . . . . .

Train Client0 [31/50] LR=0.0001250 loss=1.380 (CE=0.711 VIR=1.024 wVIR=0.010 AUX=0.658 w=0.010) ACC=72.756 F1=42.390 Rec=41.295 Prec=48.015
Train Client1 [31/50] LR=0.0001250 loss=0.688 (CE=0.347 VIR=0.306 wVIR=0.003 AUX=0.339 w=0.010) ACC=88.495 F1=48.148 Rec=44.133 Prec=56.109
Train Client2 [31/50] LR=0.0001250 loss=1.424 (CE=0.859 VIR=1.957 wVIR=0.020 AUX=0.546 w=0.010) ACC=76.966 F1=43.989 Rec=44.125 Prec=51.083
Train Client3 [31/50] LR=0.0001250 loss=1.997 (CE=1.158 VIR=1.683 wVIR=0.017 AUX=0.823 w=0.010) ACC=59.267 F1=39.641 Rec=42.042 Prec=40.401
Train Client4 [31/50] LR=0.0001250 loss=0.998 (CE=0.577 VIR=1.404 wVIR=0.014 AUX=0.407 w=0.010) ACC=80.944 F1=34.941 Rec=35.090 Prec=35.724
Train Client5 [31/50] LR=0.0001250 loss=1.481 (CE=0.808 VIR=1.150 wVIR=0.011 AUX=0.662 w=0.010) ACC=68.269 F1=53.098 Rec=56.861 Prec=53.457
Train Client6 [31/50] LR=0.0001250 loss=1.616 (CE=1.032 VIR=1.639 wVIR=0.016 AUX=0.568 w=0.010) ACC=62.500 F1=37.849 Rec=44.621 Prec=36.659
Train Client7 [31/50] LR=0.0001250 loss=2.041 (CE=1.341 VIR=1.809 wVIR=0.018 AUX=0.682 w=0.010) ACC=64.643 F1=44.400 Rec=43.913 Prec=45.411

Val    [31/50] LR=0.0001250 loss=3.916 ACC=72.803 F1=52.795 Rec=51.320 Prec=56.625
Val-Known->Virtual [31/50] rate=16.118% prob_mean=0.338239 margin_mean=0.282380
Val-LogitMargin [31/50] TrueKnown-VMax mean=-0.1588 std=4.9096 p10=-4.8910 p50=1.3759 p90=2.3480

Test-  OSR [31/50] LR=0.0001250 ACC=54.806 F1=39.745 Rec=38.334 Prec=45.494 UNK=3.448 OS*=45.311 HOS=6.409 AUROC=57.884 AUPR=4.415 OSCR=42.519
Test-Close [31/50] LR=0.0001250 loss=3.791 ACC=71.731 F1=52.051 Rec=50.785 Prec=59.453
Test-Virtual [31/50] CloseK->V=14.947% Open->V=3.448% OpenVEntropy=0.544568 CloseHist=[1, 362, 364] OpenHist=[0, 5, 2]
Test-LogitMargin [31/50] CloseTrue-VMax mean=-0.0270 std=4.5043 p10=-4.4824 p50=1.4003 p90=2.3417 | OpenKnown-VMax mean=1.3417 std=1.0714 p10=0.9494 p50=1.4924 p90=2.0277
AnchorDiag [31/50] VNorm=[1.0, 0.9999999403953552, 0.9999999403953552] VDriftMax=0.000000 Vcos(max/mean)=(0.0000/-0.0000) KVcos(max/mean)=(0.0655/0.0174) ValK->V=16.12% CloseK->V=14.95% Open->V=3.45% OpenVEntropy=0.5446
Train Client0 [32/50] LR=0.0001250 loss=1.384 (CE=0.711 VIR=1.092 wVIR=0.011 AUX=0.662 w=0.010) ACC=72.155 F1=41.863 Rec=40.737 Prec=49.215
Train Client1 [32/50] LR=0.0001250 loss=0.682 (CE=0.343 VIR=0.320 wVIR=0.003 AUX=0.336 w=0.010) ACC=88.146 F1=47.557 Rec=43.759 Prec=54.892
Train Client2 [32/50] LR=0.0001250 loss=1.406 (CE=0.841 VIR=1.846 wVIR=0.018 AUX=0.547 w=0.010) ACC=77.294 F1=43.248 Rec=43.879 Prec=48.139
Train Client3 [32/50] LR=0.0001250 loss=2.222 (CE=1.419 VIR=1.987 wVIR=0.020 AUX=0.784 w=0.010) ACC=58.621 F1=41.376 Rec=45.401 Prec=42.984
Train Client4 [32/50] LR=0.0001250 loss=1.001 (CE=0.575 VIR=1.341 wVIR=0.013 AUX=0.413 w=0.010) ACC=81.189 F1=36.826 Rec=37.200 Prec=37.837
Train Client5 [32/50] LR=0.0001250 loss=1.478 (CE=0.802 VIR=1.220 wVIR=0.012 AUX=0.663 w=0.010) ACC=66.907 F1=48.838 Rec=48.548 Prec=49.751
Train Client6 [32/50] LR=0.0001250 loss=1.660 (CE=1.048 VIR=1.586 wVIR=0.016 AUX=0.597 w=0.010) ACC=60.556 F1=36.063 Rec=39.275 Prec=35.943
Train Client7 [32/50] LR=0.0001250 loss=1.729 (CE=1.013 VIR=1.383 wVIR=0.014 AUX=0.702 w=0.010) ACC=66.071 F1=46.164 Rec=45.707 Prec=47.209

Val    [32/50] LR=0.0001250 loss=3.936 ACC=72.428 F1=53.368 Rec=50.627 Prec=61.158
Val-Known->Virtual [32/50] rate=15.993% prob_mean=0.343612 margin_mean=0.276425
Val-LogitMargin [32/50] TrueKnown-VMax mean=-0.2008 std=4.9949 p10=-4.8182 p50=1.3487 p90=2.3028

Test-  OSR [32/50] LR=0.0001250 ACC=54.825 F1=38.942 Rec=37.145 Prec=43.554 UNK=3.448 OS*=43.885 HOS=6.394 AUROC=58.942 AUPR=4.555 OSCR=43.117
Test-Close [32/50] LR=0.0001250 loss=3.774 ACC=71.628 F1=50.947 Rec=49.313 Prec=56.912
Test-Virtual [32/50] CloseK->V=14.947% Open->V=3.448% OpenVEntropy=0.914101 CloseHist=[11, 266, 450] OpenHist=[1, 3, 3]
Test-LogitMargin [32/50] CloseTrue-VMax mean=-0.0295 std=4.4968 p10=-4.1832 p50=1.3806 p90=2.2875 | OpenKnown-VMax mean=1.3444 std=0.8805 p10=0.9171 p50=1.4382 p90=2.0368
AnchorDiag [32/50] VNorm=[1.0, 0.9999999403953552, 0.9999999403953552] VDriftMax=0.000000 Vcos(max/mean)=(0.0000/-0.0000) KVcos(max/mean)=(0.0665/0.0176) ValK->V=15.99% CloseK->V=14.95% Open->V=3.45% OpenVEntropy=0.9141
Train Client0 [33/50] LR=0.0001250 loss=1.397 (CE=0.722 VIR=1.134 wVIR=0.011 AUX=0.664 w=0.010) ACC=73.117 F1=42.185 Rec=41.334 Prec=47.208
Train Client1 [33/50] LR=0.0001250 loss=0.695 (CE=0.350 VIR=0.312 wVIR=0.003 AUX=0.342 w=0.010) ACC=88.146 F1=47.023 Rec=43.331 Prec=55.019
Train Client2 [33/50] LR=0.0001250 loss=1.417 (CE=0.865 VIR=1.910 wVIR=0.019 AUX=0.533 w=0.010) ACC=76.966 F1=42.606 Rec=43.250 Prec=48.884
Train Client3 [33/50] LR=0.0001250 loss=1.954 (CE=1.152 VIR=1.708 wVIR=0.017 AUX=0.785 w=0.010) ACC=62.931 F1=47.074 Rec=49.395 Prec=48.015
Train Client4 [33/50] LR=0.0001250 loss=0.990 (CE=0.578 VIR=1.333 wVIR=0.013 AUX=0.399 w=0.010) ACC=81.495 F1=34.870 Rec=34.558 Prec=38.211
Train Client5 [33/50] LR=0.0001250 loss=1.449 (CE=0.774 VIR=1.102 wVIR=0.011 AUX=0.664 w=0.010) ACC=68.510 F1=48.691 Rec=48.711 Prec=49.416
Train Client6 [33/50] LR=0.0001250 loss=1.606 (CE=1.050 VIR=1.561 wVIR=0.016 AUX=0.541 w=0.010) ACC=62.500 F1=37.654 Rec=42.502 Prec=36.676
Train Client7 [33/50] LR=0.0001250 loss=1.707 (CE=0.999 VIR=1.313 wVIR=0.013 AUX=0.695 w=0.010) ACC=64.048 F1=43.270 Rec=42.513 Prec=44.679

Val    [33/50] LR=0.0001250 loss=3.650 ACC=72.803 F1=55.800 Rec=53.121 Prec=62.310
Val-Known->Virtual [33/50] rate=15.702% prob_mean=0.347477 margin_mean=0.279790
Val-LogitMargin [33/50] TrueKnown-VMax mean=0.0542 std=3.9974 p10=-3.8061 p50=1.3214 p90=2.2533

Test-  OSR [33/50] LR=0.0001250 ACC=54.786 F1=40.688 Rec=38.851 Prec=45.493 UNK=2.956 OS*=46.031 HOS=5.555 AUROC=58.073 AUPR=4.477 OSCR=42.634
Test-Close [33/50] LR=0.0001250 loss=3.562 ACC=71.628 F1=53.159 Rec=51.466 Prec=59.081
Test-Virtual [33/50] CloseK->V=14.844% Open->V=2.956% OpenVEntropy=-0.000000 CloseHist=[1, 334, 387] OpenHist=[0, 6, 0]
Test-LogitMargin [33/50] CloseTrue-VMax mean=0.1501 std=3.7036 p10=-3.7119 p50=1.3526 p90=2.2296 | OpenKnown-VMax mean=1.3470 std=0.8104 p10=0.8792 p50=1.4402 p90=1.9933
AnchorDiag [33/50] VNorm=[1.0, 0.9999999403953552, 0.9999999403953552] VDriftMax=0.000000 Vcos(max/mean)=(0.0000/-0.0000) KVcos(max/mean)=(0.0683/0.0179) ValK->V=15.70% CloseK->V=14.84% Open->V=2.96% OpenVEntropy=-0.0000
Train Client0 [34/50] LR=0.0001250 loss=1.389 (CE=0.715 VIR=1.097 wVIR=0.011 AUX=0.663 w=0.010) ACC=73.237 F1=42.751 Rec=41.608 Prec=49.689
Train Client1 [34/50] LR=0.0001250 loss=0.692 (CE=0.349 VIR=0.364 wVIR=0.004 AUX=0.340 w=0.010) ACC=88.043 F1=46.886 Rec=42.801 Prec=54.920
Train Client2 [34/50] LR=0.0001250 loss=1.550 (CE=0.993 VIR=1.976 wVIR=0.020 AUX=0.538 w=0.010) ACC=77.575 F1=42.741 Rec=43.230 Prec=48.352
Train Client3 [34/50] LR=0.0001250 loss=1.921 (CE=1.130 VIR=1.723 wVIR=0.017 AUX=0.774 w=0.010) ACC=62.500 F1=47.157 Rec=48.684 Prec=47.585
Train Client4 [34/50] LR=0.0001250 loss=0.997 (CE=0.587 VIR=1.390 wVIR=0.014 AUX=0.396 w=0.010) ACC=80.944 F1=35.875 Rec=36.249 Prec=37.942
Train Client5 [34/50] LR=0.0001250 loss=1.459 (CE=0.789 VIR=1.160 wVIR=0.012 AUX=0.659 w=0.010) ACC=68.670 F1=51.726 Rec=51.387 Prec=52.543
Train Client6 [34/50] LR=0.0001250 loss=1.617 (CE=1.012 VIR=1.631 wVIR=0.016 AUX=0.589 w=0.010) ACC=64.167 F1=37.908 Rec=40.891 Prec=36.834
Train Client7 [34/50] LR=0.0001250 loss=1.608 (CE=0.917 VIR=1.325 wVIR=0.013 AUX=0.679 w=0.010) ACC=64.048 F1=42.482 Rec=42.355 Prec=43.309

Val    [34/50] LR=0.0001250 loss=3.840 ACC=72.553 F1=53.767 Rec=51.215 Prec=60.076
Val-Known->Virtual [34/50] rate=16.118% prob_mean=0.340552 margin_mean=0.292399
Val-LogitMargin [34/50] TrueKnown-VMax mean=-0.0832 std=4.4246 p10=-5.3443 p50=1.4193 p90=2.3475

Test-  OSR [34/50] LR=0.0001250 ACC=54.746 F1=40.138 Rec=38.084 Prec=45.165 UNK=4.433 OS*=44.815 HOS=8.069 AUROC=58.452 AUPR=4.485 OSCR=42.850
Test-Close [34/50] LR=0.0001250 loss=3.761 ACC=71.937 F1=52.429 Rec=50.403 Prec=58.853
Test-Virtual [34/50] CloseK->V=15.214% Open->V=4.433% OpenVEntropy=0.852792 CloseHist=[2, 344, 394] OpenHist=[1, 5, 3]
Test-LogitMargin [34/50] CloseTrue-VMax mean=0.0029 std=4.2210 p10=-4.6570 p50=1.4372 p90=2.3196 | OpenKnown-VMax mean=1.3036 std=1.2492 p10=0.9187 p50=1.4547 p90=2.0731
AnchorDiag [34/50] VNorm=[1.0, 0.9999999403953552, 0.9999999403953552] VDriftMax=0.000000 Vcos(max/mean)=(0.0000/-0.0000) KVcos(max/mean)=(0.0678/0.0182) ValK->V=16.12% CloseK->V=15.21% Open->V=4.43% OpenVEntropy=0.8528
>> New learning Rate: 6.25e-05
Train Client0 [35/50] LR=0.0000625 loss=1.347 (CE=0.700 VIR=1.066 wVIR=0.011 AUX=0.637 w=0.010) ACC=73.317 F1=44.494 Rec=42.780 Prec=50.790
Train Client1 [35/50] LR=0.0000625 loss=0.648 (CE=0.325 VIR=0.387 wVIR=0.004 AUX=0.319 w=0.010) ACC=89.129 F1=50.362 Rec=46.560 Prec=58.031
Train Client2 [35/50] LR=0.0000625 loss=1.676 (CE=1.132 VIR=2.173 wVIR=0.022 AUX=0.522 w=0.010) ACC=74.813 F1=43.704 Rec=45.483 Prec=47.432
Train Client3 [35/50] LR=0.0000625 loss=2.329 (CE=1.534 VIR=2.100 wVIR=0.021 AUX=0.774 w=0.010) ACC=56.250 F1=40.575 Rec=44.751 Prec=42.716
Train Client4 [35/50] LR=0.0000625 loss=0.997 (CE=0.600 VIR=1.376 wVIR=0.014 AUX=0.383 w=0.010) ACC=78.983 F1=35.955 Rec=36.398 Prec=37.279
Train Client5 [35/50] LR=0.0000625 loss=1.684 (CE=1.032 VIR=1.447 wVIR=0.014 AUX=0.637 w=0.010) ACC=67.869 F1=48.666 Rec=48.386 Prec=50.461
Train Client6 [35/50] LR=0.0000625 loss=1.620 (CE=1.146 VIR=1.613 wVIR=0.016 AUX=0.458 w=0.010) ACC=60.556 F1=40.551 Rec=50.668 Prec=40.288
Train Client7 [35/50] LR=0.0000625 loss=1.901 (CE=1.217 VIR=1.533 wVIR=0.015 AUX=0.669 w=0.010) ACC=62.262 F1=44.331 Rec=44.114 Prec=45.442

Val    [35/50] LR=0.0000625 loss=3.670 ACC=73.594 F1=55.267 Rec=53.079 Prec=62.137
Val-Known->Virtual [35/50] rate=15.452% prob_mean=0.360388 margin_mean=0.272811
Val-LogitMargin [35/50] TrueKnown-VMax mean=-0.0155 std=4.0585 p10=-4.0478 p50=1.2688 p90=2.1825

Test-  OSR [35/50] LR=0.0000625 ACC=55.260 F1=39.487 Rec=38.348 Prec=43.641 UNK=2.956 OS*=45.427 HOS=5.550 AUROC=58.473 AUPR=4.500 OSCR=43.265
Test-Close [35/50] LR=0.0000625 loss=3.594 ACC=72.122 F1=51.759 Rec=50.863 Prec=56.910
Test-Virtual [35/50] CloseK->V=14.823% Open->V=2.956% OpenVEntropy=0.579380 CloseHist=[1, 293, 427] OpenHist=[0, 4, 2]
Test-LogitMargin [35/50] CloseTrue-VMax mean=0.0671 std=3.7641 p10=-3.7957 p50=1.2877 p90=2.1625 | OpenKnown-VMax mean=1.2290 std=0.8206 p10=0.7519 p50=1.2720 p90=1.8935
AnchorDiag [35/50] VNorm=[1.0, 0.9999999403953552, 0.9999999403953552] VDriftMax=0.000000 Vcos(max/mean)=(0.0000/-0.0000) KVcos(max/mean)=(0.0690/0.0184) ValK->V=15.45% CloseK->V=14.82% Open->V=2.96% OpenVEntropy=0.5794
Saving model at epoch 35 . . . . . . . .

Train Client0 [36/50] LR=0.0000625 loss=1.388 (CE=0.744 VIR=1.205 wVIR=0.012 AUX=0.631 w=0.010) ACC=73.277 F1=42.262 Rec=41.363 Prec=47.264
Train Client1 [36/50] LR=0.0000625 loss=0.649 (CE=0.327 VIR=0.387 wVIR=0.004 AUX=0.319 w=0.010) ACC=88.896 F1=50.076 Rec=46.373 Prec=57.641
Train Client2 [36/50] LR=0.0000625 loss=1.415 (CE=0.869 VIR=1.791 wVIR=0.018 AUX=0.528 w=0.010) ACC=75.936 F1=44.864 Rec=45.826 Prec=53.111
Train Client3 [36/50] LR=0.0000625 loss=2.113 (CE=1.306 VIR=1.929 wVIR=0.019 AUX=0.788 w=0.010) ACC=57.112 F1=40.117 Rec=46.507 Prec=41.859
Train Client4 [36/50] LR=0.0000625 loss=1.007 (CE=0.617 VIR=1.486 wVIR=0.015 AUX=0.375 w=0.010) ACC=80.882 F1=38.338 Rec=40.010 Prec=38.621
Train Client5 [36/50] LR=0.0000625 loss=1.480 (CE=0.829 VIR=1.288 wVIR=0.013 AUX=0.638 w=0.010) ACC=67.708 F1=49.655 Rec=49.060 Prec=52.050
Train Client6 [36/50] LR=0.0000625 loss=1.646 (CE=1.165 VIR=1.649 wVIR=0.016 AUX=0.465 w=0.010) ACC=59.722 F1=38.348 Rec=48.334 Prec=38.203
Train Client7 [36/50] LR=0.0000625 loss=1.786 (CE=1.108 VIR=1.438 wVIR=0.014 AUX=0.663 w=0.010) ACC=62.262 F1=44.798 Rec=44.766 Prec=46.387

Val    [36/50] LR=0.0000625 loss=4.215 ACC=73.928 F1=56.607 Rec=54.926 Prec=61.462
Val-Known->Virtual [36/50] rate=17.909% prob_mean=0.396113 margin_mean=0.216811
Val-LogitMargin [36/50] TrueKnown-VMax mean=-0.6857 std=5.4090 p10=-6.4581 p50=1.0997 p90=2.0095

Test-  OSR [36/50] LR=0.0000625 ACC=53.385 F1=40.626 Rec=39.722 Prec=44.597 UNK=4.433 OS*=46.779 HOS=8.099 AUROC=56.167 AUPR=4.243 OSCR=41.178
Test-Close [36/50] LR=0.0000625 loss=4.110 ACC=72.266 F1=53.701 Rec=53.028 Prec=58.072
Test-Virtual [36/50] CloseK->V=17.167% Open->V=4.433% OpenVEntropy=0.625299 CloseHist=[0, 368, 467] OpenHist=[0, 5, 4]
Test-LogitMargin [36/50] CloseTrue-VMax mean=-0.5776 std=5.0095 p10=-5.9823 p50=1.0984 p90=1.9872 | OpenKnown-VMax mean=1.0374 std=1.1664 p10=0.5515 p50=1.1507 p90=1.8101
AnchorDiag [36/50] VNorm=[1.0, 0.9999999403953552, 0.9999999403953552] VDriftMax=0.000000 Vcos(max/mean)=(0.0000/-0.0000) KVcos(max/mean)=(0.0693/0.0187) ValK->V=17.91% CloseK->V=17.17% Open->V=4.43% OpenVEntropy=0.6253
Train Client0 [37/50] LR=0.0000625 loss=1.366 (CE=0.718 VIR=1.211 wVIR=0.012 AUX=0.636 w=0.010) ACC=72.676 F1=41.742 Rec=40.932 Prec=46.002
Train Client1 [37/50] LR=0.0000625 loss=0.639 (CE=0.320 VIR=0.388 wVIR=0.004 AUX=0.315 w=0.010) ACC=88.987 F1=50.171 Rec=46.252 Prec=57.648
Train Client2 [37/50] LR=0.0000625 loss=1.488 (CE=0.955 VIR=2.068 wVIR=0.021 AUX=0.512 w=0.010) ACC=75.281 F1=44.201 Rec=45.981 Prec=47.160
Train Client3 [37/50] LR=0.0000625 loss=1.945 (CE=1.209 VIR=1.891 wVIR=0.019 AUX=0.717 w=0.010) ACC=59.483 F1=43.511 Rec=48.110 Prec=45.675
Train Client4 [37/50] LR=0.0000625 loss=1.004 (CE=0.612 VIR=1.590 wVIR=0.016 AUX=0.376 w=0.010) ACC=79.718 F1=36.422 Rec=36.826 Prec=36.856
Train Client5 [37/50] LR=0.0000625 loss=1.457 (CE=0.808 VIR=1.308 wVIR=0.013 AUX=0.636 w=0.010) ACC=67.708 F1=51.535 Rec=56.078 Prec=51.875
Train Client6 [37/50] LR=0.0000625 loss=1.600 (CE=1.089 VIR=1.620 wVIR=0.016 AUX=0.494 w=0.010) ACC=62.222 F1=39.912 Rec=48.364 Prec=39.313
Train Client7 [37/50] LR=0.0000625 loss=1.868 (CE=1.197 VIR=1.649 wVIR=0.016 AUX=0.654 w=0.010) ACC=62.500 F1=45.197 Rec=44.934 Prec=46.317

Val    [37/50] LR=0.0000625 loss=3.875 ACC=73.511 F1=55.478 Rec=53.614 Prec=61.092
Val-Known->Virtual [37/50] rate=16.660% prob_mean=0.378273 margin_mean=0.252662
Val-LogitMargin [37/50] TrueKnown-VMax mean=-0.2918 std=4.5370 p10=-4.8762 p50=1.1620 p90=2.1334

Test-  OSR [37/50] LR=0.0000625 ACC=54.529 F1=40.356 Rec=39.051 Prec=45.083 UNK=3.448 OS*=46.171 HOS=6.417 AUROC=57.749 AUPR=4.414 OSCR=42.506
Test-Close [37/50] LR=0.0000625 loss=3.778 ACC=72.225 F1=53.020 Rec=51.948 Prec=58.617
Test-Virtual [37/50] CloseK->V=15.872% Open->V=3.448% OpenVEntropy=0.373304 CloseHist=[0, 341, 431] OpenHist=[0, 6, 1]
Test-LogitMargin [37/50] CloseTrue-VMax mean=-0.1907 std=4.1490 p10=-4.5555 p50=1.1731 p90=2.1179 | OpenKnown-VMax mean=1.1502 std=0.8953 p10=0.6584 p50=1.2205 p90=1.8876
AnchorDiag [37/50] VNorm=[1.0, 0.9999999403953552, 0.9999999403953552] VDriftMax=0.000000 Vcos(max/mean)=(0.0000/-0.0000) KVcos(max/mean)=(0.0697/0.0189) ValK->V=16.66% CloseK->V=15.87% Open->V=3.45% OpenVEntropy=0.3733
Train Client0 [38/50] LR=0.0000625 loss=1.365 (CE=0.714 VIR=1.251 wVIR=0.013 AUX=0.638 w=0.010) ACC=72.756 F1=43.448 Rec=41.874 Prec=50.431
Train Client1 [38/50] LR=0.0000625 loss=0.643 (CE=0.322 VIR=0.436 wVIR=0.004 AUX=0.316 w=0.010) ACC=89.180 F1=50.644 Rec=46.557 Prec=58.392
Train Client2 [38/50] LR=0.0000625 loss=1.586 (CE=1.056 VIR=2.107 wVIR=0.021 AUX=0.509 w=0.010) ACC=76.545 F1=46.324 Rec=47.601 Prec=51.248
Train Client3 [38/50] LR=0.0000625 loss=2.566 (CE=1.792 VIR=2.613 wVIR=0.026 AUX=0.748 w=0.010) ACC=57.543 F1=42.141 Rec=48.820 Prec=44.282
Train Client4 [38/50] LR=0.0000625 loss=0.972 (CE=0.589 VIR=1.548 wVIR=0.015 AUX=0.367 w=0.010) ACC=81.495 F1=40.952 Rec=41.673 Prec=42.210
Train Client5 [38/50] LR=0.0000625 loss=1.459 (CE=0.815 VIR=1.383 wVIR=0.014 AUX=0.630 w=0.010) ACC=68.029 F1=50.514 Rec=50.087 Prec=51.716
Train Client6 [38/50] LR=0.0000625 loss=1.572 (CE=1.085 VIR=1.695 wVIR=0.017 AUX=0.470 w=0.010) ACC=63.611 F1=42.077 Rec=53.815 Prec=40.625
Train Client7 [38/50] LR=0.0000625 loss=2.028 (CE=1.347 VIR=1.827 wVIR=0.018 AUX=0.662 w=0.010) ACC=63.571 F1=46.198 Rec=46.827 Prec=47.422

Val    [38/50] LR=0.0000625 loss=3.661 ACC=73.969 F1=58.530 Rec=56.356 Prec=62.992
Val-Known->Virtual [38/50] rate=15.577% prob_mean=0.389650 margin_mean=0.241913
Val-LogitMargin [38/50] TrueKnown-VMax mean=-0.1217 std=3.8839 p10=-3.8240 p50=1.1129 p90=1.9851

Test-  OSR [38/50] LR=0.0000625 ACC=55.792 F1=42.559 Rec=40.815 Prec=46.177 UNK=1.970 OS*=48.584 HOS=3.787 AUROC=56.823 AUPR=4.319 OSCR=42.506
Test-Close [38/50] LR=0.0000625 loss=3.579 ACC=72.533 F1=55.606 Rec=53.965 Prec=59.973
Test-Virtual [38/50] CloseK->V=14.762% Open->V=1.970% OpenVEntropy=0.511860 CloseHist=[0, 357, 361] OpenHist=[0, 3, 1]
Test-LogitMargin [38/50] CloseTrue-VMax mean=-0.0382 std=3.5323 p10=-3.6608 p50=1.0982 p90=1.9557 | OpenKnown-VMax mean=1.1340 std=0.6933 p10=0.5867 p50=1.1493 p90=1.7751
AnchorDiag [38/50] VNorm=[1.0, 0.9999999403953552, 0.9999999403953552] VDriftMax=0.000000 Vcos(max/mean)=(0.0000/-0.0000) KVcos(max/mean)=(0.0703/0.0193) ValK->V=15.58% CloseK->V=14.76% Open->V=1.97% OpenVEntropy=0.5119
Train Client0 [39/50] LR=0.0000625 loss=1.359 (CE=0.712 VIR=1.225 wVIR=0.012 AUX=0.634 w=0.010) ACC=72.596 F1=43.645 Rec=42.031 Prec=50.041
Train Client1 [39/50] LR=0.0000625 loss=0.641 (CE=0.321 VIR=0.418 wVIR=0.004 AUX=0.316 w=0.010) ACC=88.922 F1=50.488 Rec=46.946 Prec=57.285
Train Client2 [39/50] LR=0.0000625 loss=1.487 (CE=0.952 VIR=2.061 wVIR=0.021 AUX=0.514 w=0.010) ACC=76.311 F1=44.511 Rec=46.290 Prec=43.028
Train Client3 [39/50] LR=0.0000625 loss=1.972 (CE=1.186 VIR=2.004 wVIR=0.020 AUX=0.766 w=0.010) ACC=57.759 F1=42.983 Rec=47.388 Prec=43.336
Train Client4 [39/50] LR=0.0000625 loss=0.997 (CE=0.591 VIR=1.578 wVIR=0.016 AUX=0.391 w=0.010) ACC=81.189 F1=38.473 Rec=39.391 Prec=38.682
Train Client5 [39/50] LR=0.0000625 loss=1.465 (CE=0.813 VIR=1.371 wVIR=0.014 AUX=0.639 w=0.010) ACC=68.189 F1=50.745 Rec=50.300 Prec=51.690
Train Client6 [39/50] LR=0.0000625 loss=1.572 (CE=1.089 VIR=1.717 wVIR=0.017 AUX=0.465 w=0.010) ACC=61.111 F1=38.230 Rec=46.191 Prec=37.329
Train Client7 [39/50] LR=0.0000625 loss=2.057 (CE=1.394 VIR=1.895 wVIR=0.019 AUX=0.644 w=0.010) ACC=63.571 F1=46.838 Rec=47.963 Prec=47.926

Val    [39/50] LR=0.0000625 loss=3.775 ACC=73.761 F1=58.353 Rec=55.532 Prec=63.993
Val-Known->Virtual [39/50] rate=16.243% prob_mean=0.394092 margin_mean=0.229311
Val-LogitMargin [39/50] TrueKnown-VMax mean=-0.2490 std=4.3625 p10=-4.2263 p50=1.1050 p90=1.9523

Test-  OSR [39/50] LR=0.0000625 ACC=55.260 F1=42.300 Rec=40.194 Prec=46.096 UNK=1.970 OS*=47.839 HOS=3.785 AUROC=56.521 AUPR=4.274 OSCR=42.265
Test-Close [39/50] LR=0.0000625 loss=3.686 ACC=72.553 F1=55.419 Rec=53.433 Prec=60.013
Test-Virtual [39/50] CloseK->V=15.378% Open->V=1.970% OpenVEntropy=0.511860 CloseHist=[0, 307, 441] OpenHist=[0, 3, 1]
Test-LogitMargin [39/50] CloseTrue-VMax mean=-0.1607 std=3.9363 p10=-3.9298 p50=1.0807 p90=1.9084 | OpenKnown-VMax mean=1.1130 std=0.7288 p10=0.6087 p50=1.1325 p90=1.6715
AnchorDiag [39/50] VNorm=[1.0, 0.9999999403953552, 0.9999999403953552] VDriftMax=0.000000 Vcos(max/mean)=(0.0000/-0.0000) KVcos(max/mean)=(0.0718/0.0195) ValK->V=16.24% CloseK->V=15.38% Open->V=1.97% OpenVEntropy=0.5119
Train Client0 [40/50] LR=0.0000625 loss=1.348 (CE=0.708 VIR=1.246 wVIR=0.012 AUX=0.627 w=0.010) ACC=72.476 F1=44.721 Rec=42.950 Prec=49.401
Train Client1 [40/50] LR=0.0000625 loss=0.629 (CE=0.315 VIR=0.408 wVIR=0.004 AUX=0.310 w=0.010) ACC=89.400 F1=51.606 Rec=47.865 Prec=58.564
Train Client2 [40/50] LR=0.0000625 loss=1.571 (CE=1.037 VIR=2.142 wVIR=0.021 AUX=0.513 w=0.010) ACC=76.404 F1=46.901 Rec=47.583 Prec=50.711
Train Client3 [40/50] LR=0.0000625 loss=1.877 (CE=1.106 VIR=1.937 wVIR=0.019 AUX=0.751 w=0.010) ACC=61.422 F1=48.125 Rec=52.464 Prec=48.214
Train Client4 [40/50] LR=0.0000625 loss=0.947 (CE=0.564 VIR=1.541 wVIR=0.015 AUX=0.368 w=0.010) ACC=81.679 F1=38.655 Rec=39.036 Prec=40.666
Train Client5 [40/50] LR=0.0000625 loss=1.414 (CE=0.775 VIR=1.351 wVIR=0.014 AUX=0.626 w=0.010) ACC=69.872 F1=51.258 Rec=51.190 Prec=51.677
Train Client6 [40/50] LR=0.0000625 loss=1.690 (CE=1.175 VIR=2.018 wVIR=0.020 AUX=0.494 w=0.010) ACC=58.056 F1=36.891 Rec=46.674 Prec=36.982
Train Client7 [40/50] LR=0.0000625 loss=1.889 (CE=1.207 VIR=1.561 wVIR=0.016 AUX=0.666 w=0.010) ACC=64.048 F1=44.870 Rec=44.411 Prec=45.948

Val    [40/50] LR=0.0000625 loss=3.897 ACC=73.344 F1=57.454 Rec=54.313 Prec=64.593
Val-Known->Virtual [40/50] rate=16.077% prob_mean=0.405516 margin_mean=0.227418
Val-LogitMargin [40/50] TrueKnown-VMax mean=-0.4207 std=4.6850 p10=-4.8270 p50=1.0382 p90=1.9345

Test-  OSR [40/50] LR=0.0000625 ACC=54.885 F1=41.621 Rec=39.209 Prec=46.740 UNK=2.463 OS*=46.558 HOS=4.679 AUROC=56.888 AUPR=4.341 OSCR=42.037
Test-Close [40/50] LR=0.0000625 loss=3.814 ACC=72.163 F1=54.458 Rec=52.187 Prec=60.816
Test-Virtual [40/50] CloseK->V=15.481% Open->V=2.463% OpenVEntropy=0.612602 CloseHist=[0, 314, 439] OpenHist=[0, 3, 2]
Test-LogitMargin [40/50] CloseTrue-VMax mean=-0.3379 std=4.2485 p10=-4.4044 p50=1.0144 p90=1.8967 | OpenKnown-VMax mean=1.0432 std=0.7732 p10=0.5189 p50=1.0627 p90=1.7008
AnchorDiag [40/50] VNorm=[1.0, 0.9999999403953552, 0.9999999403953552] VDriftMax=0.000000 Vcos(max/mean)=(0.0000/-0.0000) KVcos(max/mean)=(0.0723/0.0198) ValK->V=16.08% CloseK->V=15.48% Open->V=2.46% OpenVEntropy=0.6126
Saving model at epoch 40 . . . . . . . .

Train Client0 [41/50] LR=0.0000625 loss=1.348 (CE=0.708 VIR=1.312 wVIR=0.013 AUX=0.627 w=0.010) ACC=73.237 F1=43.337 Rec=42.020 Prec=49.553
Train Client1 [41/50] LR=0.0000625 loss=0.632 (CE=0.318 VIR=0.424 wVIR=0.004 AUX=0.310 w=0.010) ACC=89.129 F1=50.446 Rec=46.626 Prec=57.807
Train Client2 [41/50] LR=0.0000625 loss=1.386 (CE=0.867 VIR=1.948 wVIR=0.019 AUX=0.499 w=0.010) ACC=76.966 F1=46.366 Rec=47.356 Prec=49.151
Train Client3 [41/50] LR=0.0000625 loss=1.921 (CE=1.178 VIR=2.011 wVIR=0.020 AUX=0.723 w=0.010) ACC=56.897 F1=43.383 Rec=50.096 Prec=44.051
Train Client4 [41/50] LR=0.0000625 loss=0.966 (CE=0.586 VIR=1.666 wVIR=0.017 AUX=0.363 w=0.010) ACC=81.924 F1=40.594 Rec=40.997 Prec=41.843
Train Client5 [41/50] LR=0.0000625 loss=1.425 (CE=0.790 VIR=1.366 wVIR=0.014 AUX=0.622 w=0.010) ACC=69.712 F1=51.739 Rec=51.495 Prec=52.589
Train Client6 [41/50] LR=0.0000625 loss=1.589 (CE=1.115 VIR=1.878 wVIR=0.019 AUX=0.455 w=0.010) ACC=59.444 F1=36.603 Rec=42.855 Prec=36.597
Train Client7 [41/50] LR=0.0000625 loss=1.783 (CE=1.092 VIR=1.676 wVIR=0.017 AUX=0.674 w=0.010) ACC=62.738 F1=45.065 Rec=44.876 Prec=46.540

Val    [41/50] LR=0.0000625 loss=4.296 ACC=73.761 F1=56.467 Rec=53.817 Prec=62.991
Val-Known->Virtual [41/50] rate=18.117% prob_mean=0.416936 margin_mean=0.197585
Val-LogitMargin [41/50] TrueKnown-VMax mean=-0.8410 std=5.5743 p10=-6.8145 p50=0.9773 p90=1.9366

Test-  OSR [41/50] LR=0.0000625 ACC=52.832 F1=40.093 Rec=38.345 Prec=44.587 UNK=5.911 OS*=44.831 HOS=10.445 AUROC=56.705 AUPR=4.273 OSCR=41.116
Test-Close [41/50] LR=0.0000625 loss=4.186 ACC=71.998 F1=52.899 Rec=51.204 Prec=58.323
Test-Virtual [41/50] CloseK->V=17.578% Open->V=5.911% OpenVEntropy=0.579380 CloseHist=[0, 307, 548] OpenHist=[0, 8, 4]
Test-LogitMargin [41/50] CloseTrue-VMax mean=-0.7300 std=5.1621 p10=-5.9096 p50=0.9646 p90=1.9078 | OpenKnown-VMax mean=0.8451 std=1.4594 p10=0.5017 p50=1.0486 p90=1.5882
AnchorDiag [41/50] VNorm=[1.0, 0.9999999403953552, 0.9999999403953552] VDriftMax=0.000000 Vcos(max/mean)=(0.0000/-0.0000) KVcos(max/mean)=(0.0737/0.0200) ValK->V=18.12% CloseK->V=17.58% Open->V=5.91% OpenVEntropy=0.5794
Train Client0 [42/50] LR=0.0000625 loss=1.338 (CE=0.696 VIR=1.206 wVIR=0.012 AUX=0.630 w=0.010) ACC=73.558 F1=43.752 Rec=42.284 Prec=53.315
Train Client1 [42/50] LR=0.0000625 loss=0.625 (CE=0.314 VIR=0.409 wVIR=0.004 AUX=0.308 w=0.010) ACC=89.051 F1=50.934 Rec=47.307 Prec=57.447
Train Client2 [42/50] LR=0.0000625 loss=1.535 (CE=1.011 VIR=2.189 wVIR=0.022 AUX=0.502 w=0.010) ACC=75.375 F1=44.692 Rec=46.424 Prec=45.941
Train Client3 [42/50] LR=0.0000625 loss=2.440 (CE=1.683 VIR=2.585 wVIR=0.026 AUX=0.731 w=0.010) ACC=59.267 F1=45.196 Rec=51.085 Prec=48.742
Train Client4 [42/50] LR=0.0000625 loss=0.984 (CE=0.595 VIR=1.649 wVIR=0.016 AUX=0.373 w=0.010) ACC=80.453 F1=36.434 Rec=36.894 Prec=37.125
Train Client5 [42/50] LR=0.0000625 loss=1.443 (CE=0.804 VIR=1.396 wVIR=0.014 AUX=0.625 w=0.010) ACC=69.712 F1=52.042 Rec=51.358 Prec=53.849
Train Client6 [42/50] LR=0.0000625 loss=1.603 (CE=1.115 VIR=1.874 wVIR=0.019 AUX=0.470 w=0.010) ACC=60.833 F1=37.714 Rec=45.488 Prec=37.259
Train Client7 [42/50] LR=0.0000625 loss=1.678 (CE=1.012 VIR=1.494 wVIR=0.015 AUX=0.651 w=0.010) ACC=62.857 F1=44.642 Rec=44.016 Prec=46.003

Val    [42/50] LR=0.0000625 loss=3.741 ACC=74.052 F1=57.995 Rec=55.805 Prec=62.659
Val-Known->Virtual [42/50] rate=15.785% prob_mean=0.393743 margin_mean=0.233222
Val-LogitMargin [42/50] TrueKnown-VMax mean=-0.2313 std=4.0884 p10=-4.5574 p50=1.1012 p90=1.9816

Test-  OSR [42/50] LR=0.0000625 ACC=55.773 F1=41.991 Rec=40.470 Prec=45.843 UNK=3.448 OS*=47.874 HOS=6.433 AUROC=58.802 AUPR=4.563 OSCR=43.506
Test-Close [42/50] LR=0.0000625 loss=3.672 ACC=72.656 F1=54.818 Rec=53.356 Prec=59.440
Test-Virtual [42/50] CloseK->V=14.905% Open->V=3.448% OpenVEntropy=0.621610 CloseHist=[0, 231, 494] OpenHist=[0, 3, 4]
Test-LogitMargin [42/50] CloseTrue-VMax mean=-0.1611 std=3.8350 p10=-3.8616 p50=1.0919 p90=1.9582 | OpenKnown-VMax mean=1.0067 std=0.9720 p10=0.5238 p50=1.0956 p90=1.6782
AnchorDiag [42/50] VNorm=[1.0, 0.9999999403953552, 0.9999999403953552] VDriftMax=0.000000 Vcos(max/mean)=(0.0000/-0.0000) KVcos(max/mean)=(0.0745/0.0202) ValK->V=15.79% CloseK->V=14.91% Open->V=3.45% OpenVEntropy=0.6216
Train Client0 [43/50] LR=0.0000625 loss=1.366 (CE=0.739 VIR=1.251 wVIR=0.013 AUX=0.615 w=0.010) ACC=73.758 F1=43.909 Rec=42.607 Prec=48.735
Train Client1 [43/50] LR=0.0000625 loss=0.632 (CE=0.317 VIR=0.431 wVIR=0.004 AUX=0.311 w=0.010) ACC=89.193 F1=51.193 Rec=47.404 Prec=58.536
Train Client2 [43/50] LR=0.0000625 loss=1.383 (CE=0.860 VIR=2.094 wVIR=0.021 AUX=0.503 w=0.010) ACC=76.919 F1=45.986 Rec=46.690 Prec=47.292
Train Client3 [43/50] LR=0.0000625 loss=1.874 (CE=1.128 VIR=2.089 wVIR=0.021 AUX=0.725 w=0.010) ACC=58.190 F1=44.287 Rec=49.616 Prec=44.373
Train Client4 [43/50] LR=0.0000625 loss=0.969 (CE=0.587 VIR=1.775 wVIR=0.018 AUX=0.364 w=0.010) ACC=80.453 F1=39.150 Rec=40.216 Prec=39.726
Train Client5 [43/50] LR=0.0000625 loss=1.555 (CE=0.921 VIR=1.657 wVIR=0.017 AUX=0.617 w=0.010) ACC=69.551 F1=52.265 Rec=51.822 Prec=53.567
Train Client6 [43/50] LR=0.0000625 loss=1.630 (CE=1.145 VIR=1.947 wVIR=0.019 AUX=0.466 w=0.010) ACC=60.278 F1=43.201 Rec=51.915 Prec=58.658
Train Client7 [43/50] LR=0.0000625 loss=1.934 (CE=1.274 VIR=1.920 wVIR=0.019 AUX=0.641 w=0.010) ACC=64.643 F1=47.958 Rec=48.448 Prec=48.819

Val    [43/50] LR=0.0000625 loss=4.268 ACC=73.469 F1=56.379 Rec=54.206 Prec=61.918
Val-Known->Virtual [43/50] rate=18.326% prob_mean=0.418987 margin_mean=0.191299
Val-LogitMargin [43/50] TrueKnown-VMax mean=-0.8383 std=5.4947 p10=-6.7330 p50=0.9952 p90=1.9335

Test-  OSR [43/50] LR=0.0000625 ACC=53.227 F1=41.880 Rec=39.981 Prec=46.591 UNK=5.419 OS*=46.893 HOS=9.715 AUROC=58.049 AUPR=4.437 OSCR=42.030
Test-Close [43/50] LR=0.0000625 loss=4.181 ACC=72.512 F1=55.199 Rec=53.323 Prec=60.918
Test-Virtual [43/50] CloseK->V=17.640% Open->V=5.419% OpenVEntropy=0.596645 CloseHist=[0, 221, 637] OpenHist=[0, 7, 4]
Test-LogitMargin [43/50] CloseTrue-VMax mean=-0.7538 std=5.0796 p10=-6.0745 p50=0.9769 p90=1.8935 | OpenKnown-VMax mean=0.8736 std=1.2155 p10=0.4703 p50=1.0203 p90=1.6102
AnchorDiag [43/50] VNorm=[1.0, 0.9999999403953552, 0.9999999403953552] VDriftMax=0.000000 Vcos(max/mean)=(0.0000/-0.0000) KVcos(max/mean)=(0.0761/0.0204) ValK->V=18.33% CloseK->V=17.64% Open->V=5.42% OpenVEntropy=0.5966
Train Client0 [44/50] LR=0.0000625 loss=1.340 (CE=0.704 VIR=1.325 wVIR=0.013 AUX=0.622 w=0.010) ACC=73.478 F1=45.430 Rec=43.387 Prec=52.656
Train Client1 [44/50] LR=0.0000625 loss=0.624 (CE=0.313 VIR=0.404 wVIR=0.004 AUX=0.307 w=0.010) ACC=89.077 F1=50.241 Rec=46.712 Prec=56.909
Train Client2 [44/50] LR=0.0000625 loss=1.398 (CE=0.875 VIR=2.198 wVIR=0.022 AUX=0.501 w=0.010) ACC=76.030 F1=45.858 Rec=45.884 Prec=48.495
Train Client3 [44/50] LR=0.0000625 loss=1.973 (CE=1.193 VIR=2.227 wVIR=0.022 AUX=0.758 w=0.010) ACC=61.207 F1=47.541 Rec=52.238 Prec=48.181
Train Client4 [44/50] LR=0.0000625 loss=0.963 (CE=0.581 VIR=1.827 wVIR=0.018 AUX=0.364 w=0.010) ACC=80.944 F1=38.727 Rec=39.387 Prec=40.441
Train Client5 [44/50] LR=0.0000625 loss=1.412 (CE=0.783 VIR=1.540 wVIR=0.015 AUX=0.614 w=0.010) ACC=68.830 F1=51.425 Rec=50.989 Prec=52.199
Train Client6 [44/50] LR=0.0000625 loss=1.576 (CE=1.096 VIR=1.865 wVIR=0.019 AUX=0.461 w=0.010) ACC=63.889 F1=38.672 Rec=45.265 Prec=38.472
Train Client7 [44/50] LR=0.0000625 loss=1.900 (CE=1.251 VIR=1.863 wVIR=0.019 AUX=0.631 w=0.010) ACC=67.143 F1=48.420 Rec=47.896 Prec=49.416

Val    [44/50] LR=0.0000625 loss=3.706 ACC=73.636 F1=58.282 Rec=55.272 Prec=65.149
Val-Known->Virtual [44/50] rate=15.119% prob_mean=0.400719 margin_mean=0.231637
Val-LogitMargin [44/50] TrueKnown-VMax mean=-0.2104 std=4.1159 p10=-4.2652 p50=1.0438 p90=1.9686

Test-  OSR [44/50] LR=0.0000625 ACC=55.358 F1=41.838 Rec=39.883 Prec=46.222 UNK=2.463 OS*=47.367 HOS=4.683 AUROC=58.817 AUPR=4.513 OSCR=43.579
Test-Close [44/50] LR=0.0000625 loss=3.634 ACC=72.163 F1=54.664 Rec=52.800 Prec=60.366
Test-Virtual [44/50] CloseK->V=14.844% Open->V=2.463% OpenVEntropy=0.455486 CloseHist=[0, 268, 454] OpenHist=[0, 4, 1]
Test-LogitMargin [44/50] CloseTrue-VMax mean=-0.1434 std=3.7207 p10=-3.6337 p50=1.0199 p90=1.9311 | OpenKnown-VMax mean=1.0110 std=0.7185 p10=0.4988 p50=1.0328 p90=1.6151
AnchorDiag [44/50] VNorm=[1.0, 0.9999999403953552, 0.9999999403953552] VDriftMax=0.000000 Vcos(max/mean)=(0.0000/-0.0000) KVcos(max/mean)=(0.0770/0.0206) ValK->V=15.12% CloseK->V=14.84% Open->V=2.46% OpenVEntropy=0.4555
Train Client0 [45/50] LR=0.0000625 loss=1.339 (CE=0.705 VIR=1.377 wVIR=0.014 AUX=0.621 w=0.010) ACC=73.438 F1=42.897 Rec=41.729 Prec=48.346
Train Client1 [45/50] LR=0.0000625 loss=0.608 (CE=0.305 VIR=0.410 wVIR=0.004 AUX=0.299 w=0.010) ACC=89.155 F1=51.042 Rec=47.361 Prec=57.640
Train Client2 [45/50] LR=0.0000625 loss=1.367 (CE=0.832 VIR=2.080 wVIR=0.021 AUX=0.514 w=0.010) ACC=76.779 F1=45.448 Rec=45.870 Prec=47.838
Train Client3 [45/50] LR=0.0000625 loss=2.332 (CE=1.553 VIR=2.654 wVIR=0.027 AUX=0.752 w=0.010) ACC=60.560 F1=48.884 Rec=54.163 Prec=50.603
Train Client4 [45/50] LR=0.0000625 loss=1.010 (CE=0.609 VIR=1.899 wVIR=0.019 AUX=0.382 w=0.010) ACC=80.147 F1=35.435 Rec=35.141 Prec=37.236
Train Client5 [45/50] LR=0.0000625 loss=1.433 (CE=0.804 VIR=1.573 wVIR=0.016 AUX=0.613 w=0.010) ACC=68.750 F1=51.535 Rec=51.020 Prec=52.548
Train Client6 [45/50] LR=0.0000625 loss=1.645 (CE=1.145 VIR=2.116 wVIR=0.021 AUX=0.479 w=0.010) ACC=61.944 F1=39.471 Rec=49.622 Prec=38.833
Train Client7 [45/50] LR=0.0000625 loss=1.656 (CE=1.012 VIR=1.757 wVIR=0.018 AUX=0.626 w=0.010) ACC=64.881 F1=46.285 Rec=45.924 Prec=47.694

Val    [45/50] LR=0.0000625 loss=3.958 ACC=73.844 F1=58.348 Rec=55.290 Prec=64.332
Val-Known->Virtual [45/50] rate=15.910% prob_mean=0.417979 margin_mean=0.203358
Val-LogitMargin [45/50] TrueKnown-VMax mean=-0.5292 std=4.7166 p10=-5.3363 p50=0.9747 p90=1.8716

Test-  OSR [45/50] LR=0.0000625 ACC=54.924 F1=42.237 Rec=39.945 Prec=46.650 UNK=2.956 OS*=47.342 HOS=5.564 AUROC=58.086 AUPR=4.462 OSCR=42.883
Test-Close [45/50] LR=0.0000625 loss=3.873 ACC=72.451 F1=55.297 Rec=53.071 Prec=60.930
Test-Virtual [45/50] CloseK->V=15.646% Open->V=2.956% OpenVEntropy=0.579380 CloseHist=[0, 279, 482] OpenHist=[0, 4, 2]
Test-LogitMargin [45/50] CloseTrue-VMax mean=-0.4452 std=4.2994 p10=-4.7333 p50=0.9612 p90=1.8404 | OpenKnown-VMax mean=0.9259 std=0.7616 p10=0.5088 p50=0.9621 p90=1.5339
AnchorDiag [45/50] VNorm=[1.0, 0.9999999403953552, 0.9999999403953552] VDriftMax=0.000000 Vcos(max/mean)=(0.0000/-0.0000) KVcos(max/mean)=(0.0780/0.0209) ValK->V=15.91% CloseK->V=15.65% Open->V=2.96% OpenVEntropy=0.5794
Saving model at epoch 45 . . . . . . . .

Train Client0 [46/50] LR=0.0000625 loss=1.347 (CE=0.705 VIR=1.360 wVIR=0.014 AUX=0.629 w=0.010) ACC=73.277 F1=44.541 Rec=42.866 Prec=50.396
Train Client1 [46/50] LR=0.0000625 loss=0.618 (CE=0.311 VIR=0.447 wVIR=0.004 AUX=0.303 w=0.010) ACC=89.698 F1=52.979 Rec=49.312 Prec=59.919
Train Client2 [46/50] LR=0.0000625 loss=1.636 (CE=1.112 VIR=2.330 wVIR=0.023 AUX=0.500 w=0.010) ACC=77.481 F1=49.762 Rec=50.189 Prec=53.522
Train Client3 [46/50] LR=0.0000625 loss=2.047 (CE=1.292 VIR=2.400 wVIR=0.024 AUX=0.731 w=0.010) ACC=59.052 F1=45.574 Rec=49.952 Prec=46.623
Train Client4 [46/50] LR=0.0000625 loss=0.948 (CE=0.569 VIR=1.873 wVIR=0.019 AUX=0.360 w=0.010) ACC=82.169 F1=41.203 Rec=42.058 Prec=42.531
Train Client5 [46/50] LR=0.0000625 loss=1.411 (CE=0.788 VIR=1.579 wVIR=0.016 AUX=0.608 w=0.010) ACC=69.792 F1=52.706 Rec=51.999 Prec=53.988
Train Client6 [46/50] LR=0.0000625 loss=1.584 (CE=1.108 VIR=2.072 wVIR=0.021 AUX=0.455 w=0.010) ACC=60.833 F1=39.089 Rec=47.174 Prec=38.979
Train Client7 [46/50] LR=0.0000625 loss=1.750 (CE=1.079 VIR=1.798 wVIR=0.018 AUX=0.653 w=0.010) ACC=65.952 F1=49.353 Rec=49.417 Prec=49.938

Val    [46/50] LR=0.0000625 loss=3.946 ACC=73.678 F1=57.710 Rec=55.594 Prec=61.491
Val-Known->Virtual [46/50] rate=16.243% prob_mean=0.415847 margin_mean=0.200591
Val-LogitMargin [46/50] TrueKnown-VMax mean=-0.4950 std=4.6663 p10=-5.1708 p50=0.9855 p90=1.8510

Test-  OSR [46/50] LR=0.0000625 ACC=55.398 F1=42.424 Rec=40.817 Prec=45.570 UNK=2.463 OS*=48.488 HOS=4.688 AUROC=57.477 AUPR=4.457 OSCR=42.644
Test-Close [46/50] LR=0.0000625 loss=3.859 ACC=72.821 F1=55.647 Rec=54.186 Prec=59.492
Test-Virtual [46/50] CloseK->V=15.502% Open->V=2.463% OpenVEntropy=-0.000000 CloseHist=[2, 320, 432] OpenHist=[0, 5, 0]
Test-LogitMargin [46/50] CloseTrue-VMax mean=-0.4106 std=4.1919 p10=-4.7041 p50=0.9644 p90=1.8131 | OpenKnown-VMax mean=0.9362 std=0.7358 p10=0.4522 p50=0.9430 p90=1.5453
AnchorDiag [46/50] VNorm=[1.0, 0.9999999403953552, 0.9999999403953552] VDriftMax=0.000000 Vcos(max/mean)=(0.0000/-0.0000) KVcos(max/mean)=(0.0786/0.0210) ValK->V=16.24% CloseK->V=15.50% Open->V=2.46% OpenVEntropy=-0.0000
>> New learning Rate: 3.125e-05
Train Client0 [47/50] LR=0.0000313 loss=1.308 (CE=0.693 VIR=1.381 wVIR=0.014 AUX=0.600 w=0.010) ACC=73.598 F1=45.353 Rec=43.413 Prec=51.199
Train Client1 [47/50] LR=0.0000313 loss=0.601 (CE=0.300 VIR=0.513 wVIR=0.005 AUX=0.295 w=0.010) ACC=89.943 F1=53.534 Rec=49.654 Prec=60.111
Train Client2 [47/50] LR=0.0000313 loss=1.446 (CE=0.926 VIR=2.145 wVIR=0.021 AUX=0.499 w=0.010) ACC=73.596 F1=46.301 Rec=48.809 Prec=48.111
Train Client3 [47/50] LR=0.0000313 loss=2.101 (CE=1.375 VIR=2.473 wVIR=0.025 AUX=0.701 w=0.010) ACC=55.819 F1=46.368 Rec=55.291 Prec=48.240
Train Client4 [47/50] LR=0.0000313 loss=1.015 (CE=0.639 VIR=1.957 wVIR=0.020 AUX=0.356 w=0.010) ACC=79.350 F1=38.804 Rec=41.129 Prec=38.499
Train Client5 [47/50] LR=0.0000313 loss=1.409 (CE=0.790 VIR=1.549 wVIR=0.015 AUX=0.604 w=0.010) ACC=69.391 F1=54.274 Rec=64.473 Prec=54.580
Train Client6 [47/50] LR=0.0000313 loss=1.693 (CE=1.239 VIR=2.101 wVIR=0.021 AUX=0.433 w=0.010) ACC=53.611 F1=36.655 Rec=49.030 Prec=37.801
Train Client7 [47/50] LR=0.0000313 loss=1.838 (CE=1.181 VIR=1.801 wVIR=0.018 AUX=0.639 w=0.010) ACC=58.929 F1=42.990 Rec=43.414 Prec=45.533

Val    [47/50] LR=0.0000313 loss=3.905 ACC=73.803 F1=57.317 Rec=54.689 Prec=63.973
Val-Known->Virtual [47/50] rate=15.993% prob_mean=0.409973 margin_mean=0.224546
Val-LogitMargin [47/50] TrueKnown-VMax mean=-0.4423 std=4.6663 p10=-4.8796 p50=1.0166 p90=1.9814

Test-  OSR [47/50] LR=0.0000313 ACC=54.963 F1=40.522 Rec=38.808 Prec=44.820 UNK=1.478 OS*=46.274 HOS=2.864 AUROC=56.576 AUPR=4.342 OSCR=42.026
Test-Close [47/50] LR=0.0000313 loss=3.814 ACC=72.410 F1=53.260 Rec=51.963 Prec=58.410
Test-Virtual [47/50] CloseK->V=15.522% Open->V=1.478% OpenVEntropy=0.579380 CloseHist=[1, 266, 488] OpenHist=[0, 2, 1]
Test-LogitMargin [47/50] CloseTrue-VMax mean=-0.3532 std=4.1799 p10=-4.4052 p50=0.9905 p90=1.9402 | OpenKnown-VMax mean=1.0259 std=0.7567 p10=0.4912 p50=1.0259 p90=1.6871
AnchorDiag [47/50] VNorm=[1.0, 0.9999999403953552, 0.9999999403953552] VDriftMax=0.000000 Vcos(max/mean)=(0.0000/-0.0000) KVcos(max/mean)=(0.0790/0.0212) ValK->V=15.99% CloseK->V=15.52% Open->V=1.48% OpenVEntropy=0.5794
Train Client0 [48/50] LR=0.0000313 loss=1.308 (CE=0.693 VIR=1.398 wVIR=0.014 AUX=0.601 w=0.010) ACC=73.037 F1=45.160 Rec=43.180 Prec=50.658
Train Client1 [48/50] LR=0.0000313 loss=0.599 (CE=0.299 VIR=0.489 wVIR=0.005 AUX=0.294 w=0.010) ACC=90.150 F1=53.950 Rec=49.612 Prec=61.588
Train Client2 [48/50] LR=0.0000313 loss=1.505 (CE=0.988 VIR=2.134 wVIR=0.021 AUX=0.496 w=0.010) ACC=73.970 F1=45.642 Rec=48.236 Prec=47.730
Train Client3 [48/50] LR=0.0000313 loss=2.035 (CE=1.315 VIR=2.440 wVIR=0.024 AUX=0.696 w=0.010) ACC=53.017 F1=41.848 Rec=51.187 Prec=45.813
Train Client4 [48/50] LR=0.0000313 loss=1.049 (CE=0.669 VIR=2.038 wVIR=0.020 AUX=0.360 w=0.010) ACC=78.922 F1=40.064 Rec=42.994 Prec=40.421
Train Client5 [48/50] LR=0.0000313 loss=1.447 (CE=0.834 VIR=1.713 wVIR=0.017 AUX=0.596 w=0.010) ACC=69.151 F1=51.896 Rec=51.281 Prec=53.286
Train Client6 [48/50] LR=0.0000313 loss=1.643 (CE=1.217 VIR=2.092 wVIR=0.021 AUX=0.405 w=0.010) ACC=58.611 F1=40.478 Rec=55.197 Prec=40.145
Train Client7 [48/50] LR=0.0000313 loss=1.844 (CE=1.184 VIR=1.860 wVIR=0.019 AUX=0.641 w=0.010) ACC=59.405 F1=43.811 Rec=44.649 Prec=45.855

Val    [48/50] LR=0.0000313 loss=3.648 ACC=73.761 F1=57.313 Rec=54.494 Prec=64.286
Val-Known->Virtual [48/50] rate=14.869% prob_mean=0.406891 margin_mean=0.228900
Val-LogitMargin [48/50] TrueKnown-VMax mean=-0.1751 std=3.9764 p10=-3.8797 p50=1.0068 p90=1.9490

Test-  OSR [48/50] LR=0.0000313 ACC=56.009 F1=41.216 Rec=39.238 Prec=45.609 UNK=0.985 OS*=46.889 HOS=1.930 AUROC=57.111 AUPR=4.393 OSCR=42.710
Test-Close [48/50] LR=0.0000313 loss=3.580 ACC=72.492 F1=53.836 Rec=52.194 Prec=59.433
Test-Virtual [48/50] CloseK->V=14.453% Open->V=0.985% OpenVEntropy=-0.000000 CloseHist=[0, 234, 469] OpenHist=[0, 2, 0]
Test-LogitMargin [48/50] CloseTrue-VMax mean=-0.1105 std=3.5674 p10=-3.5232 p50=0.9965 p90=1.9075 | OpenKnown-VMax mean=1.0075 std=0.6541 p10=0.4832 p50=0.9903 p90=1.6444
AnchorDiag [48/50] VNorm=[1.0, 0.9999999403953552, 0.9999999403953552] VDriftMax=0.000000 Vcos(max/mean)=(0.0000/-0.0000) KVcos(max/mean)=(0.0800/0.0214) ValK->V=14.87% CloseK->V=14.45% Open->V=0.99% OpenVEntropy=-0.0000
Train Client0 [49/50] LR=0.0000313 loss=1.313 (CE=0.697 VIR=1.380 wVIR=0.014 AUX=0.602 w=0.010) ACC=73.157 F1=45.290 Rec=43.297 Prec=51.856
Train Client1 [49/50] LR=0.0000313 loss=0.601 (CE=0.301 VIR=0.508 wVIR=0.005 AUX=0.295 w=0.010) ACC=89.801 F1=52.987 Rec=49.341 Prec=59.779
Train Client2 [49/50] LR=0.0000313 loss=1.450 (CE=0.933 VIR=2.151 wVIR=0.022 AUX=0.495 w=0.010) ACC=74.298 F1=46.321 Rec=48.387 Prec=49.585
Train Client3 [49/50] LR=0.0000313 loss=2.222 (CE=1.491 VIR=2.567 wVIR=0.026 AUX=0.706 w=0.010) ACC=53.233 F1=44.331 Rec=54.273 Prec=49.476
Train Client4 [49/50] LR=0.0000313 loss=1.079 (CE=0.692 VIR=2.082 wVIR=0.021 AUX=0.366 w=0.010) ACC=76.900 F1=38.710 Rec=42.984 Prec=38.661
Train Client5 [49/50] LR=0.0000313 loss=1.437 (CE=0.821 VIR=1.634 wVIR=0.016 AUX=0.600 w=0.010) ACC=67.468 F1=50.464 Rec=49.881 Prec=51.925
Train Client6 [49/50] LR=0.0000313 loss=1.672 (CE=1.237 VIR=1.954 wVIR=0.020 AUX=0.415 w=0.010) ACC=57.222 F1=37.759 Rec=49.941 Prec=38.154
Train Client7 [49/50] LR=0.0000313 loss=2.006 (CE=1.369 VIR=2.019 wVIR=0.020 AUX=0.617 w=0.010) ACC=61.071 F1=45.960 Rec=47.059 Prec=48.334

Val    [49/50] LR=0.0000313 loss=4.091 ACC=73.344 F1=56.224 Rec=53.326 Prec=62.713
Val-Known->Virtual [49/50] rate=17.201% prob_mean=0.436684 margin_mean=0.187486
Val-LogitMargin [49/50] TrueKnown-VMax mean=-0.7170 std=5.2086 p10=-5.4311 p50=0.8491 p90=1.8303

Test-  OSR [49/50] LR=0.0000313 ACC=53.937 F1=41.135 Rec=38.646 Prec=46.416 UNK=3.448 OS*=45.686 HOS=6.413 AUROC=56.635 AUPR=4.331 OSCR=41.527
Test-Close [49/50] LR=0.0000313 loss=3.993 ACC=71.957 F1=54.046 Rec=51.834 Prec=60.565
Test-Virtual [49/50] CloseK->V=16.406% Open->V=3.448% OpenVEntropy=0.544568 CloseHist=[0, 251, 547] OpenHist=[0, 5, 2]
Test-LogitMargin [49/50] CloseTrue-VMax mean=-0.6207 std=4.6217 p10=-5.0796 p50=0.8358 p90=1.7886 | OpenKnown-VMax mean=0.8591 std=0.7859 p10=0.2653 p50=0.8468 p90=1.5185
AnchorDiag [49/50] VNorm=[1.0, 0.9999999403953552, 0.9999999403953552] VDriftMax=0.000000 Vcos(max/mean)=(0.0000/-0.0000) KVcos(max/mean)=(0.0801/0.0215) ValK->V=17.20% CloseK->V=16.41% Open->V=3.45% OpenVEntropy=0.5446
------>Best performance (by OSCR)--->>>>>>>

Test-  OSR [7/50] ACC=63.667 F1=33.602 Rec=33.878 Prec=37.335 UNK=0.000 OS*=40.653 HOS=0.000 AUROC=70.523 AUPR=7.601 OSCR=52.553
=====================================================================================================================================
The ending time ：2026-06-17 17:56:25
