Logging to: ./logs/RetinalOCT_Pretrain_K5_U3_seed0_20260618_115434.log
==> Preparing data..
Protocol mode: random
Known class list: [6 2 1 7 3] Unknown class list [0 5 4]
Total images — Train: 18400, Val: 2800, Test: 2800
{6: 0, 2: 1, 1: 2, 7: 3, 3: 4} {0: 5, 5: 6, 4: 7}
Known origin: [6 2 1 7 3] , new: [0 1 2 3 4]
Unknown origin: [0 5 4] , new: [5 6 7]
Known/Unknown in Train: 11500/6900
Known/Unknown in Val:   1750/1050
Known/Unknown in Test:  1750/1050
Client0 sample num: 1861
Client1 sample num: 2876
Client2 sample num: 2109
Client3 sample num: 533
Client4 sample num: 1312
Client5 sample num: 1125
Client6 sample num: 362
Client7 sample num: 1322

>>> Setting up
==> Using device: cuda:0
==> Building [Resnet18] model..
154
120
Train Client0 [0/100] LR=0.0005000 loss=1.537 (CE=0.823 VIR=0.123 wVIR=0.061 AUX=0.653 w=0.500) ACC=71.067 F1=52.007 Rec=51.970 Prec=52.366
Train Client1 [0/100] LR=0.0005000 loss=1.182 (CE=0.639 VIR=0.082 wVIR=0.041 AUX=0.503 w=0.500) ACC=80.188 F1=54.271 Rec=53.949 Prec=54.878
Train Client2 [0/100] LR=0.0005000 loss=1.392 (CE=0.745 VIR=0.154 wVIR=0.077 AUX=0.570 w=0.500) ACC=76.901 F1=49.261 Rec=49.264 Prec=50.369
Train Client3 [0/100] LR=0.0005000 loss=2.242 (CE=1.236 VIR=0.338 wVIR=0.169 AUX=0.837 w=0.500) ACC=65.341 F1=47.361 Rec=48.307 Prec=47.635
Train Client4 [0/100] LR=0.0005000 loss=1.222 (CE=0.662 VIR=0.160 wVIR=0.080 AUX=0.480 w=0.500) ACC=81.174 F1=36.000 Rec=36.328 Prec=36.072
Train Client5 [0/100] LR=0.0005000 loss=1.785 (CE=0.985 VIR=0.176 wVIR=0.088 AUX=0.712 w=0.500) ACC=68.839 F1=49.072 Rec=49.034 Prec=49.167
Train Client6 [0/100] LR=0.0005000 loss=2.661 (CE=1.286 VIR=0.742 wVIR=0.371 AUX=1.004 w=0.500) ACC=63.333 F1=26.513 Rec=27.514 Prec=26.329
Train Client7 [0/100] LR=0.0005000 loss=1.761 (CE=0.918 VIR=0.259 wVIR=0.129 AUX=0.714 w=0.500) ACC=70.455 F1=37.491 Rec=37.990 Prec=39.240

Val    [0/100] LR=0.0005000 loss=2.767 ACC=53.314 F1=45.301 Rec=53.314 Prec=54.121
Val-Known->Virtual [0/100] rate=0.000% prob_mean=0.014296 margin_mean=0.357219
Val-LogitMargin [0/100] TrueKnown-VMax mean=3.8184 std=0.3151 p10=3.4012 p50=3.8430 p90=4.2010

Test-  OSR [0/100] LR=0.0005000 ACC=33.607 F1=30.273 Rec=44.810 Prec=53.243 UNK=0.000 OS*=53.771 HOS=0.000 AUROC=57.412 AUPR=40.083 OSCR=38.816
Test-Close [0/100] LR=0.0005000 loss=2.764 ACC=53.771 F1=45.892 Rec=53.771 Prec=74.887
Test-Virtual [0/100] CloseK->V=0.000% Open->V=0.000% OpenVEntropy=0.000000 CloseHist=[0, 0, 0] OpenHist=[0, 0, 0]
Test-LogitMargin [0/100] CloseTrue-VMax mean=3.8322 std=0.3243 p10=3.4022 p50=3.8686 p90=4.2278 | OpenKnown-VMax mean=3.8474 std=0.2248 p10=3.6194 p50=3.7855 p90=4.1813
AnchorDiag [0/100] VNorm=[1.0000001192092896, 0.9999999403953552, 0.9999999403953552] VDriftMax=0.000000 Vcos(max/mean)=(0.0000/-0.0000) KVcos(max/mean)=(0.0008/-0.0015) ValK->V=0.00% CloseK->V=0.00% Open->V=0.00% OpenVEntropy=0.0000
Saving best model . . . . . . . .

Saving model at epoch 0 . . . . . . . .

Train Client0 [1/100] LR=0.0005000 loss=1.051 (CE=0.578 VIR=0.037 wVIR=0.018 AUX=0.455 w=0.500) ACC=77.586 F1=58.613 Rec=58.018 Prec=59.373
Train Client1 [1/100] LR=0.0005000 loss=0.910 (CE=0.499 VIR=0.033 wVIR=0.017 AUX=0.394 w=0.500) ACC=83.008 F1=58.396 Rec=57.884 Prec=59.311
Train Client2 [1/100] LR=0.0005000 loss=1.030 (CE=0.577 VIR=0.065 wVIR=0.032 AUX=0.421 w=0.500) ACC=81.797 F1=58.453 Rec=57.167 Prec=61.455
Train Client3 [1/100] LR=0.0005000 loss=1.574 (CE=0.860 VIR=0.132 wVIR=0.066 AUX=0.648 w=0.500) ACC=73.485 F1=51.650 Rec=50.957 Prec=53.391
Train Client4 [1/100] LR=0.0005000 loss=0.852 (CE=0.468 VIR=0.059 wVIR=0.029 AUX=0.354 w=0.500) ACC=86.738 F1=46.756 Rec=45.949 Prec=50.403
Train Client5 [1/100] LR=0.0005000 loss=1.250 (CE=0.702 VIR=0.049 wVIR=0.024 AUX=0.524 w=0.500) ACC=74.554 F1=55.323 Rec=54.947 Prec=55.899
Train Client6 [1/100] LR=0.0005000 loss=1.647 (CE=0.877 VIR=0.201 wVIR=0.101 AUX=0.669 w=0.500) ACC=74.167 F1=44.151 Rec=44.281 Prec=45.696
Train Client7 [1/100] LR=0.0005000 loss=1.114 (CE=0.593 VIR=0.073 wVIR=0.037 AUX=0.484 w=0.500) ACC=80.303 F1=51.241 Rec=49.141 Prec=55.051

Val    [1/100] LR=0.0005000 loss=2.446 ACC=76.743 F1=74.517 Rec=76.743 Prec=82.496
Val-Known->Virtual [1/100] rate=0.000% prob_mean=0.004291 margin_mean=0.479251
Val-LogitMargin [1/100] TrueKnown-VMax mean=5.4303 std=0.4666 p10=4.8060 p50=5.4688 p90=6.0087

Test-  OSR [1/100] LR=0.0005000 ACC=47.286 F1=46.642 Rec=63.048 Prec=47.842 UNK=0.000 OS*=75.657 HOS=0.000 AUROC=66.671 AUPR=54.899 OSCR=57.471
Test-Close [1/100] LR=0.0005000 loss=2.450 ACC=75.657 F1=72.256 Rec=75.657 Prec=82.218
Test-Virtual [1/100] CloseK->V=0.000% Open->V=0.000% OpenVEntropy=0.000000 CloseHist=[0, 0, 0] OpenHist=[0, 0, 0]
Test-LogitMargin [1/100] CloseTrue-VMax mean=5.4361 std=0.4761 p10=4.7868 p50=5.4931 p90=6.0239 | OpenKnown-VMax mean=5.3149 std=0.3575 p10=4.8392 p50=5.3171 p90=5.7800
AnchorDiag [1/100] VNorm=[1.0000001192092896, 0.9999999403953552, 0.9999999403953552] VDriftMax=0.000000 Vcos(max/mean)=(0.0000/-0.0000) KVcos(max/mean)=(0.0012/-0.0024) ValK->V=0.00% CloseK->V=0.00% Open->V=0.00% OpenVEntropy=0.0000
Saving best model . . . . . . . .

Train Client0 [2/100] LR=0.0005000 loss=0.996 (CE=0.547 VIR=0.023 wVIR=0.012 AUX=0.437 w=0.500) ACC=78.233 F1=59.086 Rec=58.595 Prec=59.728
Train Client1 [2/100] LR=0.0005000 loss=0.743 (CE=0.419 VIR=0.017 wVIR=0.008 AUX=0.315 w=0.500) ACC=86.421 F1=62.760 Rec=62.222 Prec=63.622
Train Client2 [2/100] LR=0.0005000 loss=0.900 (CE=0.504 VIR=0.033 wVIR=0.016 AUX=0.379 w=0.500) ACC=82.510 F1=60.341 Rec=59.353 Prec=62.907
Train Client3 [2/100] LR=0.0005000 loss=1.137 (CE=0.589 VIR=0.055 wVIR=0.028 AUX=0.520 w=0.500) ACC=83.333 F1=63.415 Rec=62.652 Prec=64.502
Train Client4 [2/100] LR=0.0005000 loss=0.619 (CE=0.344 VIR=0.025 wVIR=0.012 AUX=0.263 w=0.500) ACC=88.872 F1=46.355 Rec=46.745 Prec=46.050
Train Client5 [2/100] LR=0.0005000 loss=0.978 (CE=0.530 VIR=0.026 wVIR=0.013 AUX=0.435 w=0.500) ACC=80.357 F1=60.625 Rec=60.172 Prec=61.284
Train Client6 [2/100] LR=0.0005000 loss=1.353 (CE=0.711 VIR=0.098 wVIR=0.049 AUX=0.593 w=0.500) ACC=79.444 F1=48.474 Rec=45.746 Prec=57.196
Train Client7 [2/100] LR=0.0005000 loss=0.977 (CE=0.529 VIR=0.032 wVIR=0.016 AUX=0.431 w=0.500) ACC=82.727 F1=53.374 Rec=51.521 Prec=57.108

Val    [2/100] LR=0.0005000 loss=2.269 ACC=81.943 F1=81.591 Rec=81.943 Prec=85.058
Val-Known->Virtual [2/100] rate=0.000% prob_mean=0.004073 margin_mean=0.566173
Val-LogitMargin [2/100] TrueKnown-VMax mean=5.7306 std=0.5324 p10=5.0525 p50=5.7507 p90=6.3895

Test-  OSR [2/100] LR=0.0005000 ACC=50.857 F1=53.155 Rec=67.810 Prec=46.665 UNK=0.000 OS*=81.371 HOS=0.000 AUROC=68.311 AUPR=61.413 OSCR=59.223
Test-Close [2/100] LR=0.0005000 loss=2.273 ACC=81.371 F1=80.876 Rec=81.371 Prec=84.731
Test-Virtual [2/100] CloseK->V=0.000% Open->V=0.000% OpenVEntropy=0.000000 CloseHist=[0, 0, 0] OpenHist=[0, 0, 0]
Test-LogitMargin [2/100] CloseTrue-VMax mean=5.7524 std=0.5315 p10=5.0635 p50=5.7577 p90=6.4523 | OpenKnown-VMax mean=5.3520 std=0.5574 p10=4.5610 p50=5.4207 p90=6.0569
AnchorDiag [2/100] VNorm=[1.0000001192092896, 0.9999999403953552, 0.9999999403953552] VDriftMax=0.000000 Vcos(max/mean)=(0.0000/-0.0000) KVcos(max/mean)=(0.0025/-0.0035) ValK->V=0.00% CloseK->V=0.00% Open->V=0.00% OpenVEntropy=0.0000
Saving best model . . . . . . . .

Train Client0 [3/100] LR=0.0005000 loss=0.813 (CE=0.448 VIR=0.018 wVIR=0.009 AUX=0.357 w=0.500) ACC=83.028 F1=79.908 Rec=79.594 Prec=80.315
Train Client1 [3/100] LR=0.0005000 loss=0.602 (CE=0.338 VIR=0.011 wVIR=0.005 AUX=0.259 w=0.500) ACC=88.510 F1=65.851 Rec=65.554 Prec=66.369
Train Client2 [3/100] LR=0.0005000 loss=0.796 (CE=0.445 VIR=0.022 wVIR=0.011 AUX=0.339 w=0.500) ACC=85.361 F1=64.866 Rec=64.804 Prec=66.366
Train Client3 [3/100] LR=0.0005000 loss=1.023 (CE=0.518 VIR=0.036 wVIR=0.018 AUX=0.487 w=0.500) ACC=84.091 F1=64.510 Rec=64.071 Prec=65.269
Train Client4 [3/100] LR=0.0005000 loss=0.542 (CE=0.295 VIR=0.021 wVIR=0.010 AUX=0.236 w=0.500) ACC=91.387 F1=54.007 Rec=52.690 Prec=57.113
Train Client5 [3/100] LR=0.0005000 loss=0.782 (CE=0.431 VIR=0.017 wVIR=0.008 AUX=0.343 w=0.500) ACC=85.625 F1=66.621 Rec=67.039 Prec=66.241
Train Client6 [3/100] LR=0.0005000 loss=1.157 (CE=0.612 VIR=0.056 wVIR=0.028 AUX=0.517 w=0.500) ACC=77.778 F1=48.498 Rec=46.371 Prec=52.742
Train Client7 [3/100] LR=0.0005000 loss=0.950 (CE=0.517 VIR=0.028 wVIR=0.014 AUX=0.420 w=0.500) ACC=82.197 F1=54.061 Rec=52.190 Prec=58.688

Val    [3/100] LR=0.0005000 loss=2.057 ACC=87.829 F1=87.524 Rec=87.829 Prec=90.078
Val-Known->Virtual [3/100] rate=0.000% prob_mean=0.002161 margin_mean=0.727445
Val-LogitMargin [3/100] TrueKnown-VMax mean=6.6539 std=0.6111 p10=5.8325 p50=6.7106 p90=7.3905

Test-  OSR [3/100] LR=0.0005000 ACC=54.821 F1=57.995 Rec=73.095 Prec=52.909 UNK=0.000 OS*=87.714 HOS=0.000 AUROC=77.840 AUPR=61.315 OSCR=72.523
Test-Close [3/100] LR=0.0005000 loss=2.058 ACC=87.714 F1=87.422 Rec=87.714 Prec=89.994
Test-Virtual [3/100] CloseK->V=0.000% Open->V=0.000% OpenVEntropy=0.000000 CloseHist=[0, 0, 0] OpenHist=[0, 0, 0]
Test-LogitMargin [3/100] CloseTrue-VMax mean=6.6751 std=0.5931 p10=5.8837 p50=6.7111 p90=7.3992 | OpenKnown-VMax mean=6.0567 std=0.7236 p10=5.1593 p50=5.9937 p90=7.0919
AnchorDiag [3/100] VNorm=[1.0000001192092896, 0.9999999403953552, 0.9999999403953552] VDriftMax=0.000000 Vcos(max/mean)=(0.0000/-0.0000) KVcos(max/mean)=(0.0067/-0.0041) ValK->V=0.00% CloseK->V=0.00% Open->V=0.00% OpenVEntropy=0.0000
Saving best model . . . . . . . .

Train Client0 [4/100] LR=0.0005000 loss=0.676 (CE=0.372 VIR=0.030 wVIR=0.001 AUX=0.304 w=0.030) ACC=86.476 F1=84.047 Rec=83.813 Prec=84.332
Train Client1 [4/100] LR=0.0005000 loss=0.491 (CE=0.276 VIR=0.016 wVIR=0.000 AUX=0.215 w=0.030) ACC=91.156 F1=71.910 Rec=70.878 Prec=75.147
Train Client2 [4/100] LR=0.0005000 loss=0.659 (CE=0.375 VIR=0.038 wVIR=0.001 AUX=0.282 w=0.030) ACC=87.548 F1=72.279 Rec=70.198 Prec=76.798
Train Client3 [4/100] LR=0.0005000 loss=0.901 (CE=0.458 VIR=0.017 wVIR=0.001 AUX=0.442 w=0.030) ACC=84.280 F1=62.918 Rec=62.123 Prec=64.478
Train Client4 [4/100] LR=0.0005000 loss=0.484 (CE=0.266 VIR=0.018 wVIR=0.001 AUX=0.217 w=0.030) ACC=91.997 F1=54.861 Rec=53.842 Prec=57.204
Train Client5 [4/100] LR=0.0005000 loss=0.613 (CE=0.340 VIR=0.022 wVIR=0.001 AUX=0.273 w=0.030) ACC=89.018 F1=69.923 Rec=69.561 Prec=70.329
Train Client6 [4/100] LR=0.0005000 loss=1.137 (CE=0.622 VIR=0.128 wVIR=0.004 AUX=0.512 w=0.030) ACC=80.556 F1=56.288 Rec=54.804 Prec=59.667
Train Client7 [4/100] LR=0.0005000 loss=0.848 (CE=0.465 VIR=0.072 wVIR=0.002 AUX=0.380 w=0.030) ACC=83.409 F1=57.787 Rec=55.332 Prec=62.209

Val    [4/100] LR=0.0005000 loss=1.934 ACC=90.971 F1=90.899 Rec=90.971 Prec=91.874
Val-Known->Virtual [4/100] rate=0.000% prob_mean=0.003390 margin_mean=0.820840
Val-LogitMargin [4/100] TrueKnown-VMax mean=6.5050 std=0.9659 p10=5.2734 p50=6.4956 p90=7.7615

Test-  OSR [4/100] LR=0.0005000 ACC=56.750 F1=59.154 Rec=75.667 Prec=50.957 UNK=0.000 OS*=90.800 HOS=0.000 AUROC=80.603 AUPR=72.341 OSCR=75.499
Test-Close [4/100] LR=0.0005000 loss=1.938 ACC=90.800 F1=90.747 Rec=90.800 Prec=91.695
Test-Virtual [4/100] CloseK->V=0.000% Open->V=0.000% OpenVEntropy=0.000000 CloseHist=[0, 0, 0] OpenHist=[0, 0, 0]
Test-LogitMargin [4/100] CloseTrue-VMax mean=6.5254 std=0.9819 p10=5.2444 p50=6.5155 p90=7.7598 | OpenKnown-VMax mean=5.3297 std=1.2381 p10=3.6703 p50=5.4773 p90=6.9651
AnchorDiag [4/100] VNorm=[1.0000001192092896, 1.0, 0.9999999403953552] VDriftMax=0.000000 Vcos(max/mean)=(0.0000/-0.0000) KVcos(max/mean)=(0.0136/-0.0031) ValK->V=0.00% CloseK->V=0.00% Open->V=0.00% OpenVEntropy=0.0000
Saving best model . . . . . . . .

Train Client0 [5/100] LR=0.0005000 loss=0.624 (CE=0.348 VIR=0.040 wVIR=0.001 AUX=0.275 w=0.030) ACC=87.284 F1=85.518 Rec=85.392 Prec=85.672
Train Client1 [5/100] LR=0.0005000 loss=0.450 (CE=0.251 VIR=0.018 wVIR=0.001 AUX=0.199 w=0.030) ACC=91.539 F1=74.074 Rec=72.348 Prec=77.656
Train Client2 [5/100] LR=0.0005000 loss=0.548 (CE=0.313 VIR=0.070 wVIR=0.002 AUX=0.232 w=0.030) ACC=89.734 F1=76.763 Rec=75.057 Prec=79.876
Train Client3 [5/100] LR=0.0005000 loss=0.692 (CE=0.353 VIR=0.030 wVIR=0.001 AUX=0.339 w=0.030) ACC=88.068 F1=67.534 Rec=66.908 Prec=68.367
Train Client4 [5/100] LR=0.0005000 loss=0.422 (CE=0.239 VIR=0.026 wVIR=0.001 AUX=0.181 w=0.030) ACC=92.302 F1=57.207 Rec=56.136 Prec=58.836
Train Client5 [5/100] LR=0.0005000 loss=0.522 (CE=0.282 VIR=0.019 wVIR=0.001 AUX=0.239 w=0.030) ACC=90.625 F1=71.276 Rec=70.940 Prec=71.662
Train Client6 [5/100] LR=0.0005000 loss=0.969 (CE=0.522 VIR=0.173 wVIR=0.005 AUX=0.442 w=0.030) ACC=82.500 F1=58.146 Rec=58.083 Prec=60.671
Train Client7 [5/100] LR=0.0005000 loss=0.787 (CE=0.431 VIR=0.108 wVIR=0.003 AUX=0.353 w=0.030) ACC=84.773 F1=58.565 Rec=56.879 Prec=61.065

Val    [5/100] LR=0.0005000 loss=1.882 ACC=93.200 F1=93.159 Rec=93.200 Prec=93.538
Val-Known->Virtual [5/100] rate=0.000% prob_mean=0.004129 margin_mean=0.832442
Val-LogitMargin [5/100] TrueKnown-VMax mean=6.3584 std=0.9140 p10=5.1676 p50=6.3901 p90=7.5918

Test-  OSR [5/100] LR=0.0005000 ACC=58.286 F1=60.802 Rec=77.714 Prec=51.388 UNK=0.000 OS*=93.257 HOS=0.000 AUROC=79.419 AUPR=68.515 OSCR=76.642
Test-Close [5/100] LR=0.0005000 loss=1.883 ACC=93.257 F1=93.213 Rec=93.257 Prec=93.546
Test-Virtual [5/100] CloseK->V=0.000% Open->V=0.000% OpenVEntropy=0.000000 CloseHist=[0, 0, 0] OpenHist=[0, 0, 0]
Test-LogitMargin [5/100] CloseTrue-VMax mean=6.3911 std=0.8892 p10=5.2542 p50=6.3716 p90=7.5675 | OpenKnown-VMax mean=4.9839 std=1.2090 p10=3.2944 p50=5.2628 p90=6.4393
AnchorDiag [5/100] VNorm=[1.0000001192092896, 1.0, 0.9999999403953552] VDriftMax=0.000000 Vcos(max/mean)=(0.0000/-0.0000) KVcos(max/mean)=(0.0197/-0.0025) ValK->V=0.00% CloseK->V=0.00% Open->V=0.00% OpenVEntropy=0.0000
Saving best model . . . . . . . .

Saving model at epoch 5 . . . . . . . .

Train Client0 [6/100] LR=0.0005000 loss=0.570 (CE=0.310 VIR=0.061 wVIR=0.002 AUX=0.258 w=0.030) ACC=87.662 F1=68.846 Rec=68.820 Prec=68.883
Train Client1 [6/100] LR=0.0005000 loss=0.383 (CE=0.215 VIR=0.023 wVIR=0.001 AUX=0.167 w=0.030) ACC=92.932 F1=76.685 Rec=74.559 Prec=81.418
Train Client2 [6/100] LR=0.0005000 loss=0.509 (CE=0.288 VIR=0.058 wVIR=0.002 AUX=0.219 w=0.030) ACC=90.304 F1=77.958 Rec=76.403 Prec=81.417
Train Client3 [6/100] LR=0.0005000 loss=0.624 (CE=0.322 VIR=0.045 wVIR=0.001 AUX=0.301 w=0.030) ACC=88.636 F1=80.713 Rec=80.337 Prec=81.223
Train Client4 [6/100] LR=0.0005000 loss=0.316 (CE=0.180 VIR=0.051 wVIR=0.002 AUX=0.134 w=0.030) ACC=94.055 F1=63.961 Rec=63.180 Prec=64.874
Train Client5 [6/100] LR=0.0005000 loss=0.488 (CE=0.268 VIR=0.040 wVIR=0.001 AUX=0.219 w=0.030) ACC=90.893 F1=71.563 Rec=71.689 Prec=71.445
Train Client6 [6/100] LR=0.0005000 loss=0.801 (CE=0.436 VIR=0.287 wVIR=0.009 AUX=0.356 w=0.030) ACC=84.722 F1=63.310 Rec=61.579 Prec=70.317
Train Client7 [6/100] LR=0.0005000 loss=0.734 (CE=0.399 VIR=0.120 wVIR=0.004 AUX=0.332 w=0.030) ACC=85.909 F1=60.576 Rec=59.244 Prec=62.780

Val    [6/100] LR=0.0005000 loss=1.857 ACC=92.171 F1=92.053 Rec=92.171 Prec=93.252
Val-Known->Virtual [6/100] rate=0.000% prob_mean=0.004624 margin_mean=0.885962
Val-LogitMargin [6/100] TrueKnown-VMax mean=6.2988 std=1.0103 p10=4.9773 p50=6.3889 p90=7.5053

Test-  OSR [6/100] LR=0.0005000 ACC=57.964 F1=61.639 Rec=77.286 Prec=54.468 UNK=0.000 OS*=92.743 HOS=0.000 AUROC=75.980 AUPR=57.697 OSCR=73.355
Test-Close [6/100] LR=0.0005000 loss=1.856 ACC=92.743 F1=92.664 Rec=92.743 Prec=93.560
Test-Virtual [6/100] CloseK->V=0.000% Open->V=0.000% OpenVEntropy=0.000000 CloseHist=[0, 0, 0] OpenHist=[0, 0, 0]
Test-LogitMargin [6/100] CloseTrue-VMax mean=6.3405 std=1.0137 p10=4.9284 p50=6.4730 p90=7.5325 | OpenKnown-VMax mean=5.3777 std=0.9105 p10=4.2516 p50=5.2970 p90=6.6065
AnchorDiag [6/100] VNorm=[1.0000001192092896, 1.0, 0.9999999403953552] VDriftMax=0.000000 Vcos(max/mean)=(0.0000/-0.0000) KVcos(max/mean)=(0.0258/-0.0022) ValK->V=0.00% CloseK->V=0.00% Open->V=0.00% OpenVEntropy=0.0000
Train Client0 [7/100] LR=0.0005000 loss=0.489 (CE=0.273 VIR=0.058 wVIR=0.002 AUX=0.214 w=0.030) ACC=89.709 F1=70.879 Rec=71.047 Prec=70.728
Train Client1 [7/100] LR=0.0005000 loss=0.323 (CE=0.184 VIR=0.029 wVIR=0.001 AUX=0.138 w=0.030) ACC=93.976 F1=77.439 Rec=75.831 Prec=81.601
Train Client2 [7/100] LR=0.0005000 loss=0.499 (CE=0.284 VIR=0.164 wVIR=0.005 AUX=0.210 w=0.030) ACC=90.637 F1=78.877 Rec=77.785 Prec=81.512
Train Client3 [7/100] LR=0.0005000 loss=0.643 (CE=0.330 VIR=0.062 wVIR=0.002 AUX=0.311 w=0.030) ACC=88.447 F1=72.285 Rec=71.332 Prec=73.645
Train Client4 [7/100] LR=0.0005000 loss=0.336 (CE=0.196 VIR=0.071 wVIR=0.002 AUX=0.138 w=0.030) ACC=94.741 F1=66.411 Rec=65.716 Prec=67.266
Train Client5 [7/100] LR=0.0005000 loss=0.399 (CE=0.217 VIR=0.037 wVIR=0.001 AUX=0.181 w=0.030) ACC=92.500 F1=73.081 Rec=72.854 Prec=73.333
Train Client6 [7/100] LR=0.0005000 loss=0.693 (CE=0.363 VIR=0.233 wVIR=0.007 AUX=0.323 w=0.030) ACC=84.444 F1=69.892 Rec=70.513 Prec=71.324
Train Client7 [7/100] LR=0.0005000 loss=0.663 (CE=0.354 VIR=0.183 wVIR=0.005 AUX=0.303 w=0.030) ACC=87.652 F1=65.042 Rec=63.729 Prec=66.850

Val    [7/100] LR=0.0005000 loss=1.839 ACC=93.257 F1=93.161 Rec=93.257 Prec=94.168
Val-Known->Virtual [7/100] rate=0.000% prob_mean=0.005698 margin_mean=0.895176
Val-LogitMargin [7/100] TrueKnown-VMax mean=6.0977 std=0.9325 p10=4.9109 p50=6.2053 p90=7.1972

Test-  OSR [7/100] LR=0.0005000 ACC=58.321 F1=61.708 Rec=77.762 Prec=54.189 UNK=0.000 OS*=93.314 HOS=0.000 AUROC=80.538 AUPR=63.968 OSCR=77.944
Test-Close [7/100] LR=0.0005000 loss=1.839 ACC=93.314 F1=93.224 Rec=93.314 Prec=94.061
Test-Virtual [7/100] CloseK->V=0.000% Open->V=0.000% OpenVEntropy=0.000000 CloseHist=[0, 0, 0] OpenHist=[0, 0, 0]
Test-LogitMargin [7/100] CloseTrue-VMax mean=6.1252 std=0.8903 p10=4.9415 p50=6.2549 p90=7.1738 | OpenKnown-VMax mean=4.8884 std=1.1784 p10=3.4161 p50=4.8027 p90=6.5433
AnchorDiag [7/100] VNorm=[1.0000001192092896, 1.0, 0.9999999403953552] VDriftMax=0.000000 Vcos(max/mean)=(0.0000/-0.0000) KVcos(max/mean)=(0.0290/-0.0017) ValK->V=0.00% CloseK->V=0.00% Open->V=0.00% OpenVEntropy=0.0000
Saving best model . . . . . . . .

Train Client0 [8/100] LR=0.0005000 loss=0.514 (CE=0.279 VIR=0.085 wVIR=0.003 AUX=0.232 w=0.030) ACC=89.386 F1=70.305 Rec=70.317 Prec=70.296
Train Client1 [8/100] LR=0.0005000 loss=0.315 (CE=0.175 VIR=0.033 wVIR=0.001 AUX=0.140 w=0.030) ACC=93.907 F1=79.776 Rec=78.651 Prec=81.324
Train Client2 [8/100] LR=0.0005000 loss=0.472 (CE=0.259 VIR=0.176 wVIR=0.005 AUX=0.207 w=0.030) ACC=92.443 F1=82.922 Rec=81.235 Prec=86.644
Train Client3 [8/100] LR=0.0005000 loss=0.492 (CE=0.260 VIR=0.039 wVIR=0.001 AUX=0.231 w=0.030) ACC=91.288 F1=81.113 Rec=80.795 Prec=81.463
Train Client4 [8/100] LR=0.0005000 loss=0.285 (CE=0.167 VIR=0.052 wVIR=0.002 AUX=0.117 w=0.030) ACC=94.436 F1=70.936 Rec=70.452 Prec=71.861
Train Client5 [8/100] LR=0.0005000 loss=0.432 (CE=0.223 VIR=0.048 wVIR=0.001 AUX=0.208 w=0.030) ACC=92.679 F1=73.236 Rec=72.832 Prec=73.700
Train Client6 [8/100] LR=0.0005000 loss=0.761 (CE=0.427 VIR=0.466 wVIR=0.014 AUX=0.321 w=0.030) ACC=85.278 F1=71.200 Rec=70.770 Prec=72.201
Train Client7 [8/100] LR=0.0005000 loss=0.654 (CE=0.354 VIR=0.235 wVIR=0.007 AUX=0.294 w=0.030) ACC=88.333 F1=66.481 Rec=65.413 Prec=67.856

Val    [8/100] LR=0.0005000 loss=1.837 ACC=93.543 F1=93.524 Rec=93.543 Prec=94.020
Val-Known->Virtual [8/100] rate=0.000% prob_mean=0.009777 margin_mean=0.879663
Val-LogitMargin [8/100] TrueKnown-VMax mean=5.6271 std=1.0209 p10=4.2812 p50=5.7191 p90=6.7697

Test-  OSR [8/100] LR=0.0005000 ACC=58.607 F1=61.110 Rec=78.143 Prec=51.779 UNK=0.000 OS*=93.771 HOS=0.000 AUROC=83.626 AUPR=72.133 OSCR=80.753
Test-Close [8/100] LR=0.0005000 loss=1.838 ACC=93.771 F1=93.742 Rec=93.771 Prec=94.188
Test-Virtual [8/100] CloseK->V=0.000% Open->V=0.000% OpenVEntropy=0.000000 CloseHist=[0, 0, 0] OpenHist=[0, 0, 0]
Test-LogitMargin [8/100] CloseTrue-VMax mean=5.6537 std=0.9950 p10=4.3658 p50=5.7460 p90=6.7832 | OpenKnown-VMax mean=4.2704 std=1.2930 p10=2.4925 p50=4.6735 p90=5.8166
AnchorDiag [8/100] VNorm=[1.0000001192092896, 1.0, 0.9999999403953552] VDriftMax=0.000000 Vcos(max/mean)=(0.0000/-0.0000) KVcos(max/mean)=(0.0329/-0.0011) ValK->V=0.00% CloseK->V=0.00% Open->V=0.00% OpenVEntropy=0.0000
Saving best model . . . . . . . .

Train Client0 [9/100] LR=0.0005000 loss=0.493 (CE=0.273 VIR=0.082 wVIR=0.002 AUX=0.218 w=0.030) ACC=90.032 F1=71.064 Rec=71.097 Prec=71.032
Train Client1 [9/100] LR=0.0005000 loss=0.335 (CE=0.190 VIR=0.058 wVIR=0.002 AUX=0.143 w=0.030) ACC=93.663 F1=75.472 Rec=74.275 Prec=78.160
Train Client2 [9/100] LR=0.0005000 loss=0.481 (CE=0.267 VIR=0.176 wVIR=0.005 AUX=0.209 w=0.030) ACC=91.778 F1=80.614 Rec=78.952 Prec=84.085
Train Client3 [9/100] LR=0.0005000 loss=0.523 (CE=0.259 VIR=0.119 wVIR=0.004 AUX=0.261 w=0.030) ACC=92.803 F1=83.952 Rec=82.446 Prec=85.740
Train Client4 [9/100] LR=0.0005000 loss=0.281 (CE=0.170 VIR=0.090 wVIR=0.003 AUX=0.109 w=0.030) ACC=95.122 F1=76.204 Rec=75.096 Prec=78.399
Train Client5 [9/100] LR=0.0005000 loss=0.305 (CE=0.167 VIR=0.054 wVIR=0.002 AUX=0.136 w=0.030) ACC=94.732 F1=75.631 Rec=75.691 Prec=75.583
Train Client6 [9/100] LR=0.0005000 loss=0.752 (CE=0.408 VIR=0.435 wVIR=0.013 AUX=0.331 w=0.030) ACC=86.389 F1=75.051 Rec=78.299 Prec=74.051
Train Client7 [9/100] LR=0.0005000 loss=0.537 (CE=0.288 VIR=0.240 wVIR=0.007 AUX=0.241 w=0.030) ACC=90.000 F1=87.695 Rec=86.628 Prec=88.924

Val    [9/100] LR=0.0005000 loss=1.825 ACC=93.771 F1=93.693 Rec=93.771 Prec=94.490
Val-Known->Virtual [9/100] rate=0.000% prob_mean=0.015226 margin_mean=0.897360
Val-LogitMargin [9/100] TrueKnown-VMax mean=5.2948 std=1.0834 p10=3.8623 p50=5.4678 p90=6.4846

Test-  OSR [9/100] LR=0.0005000 ACC=59.000 F1=61.554 Rec=78.667 Prec=52.872 UNK=0.000 OS*=94.400 HOS=0.000 AUROC=78.115 AUPR=64.152 OSCR=75.987
Test-Close [9/100] LR=0.0005000 loss=1.823 ACC=94.400 F1=94.340 Rec=94.400 Prec=94.887
Test-Virtual [9/100] CloseK->V=0.000% Open->V=0.000% OpenVEntropy=0.000000 CloseHist=[0, 0, 0] OpenHist=[0, 0, 0]
Test-LogitMargin [9/100] CloseTrue-VMax mean=5.3276 std=1.0726 p10=3.8183 p50=5.4868 p90=6.5035 | OpenKnown-VMax mean=4.3584 std=0.9108 p10=3.2263 p50=4.3264 p90=5.6017
AnchorDiag [9/100] VNorm=[1.0000001192092896, 1.0, 0.9999999403953552] VDriftMax=0.000000 Vcos(max/mean)=(0.0000/-0.0000) KVcos(max/mean)=(0.0366/-0.0000) ValK->V=0.00% CloseK->V=0.00% Open->V=0.00% OpenVEntropy=0.0000
Train Client0 [10/100] LR=0.0005000 loss=0.448 (CE=0.244 VIR=0.091 wVIR=0.003 AUX=0.201 w=0.030) ACC=90.194 F1=71.332 Rec=71.544 Prec=71.136
Train Client1 [10/100] LR=0.0005000 loss=0.285 (CE=0.160 VIR=0.077 wVIR=0.002 AUX=0.123 w=0.030) ACC=94.916 F1=82.487 Rec=81.217 Prec=84.357
Train Client2 [10/100] LR=0.0005000 loss=0.384 (CE=0.211 VIR=0.186 wVIR=0.006 AUX=0.167 w=0.030) ACC=92.966 F1=85.414 Rec=84.524 Prec=86.599
Train Client3 [10/100] LR=0.0005000 loss=0.452 (CE=0.219 VIR=0.045 wVIR=0.001 AUX=0.231 w=0.030) ACC=91.477 F1=83.723 Rec=83.224 Prec=84.446
Train Client4 [10/100] LR=0.0005000 loss=0.242 (CE=0.141 VIR=0.112 wVIR=0.003 AUX=0.097 w=0.030) ACC=95.960 F1=73.789 Rec=72.353 Prec=75.585
Train Client5 [10/100] LR=0.0005000 loss=0.396 (CE=0.209 VIR=0.089 wVIR=0.003 AUX=0.184 w=0.030) ACC=94.196 F1=75.120 Rec=75.315 Prec=74.935
Train Client6 [10/100] LR=0.0005000 loss=0.554 (CE=0.306 VIR=0.446 wVIR=0.013 AUX=0.234 w=0.030) ACC=88.889 F1=76.547 Rec=77.925 Prec=76.468
Train Client7 [10/100] LR=0.0005000 loss=0.516 (CE=0.280 VIR=0.216 wVIR=0.006 AUX=0.230 w=0.030) ACC=90.227 F1=68.050 Rec=67.622 Prec=68.597

Val    [10/100] LR=0.0005000 loss=1.815 ACC=93.943 F1=93.887 Rec=93.943 Prec=94.563
Val-Known->Virtual [10/100] rate=0.000% prob_mean=0.014376 margin_mean=0.920609
Val-LogitMargin [10/100] TrueKnown-VMax mean=5.1971 std=0.9461 p10=4.0532 p50=5.3454 p90=6.1675

Test-  OSR [10/100] LR=0.0005000 ACC=59.000 F1=61.653 Rec=78.667 Prec=52.855 UNK=0.000 OS*=94.400 HOS=0.000 AUROC=85.690 AUPR=75.205 OSCR=82.827
Test-Close [10/100] LR=0.0005000 loss=1.810 ACC=94.400 F1=94.351 Rec=94.400 Prec=94.800
Test-Virtual [10/100] CloseK->V=0.000% Open->V=0.000% OpenVEntropy=0.000000 CloseHist=[0, 0, 0] OpenHist=[0, 0, 0]
Test-LogitMargin [10/100] CloseTrue-VMax mean=5.2166 std=0.9430 p10=3.9489 p50=5.4002 p90=6.1885 | OpenKnown-VMax mean=3.8580 std=1.1429 p10=2.3620 p50=4.0059 p90=5.3390
AnchorDiag [10/100] VNorm=[1.0000001192092896, 1.0, 0.9999999403953552] VDriftMax=0.000000 Vcos(max/mean)=(0.0000/-0.0000) KVcos(max/mean)=(0.0390/0.0006) ValK->V=0.00% CloseK->V=0.00% Open->V=0.00% OpenVEntropy=0.0000
Saving best model . . . . . . . .

Saving model at epoch 10 . . . . . . . .

Train Client0 [11/100] LR=0.0005000 loss=0.421 (CE=0.227 VIR=0.088 wVIR=0.003 AUX=0.191 w=0.030) ACC=90.787 F1=72.103 Rec=72.523 Prec=71.731
Train Client1 [11/100] LR=0.0005000 loss=0.281 (CE=0.155 VIR=0.086 wVIR=0.003 AUX=0.123 w=0.030) ACC=95.299 F1=85.763 Rec=84.184 Prec=87.787
Train Client2 [11/100] LR=0.0005000 loss=0.418 (CE=0.227 VIR=0.232 wVIR=0.007 AUX=0.184 w=0.030) ACC=92.871 F1=83.300 Rec=81.488 Prec=86.304
Train Client3 [11/100] LR=0.0005000 loss=0.420 (CE=0.205 VIR=0.095 wVIR=0.003 AUX=0.212 w=0.030) ACC=92.424 F1=85.588 Rec=87.340 Prec=84.588
Train Client4 [11/100] LR=0.0005000 loss=0.253 (CE=0.150 VIR=0.139 wVIR=0.004 AUX=0.098 w=0.030) ACC=94.970 F1=69.556 Rec=69.113 Prec=70.059
Train Client5 [11/100] LR=0.0005000 loss=0.259 (CE=0.145 VIR=0.066 wVIR=0.002 AUX=0.112 w=0.030) ACC=94.464 F1=83.426 Rec=80.565 Prec=95.295
Train Client6 [11/100] LR=0.0005000 loss=0.607 (CE=0.331 VIR=0.542 wVIR=0.016 AUX=0.259 w=0.030) ACC=89.722 F1=81.762 Rec=79.925 Prec=84.416
Train Client7 [11/100] LR=0.0005000 loss=0.525 (CE=0.276 VIR=0.306 wVIR=0.009 AUX=0.240 w=0.030) ACC=90.606 F1=68.460 Rec=66.646 Prec=70.914

Val    [11/100] LR=0.0005000 loss=1.806 ACC=94.057 F1=93.970 Rec=94.057 Prec=94.752
Val-Known->Virtual [11/100] rate=0.000% prob_mean=0.014599 margin_mean=0.920559
Val-LogitMargin [11/100] TrueKnown-VMax mean=5.2536 std=0.9832 p10=4.0018 p50=5.4071 p90=6.3103

Test-  OSR [11/100] LR=0.0005000 ACC=59.107 F1=61.667 Rec=78.810 Prec=52.977 UNK=0.000 OS*=94.571 HOS=0.000 AUROC=83.729 AUPR=74.438 OSCR=81.250
Test-Close [11/100] LR=0.0005000 loss=1.798 ACC=94.571 F1=94.507 Rec=94.571 Prec=95.053
Test-Virtual [11/100] CloseK->V=0.000% Open->V=0.000% OpenVEntropy=0.000000 CloseHist=[0, 0, 0] OpenHist=[0, 0, 0]
Test-LogitMargin [11/100] CloseTrue-VMax mean=5.2919 std=0.9677 p10=3.9535 p50=5.4518 p90=6.3230 | OpenKnown-VMax mean=3.8826 std=1.4205 p10=1.8558 p50=4.2140 p90=5.6013
AnchorDiag [11/100] VNorm=[1.0000001192092896, 1.0, 0.9999999403953552] VDriftMax=0.000000 Vcos(max/mean)=(0.0000/-0.0000) KVcos(max/mean)=(0.0417/0.0017) ValK->V=0.00% CloseK->V=0.00% Open->V=0.00% OpenVEntropy=0.0000
Train Client0 [12/100] LR=0.0005000 loss=0.408 (CE=0.220 VIR=0.107 wVIR=0.003 AUX=0.184 w=0.030) ACC=92.080 F1=72.950 Rec=73.142 Prec=72.769
Train Client1 [12/100] LR=0.0005000 loss=0.257 (CE=0.144 VIR=0.084 wVIR=0.003 AUX=0.111 w=0.030) ACC=95.508 F1=84.842 Rec=82.921 Prec=87.701
Train Client2 [12/100] LR=0.0005000 loss=0.396 (CE=0.218 VIR=0.282 wVIR=0.008 AUX=0.169 w=0.030) ACC=93.251 F1=82.454 Rec=81.062 Prec=84.634
Train Client3 [12/100] LR=0.0005000 loss=0.430 (CE=0.213 VIR=0.117 wVIR=0.004 AUX=0.213 w=0.030) ACC=91.856 F1=85.681 Rec=83.966 Prec=87.710
Train Client4 [12/100] LR=0.0005000 loss=0.241 (CE=0.141 VIR=0.150 wVIR=0.004 AUX=0.096 w=0.030) ACC=95.503 F1=71.270 Rec=70.402 Prec=72.556
Train Client5 [12/100] LR=0.0005000 loss=0.298 (CE=0.158 VIR=0.086 wVIR=0.003 AUX=0.138 w=0.030) ACC=96.161 F1=76.741 Rec=76.824 Prec=76.659
Train Client6 [12/100] LR=0.0005000 loss=0.599 (CE=0.328 VIR=0.616 wVIR=0.018 AUX=0.252 w=0.030) ACC=89.722 F1=81.214 Rec=79.492 Prec=86.057
Train Client7 [12/100] LR=0.0005000 loss=0.503 (CE=0.267 VIR=0.355 wVIR=0.011 AUX=0.226 w=0.030) ACC=91.439 F1=69.000 Rec=67.814 Prec=70.500

Val    [12/100] LR=0.0005000 loss=1.816 ACC=94.114 F1=94.064 Rec=94.114 Prec=94.694
Val-Known->Virtual [12/100] rate=0.000% prob_mean=0.021372 margin_mean=0.913026
Val-LogitMargin [12/100] TrueKnown-VMax mean=4.8537 std=0.9651 p10=3.6758 p50=4.9724 p90=5.9157

Test-  OSR [12/100] LR=0.0005000 ACC=58.893 F1=62.716 Rec=78.524 Prec=55.160 UNK=0.000 OS*=94.229 HOS=0.000 AUROC=86.489 AUPR=78.529 OSCR=83.542
Test-Close [12/100] LR=0.0005000 loss=1.809 ACC=94.229 F1=94.165 Rec=94.229 Prec=94.730
Test-Virtual [12/100] CloseK->V=0.000% Open->V=0.000% OpenVEntropy=0.000000 CloseHist=[0, 0, 0] OpenHist=[0, 0, 0]
Test-LogitMargin [12/100] CloseTrue-VMax mean=4.8807 std=0.9322 p10=3.6931 p50=4.9979 p90=5.9054 | OpenKnown-VMax mean=3.4793 std=1.3271 p10=1.5511 p50=3.6528 p90=5.1290
AnchorDiag [12/100] VNorm=[1.0000001192092896, 1.0, 0.9999999403953552] VDriftMax=0.000000 Vcos(max/mean)=(0.0000/-0.0000) KVcos(max/mean)=(0.0428/0.0022) ValK->V=0.00% CloseK->V=0.00% Open->V=0.00% OpenVEntropy=0.0000
Saving best model . . . . . . . .

Train Client0 [13/100] LR=0.0005000 loss=0.355 (CE=0.195 VIR=0.089 wVIR=0.003 AUX=0.158 w=0.030) ACC=92.511 F1=91.719 Rec=92.143 Prec=91.357
Train Client1 [13/100] LR=0.0005000 loss=0.237 (CE=0.130 VIR=0.063 wVIR=0.002 AUX=0.105 w=0.030) ACC=95.682 F1=87.029 Rec=86.453 Prec=87.648
Train Client2 [13/100] LR=0.0005000 loss=0.342 (CE=0.187 VIR=0.205 wVIR=0.006 AUX=0.149 w=0.030) ACC=94.392 F1=87.536 Rec=86.200 Prec=89.769
Train Client3 [13/100] LR=0.0005000 loss=0.411 (CE=0.199 VIR=0.094 wVIR=0.003 AUX=0.210 w=0.030) ACC=94.129 F1=90.551 Rec=90.151 Prec=91.019
Train Client4 [13/100] LR=0.0005000 loss=0.235 (CE=0.140 VIR=0.172 wVIR=0.005 AUX=0.090 w=0.030) ACC=95.274 F1=71.360 Rec=70.761 Prec=72.097
Train Client5 [13/100] LR=0.0005000 loss=0.367 (CE=0.196 VIR=0.151 wVIR=0.005 AUX=0.166 w=0.030) ACC=93.839 F1=89.490 Rec=89.620 Prec=89.372
Train Client6 [13/100] LR=0.0005000 loss=0.533 (CE=0.278 VIR=0.452 wVIR=0.014 AUX=0.242 w=0.030) ACC=89.722 F1=80.051 Rec=82.748 Prec=78.394
Train Client7 [13/100] LR=0.0005000 loss=0.457 (CE=0.239 VIR=0.318 wVIR=0.010 AUX=0.209 w=0.030) ACC=92.348 F1=91.147 Rec=90.700 Prec=91.665

Val    [13/100] LR=0.0005000 loss=1.794 ACC=94.686 F1=94.655 Rec=94.686 Prec=95.087
Val-Known->Virtual [13/100] rate=0.000% prob_mean=0.016597 margin_mean=0.920483
Val-LogitMargin [13/100] TrueKnown-VMax mean=5.1471 std=1.0343 p10=3.8443 p50=5.2440 p90=6.3464

Test-  OSR [13/100] LR=0.0005000 ACC=59.357 F1=62.145 Rec=79.143 Prec=53.014 UNK=0.000 OS*=94.971 HOS=0.000 AUROC=86.279 AUPR=79.384 OSCR=83.857
Test-Close [13/100] LR=0.0005000 loss=1.789 ACC=94.971 F1=94.933 Rec=94.971 Prec=95.182
Test-Virtual [13/100] CloseK->V=0.000% Open->V=0.000% OpenVEntropy=0.000000 CloseHist=[0, 0, 0] OpenHist=[0, 0, 0]
Test-LogitMargin [13/100] CloseTrue-VMax mean=5.1705 std=0.9996 p10=3.9256 p50=5.2761 p90=6.2830 | OpenKnown-VMax mean=3.5344 std=1.3545 p10=1.5344 p50=3.7879 p90=5.1460
AnchorDiag [13/100] VNorm=[1.0000001192092896, 1.0, 0.9999999403953552] VDriftMax=0.000000 Vcos(max/mean)=(0.0000/-0.0000) KVcos(max/mean)=(0.0435/0.0033) ValK->V=0.00% CloseK->V=0.00% Open->V=0.00% OpenVEntropy=0.0000
Saving best model . . . . . . . .

Train Client0 [14/100] LR=0.0005000 loss=0.352 (CE=0.193 VIR=0.102 wVIR=0.003 AUX=0.156 w=0.030) ACC=93.103 F1=74.091 Rec=74.437 Prec=73.787
Train Client1 [14/100] LR=0.0005000 loss=0.254 (CE=0.143 VIR=0.087 wVIR=0.003 AUX=0.109 w=0.030) ACC=95.334 F1=85.312 Rec=83.606 Prec=87.558
Train Client2 [14/100] LR=0.0005000 loss=0.357 (CE=0.195 VIR=0.272 wVIR=0.008 AUX=0.155 w=0.030) ACC=93.774 F1=84.765 Rec=83.134 Prec=87.358
Train Client3 [14/100] LR=0.0005000 loss=0.346 (CE=0.184 VIR=0.053 wVIR=0.002 AUX=0.160 w=0.030) ACC=92.803 F1=89.208 Rec=90.165 Prec=88.561
Train Client4 [14/100] LR=0.0005000 loss=0.190 (CE=0.115 VIR=0.161 wVIR=0.005 AUX=0.070 w=0.030) ACC=96.113 F1=75.416 Rec=75.101 Prec=75.850
Train Client5 [14/100] LR=0.0005000 loss=0.299 (CE=0.160 VIR=0.123 wVIR=0.004 AUX=0.136 w=0.030) ACC=94.732 F1=75.515 Rec=75.402 Prec=75.651
Train Client6 [14/100] LR=0.0005000 loss=0.635 (CE=0.357 VIR=0.696 wVIR=0.021 AUX=0.257 w=0.030) ACC=86.667 F1=76.172 Rec=79.210 Prec=74.372
Train Client7 [14/100] LR=0.0005000 loss=0.456 (CE=0.247 VIR=0.362 wVIR=0.011 AUX=0.198 w=0.030) ACC=92.121 F1=90.383 Rec=89.299 Prec=91.587

Val    [14/100] LR=0.0005000 loss=1.800 ACC=94.800 F1=94.779 Rec=94.800 Prec=95.237
Val-Known->Virtual [14/100] rate=0.000% prob_mean=0.018210 margin_mean=0.916877
Val-LogitMargin [14/100] TrueKnown-VMax mean=5.0271 std=0.8992 p10=3.9110 p50=5.0988 p90=6.0561

Test-  OSR [14/100] LR=0.0005000 ACC=59.357 F1=62.492 Rec=79.143 Prec=53.784 UNK=0.000 OS*=94.971 HOS=0.000 AUROC=86.751 AUPR=78.286 OSCR=84.290
Test-Close [14/100] LR=0.0005000 loss=1.794 ACC=94.971 F1=94.944 Rec=94.971 Prec=95.296
Test-Virtual [14/100] CloseK->V=0.000% Open->V=0.000% OpenVEntropy=0.000000 CloseHist=[0, 0, 0] OpenHist=[0, 0, 0]
Test-LogitMargin [14/100] CloseTrue-VMax mean=5.0496 std=0.8835 p10=3.9516 p50=5.1608 p90=6.0447 | OpenKnown-VMax mean=3.5152 std=1.3124 p10=1.5950 p50=3.6600 p90=5.1717
AnchorDiag [14/100] VNorm=[1.0000001192092896, 1.0, 0.9999999403953552] VDriftMax=0.000000 Vcos(max/mean)=(0.0000/-0.0000) KVcos(max/mean)=(0.0460/0.0046) ValK->V=0.00% CloseK->V=0.00% Open->V=0.00% OpenVEntropy=0.0000
Saving best model . . . . . . . .

Train Client0 [15/100] LR=0.0005000 loss=0.332 (CE=0.181 VIR=0.096 wVIR=0.003 AUX=0.148 w=0.030) ACC=92.834 F1=73.717 Rec=73.935 Prec=73.516
Train Client1 [15/100] LR=0.0005000 loss=0.224 (CE=0.123 VIR=0.091 wVIR=0.003 AUX=0.098 w=0.030) ACC=95.961 F1=84.508 Rec=83.161 Prec=86.413
Train Client2 [15/100] LR=0.0005000 loss=0.395 (CE=0.215 VIR=0.276 wVIR=0.008 AUX=0.172 w=0.030) ACC=93.536 F1=85.047 Rec=83.597 Prec=87.558
Train Client3 [15/100] LR=0.0005000 loss=0.384 (CE=0.199 VIR=0.072 wVIR=0.002 AUX=0.182 w=0.030) ACC=93.182 F1=84.606 Rec=86.211 Prec=83.496
Train Client4 [15/100] LR=0.0005000 loss=0.210 (CE=0.125 VIR=0.190 wVIR=0.006 AUX=0.079 w=0.030) ACC=96.189 F1=78.088 Rec=80.025 Prec=76.493
Train Client5 [15/100] LR=0.0005000 loss=0.254 (CE=0.138 VIR=0.107 wVIR=0.003 AUX=0.113 w=0.030) ACC=95.446 F1=86.193 Rec=90.657 Prec=84.277
Train Client6 [15/100] LR=0.0005000 loss=0.516 (CE=0.288 VIR=0.600 wVIR=0.018 AUX=0.210 w=0.030) ACC=90.000 F1=83.416 Rec=83.609 Prec=83.823
Train Client7 [15/100] LR=0.0005000 loss=0.467 (CE=0.251 VIR=0.393 wVIR=0.012 AUX=0.204 w=0.030) ACC=92.652 F1=91.571 Rec=90.461 Prec=92.845

Val    [15/100] LR=0.0005000 loss=1.788 ACC=95.143 F1=95.112 Rec=95.143 Prec=95.569
Val-Known->Virtual [15/100] rate=0.000% prob_mean=0.017142 margin_mean=0.925462
Val-LogitMargin [15/100] TrueKnown-VMax mean=5.0514 std=0.8313 p10=4.0405 p50=5.1706 p90=5.9800

Test-  OSR [15/100] LR=0.0005000 ACC=59.393 F1=62.225 Rec=79.190 Prec=53.339 UNK=0.000 OS*=95.029 HOS=0.000 AUROC=84.559 AUPR=78.072 OSCR=82.270
Test-Close [15/100] LR=0.0005000 loss=1.785 ACC=95.029 F1=94.976 Rec=95.029 Prec=95.291
Test-Virtual [15/100] CloseK->V=0.000% Open->V=0.000% OpenVEntropy=0.000000 CloseHist=[0, 0, 0] OpenHist=[0, 0, 0]
Test-LogitMargin [15/100] CloseTrue-VMax mean=5.0667 std=0.8286 p10=4.0445 p50=5.1759 p90=5.9501 | OpenKnown-VMax mean=3.4086 std=1.4526 p10=1.2931 p50=3.6420 p90=5.1601
AnchorDiag [15/100] VNorm=[1.0000001192092896, 1.0, 0.9999999403953552] VDriftMax=0.000000 Vcos(max/mean)=(0.0000/-0.0000) KVcos(max/mean)=(0.0456/0.0052) ValK->V=0.00% CloseK->V=0.00% Open->V=0.00% OpenVEntropy=0.0000
Saving model at epoch 15 . . . . . . . .

Train Client0 [16/100] LR=0.0005000 loss=0.332 (CE=0.178 VIR=0.128 wVIR=0.004 AUX=0.150 w=0.030) ACC=93.265 F1=74.166 Rec=74.626 Prec=73.774
Train Client1 [16/100] LR=0.0005000 loss=0.213 (CE=0.120 VIR=0.088 wVIR=0.003 AUX=0.091 w=0.030) ACC=96.483 F1=89.893 Rec=88.804 Prec=91.132
Train Client2 [16/100] LR=0.0005000 loss=0.360 (CE=0.196 VIR=0.259 wVIR=0.008 AUX=0.157 w=0.030) ACC=94.202 F1=86.292 Rec=85.284 Prec=87.771
Train Client3 [16/100] LR=0.0005000 loss=0.284 (CE=0.142 VIR=0.083 wVIR=0.002 AUX=0.140 w=0.030) ACC=95.644 F1=92.013 Rec=91.369 Prec=92.796
Train Client4 [16/100] LR=0.0005000 loss=0.212 (CE=0.128 VIR=0.153 wVIR=0.005 AUX=0.079 w=0.030) ACC=96.570 F1=77.915 Rec=75.700 Prec=81.000
Train Client5 [16/100] LR=0.0005000 loss=0.223 (CE=0.128 VIR=0.061 wVIR=0.002 AUX=0.094 w=0.030) ACC=96.071 F1=76.864 Rec=77.025 Prec=76.706
Train Client6 [16/100] LR=0.0005000 loss=0.531 (CE=0.280 VIR=0.773 wVIR=0.023 AUX=0.227 w=0.030) ACC=91.111 F1=85.423 Rec=83.879 Prec=87.444
Train Client7 [16/100] LR=0.0005000 loss=0.457 (CE=0.241 VIR=0.335 wVIR=0.010 AUX=0.206 w=0.030) ACC=92.197 F1=69.603 Rec=68.383 Prec=70.970

Val    [16/100] LR=0.0005000 loss=1.795 ACC=94.914 F1=94.898 Rec=94.914 Prec=95.294
Val-Known->Virtual [16/100] rate=0.000% prob_mean=0.013833 margin_mean=0.935658
Val-LogitMargin [16/100] TrueKnown-VMax mean=5.2941 std=0.9192 p10=4.2211 p50=5.4195 p90=6.2766

Test-  OSR [16/100] LR=0.0005000 ACC=59.607 F1=62.378 Rec=79.349 Prec=69.883 UNK=0.381 OS*=95.143 HOS=0.759 AUROC=87.765 AUPR=81.154 OSCR=85.152
Test-Close [16/100] LR=0.0005000 loss=1.787 ACC=95.143 F1=95.099 Rec=95.143 Prec=95.431
Test-Virtual [16/100] CloseK->V=0.000% Open->V=0.381% OpenVEntropy=0.511860 CloseHist=[0, 0, 0] OpenHist=[0, 1, 3]
Test-LogitMargin [16/100] CloseTrue-VMax mean=5.3084 std=0.9066 p10=4.2565 p50=5.4402 p90=6.2501 | OpenKnown-VMax mean=3.5746 std=1.5253 p10=1.3169 p50=3.8340 p90=5.3943
AnchorDiag [16/100] VNorm=[1.0000001192092896, 1.0, 0.9999999403953552] VDriftMax=0.000000 Vcos(max/mean)=(0.0000/-0.0000) KVcos(max/mean)=(0.0454/0.0057) ValK->V=0.00% CloseK->V=0.00% Open->V=0.38% OpenVEntropy=0.5119
Saving best model . . . . . . . .

Train Client0 [17/100] LR=0.0005000 loss=0.354 (CE=0.192 VIR=0.105 wVIR=0.003 AUX=0.160 w=0.030) ACC=93.696 F1=74.502 Rec=74.929 Prec=74.127
Train Client1 [17/100] LR=0.0005000 loss=0.199 (CE=0.110 VIR=0.082 wVIR=0.002 AUX=0.086 w=0.030) ACC=96.344 F1=87.479 Rec=86.530 Prec=88.672
Train Client2 [17/100] LR=0.0005000 loss=0.335 (CE=0.187 VIR=0.258 wVIR=0.008 AUX=0.140 w=0.030) ACC=93.774 F1=86.677 Rec=85.574 Prec=88.144
Train Client3 [17/100] LR=0.0005000 loss=0.284 (CE=0.158 VIR=0.073 wVIR=0.002 AUX=0.124 w=0.030) ACC=94.697 F1=88.967 Rec=87.907 Prec=90.305
Train Client4 [17/100] LR=0.0005000 loss=0.187 (CE=0.109 VIR=0.226 wVIR=0.007 AUX=0.071 w=0.030) ACC=96.570 F1=81.641 Rec=82.539 Prec=80.904
Train Client5 [17/100] LR=0.0005000 loss=0.261 (CE=0.133 VIR=0.090 wVIR=0.003 AUX=0.126 w=0.030) ACC=95.714 F1=76.131 Rec=75.868 Prec=76.419
Train Client6 [17/100] LR=0.0005000 loss=0.519 (CE=0.273 VIR=0.485 wVIR=0.015 AUX=0.231 w=0.030) ACC=91.944 F1=85.571 Rec=83.273 Prec=89.378
Train Client7 [17/100] LR=0.0005000 loss=0.382 (CE=0.202 VIR=0.309 wVIR=0.009 AUX=0.171 w=0.030) ACC=93.636 F1=91.598 Rec=90.790 Prec=92.530

Val    [17/100] LR=0.0005000 loss=1.794 ACC=94.686 F1=94.656 Rec=94.686 Prec=95.157
Val-Known->Virtual [17/100] rate=0.000% prob_mean=0.014063 margin_mean=0.929287
Val-LogitMargin [17/100] TrueKnown-VMax mean=5.2689 std=0.9285 p10=4.1288 p50=5.3975 p90=6.2914

Test-  OSR [17/100] LR=0.0005000 ACC=59.571 F1=62.033 Rec=79.206 Prec=69.245 UNK=0.667 OS*=94.914 HOS=1.324 AUROC=86.098 AUPR=80.900 OSCR=83.438
Test-Close [17/100] LR=0.0005000 loss=1.784 ACC=94.914 F1=94.865 Rec=94.914 Prec=95.244
Test-Virtual [17/100] CloseK->V=0.000% Open->V=0.667% OpenVEntropy=-0.000000 CloseHist=[0, 0, 0] OpenHist=[0, 7, 0]
Test-LogitMargin [17/100] CloseTrue-VMax mean=5.2780 std=0.9058 p10=4.0856 p50=5.4118 p90=6.2229 | OpenKnown-VMax mean=3.5481 std=1.5724 p10=1.1361 p50=4.0058 p90=5.3158
AnchorDiag [17/100] VNorm=[1.0000001192092896, 1.0, 0.9999999403953552] VDriftMax=0.000000 Vcos(max/mean)=(0.0000/-0.0000) KVcos(max/mean)=(0.0458/0.0060) ValK->V=0.00% CloseK->V=0.00% Open->V=0.67% OpenVEntropy=-0.0000
Train Client0 [18/100] LR=0.0005000 loss=0.314 (CE=0.166 VIR=0.124 wVIR=0.004 AUX=0.144 w=0.030) ACC=94.019 F1=93.414 Rec=93.631 Prec=93.204
Train Client1 [18/100] LR=0.0005000 loss=0.185 (CE=0.103 VIR=0.065 wVIR=0.002 AUX=0.080 w=0.030) ACC=96.518 F1=87.752 Rec=87.019 Prec=88.562
Train Client2 [18/100] LR=0.0005000 loss=0.326 (CE=0.175 VIR=0.236 wVIR=0.007 AUX=0.145 w=0.030) ACC=94.534 F1=86.949 Rec=85.592 Prec=88.966
Train Client3 [18/100] LR=0.0005000 loss=0.370 (CE=0.175 VIR=0.055 wVIR=0.002 AUX=0.193 w=0.030) ACC=93.939 F1=87.804 Rec=86.433 Prec=89.428
Train Client4 [18/100] LR=0.0005000 loss=0.171 (CE=0.094 VIR=0.178 wVIR=0.005 AUX=0.071 w=0.030) ACC=97.561 F1=83.801 Rec=82.749 Prec=84.951
Train Client5 [18/100] LR=0.0005000 loss=0.245 (CE=0.127 VIR=0.087 wVIR=0.003 AUX=0.115 w=0.030) ACC=96.696 F1=82.102 Rec=82.445 Prec=81.878
Train Client6 [18/100] LR=0.0005000 loss=0.528 (CE=0.275 VIR=0.769 wVIR=0.023 AUX=0.230 w=0.030) ACC=90.000 F1=82.053 Rec=82.317 Prec=82.517
Train Client7 [18/100] LR=0.0005000 loss=0.435 (CE=0.223 VIR=0.429 wVIR=0.013 AUX=0.199 w=0.030) ACC=93.030 F1=72.072 Rec=71.096 Prec=73.186

Val    [18/100] LR=0.0005000 loss=1.797 ACC=94.971 F1=94.943 Rec=94.971 Prec=95.466
Val-Known->Virtual [18/100] rate=0.000% prob_mean=0.014214 margin_mean=0.948800
Val-LogitMargin [18/100] TrueKnown-VMax mean=5.2942 std=1.0356 p10=4.1280 p50=5.4575 p90=6.3280

Test-  OSR [18/100] LR=0.0005000 ACC=59.286 F1=62.599 Rec=79.016 Prec=71.035 UNK=0.095 OS*=94.800 HOS=0.190 AUROC=84.904 AUPR=76.647 OSCR=82.469
Test-Close [18/100] LR=0.0005000 loss=1.790 ACC=94.800 F1=94.738 Rec=94.800 Prec=95.234
Test-Virtual [18/100] CloseK->V=0.000% Open->V=0.095% OpenVEntropy=-0.000000 CloseHist=[0, 0, 0] OpenHist=[0, 1, 0]
Test-LogitMargin [18/100] CloseTrue-VMax mean=5.3225 std=1.0054 p10=4.1168 p50=5.5089 p90=6.3047 | OpenKnown-VMax mean=3.8601 std=1.3774 p10=1.8468 p50=4.0127 p90=5.5639
AnchorDiag [18/100] VNorm=[1.0000001192092896, 1.0, 0.9999999403953552] VDriftMax=0.000000 Vcos(max/mean)=(0.0000/-0.0000) KVcos(max/mean)=(0.0467/0.0066) ValK->V=0.00% CloseK->V=0.00% Open->V=0.10% OpenVEntropy=-0.0000
Train Client0 [19/100] LR=0.0005000 loss=0.310 (CE=0.167 VIR=0.086 wVIR=0.003 AUX=0.141 w=0.030) ACC=92.726 F1=73.801 Rec=74.259 Prec=73.411
Train Client1 [19/100] LR=0.0005000 loss=0.191 (CE=0.106 VIR=0.083 wVIR=0.002 AUX=0.082 w=0.030) ACC=96.623 F1=88.318 Rec=87.602 Prec=89.091
Train Client2 [19/100] LR=0.0005000 loss=0.313 (CE=0.174 VIR=0.262 wVIR=0.008 AUX=0.131 w=0.030) ACC=94.392 F1=87.726 Rec=86.433 Prec=89.731
Train Client3 [19/100] LR=0.0005000 loss=0.397 (CE=0.205 VIR=0.213 wVIR=0.006 AUX=0.185 w=0.030) ACC=94.508 F1=91.003 Rec=90.562 Prec=91.485
Train Client4 [19/100] LR=0.0005000 loss=0.164 (CE=0.106 VIR=0.228 wVIR=0.007 AUX=0.052 w=0.030) ACC=97.713 F1=82.813 Rec=84.989 Prec=81.132
Train Client5 [19/100] LR=0.0005000 loss=0.167 (CE=0.094 VIR=0.087 wVIR=0.003 AUX=0.070 w=0.030) ACC=96.786 F1=87.426 Rec=87.429 Prec=87.430
Train Client6 [19/100] LR=0.0005000 loss=0.476 (CE=0.257 VIR=0.539 wVIR=0.016 AUX=0.203 w=0.030) ACC=89.167 F1=82.170 Rec=84.054 Prec=80.735
Train Client7 [19/100] LR=0.0005000 loss=0.439 (CE=0.232 VIR=0.389 wVIR=0.012 AUX=0.195 w=0.030) ACC=92.500 F1=90.593 Rec=89.830 Prec=91.460

Val    [19/100] LR=0.0005000 loss=1.778 ACC=95.143 F1=95.100 Rec=95.143 Prec=95.579
Val-Known->Virtual [19/100] rate=0.000% prob_mean=0.019847 margin_mean=0.923597
Val-LogitMargin [19/100] TrueKnown-VMax mean=5.0279 std=1.0047 p10=3.8030 p50=5.0919 p90=6.2178

Test-  OSR [19/100] LR=0.0005000 ACC=59.286 F1=62.748 Rec=79.048 Prec=54.525 UNK=0.000 OS*=94.857 HOS=0.000 AUROC=80.887 AUPR=69.770 OSCR=79.055
Test-Close [19/100] LR=0.0005000 loss=1.780 ACC=94.857 F1=94.794 Rec=94.857 Prec=95.145
Test-Virtual [19/100] CloseK->V=0.000% Open->V=0.000% OpenVEntropy=0.000000 CloseHist=[0, 0, 0] OpenHist=[0, 0, 0]
Test-LogitMargin [19/100] CloseTrue-VMax mean=5.0423 std=0.9714 p10=3.8419 p50=5.1053 p90=6.1281 | OpenKnown-VMax mean=3.6763 std=1.1844 p10=2.1065 p50=3.6721 p90=5.1833
AnchorDiag [19/100] VNorm=[1.0000001192092896, 1.0, 0.9999999403953552] VDriftMax=0.000000 Vcos(max/mean)=(0.0000/-0.0000) KVcos(max/mean)=(0.0459/0.0071) ValK->V=0.00% CloseK->V=0.00% Open->V=0.00% OpenVEntropy=0.0000
Train Client0 [20/100] LR=0.0005000 loss=0.299 (CE=0.160 VIR=0.092 wVIR=0.003 AUX=0.136 w=0.030) ACC=94.720 F1=94.449 Rec=95.053 Prec=93.922
Train Client1 [20/100] LR=0.0005000 loss=0.209 (CE=0.116 VIR=0.073 wVIR=0.002 AUX=0.090 w=0.030) ACC=96.414 F1=86.252 Rec=85.811 Prec=86.715
Train Client2 [20/100] LR=0.0005000 loss=0.243 (CE=0.134 VIR=0.165 wVIR=0.005 AUX=0.104 w=0.030) ACC=95.770 F1=89.810 Rec=89.128 Prec=90.705
Train Client3 [20/100] LR=0.0005000 loss=0.314 (CE=0.161 VIR=0.093 wVIR=0.003 AUX=0.150 w=0.030) ACC=95.265 F1=94.577 Rec=94.435 Prec=94.771
Train Client4 [20/100] LR=0.0005000 loss=0.166 (CE=0.103 VIR=0.160 wVIR=0.005 AUX=0.058 w=0.030) ACC=97.637 F1=84.747 Rec=85.120 Prec=84.453
Train Client5 [20/100] LR=0.0005000 loss=0.243 (CE=0.128 VIR=0.064 wVIR=0.002 AUX=0.113 w=0.030) ACC=96.696 F1=77.635 Rec=77.904 Prec=77.383
Train Client6 [20/100] LR=0.0005000 loss=0.457 (CE=0.266 VIR=0.689 wVIR=0.021 AUX=0.169 w=0.030) ACC=90.278 F1=83.915 Rec=82.799 Prec=85.563
Train Client7 [20/100] LR=0.0005000 loss=0.448 (CE=0.243 VIR=0.461 wVIR=0.014 AUX=0.191 w=0.030) ACC=92.879 F1=91.740 Rec=91.201 Prec=92.369

Val    [20/100] LR=0.0005000 loss=1.789 ACC=94.857 F1=94.804 Rec=94.857 Prec=95.389
Val-Known->Virtual [20/100] rate=0.000% prob_mean=0.016050 margin_mean=0.940270
Val-LogitMargin [20/100] TrueKnown-VMax mean=5.2958 std=1.0768 p10=3.9509 p50=5.4344 p90=6.4599

Test-  OSR [20/100] LR=0.0005000 ACC=59.214 F1=62.519 Rec=78.952 Prec=54.157 UNK=0.000 OS*=94.743 HOS=0.000 AUROC=79.877 AUPR=65.370 OSCR=78.201
Test-Close [20/100] LR=0.0005000 loss=1.787 ACC=94.743 F1=94.682 Rec=94.743 Prec=95.084
Test-Virtual [20/100] CloseK->V=0.000% Open->V=0.000% OpenVEntropy=0.000000 CloseHist=[0, 0, 0] OpenHist=[0, 0, 0]
Test-LogitMargin [20/100] CloseTrue-VMax mean=5.3022 std=1.0624 p10=3.9092 p50=5.4877 p90=6.3850 | OpenKnown-VMax mean=3.9699 std=1.0714 p10=2.5483 p50=3.9824 p90=5.3500
AnchorDiag [20/100] VNorm=[1.0000001192092896, 1.0, 0.9999999403953552] VDriftMax=0.000000 Vcos(max/mean)=(0.0000/-0.0000) KVcos(max/mean)=(0.0451/0.0076) ValK->V=0.00% CloseK->V=0.00% Open->V=0.00% OpenVEntropy=0.0000
Saving model at epoch 20 . . . . . . . .

Train Client0 [21/100] LR=0.0005000 loss=0.319 (CE=0.170 VIR=0.116 wVIR=0.003 AUX=0.145 w=0.030) ACC=94.073 F1=74.923 Rec=75.282 Prec=74.604
Train Client1 [21/100] LR=0.0005000 loss=0.184 (CE=0.103 VIR=0.075 wVIR=0.002 AUX=0.080 w=0.030) ACC=96.623 F1=87.719 Rec=87.533 Prec=87.925
Train Client2 [21/100] LR=0.0005000 loss=0.282 (CE=0.152 VIR=0.257 wVIR=0.008 AUX=0.122 w=0.030) ACC=95.865 F1=90.745 Rec=89.595 Prec=92.293
Train Client3 [21/100] LR=0.0005000 loss=0.272 (CE=0.141 VIR=0.053 wVIR=0.002 AUX=0.129 w=0.030) ACC=94.886 F1=92.603 Rec=94.191 Prec=91.330
Train Client4 [21/100] LR=0.0005000 loss=0.167 (CE=0.098 VIR=0.151 wVIR=0.005 AUX=0.065 w=0.030) ACC=96.951 F1=78.835 Rec=79.143 Prec=78.598
Train Client5 [21/100] LR=0.0005000 loss=0.164 (CE=0.092 VIR=0.077 wVIR=0.002 AUX=0.070 w=0.030) ACC=96.250 F1=77.218 Rec=77.147 Prec=77.291
Train Client6 [21/100] LR=0.0005000 loss=0.458 (CE=0.243 VIR=0.595 wVIR=0.018 AUX=0.197 w=0.030) ACC=89.167 F1=82.060 Rec=81.336 Prec=83.329
Train Client7 [21/100] LR=0.0005000 loss=0.385 (CE=0.205 VIR=0.375 wVIR=0.011 AUX=0.168 w=0.030) ACC=93.939 F1=93.104 Rec=92.191 Prec=94.120

Val    [21/100] LR=0.0005000 loss=1.771 ACC=95.429 F1=95.394 Rec=95.429 Prec=95.777
Val-Known->Virtual [21/100] rate=0.000% prob_mean=0.014432 margin_mean=0.941825
Val-LogitMargin [21/100] TrueKnown-VMax mean=5.6042 std=1.2067 p10=3.9386 p50=5.8240 p90=6.8950

Test-  OSR [21/100] LR=0.0005000 ACC=59.714 F1=62.493 Rec=79.619 Prec=53.466 UNK=0.000 OS*=95.543 HOS=0.000 AUROC=82.017 AUPR=71.523 OSCR=80.217
Test-Close [21/100] LR=0.0005000 loss=1.769 ACC=95.543 F1=95.495 Rec=95.543 Prec=95.770
Test-Virtual [21/100] CloseK->V=0.000% Open->V=0.000% OpenVEntropy=0.000000 CloseHist=[0, 0, 0] OpenHist=[0, 0, 0]
Test-LogitMargin [21/100] CloseTrue-VMax mean=5.6235 std=1.1623 p10=4.0445 p50=5.8010 p90=6.9077 | OpenKnown-VMax mean=4.1991 std=1.3179 p10=2.4882 p50=4.3052 p90=5.8287
AnchorDiag [21/100] VNorm=[1.0000001192092896, 1.0, 0.9999999403953552] VDriftMax=0.000000 Vcos(max/mean)=(0.0000/-0.0000) KVcos(max/mean)=(0.0456/0.0081) ValK->V=0.00% CloseK->V=0.00% Open->V=0.00% OpenVEntropy=0.0000
Train Client0 [22/100] LR=0.0005000 loss=0.319 (CE=0.179 VIR=0.136 wVIR=0.004 AUX=0.136 w=0.030) ACC=93.750 F1=74.719 Rec=75.153 Prec=74.331
Train Client1 [22/100] LR=0.0005000 loss=0.156 (CE=0.085 VIR=0.045 wVIR=0.001 AUX=0.069 w=0.030) ACC=97.249 F1=91.194 Rec=90.354 Prec=92.128
Train Client2 [22/100] LR=0.0005000 loss=0.289 (CE=0.153 VIR=0.195 wVIR=0.006 AUX=0.130 w=0.030) ACC=95.390 F1=88.552 Rec=87.769 Prec=89.509
Train Client3 [22/100] LR=0.0005000 loss=0.291 (CE=0.152 VIR=0.064 wVIR=0.002 AUX=0.137 w=0.030) ACC=94.697 F1=87.657 Rec=87.393 Prec=87.971
Train Client4 [22/100] LR=0.0005000 loss=0.179 (CE=0.104 VIR=0.226 wVIR=0.007 AUX=0.068 w=0.030) ACC=97.561 F1=81.499 Rec=82.035 Prec=81.054
Train Client5 [22/100] LR=0.0005000 loss=0.209 (CE=0.115 VIR=0.124 wVIR=0.004 AUX=0.090 w=0.030) ACC=96.696 F1=88.604 Rec=87.056 Prec=90.632
Train Client6 [22/100] LR=0.0005000 loss=0.480 (CE=0.261 VIR=0.498 wVIR=0.015 AUX=0.204 w=0.030) ACC=91.944 F1=87.210 Rec=87.908 Prec=86.870
Train Client7 [22/100] LR=0.0005000 loss=0.394 (CE=0.209 VIR=0.281 wVIR=0.008 AUX=0.177 w=0.030) ACC=93.561 F1=92.685 Rec=91.574 Prec=93.930

Val    [22/100] LR=0.0005000 loss=1.790 ACC=95.143 F1=95.098 Rec=95.143 Prec=95.533
Val-Known->Virtual [22/100] rate=0.000% prob_mean=0.023903 margin_mean=0.923633
Val-LogitMargin [22/100] TrueKnown-VMax mean=5.0495 std=1.3296 p10=3.5221 p50=5.0062 p90=6.8041

Test-  OSR [22/100] LR=0.0005000 ACC=59.643 F1=63.178 Rec=79.524 Prec=54.824 UNK=0.000 OS*=95.429 HOS=0.000 AUROC=75.699 AUPR=61.515 OSCR=74.358
Test-Close [22/100] LR=0.0005000 loss=1.783 ACC=95.429 F1=95.381 Rec=95.429 Prec=95.674
Test-Virtual [22/100] CloseK->V=0.000% Open->V=0.000% OpenVEntropy=0.000000 CloseHist=[0, 0, 0] OpenHist=[0, 0, 0]
Test-LogitMargin [22/100] CloseTrue-VMax mean=5.0741 std=1.2849 p10=3.5616 p50=5.0388 p90=6.8860 | OpenKnown-VMax mean=4.1586 std=1.0165 p10=2.9043 p50=4.1665 p90=5.4151
AnchorDiag [22/100] VNorm=[1.0000001192092896, 1.0, 0.9999999403953552] VDriftMax=0.000000 Vcos(max/mean)=(0.0000/-0.0000) KVcos(max/mean)=(0.0446/0.0083) ValK->V=0.00% CloseK->V=0.00% Open->V=0.00% OpenVEntropy=0.0000
Train Client0 [23/100] LR=0.0005000 loss=0.273 (CE=0.149 VIR=0.077 wVIR=0.002 AUX=0.122 w=0.030) ACC=94.612 F1=75.460 Rec=76.111 Prec=74.916
Train Client1 [23/100] LR=0.0005000 loss=0.137 (CE=0.075 VIR=0.038 wVIR=0.001 AUX=0.061 w=0.030) ACC=97.563 F1=92.282 Rec=92.105 Prec=92.463
Train Client2 [23/100] LR=0.0005000 loss=0.250 (CE=0.138 VIR=0.192 wVIR=0.006 AUX=0.106 w=0.030) ACC=95.913 F1=90.771 Rec=89.522 Prec=92.536
Train Client3 [23/100] LR=0.0005000 loss=0.304 (CE=0.155 VIR=0.097 wVIR=0.003 AUX=0.146 w=0.030) ACC=95.076 F1=92.924 Rec=94.410 Prec=91.658
Train Client4 [23/100] LR=0.0005000 loss=0.155 (CE=0.095 VIR=0.185 wVIR=0.006 AUX=0.055 w=0.030) ACC=97.180 F1=80.819 Rec=82.335 Prec=79.491
Train Client5 [23/100] LR=0.0005000 loss=0.199 (CE=0.106 VIR=0.084 wVIR=0.003 AUX=0.090 w=0.030) ACC=96.607 F1=84.963 Rec=81.903 Prec=97.028
Train Client6 [23/100] LR=0.0005000 loss=0.529 (CE=0.277 VIR=0.643 wVIR=0.019 AUX=0.232 w=0.030) ACC=89.722 F1=83.400 Rec=85.189 Prec=81.932
Train Client7 [23/100] LR=0.0005000 loss=0.391 (CE=0.204 VIR=0.364 wVIR=0.011 AUX=0.176 w=0.030) ACC=93.864 F1=93.873 Rec=92.742 Prec=95.197

Val    [23/100] LR=0.0005000 loss=1.763 ACC=95.486 F1=95.473 Rec=95.486 Prec=95.731
Val-Known->Virtual [23/100] rate=0.000% prob_mean=0.012217 margin_mean=0.940714
Val-LogitMargin [23/100] TrueKnown-VMax mean=5.6241 std=1.1208 p10=4.2724 p50=5.7406 p90=6.8558

Test-  OSR [23/100] LR=0.0005000 ACC=59.714 F1=62.432 Rec=79.619 Prec=52.992 UNK=0.000 OS*=95.543 HOS=0.000 AUROC=83.233 AUPR=73.353 OSCR=81.554
Test-Close [23/100] LR=0.0005000 loss=1.760 ACC=95.543 F1=95.522 Rec=95.543 Prec=95.692
Test-Virtual [23/100] CloseK->V=0.000% Open->V=0.000% OpenVEntropy=0.000000 CloseHist=[0, 0, 0] OpenHist=[0, 0, 0]
Test-LogitMargin [23/100] CloseTrue-VMax mean=5.6509 std=1.1038 p10=4.3005 p50=5.7619 p90=6.8454 | OpenKnown-VMax mean=4.3335 std=1.0908 p10=2.9275 p50=4.3486 p90=5.6913
AnchorDiag [23/100] VNorm=[1.0000001192092896, 1.0, 0.9999999403953552] VDriftMax=0.000000 Vcos(max/mean)=(0.0000/-0.0000) KVcos(max/mean)=(0.0456/0.0087) ValK->V=0.00% CloseK->V=0.00% Open->V=0.00% OpenVEntropy=0.0000
>> New learning Rate: 0.00025
Train Client0 [24/100] LR=0.0002500 loss=0.207 (CE=0.112 VIR=0.064 wVIR=0.002 AUX=0.093 w=0.030) ACC=96.228 F1=96.083 Rec=96.596 Prec=95.621
Train Client1 [24/100] LR=0.0002500 loss=0.081 (CE=0.043 VIR=0.035 wVIR=0.001 AUX=0.036 w=0.030) ACC=98.433 F1=92.732 Rec=93.483 Prec=92.056
Train Client2 [24/100] LR=0.0002500 loss=0.190 (CE=0.103 VIR=0.184 wVIR=0.006 AUX=0.081 w=0.030) ACC=97.053 F1=92.969 Rec=92.118 Prec=94.056
Train Client3 [24/100] LR=0.0002500 loss=0.205 (CE=0.111 VIR=0.043 wVIR=0.001 AUX=0.092 w=0.030) ACC=96.402 F1=91.755 Rec=92.842 Prec=90.860
Train Client4 [24/100] LR=0.0002500 loss=0.120 (CE=0.078 VIR=0.142 wVIR=0.004 AUX=0.038 w=0.030) ACC=98.018 F1=88.449 Rec=89.200 Prec=87.770
Train Client5 [24/100] LR=0.0002500 loss=0.086 (CE=0.050 VIR=0.030 wVIR=0.001 AUX=0.034 w=0.030) ACC=98.661 F1=88.099 Rec=89.212 Prec=87.210
Train Client6 [24/100] LR=0.0002500 loss=0.360 (CE=0.213 VIR=0.522 wVIR=0.016 AUX=0.132 w=0.030) ACC=91.667 F1=86.996 Rec=86.887 Prec=87.164
Train Client7 [24/100] LR=0.0002500 loss=0.356 (CE=0.190 VIR=0.477 wVIR=0.014 AUX=0.152 w=0.030) ACC=94.621 F1=88.272 Rec=94.502 Prec=85.405

Val    [24/100] LR=0.0002500 loss=1.766 ACC=95.657 F1=95.644 Rec=95.657 Prec=95.917
Val-Known->Virtual [24/100] rate=0.000% prob_mean=0.009842 margin_mean=0.961136
Val-LogitMargin [24/100] TrueKnown-VMax mean=5.9147 std=1.2504 p10=4.4092 p50=6.0281 p90=7.3091

Test-  OSR [24/100] LR=0.0002500 ACC=59.964 F1=62.725 Rec=79.889 Prec=69.970 UNK=0.190 OS*=95.829 HOS=0.380 AUROC=85.530 AUPR=78.654 OSCR=83.623
Test-Close [24/100] LR=0.0002500 loss=1.758 ACC=95.829 F1=95.806 Rec=95.829 Prec=96.037
Test-Virtual [24/100] CloseK->V=0.000% Open->V=0.190% OpenVEntropy=0.630930 CloseHist=[0, 0, 0] OpenHist=[0, 1, 1]
Test-LogitMargin [24/100] CloseTrue-VMax mean=5.9397 std=1.2366 p10=4.4342 p50=6.0077 p90=7.3304 | OpenKnown-VMax mean=4.0992 std=1.5221 p10=1.9009 p50=4.3091 p90=5.9439
AnchorDiag [24/100] VNorm=[1.0000001192092896, 1.0, 0.9999999403953552] VDriftMax=0.000000 Vcos(max/mean)=(0.0000/-0.0000) KVcos(max/mean)=(0.0457/0.0088) ValK->V=0.00% CloseK->V=0.00% Open->V=0.19% OpenVEntropy=0.6309
Train Client0 [25/100] LR=0.0002500 loss=0.241 (CE=0.127 VIR=0.073 wVIR=0.002 AUX=0.111 w=0.030) ACC=95.528 F1=95.310 Rec=95.906 Prec=94.780
Train Client1 [25/100] LR=0.0002500 loss=0.082 (CE=0.044 VIR=0.042 wVIR=0.001 AUX=0.037 w=0.030) ACC=98.538 F1=94.835 Rec=95.616 Prec=94.138
Train Client2 [25/100] LR=0.0002500 loss=0.181 (CE=0.098 VIR=0.184 wVIR=0.006 AUX=0.077 w=0.030) ACC=97.006 F1=93.254 Rec=92.668 Prec=93.943
Train Client3 [25/100] LR=0.0002500 loss=0.139 (CE=0.082 VIR=0.049 wVIR=0.001 AUX=0.056 w=0.030) ACC=97.159 F1=95.404 Rec=96.801 Prec=94.229
Train Client4 [25/100] LR=0.0002500 loss=0.119 (CE=0.074 VIR=0.150 wVIR=0.005 AUX=0.041 w=0.030) ACC=98.399 F1=90.191 Rec=92.978 Prec=87.891
Train Client5 [25/100] LR=0.0002500 loss=0.108 (CE=0.059 VIR=0.029 wVIR=0.001 AUX=0.048 w=0.030) ACC=98.482 F1=93.312 Rec=98.758 Prec=90.211
Train Client6 [25/100] LR=0.0002500 loss=0.361 (CE=0.208 VIR=0.704 wVIR=0.021 AUX=0.132 w=0.030) ACC=92.500 F1=88.766 Rec=90.107 Prec=87.579
Train Client7 [25/100] LR=0.0002500 loss=0.306 (CE=0.163 VIR=0.424 wVIR=0.013 AUX=0.130 w=0.030) ACC=95.152 F1=87.451 Rec=93.477 Prec=84.798

Val    [25/100] LR=0.0002500 loss=1.758 ACC=96.000 F1=95.984 Rec=96.000 Prec=96.217
Val-Known->Virtual [25/100] rate=0.000% prob_mean=0.014937 margin_mean=0.953654
Val-LogitMargin [25/100] TrueKnown-VMax mean=5.3704 std=1.1274 p10=4.1190 p50=5.4177 p90=6.6918

Test-  OSR [25/100] LR=0.0002500 ACC=60.643 F1=63.820 Rec=80.444 Prec=70.957 UNK=1.238 OS*=96.286 HOS=2.445 AUROC=86.169 AUPR=79.878 OSCR=84.325
Test-Close [25/100] LR=0.0002500 loss=1.754 ACC=96.286 F1=96.266 Rec=96.286 Prec=96.438
Test-Virtual [25/100] CloseK->V=0.000% Open->V=1.238% OpenVEntropy=0.246847 CloseHist=[0, 0, 0] OpenHist=[0, 1, 12]
Test-LogitMargin [25/100] CloseTrue-VMax mean=5.3890 std=1.1268 p10=4.1036 p50=5.4117 p90=6.6999 | OpenKnown-VMax mean=3.5898 std=1.4534 p10=1.5734 p50=3.7491 p90=5.3152
AnchorDiag [25/100] VNorm=[1.0000001192092896, 1.0, 0.9999999403953552] VDriftMax=0.000000 Vcos(max/mean)=(0.0000/-0.0000) KVcos(max/mean)=(0.0461/0.0094) ValK->V=0.00% CloseK->V=0.00% Open->V=1.24% OpenVEntropy=0.2468
Saving model at epoch 25 . . . . . . . .

Train Client0 [26/100] LR=0.0002500 loss=0.189 (CE=0.103 VIR=0.084 wVIR=0.003 AUX=0.084 w=0.030) ACC=96.013 F1=76.713 Rec=76.956 Prec=76.489
Train Client1 [26/100] LR=0.0002500 loss=0.068 (CE=0.038 VIR=0.049 wVIR=0.001 AUX=0.029 w=0.030) ACC=98.712 F1=96.042 Rec=96.042 Prec=96.042
Train Client2 [26/100] LR=0.0002500 loss=0.159 (CE=0.088 VIR=0.236 wVIR=0.007 AUX=0.064 w=0.030) ACC=97.148 F1=92.882 Rec=92.686 Prec=93.155
Train Client3 [26/100] LR=0.0002500 loss=0.185 (CE=0.098 VIR=0.040 wVIR=0.001 AUX=0.085 w=0.030) ACC=97.348 F1=96.871 Rec=96.771 Prec=96.982
Train Client4 [26/100] LR=0.0002500 loss=0.105 (CE=0.064 VIR=0.150 wVIR=0.005 AUX=0.036 w=0.030) ACC=97.942 F1=89.203 Rec=91.928 Prec=86.932
Train Client5 [26/100] LR=0.0002500 loss=0.082 (CE=0.049 VIR=0.035 wVIR=0.001 AUX=0.032 w=0.030) ACC=98.661 F1=93.994 Rec=93.981 Prec=94.007
Train Client6 [26/100] LR=0.0002500 loss=0.342 (CE=0.197 VIR=0.565 wVIR=0.017 AUX=0.128 w=0.030) ACC=92.500 F1=88.516 Rec=88.971 Prec=88.081
Train Client7 [26/100] LR=0.0002500 loss=0.252 (CE=0.138 VIR=0.397 wVIR=0.012 AUX=0.102 w=0.030) ACC=95.909 F1=95.807 Rec=95.217 Prec=96.434

Val    [26/100] LR=0.0002500 loss=1.744 ACC=96.457 F1=96.441 Rec=96.457 Prec=96.550
Val-Known->Virtual [26/100] rate=0.000% prob_mean=0.011988 margin_mean=0.955200
Val-LogitMargin [26/100] TrueKnown-VMax mean=5.9033 std=1.4440 p10=4.2800 p50=5.8374 p90=7.7503

Test-  OSR [26/100] LR=0.0002500 ACC=60.536 F1=63.757 Rec=80.492 Prec=71.040 UNK=0.667 OS*=96.457 HOS=1.324 AUROC=81.734 AUPR=74.340 OSCR=80.322
Test-Close [26/100] LR=0.0002500 loss=1.744 ACC=96.457 F1=96.439 Rec=96.457 Prec=96.535
Test-Virtual [26/100] CloseK->V=0.000% Open->V=0.667% OpenVEntropy=0.373304 CloseHist=[0, 0, 0] OpenHist=[0, 1, 6]
Test-LogitMargin [26/100] CloseTrue-VMax mean=5.9215 std=1.4471 p10=4.3559 p50=5.8186 p90=7.8272 | OpenKnown-VMax mean=3.9713 std=1.6388 p10=1.6388 p50=4.0749 p90=5.9956
AnchorDiag [26/100] VNorm=[1.0000001192092896, 1.0, 0.9999999403953552] VDriftMax=0.000000 Vcos(max/mean)=(0.0000/-0.0000) KVcos(max/mean)=(0.0465/0.0096) ValK->V=0.00% CloseK->V=0.00% Open->V=0.67% OpenVEntropy=0.3733
Train Client0 [27/100] LR=0.0002500 loss=0.197 (CE=0.105 VIR=0.050 wVIR=0.002 AUX=0.090 w=0.030) ACC=96.121 F1=76.835 Rec=77.329 Prec=76.409
Train Client1 [27/100] LR=0.0002500 loss=0.080 (CE=0.045 VIR=0.032 wVIR=0.001 AUX=0.034 w=0.030) ACC=98.538 F1=93.491 Rec=93.616 Prec=93.373
Train Client2 [27/100] LR=0.0002500 loss=0.164 (CE=0.090 VIR=0.180 wVIR=0.005 AUX=0.069 w=0.030) ACC=97.148 F1=92.781 Rec=92.368 Prec=93.288
Train Client3 [27/100] LR=0.0002500 loss=0.180 (CE=0.096 VIR=0.050 wVIR=0.002 AUX=0.082 w=0.030) ACC=96.970 F1=96.468 Rec=96.223 Prec=96.726
Train Client4 [27/100] LR=0.0002500 loss=0.108 (CE=0.066 VIR=0.132 wVIR=0.004 AUX=0.038 w=0.030) ACC=98.018 F1=92.107 Rec=95.985 Prec=89.160
Train Client5 [27/100] LR=0.0002500 loss=0.103 (CE=0.059 VIR=0.029 wVIR=0.001 AUX=0.043 w=0.030) ACC=98.036 F1=83.280 Rec=83.762 Prec=82.911
Train Client6 [27/100] LR=0.0002500 loss=0.309 (CE=0.188 VIR=0.648 wVIR=0.019 AUX=0.101 w=0.030) ACC=93.056 F1=89.802 Rec=91.774 Prec=88.070
Train Client7 [27/100] LR=0.0002500 loss=0.308 (CE=0.165 VIR=0.503 wVIR=0.015 AUX=0.128 w=0.030) ACC=94.697 F1=94.717 Rec=94.409 Prec=95.055

Val    [27/100] LR=0.0002500 loss=1.746 ACC=96.286 F1=96.278 Rec=96.286 Prec=96.398
Val-Known->Virtual [27/100] rate=0.000% prob_mean=0.010852 margin_mean=0.956070
Val-LogitMargin [27/100] TrueKnown-VMax mean=5.9771 std=1.6097 p10=4.4390 p50=5.7092 p90=8.4253

Test-  OSR [27/100] LR=0.0002500 ACC=60.536 F1=63.581 Rec=80.524 Prec=70.631 UNK=0.571 OS*=96.514 HOS=1.136 AUROC=82.605 AUPR=75.697 OSCR=81.187
Test-Close [27/100] LR=0.0002500 loss=1.741 ACC=96.514 F1=96.498 Rec=96.514 Prec=96.588
Test-Virtual [27/100] CloseK->V=0.000% Open->V=0.571% OpenVEntropy=0.410118 CloseHist=[0, 0, 0] OpenHist=[0, 1, 5]
Test-LogitMargin [27/100] CloseTrue-VMax mean=6.0031 std=1.6063 p10=4.4868 p50=5.6931 p90=8.5018 | OpenKnown-VMax mean=3.9401 std=1.5785 p10=1.7149 p50=4.1239 p90=5.6987
AnchorDiag [27/100] VNorm=[1.0000001192092896, 1.0, 0.9999999403953552] VDriftMax=0.000000 Vcos(max/mean)=(0.0000/-0.0000) KVcos(max/mean)=(0.0466/0.0100) ValK->V=0.00% CloseK->V=0.00% Open->V=0.57% OpenVEntropy=0.4101
Train Client0 [28/100] LR=0.0002500 loss=0.187 (CE=0.096 VIR=0.060 wVIR=0.002 AUX=0.090 w=0.030) ACC=96.498 F1=96.371 Rec=96.729 Prec=96.041
Train Client1 [28/100] LR=0.0002500 loss=0.063 (CE=0.034 VIR=0.039 wVIR=0.001 AUX=0.027 w=0.030) ACC=98.816 F1=95.003 Rec=95.268 Prec=94.763
Train Client2 [28/100] LR=0.0002500 loss=0.194 (CE=0.106 VIR=0.217 wVIR=0.006 AUX=0.081 w=0.030) ACC=96.816 F1=92.985 Rec=91.945 Prec=94.375
Train Client3 [28/100] LR=0.0002500 loss=0.194 (CE=0.101 VIR=0.036 wVIR=0.001 AUX=0.091 w=0.030) ACC=96.970 F1=96.342 Rec=96.229 Prec=96.494
Train Client4 [28/100] LR=0.0002500 loss=0.100 (CE=0.061 VIR=0.147 wVIR=0.004 AUX=0.035 w=0.030) ACC=98.323 F1=91.003 Rec=94.719 Prec=88.116
Train Client5 [28/100] LR=0.0002500 loss=0.082 (CE=0.049 VIR=0.033 wVIR=0.001 AUX=0.031 w=0.030) ACC=98.482 F1=88.820 Rec=88.834 Prec=88.807
Train Client6 [28/100] LR=0.0002500 loss=0.275 (CE=0.169 VIR=0.536 wVIR=0.016 AUX=0.090 w=0.030) ACC=93.056 F1=89.719 Rec=90.482 Prec=89.067
Train Client7 [28/100] LR=0.0002500 loss=0.267 (CE=0.140 VIR=0.392 wVIR=0.012 AUX=0.115 w=0.030) ACC=95.682 F1=96.268 Rec=95.606 Prec=96.977

Val    [28/100] LR=0.0002500 loss=1.756 ACC=96.229 F1=96.217 Rec=96.229 Prec=96.359
Val-Known->Virtual [28/100] rate=0.000% prob_mean=0.012845 margin_mean=0.959372
Val-LogitMargin [28/100] TrueKnown-VMax mean=5.8141 std=1.4934 p10=4.2181 p50=5.6724 p90=7.6858

Test-  OSR [28/100] LR=0.0002500 ACC=60.321 F1=63.297 Rec=80.365 Prec=70.486 UNK=0.190 OS*=96.400 HOS=0.380 AUROC=82.525 AUPR=74.440 OSCR=81.106
Test-Close [28/100] LR=0.0002500 loss=1.749 ACC=96.400 F1=96.384 Rec=96.400 Prec=96.505
Test-Virtual [28/100] CloseK->V=0.000% Open->V=0.190% OpenVEntropy=-0.000000 CloseHist=[0, 0, 0] OpenHist=[0, 0, 2]
Test-LogitMargin [28/100] CloseTrue-VMax mean=5.8300 std=1.4875 p10=4.1761 p50=5.6646 p90=7.7283 | OpenKnown-VMax mean=4.0002 std=1.3757 p10=2.2243 p50=4.0579 p90=5.7079
AnchorDiag [28/100] VNorm=[1.0000001192092896, 1.0, 0.9999999403953552] VDriftMax=0.000000 Vcos(max/mean)=(0.0000/-0.0000) KVcos(max/mean)=(0.0467/0.0105) ValK->V=0.00% CloseK->V=0.00% Open->V=0.19% OpenVEntropy=-0.0000
Train Client0 [29/100] LR=0.0002500 loss=0.176 (CE=0.093 VIR=0.060 wVIR=0.002 AUX=0.081 w=0.030) ACC=96.659 F1=77.232 Rec=77.431 Prec=77.044
Train Client1 [29/100] LR=0.0002500 loss=0.069 (CE=0.038 VIR=0.041 wVIR=0.001 AUX=0.030 w=0.030) ACC=98.712 F1=94.540 Rec=94.630 Prec=94.457
Train Client2 [29/100] LR=0.0002500 loss=0.180 (CE=0.097 VIR=0.189 wVIR=0.006 AUX=0.077 w=0.030) ACC=97.386 F1=94.335 Rec=93.880 Prec=94.841
Train Client3 [29/100] LR=0.0002500 loss=0.143 (CE=0.080 VIR=0.023 wVIR=0.001 AUX=0.062 w=0.030) ACC=97.538 F1=97.097 Rec=96.856 Prec=97.349
Train Client4 [29/100] LR=0.0002500 loss=0.095 (CE=0.061 VIR=0.266 wVIR=0.008 AUX=0.026 w=0.030) ACC=98.095 F1=90.539 Rec=97.086 Prec=86.421
Train Client5 [29/100] LR=0.0002500 loss=0.113 (CE=0.062 VIR=0.042 wVIR=0.001 AUX=0.050 w=0.030) ACC=98.214 F1=86.055 Rec=88.648 Prec=84.633
Train Client6 [29/100] LR=0.0002500 loss=0.346 (CE=0.193 VIR=0.743 wVIR=0.022 AUX=0.130 w=0.030) ACC=91.944 F1=86.604 Rec=90.264 Prec=83.603
Train Client7 [29/100] LR=0.0002500 loss=0.240 (CE=0.129 VIR=0.339 wVIR=0.010 AUX=0.101 w=0.030) ACC=96.136 F1=96.279 Rec=95.980 Prec=96.604

Val    [29/100] LR=0.0002500 loss=1.752 ACC=96.114 F1=96.108 Rec=96.114 Prec=96.246
Val-Known->Virtual [29/100] rate=0.000% prob_mean=0.010594 margin_mean=0.955933
Val-LogitMargin [29/100] TrueKnown-VMax mean=6.0994 std=1.6367 p10=4.2919 p50=5.8032 p90=8.2923

Test-  OSR [29/100] LR=0.0002500 ACC=60.286 F1=63.269 Rec=80.349 Prec=70.461 UNK=0.095 OS*=96.400 HOS=0.190 AUROC=81.526 AUPR=72.657 OSCR=80.172
Test-Close [29/100] LR=0.0002500 loss=1.746 ACC=96.400 F1=96.379 Rec=96.400 Prec=96.502
Test-Virtual [29/100] CloseK->V=0.000% Open->V=0.095% OpenVEntropy=-0.000000 CloseHist=[0, 0, 0] OpenHist=[0, 0, 1]
Test-LogitMargin [29/100] CloseTrue-VMax mean=6.1303 std=1.6274 p10=4.3580 p50=5.8311 p90=8.4102 | OpenKnown-VMax mean=4.1141 std=1.4428 p10=2.1435 p50=4.2061 p90=5.8585
AnchorDiag [29/100] VNorm=[1.0000001192092896, 1.0, 0.9999999403953552] VDriftMax=0.000000 Vcos(max/mean)=(0.0000/-0.0000) KVcos(max/mean)=(0.0459/0.0108) ValK->V=0.00% CloseK->V=0.00% Open->V=0.10% OpenVEntropy=-0.0000
Train Client0 [30/100] LR=0.0002500 loss=0.187 (CE=0.098 VIR=0.079 wVIR=0.002 AUX=0.086 w=0.030) ACC=96.282 F1=76.943 Rec=77.234 Prec=76.673
Train Client1 [30/100] LR=0.0002500 loss=0.073 (CE=0.041 VIR=0.044 wVIR=0.001 AUX=0.030 w=0.030) ACC=98.712 F1=94.489 Rec=94.727 Prec=94.256
Train Client2 [30/100] LR=0.0002500 loss=0.175 (CE=0.095 VIR=0.207 wVIR=0.006 AUX=0.074 w=0.030) ACC=96.958 F1=93.186 Rec=92.678 Prec=93.831
Train Client3 [30/100] LR=0.0002500 loss=0.148 (CE=0.077 VIR=0.042 wVIR=0.001 AUX=0.069 w=0.030) ACC=98.106 F1=97.763 Rec=97.673 Prec=97.855
Train Client4 [30/100] LR=0.0002500 loss=0.103 (CE=0.070 VIR=0.126 wVIR=0.004 AUX=0.030 w=0.030) ACC=98.323 F1=92.707 Rec=93.573 Prec=91.907
Train Client5 [30/100] LR=0.0002500 loss=0.075 (CE=0.041 VIR=0.041 wVIR=0.001 AUX=0.033 w=0.030) ACC=98.750 F1=91.118 Rec=94.057 Prec=89.179
Train Client6 [30/100] LR=0.0002500 loss=0.370 (CE=0.214 VIR=0.720 wVIR=0.022 AUX=0.135 w=0.030) ACC=92.500 F1=89.273 Rec=90.871 Prec=87.896
Train Client7 [30/100] LR=0.0002500 loss=0.255 (CE=0.132 VIR=0.414 wVIR=0.012 AUX=0.111 w=0.030) ACC=95.985 F1=96.655 Rec=96.074 Prec=97.271

Val    [30/100] LR=0.0002500 loss=1.746 ACC=96.514 F1=96.506 Rec=96.514 Prec=96.598
Val-Known->Virtual [30/100] rate=0.000% prob_mean=0.012274 margin_mean=0.956419
Val-LogitMargin [30/100] TrueKnown-VMax mean=5.7672 std=1.4306 p10=4.3189 p50=5.6081 p90=7.7388

Test-  OSR [30/100] LR=0.0002500 ACC=60.429 F1=63.275 Rec=80.540 Prec=70.161 UNK=0.095 OS*=96.629 HOS=0.190 AUROC=82.460 AUPR=74.139 OSCR=81.215
Test-Close [30/100] LR=0.0002500 loss=1.740 ACC=96.629 F1=96.617 Rec=96.629 Prec=96.697
Test-Virtual [30/100] CloseK->V=0.000% Open->V=0.095% OpenVEntropy=-0.000000 CloseHist=[0, 0, 0] OpenHist=[0, 1, 0]
Test-LogitMargin [30/100] CloseTrue-VMax mean=5.8083 std=1.4339 p10=4.3138 p50=5.6285 p90=7.8274 | OpenKnown-VMax mean=4.0177 std=1.2995 p10=2.3503 p50=4.0490 p90=5.5831
AnchorDiag [30/100] VNorm=[1.0000001192092896, 1.0, 0.9999999403953552] VDriftMax=0.000000 Vcos(max/mean)=(0.0000/-0.0000) KVcos(max/mean)=(0.0464/0.0112) ValK->V=0.00% CloseK->V=0.00% Open->V=0.10% OpenVEntropy=-0.0000
Saving model at epoch 30 . . . . . . . .

Train Client0 [31/100] LR=0.0002500 loss=0.195 (CE=0.106 VIR=0.075 wVIR=0.002 AUX=0.087 w=0.030) ACC=96.336 F1=76.949 Rec=77.379 Prec=76.569
Train Client1 [31/100] LR=0.0002500 loss=0.062 (CE=0.034 VIR=0.033 wVIR=0.001 AUX=0.028 w=0.030) ACC=98.921 F1=94.878 Rec=95.053 Prec=94.709
Train Client2 [31/100] LR=0.0002500 loss=0.167 (CE=0.088 VIR=0.161 wVIR=0.005 AUX=0.074 w=0.030) ACC=97.243 F1=93.490 Rec=93.030 Prec=94.001
Train Client3 [31/100] LR=0.0002500 loss=0.160 (CE=0.088 VIR=0.067 wVIR=0.002 AUX=0.069 w=0.030) ACC=96.780 F1=96.299 Rec=96.284 Prec=96.317
Train Client4 [31/100] LR=0.0002500 loss=0.078 (CE=0.047 VIR=0.124 wVIR=0.004 AUX=0.027 w=0.030) ACC=98.628 F1=94.708 Rec=96.486 Prec=93.084
Train Client5 [31/100] LR=0.0002500 loss=0.088 (CE=0.051 VIR=0.032 wVIR=0.001 AUX=0.036 w=0.030) ACC=98.304 F1=90.683 Rec=93.661 Prec=88.708
Train Client6 [31/100] LR=0.0002500 loss=0.362 (CE=0.220 VIR=0.728 wVIR=0.022 AUX=0.120 w=0.030) ACC=92.222 F1=87.117 Rec=86.961 Prec=87.627
Train Client7 [31/100] LR=0.0002500 loss=0.274 (CE=0.145 VIR=0.388 wVIR=0.012 AUX=0.117 w=0.030) ACC=95.833 F1=94.943 Rec=93.947 Prec=96.041

Val    [31/100] LR=0.0002500 loss=1.754 ACC=96.229 F1=96.222 Rec=96.229 Prec=96.413
Val-Known->Virtual [31/100] rate=0.000% prob_mean=0.010028 margin_mean=0.956675
Val-LogitMargin [31/100] TrueKnown-VMax mean=6.1203 std=1.5927 p10=4.3943 p50=5.8347 p90=8.3145

Test-  OSR [31/100] LR=0.0002500 ACC=60.286 F1=63.214 Rec=80.317 Prec=70.381 UNK=0.190 OS*=96.343 HOS=0.380 AUROC=82.119 AUPR=73.496 OSCR=80.706
Test-Close [31/100] LR=0.0002500 loss=1.751 ACC=96.343 F1=96.324 Rec=96.343 Prec=96.469
Test-Virtual [31/100] CloseK->V=0.000% Open->V=0.190% OpenVEntropy=-0.000000 CloseHist=[0, 0, 0] OpenHist=[0, 2, 0]
Test-LogitMargin [31/100] CloseTrue-VMax mean=6.1639 std=1.5942 p10=4.4835 p50=5.8747 p90=8.3118 | OpenKnown-VMax mean=4.0793 std=1.4788 p10=2.0347 p50=4.2258 p90=5.8432
AnchorDiag [31/100] VNorm=[1.0000001192092896, 1.0, 0.9999999403953552] VDriftMax=0.000000 Vcos(max/mean)=(0.0000/-0.0000) KVcos(max/mean)=(0.0464/0.0113) ValK->V=0.00% CloseK->V=0.00% Open->V=0.19% OpenVEntropy=-0.0000
Train Client0 [32/100] LR=0.0002500 loss=0.193 (CE=0.103 VIR=0.070 wVIR=0.002 AUX=0.087 w=0.030) ACC=95.959 F1=95.765 Rec=96.224 Prec=95.348
Train Client1 [32/100] LR=0.0002500 loss=0.080 (CE=0.042 VIR=0.051 wVIR=0.002 AUX=0.037 w=0.030) ACC=98.851 F1=95.228 Rec=95.789 Prec=94.717
Train Client2 [32/100] LR=0.0002500 loss=0.145 (CE=0.076 VIR=0.161 wVIR=0.005 AUX=0.064 w=0.030) ACC=97.481 F1=94.307 Rec=93.633 Prec=95.110
Train Client3 [32/100] LR=0.0002500 loss=0.150 (CE=0.084 VIR=0.048 wVIR=0.001 AUX=0.065 w=0.030) ACC=97.538 F1=95.810 Rec=97.220 Prec=94.623
Train Client4 [32/100] LR=0.0002500 loss=0.107 (CE=0.080 VIR=0.228 wVIR=0.007 AUX=0.020 w=0.030) ACC=98.247 F1=91.571 Rec=94.999 Prec=88.923
Train Client5 [32/100] LR=0.0002500 loss=0.079 (CE=0.046 VIR=0.035 wVIR=0.001 AUX=0.032 w=0.030) ACC=98.929 F1=90.286 Rec=94.280 Prec=88.047
Train Client6 [32/100] LR=0.0002500 loss=0.343 (CE=0.211 VIR=0.723 wVIR=0.022 AUX=0.110 w=0.030) ACC=93.611 F1=88.712 Rec=91.694 Prec=86.148
Train Client7 [32/100] LR=0.0002500 loss=0.307 (CE=0.157 VIR=0.390 wVIR=0.012 AUX=0.139 w=0.030) ACC=95.833 F1=95.577 Rec=94.791 Prec=96.423

Val    [32/100] LR=0.0002500 loss=1.739 ACC=96.514 F1=96.501 Rec=96.514 Prec=96.606
Val-Known->Virtual [32/100] rate=0.000% prob_mean=0.010212 margin_mean=0.959158
Val-LogitMargin [32/100] TrueKnown-VMax mean=6.1845 std=1.6070 p10=4.4568 p50=5.8442 p90=8.3479

Test-  OSR [32/100] LR=0.0002500 ACC=60.357 F1=63.262 Rec=80.381 Prec=70.445 UNK=0.286 OS*=96.400 HOS=0.570 AUROC=81.362 AUPR=72.776 OSCR=80.115
Test-Close [32/100] LR=0.0002500 loss=1.741 ACC=96.400 F1=96.381 Rec=96.400 Prec=96.465
Test-Virtual [32/100] CloseK->V=0.000% Open->V=0.286% OpenVEntropy=0.579380 CloseHist=[0, 0, 0] OpenHist=[0, 1, 2]
Test-LogitMargin [32/100] CloseTrue-VMax mean=6.2203 std=1.6121 p10=4.5639 p50=5.8792 p90=8.4321 | OpenKnown-VMax mean=4.1149 std=1.5617 p10=1.8924 p50=4.2913 p90=6.0142
AnchorDiag [32/100] VNorm=[1.0000001192092896, 1.0, 0.9999999403953552] VDriftMax=0.000000 Vcos(max/mean)=(0.0000/-0.0000) KVcos(max/mean)=(0.0470/0.0115) ValK->V=0.00% CloseK->V=0.00% Open->V=0.29% OpenVEntropy=0.5794
Train Client0 [33/100] LR=0.0002500 loss=0.171 (CE=0.093 VIR=0.076 wVIR=0.002 AUX=0.076 w=0.030) ACC=96.767 F1=96.634 Rec=97.102 Prec=96.207
Train Client1 [33/100] LR=0.0002500 loss=0.076 (CE=0.042 VIR=0.084 wVIR=0.003 AUX=0.032 w=0.030) ACC=98.781 F1=95.438 Rec=96.295 Prec=94.666
Train Client2 [33/100] LR=0.0002500 loss=0.158 (CE=0.086 VIR=0.216 wVIR=0.006 AUX=0.065 w=0.030) ACC=97.243 F1=93.761 Rec=92.743 Prec=95.025
Train Client3 [33/100] LR=0.0002500 loss=0.166 (CE=0.083 VIR=0.066 wVIR=0.002 AUX=0.081 w=0.030) ACC=97.727 F1=95.804 Rec=94.080 Prec=97.845
Train Client4 [33/100] LR=0.0002500 loss=0.112 (CE=0.067 VIR=0.196 wVIR=0.006 AUX=0.038 w=0.030) ACC=98.095 F1=89.558 Rec=94.038 Prec=86.432
Train Client5 [33/100] LR=0.0002500 loss=0.088 (CE=0.053 VIR=0.026 wVIR=0.001 AUX=0.034 w=0.030) ACC=98.036 F1=78.773 Rec=78.760 Prec=78.786
Train Client6 [33/100] LR=0.0002500 loss=0.381 (CE=0.227 VIR=0.743 wVIR=0.022 AUX=0.131 w=0.030) ACC=91.667 F1=86.148 Rec=85.783 Prec=86.694
Train Client7 [33/100] LR=0.0002500 loss=0.293 (CE=0.155 VIR=0.442 wVIR=0.013 AUX=0.124 w=0.030) ACC=95.227 F1=95.275 Rec=94.824 Prec=95.760

Val    [33/100] LR=0.0002500 loss=1.749 ACC=96.343 F1=96.331 Rec=96.343 Prec=96.404
Val-Known->Virtual [33/100] rate=0.000% prob_mean=0.013405 margin_mean=0.948048
Val-LogitMargin [33/100] TrueKnown-VMax mean=5.8762 std=1.6195 p10=4.0914 p50=5.6001 p90=8.1800

Test-  OSR [33/100] LR=0.0002500 ACC=60.429 F1=63.443 Rec=80.476 Prec=70.545 UNK=0.286 OS*=96.514 HOS=0.570 AUROC=79.382 AUPR=68.642 OSCR=78.279
Test-Close [33/100] LR=0.0002500 loss=1.748 ACC=96.514 F1=96.502 Rec=96.514 Prec=96.550
Test-Virtual [33/100] CloseK->V=0.000% Open->V=0.286% OpenVEntropy=-0.000000 CloseHist=[0, 0, 0] OpenHist=[0, 3, 0]
Test-LogitMargin [33/100] CloseTrue-VMax mean=5.9143 std=1.6215 p10=4.1632 p50=5.6398 p90=8.2364 | OpenKnown-VMax mean=4.0653 std=1.3510 p10=2.3052 p50=4.1344 p90=5.6713
AnchorDiag [33/100] VNorm=[1.0000001192092896, 1.0, 0.9999999403953552] VDriftMax=0.000000 Vcos(max/mean)=(0.0000/-0.0000) KVcos(max/mean)=(0.0468/0.0119) ValK->V=0.00% CloseK->V=0.00% Open->V=0.29% OpenVEntropy=-0.0000
Train Client0 [34/100] LR=0.0002500 loss=0.212 (CE=0.110 VIR=0.063 wVIR=0.002 AUX=0.100 w=0.030) ACC=96.067 F1=95.883 Rec=96.414 Prec=95.414
Train Client1 [34/100] LR=0.0002500 loss=0.045 (CE=0.025 VIR=0.030 wVIR=0.001 AUX=0.019 w=0.030) ACC=99.060 F1=96.289 Rec=96.241 Prec=96.338
Train Client2 [34/100] LR=0.0002500 loss=0.164 (CE=0.088 VIR=0.228 wVIR=0.007 AUX=0.069 w=0.030) ACC=97.243 F1=93.571 Rec=93.219 Prec=93.996
Train Client3 [34/100] LR=0.0002500 loss=0.112 (CE=0.072 VIR=0.050 wVIR=0.002 AUX=0.039 w=0.030) ACC=97.538 F1=97.205 Rec=97.040 Prec=97.375
Train Client4 [34/100] LR=0.0002500 loss=0.109 (CE=0.067 VIR=0.148 wVIR=0.004 AUX=0.037 w=0.030) ACC=98.780 F1=93.034 Rec=95.860 Prec=90.717
Train Client5 [34/100] LR=0.0002500 loss=0.093 (CE=0.054 VIR=0.059 wVIR=0.002 AUX=0.037 w=0.030) ACC=99.107 F1=88.405 Rec=89.531 Prec=87.503
Train Client6 [34/100] LR=0.0002500 loss=0.304 (CE=0.165 VIR=0.705 wVIR=0.021 AUX=0.117 w=0.030) ACC=95.556 F1=92.982 Rec=92.970 Prec=93.016
Train Client7 [34/100] LR=0.0002500 loss=0.293 (CE=0.150 VIR=0.476 wVIR=0.014 AUX=0.129 w=0.030) ACC=95.303 F1=94.699 Rec=93.851 Prec=95.619

Val    [34/100] LR=0.0002500 loss=1.751 ACC=96.514 F1=96.494 Rec=96.514 Prec=96.710
Val-Known->Virtual [34/100] rate=0.000% prob_mean=0.012490 margin_mean=0.964121
Val-LogitMargin [34/100] TrueKnown-VMax mean=5.9649 std=1.6075 p10=4.1262 p50=5.8591 p90=8.1791

Test-  OSR [34/100] LR=0.0002500 ACC=60.286 F1=63.385 Rec=80.349 Prec=70.797 UNK=0.095 OS*=96.400 HOS=0.190 AUROC=81.914 AUPR=72.005 OSCR=80.713
Test-Close [34/100] LR=0.0002500 loss=1.747 ACC=96.400 F1=96.372 Rec=96.400 Prec=96.477
Test-Virtual [34/100] CloseK->V=0.000% Open->V=0.095% OpenVEntropy=-0.000000 CloseHist=[0, 0, 0] OpenHist=[0, 0, 1]
Test-LogitMargin [34/100] CloseTrue-VMax mean=5.9891 std=1.6134 p10=4.2073 p50=5.8558 p90=8.1662 | OpenKnown-VMax mean=4.1567 std=1.3896 p10=2.4050 p50=4.1957 p90=5.9428
AnchorDiag [34/100] VNorm=[1.0000001192092896, 1.0, 0.9999999403953552] VDriftMax=0.000000 Vcos(max/mean)=(0.0000/-0.0000) KVcos(max/mean)=(0.0461/0.0119) ValK->V=0.00% CloseK->V=0.00% Open->V=0.10% OpenVEntropy=-0.0000
Train Client0 [35/100] LR=0.0002500 loss=0.184 (CE=0.100 VIR=0.077 wVIR=0.002 AUX=0.082 w=0.030) ACC=96.659 F1=77.209 Rec=77.560 Prec=76.888
Train Client1 [35/100] LR=0.0002500 loss=0.066 (CE=0.036 VIR=0.039 wVIR=0.001 AUX=0.028 w=0.030) ACC=98.851 F1=95.821 Rec=96.098 Prec=95.551
Train Client2 [35/100] LR=0.0002500 loss=0.159 (CE=0.087 VIR=0.253 wVIR=0.008 AUX=0.064 w=0.030) ACC=97.624 F1=94.745 Rec=94.251 Prec=95.347
Train Client3 [35/100] LR=0.0002500 loss=0.146 (CE=0.086 VIR=0.049 wVIR=0.001 AUX=0.059 w=0.030) ACC=96.970 F1=96.744 Rec=96.562 Prec=96.937
Train Client4 [35/100] LR=0.0002500 loss=0.108 (CE=0.076 VIR=0.320 wVIR=0.010 AUX=0.022 w=0.030) ACC=98.095 F1=88.665 Rec=94.523 Prec=85.318
Train Client5 [35/100] LR=0.0002500 loss=0.104 (CE=0.064 VIR=0.056 wVIR=0.002 AUX=0.038 w=0.030) ACC=98.214 F1=88.851 Rec=93.720 Prec=86.493
Train Client6 [35/100] LR=0.0002500 loss=0.358 (CE=0.219 VIR=0.682 wVIR=0.020 AUX=0.118 w=0.030) ACC=92.778 F1=90.072 Rec=92.459 Prec=88.117
Train Client7 [35/100] LR=0.0002500 loss=0.249 (CE=0.130 VIR=0.389 wVIR=0.012 AUX=0.107 w=0.030) ACC=96.364 F1=96.411 Rec=95.940 Prec=96.903

Val    [35/100] LR=0.0002500 loss=1.746 ACC=96.857 F1=96.851 Rec=96.857 Prec=96.961
Val-Known->Virtual [35/100] rate=0.000% prob_mean=0.012827 margin_mean=0.961927
Val-LogitMargin [35/100] TrueKnown-VMax mean=5.9431 std=1.5539 p10=4.1506 p50=5.8452 p90=8.0231

Test-  OSR [35/100] LR=0.0002500 ACC=60.571 F1=63.434 Rec=80.635 Prec=70.392 UNK=0.381 OS*=96.686 HOS=0.759 AUROC=83.668 AUPR=77.874 OSCR=82.195
Test-Close [35/100] LR=0.0002500 loss=1.745 ACC=96.686 F1=96.670 Rec=96.686 Prec=96.758
Test-Virtual [35/100] CloseK->V=0.000% Open->V=0.381% OpenVEntropy=-0.000000 CloseHist=[0, 0, 0] OpenHist=[0, 4, 0]
Test-LogitMargin [35/100] CloseTrue-VMax mean=5.9619 std=1.5543 p10=4.2343 p50=5.8609 p90=7.9998 | OpenKnown-VMax mean=3.9141 std=1.6755 p10=1.4829 p50=4.1070 p90=5.9461
AnchorDiag [35/100] VNorm=[1.0000001192092896, 1.0, 0.9999999403953552] VDriftMax=0.000000 Vcos(max/mean)=(0.0000/-0.0000) KVcos(max/mean)=(0.0466/0.0122) ValK->V=0.00% CloseK->V=0.00% Open->V=0.38% OpenVEntropy=-0.0000
Saving model at epoch 35 . . . . . . . .

Train Client0 [36/100] LR=0.0002500 loss=0.179 (CE=0.095 VIR=0.069 wVIR=0.002 AUX=0.081 w=0.030) ACC=96.552 F1=77.178 Rec=77.498 Prec=76.890
Train Client1 [36/100] LR=0.0002500 loss=0.057 (CE=0.031 VIR=0.057 wVIR=0.002 AUX=0.025 w=0.030) ACC=99.130 F1=96.211 Rec=96.647 Prec=95.799
Train Client2 [36/100] LR=0.0002500 loss=0.167 (CE=0.090 VIR=0.234 wVIR=0.007 AUX=0.070 w=0.030) ACC=97.433 F1=94.216 Rec=93.478 Prec=95.030
Train Client3 [36/100] LR=0.0002500 loss=0.155 (CE=0.088 VIR=0.041 wVIR=0.001 AUX=0.066 w=0.030) ACC=97.917 F1=97.736 Rec=97.967 Prec=97.523
Train Client4 [36/100] LR=0.0002500 loss=0.068 (CE=0.045 VIR=0.218 wVIR=0.007 AUX=0.016 w=0.030) ACC=98.476 F1=91.129 Rec=95.953 Prec=87.939
Train Client5 [36/100] LR=0.0002500 loss=0.092 (CE=0.055 VIR=0.039 wVIR=0.001 AUX=0.036 w=0.030) ACC=98.304 F1=90.934 Rec=93.862 Prec=89.007
Train Client6 [36/100] LR=0.0002500 loss=0.352 (CE=0.205 VIR=0.695 wVIR=0.021 AUX=0.126 w=0.030) ACC=93.056 F1=89.290 Rec=90.027 Prec=88.624
Train Client7 [36/100] LR=0.0002500 loss=0.305 (CE=0.158 VIR=0.507 wVIR=0.015 AUX=0.132 w=0.030) ACC=95.303 F1=94.712 Rec=93.988 Prec=95.492

Val    [36/100] LR=0.0002500 loss=1.744 ACC=96.629 F1=96.618 Rec=96.629 Prec=96.749
Val-Known->Virtual [36/100] rate=0.000% prob_mean=0.010497 margin_mean=0.963581
Val-LogitMargin [36/100] TrueKnown-VMax mean=6.4341 std=1.9355 p10=4.3454 p50=5.9732 p90=9.2103

Test-  OSR [36/100] LR=0.0002500 ACC=60.429 F1=63.222 Rec=80.540 Prec=70.210 UNK=0.095 OS*=96.629 HOS=0.190 AUROC=80.109 AUPR=71.379 OSCR=78.969
Test-Close [36/100] LR=0.0002500 loss=1.740 ACC=96.629 F1=96.615 Rec=96.629 Prec=96.696
Test-Virtual [36/100] CloseK->V=0.000% Open->V=0.095% OpenVEntropy=-0.000000 CloseHist=[0, 0, 0] OpenHist=[0, 1, 0]
Test-LogitMargin [36/100] CloseTrue-VMax mean=6.4428 std=1.9208 p10=4.3877 p50=5.9828 p90=9.1631 | OpenKnown-VMax mean=4.3431 std=1.5227 p10=2.3334 p50=4.3372 p90=6.3539
AnchorDiag [36/100] VNorm=[1.0000001192092896, 1.0, 0.9999999403953552] VDriftMax=0.000000 Vcos(max/mean)=(0.0000/-0.0000) KVcos(max/mean)=(0.0470/0.0121) ValK->V=0.00% CloseK->V=0.00% Open->V=0.10% OpenVEntropy=-0.0000
Train Client0 [37/100] LR=0.0002500 loss=0.207 (CE=0.111 VIR=0.089 wVIR=0.003 AUX=0.094 w=0.030) ACC=96.606 F1=77.265 Rec=77.811 Prec=76.800
Train Client1 [37/100] LR=0.0002500 loss=0.081 (CE=0.047 VIR=0.046 wVIR=0.001 AUX=0.032 w=0.030) ACC=98.712 F1=94.114 Rec=94.333 Prec=93.901
Train Client2 [37/100] LR=0.0002500 loss=0.142 (CE=0.082 VIR=0.180 wVIR=0.005 AUX=0.056 w=0.030) ACC=97.243 F1=93.549 Rec=93.623 Prec=93.482
Train Client3 [37/100] LR=0.0002500 loss=0.132 (CE=0.073 VIR=0.128 wVIR=0.004 AUX=0.055 w=0.030) ACC=97.917 F1=96.295 Rec=97.760 Prec=95.067
Train Client4 [37/100] LR=0.0002500 loss=0.105 (CE=0.062 VIR=0.266 wVIR=0.008 AUX=0.035 w=0.030) ACC=98.323 F1=88.949 Rec=91.225 Prec=87.320
Train Client5 [37/100] LR=0.0002500 loss=0.099 (CE=0.059 VIR=0.040 wVIR=0.001 AUX=0.039 w=0.030) ACC=98.214 F1=87.530 Rec=88.455 Prec=86.834
Train Client6 [37/100] LR=0.0002500 loss=0.327 (CE=0.199 VIR=0.789 wVIR=0.024 AUX=0.105 w=0.030) ACC=93.611 F1=88.945 Rec=91.139 Prec=87.135
Train Client7 [37/100] LR=0.0002500 loss=0.228 (CE=0.117 VIR=0.350 wVIR=0.011 AUX=0.101 w=0.030) ACC=96.591 F1=96.834 Rec=96.203 Prec=97.505

Val    [37/100] LR=0.0002500 loss=1.756 ACC=96.114 F1=96.093 Rec=96.114 Prec=96.346
Val-Known->Virtual [37/100] rate=0.000% prob_mean=0.013522 margin_mean=0.957683
Val-LogitMargin [37/100] TrueKnown-VMax mean=6.2400 std=2.0303 p10=4.0635 p50=5.7441 p90=9.2065

Test-  OSR [37/100] LR=0.0002500 ACC=60.107 F1=63.371 Rec=80.143 Prec=54.465 UNK=0.000 OS*=96.171 HOS=0.000 AUROC=76.069 AUPR=65.400 OSCR=74.968
Test-Close [37/100] LR=0.0002500 loss=1.753 ACC=96.171 F1=96.147 Rec=96.171 Prec=96.374
Test-Virtual [37/100] CloseK->V=0.000% Open->V=0.000% OpenVEntropy=0.000000 CloseHist=[0, 0, 0] OpenHist=[0, 0, 0]
Test-LogitMargin [37/100] CloseTrue-VMax mean=6.2478 std=2.0266 p10=4.0689 p50=5.7302 p90=9.2318 | OpenKnown-VMax mean=4.4246 std=1.4637 p10=2.6323 p50=4.4182 p90=6.2855
AnchorDiag [37/100] VNorm=[1.0000001192092896, 1.0, 0.9999999403953552] VDriftMax=0.000000 Vcos(max/mean)=(0.0000/-0.0000) KVcos(max/mean)=(0.0477/0.0123) ValK->V=0.00% CloseK->V=0.00% Open->V=0.00% OpenVEntropy=0.0000
Train Client0 [38/100] LR=0.0002500 loss=0.183 (CE=0.101 VIR=0.111 wVIR=0.003 AUX=0.079 w=0.030) ACC=96.552 F1=77.134 Rec=77.502 Prec=76.797
Train Client1 [38/100] LR=0.0002500 loss=0.073 (CE=0.041 VIR=0.020 wVIR=0.001 AUX=0.032 w=0.030) ACC=98.781 F1=95.185 Rec=95.682 Prec=94.741
Train Client2 [38/100] LR=0.0002500 loss=0.124 (CE=0.071 VIR=0.203 wVIR=0.006 AUX=0.046 w=0.030) ACC=97.529 F1=94.586 Rec=94.730 Prec=94.476
Train Client3 [38/100] LR=0.0002500 loss=0.119 (CE=0.064 VIR=0.046 wVIR=0.001 AUX=0.054 w=0.030) ACC=98.106 F1=97.797 Rec=97.705 Prec=97.892
Train Client4 [38/100] LR=0.0002500 loss=0.095 (CE=0.064 VIR=0.264 wVIR=0.008 AUX=0.023 w=0.030) ACC=98.628 F1=92.948 Rec=95.997 Prec=90.373
Train Client5 [38/100] LR=0.0002500 loss=0.102 (CE=0.056 VIR=0.023 wVIR=0.001 AUX=0.046 w=0.030) ACC=98.214 F1=83.799 Rec=83.940 Prec=83.663
Train Client6 [38/100] LR=0.0002500 loss=0.411 (CE=0.231 VIR=0.793 wVIR=0.024 AUX=0.156 w=0.030) ACC=92.222 F1=88.195 Rec=88.209 Prec=88.200
Train Client7 [38/100] LR=0.0002500 loss=0.226 (CE=0.122 VIR=0.436 wVIR=0.013 AUX=0.091 w=0.030) ACC=96.515 F1=96.528 Rec=96.284 Prec=96.787

Val    [38/100] LR=0.0002500 loss=1.747 ACC=96.571 F1=96.576 Rec=96.571 Prec=96.665
Val-Known->Virtual [38/100] rate=0.000% prob_mean=0.011947 margin_mean=0.957118
Val-LogitMargin [38/100] TrueKnown-VMax mean=6.0454 std=1.6786 p10=4.2856 p50=5.6579 p90=8.4357

Test-  OSR [38/100] LR=0.0002500 ACC=60.821 F1=63.586 Rec=80.746 Prec=70.047 UNK=1.048 OS*=96.686 HOS=2.073 AUROC=81.879 AUPR=75.364 OSCR=80.546
Test-Close [38/100] LR=0.0002500 loss=1.743 ACC=96.686 F1=96.673 Rec=96.686 Prec=96.752
Test-Virtual [38/100] CloseK->V=0.000% Open->V=1.048% OpenVEntropy=0.431580 CloseHist=[0, 0, 0] OpenHist=[0, 9, 2]
Test-LogitMargin [38/100] CloseTrue-VMax mean=6.0576 std=1.6707 p10=4.3282 p50=5.6538 p90=8.4703 | OpenKnown-VMax mean=3.7768 std=1.7295 p10=1.1954 p50=3.9616 p90=5.8521
AnchorDiag [38/100] VNorm=[1.0000001192092896, 1.0, 0.9999999403953552] VDriftMax=0.000000 Vcos(max/mean)=(0.0000/-0.0000) KVcos(max/mean)=(0.0477/0.0125) ValK->V=0.00% CloseK->V=0.00% Open->V=1.05% OpenVEntropy=0.4316
Train Client0 [39/100] LR=0.0002500 loss=0.179 (CE=0.096 VIR=0.089 wVIR=0.003 AUX=0.080 w=0.030) ACC=96.390 F1=77.014 Rec=77.335 Prec=76.722
Train Client1 [39/100] LR=0.0002500 loss=0.057 (CE=0.033 VIR=0.033 wVIR=0.001 AUX=0.024 w=0.030) ACC=98.712 F1=93.518 Rec=93.818 Prec=93.238
Train Client2 [39/100] LR=0.0002500 loss=0.134 (CE=0.074 VIR=0.192 wVIR=0.006 AUX=0.054 w=0.030) ACC=97.861 F1=94.736 Rec=93.815 Prec=95.875
Train Client3 [39/100] LR=0.0002500 loss=0.119 (CE=0.069 VIR=0.068 wVIR=0.002 AUX=0.049 w=0.030) ACC=97.538 F1=97.054 Rec=96.893 Prec=97.219
Train Client4 [39/100] LR=0.0002500 loss=0.085 (CE=0.056 VIR=0.202 wVIR=0.006 AUX=0.023 w=0.030) ACC=98.552 F1=92.669 Rec=94.245 Prec=91.228
Train Client5 [39/100] LR=0.0002500 loss=0.047 (CE=0.030 VIR=0.037 wVIR=0.001 AUX=0.016 w=0.030) ACC=98.839 F1=90.246 Rec=94.247 Prec=88.000
Train Client6 [39/100] LR=0.0002500 loss=0.269 (CE=0.164 VIR=0.613 wVIR=0.018 AUX=0.086 w=0.030) ACC=93.056 F1=89.784 Rec=90.787 Prec=88.987
Train Client7 [39/100] LR=0.0002500 loss=0.270 (CE=0.142 VIR=0.436 wVIR=0.013 AUX=0.115 w=0.030) ACC=95.909 F1=95.953 Rec=95.817 Prec=96.117

Val    [39/100] LR=0.0002500 loss=1.738 ACC=96.629 F1=96.612 Rec=96.629 Prec=96.706
Val-Known->Virtual [39/100] rate=0.000% prob_mean=0.011099 margin_mean=0.958362
Val-LogitMargin [39/100] TrueKnown-VMax mean=6.1306 std=1.5965 p10=4.3464 p50=5.9294 p90=8.2975

Test-  OSR [39/100] LR=0.0002500 ACC=60.607 F1=63.568 Rec=80.714 Prec=70.595 UNK=0.286 OS*=96.800 HOS=0.570 AUROC=81.019 AUPR=73.709 OSCR=79.768
Test-Close [39/100] LR=0.0002500 loss=1.741 ACC=96.800 F1=96.784 Rec=96.800 Prec=96.848
Test-Virtual [39/100] CloseK->V=0.000% Open->V=0.286% OpenVEntropy=-0.000000 CloseHist=[0, 0, 0] OpenHist=[0, 3, 0]
Test-LogitMargin [39/100] CloseTrue-VMax mean=6.1332 std=1.5944 p10=4.4307 p50=5.8885 p90=8.2627 | OpenKnown-VMax mean=3.9338 std=1.7164 p10=1.4366 p50=4.0198 p90=6.0278
AnchorDiag [39/100] VNorm=[1.0000001192092896, 1.0, 0.9999999403953552] VDriftMax=0.000000 Vcos(max/mean)=(0.0000/-0.0000) KVcos(max/mean)=(0.0480/0.0128) ValK->V=0.00% CloseK->V=0.00% Open->V=0.29% OpenVEntropy=-0.0000
Train Client0 [40/100] LR=0.0002500 loss=0.177 (CE=0.095 VIR=0.047 wVIR=0.001 AUX=0.080 w=0.030) ACC=96.444 F1=77.161 Rec=77.594 Prec=76.778
Train Client1 [40/100] LR=0.0002500 loss=0.064 (CE=0.034 VIR=0.029 wVIR=0.001 AUX=0.028 w=0.030) ACC=98.747 F1=94.081 Rec=94.527 Prec=93.683
Train Client2 [40/100] LR=0.0002500 loss=0.136 (CE=0.070 VIR=0.176 wVIR=0.005 AUX=0.060 w=0.030) ACC=98.004 F1=95.628 Rec=94.750 Prec=96.641
Train Client3 [40/100] LR=0.0002500 loss=0.211 (CE=0.111 VIR=0.107 wVIR=0.003 AUX=0.096 w=0.030) ACC=97.159 F1=96.699 Rec=96.474 Prec=96.943
Train Client4 [40/100] LR=0.0002500 loss=0.095 (CE=0.064 VIR=0.256 wVIR=0.008 AUX=0.023 w=0.030) ACC=98.323 F1=89.048 Rec=92.112 Prec=86.702
Train Client5 [40/100] LR=0.0002500 loss=0.068 (CE=0.038 VIR=0.029 wVIR=0.001 AUX=0.029 w=0.030) ACC=98.750 F1=92.540 Rec=94.182 Prec=91.230
Train Client6 [40/100] LR=0.0002500 loss=0.258 (CE=0.162 VIR=0.630 wVIR=0.019 AUX=0.077 w=0.030) ACC=94.444 F1=91.400 Rec=91.383 Prec=91.437
Train Client7 [40/100] LR=0.0002500 loss=0.258 (CE=0.135 VIR=0.452 wVIR=0.014 AUX=0.109 w=0.030) ACC=95.909 F1=95.824 Rec=95.210 Prec=96.478

Val    [40/100] LR=0.0002500 loss=1.753 ACC=96.114 F1=96.104 Rec=96.114 Prec=96.291
Val-Known->Virtual [40/100] rate=0.000% prob_mean=0.006887 margin_mean=0.968863
Val-LogitMargin [40/100] TrueKnown-VMax mean=6.8052 std=1.9486 p10=4.7935 p50=6.3308 p90=9.6328

Test-  OSR [40/100] LR=0.0002500 ACC=60.393 F1=63.417 Rec=80.460 Prec=70.584 UNK=0.190 OS*=96.514 HOS=0.380 AUROC=82.242 AUPR=75.364 OSCR=80.835
Test-Close [40/100] LR=0.0002500 loss=1.745 ACC=96.514 F1=96.498 Rec=96.514 Prec=96.645
Test-Virtual [40/100] CloseK->V=0.000% Open->V=0.190% OpenVEntropy=-0.000000 CloseHist=[0, 0, 0] OpenHist=[0, 2, 0]
Test-LogitMargin [40/100] CloseTrue-VMax mean=6.8070 std=1.9291 p10=4.8173 p50=6.3252 p90=9.5923 | OpenKnown-VMax mean=4.2944 std=1.8133 p10=1.6933 p50=4.4201 p90=6.4321
AnchorDiag [40/100] VNorm=[1.0000001192092896, 1.0, 0.9999999403953552] VDriftMax=0.000000 Vcos(max/mean)=(0.0000/-0.0000) KVcos(max/mean)=(0.0483/0.0129) ValK->V=0.00% CloseK->V=0.00% Open->V=0.19% OpenVEntropy=-0.0000
Saving model at epoch 40 . . . . . . . .

Train Client0 [41/100] LR=0.0002500 loss=0.172 (CE=0.090 VIR=0.053 wVIR=0.002 AUX=0.080 w=0.030) ACC=96.767 F1=77.395 Rec=77.816 Prec=77.022
Train Client1 [41/100] LR=0.0002500 loss=0.064 (CE=0.036 VIR=0.026 wVIR=0.001 AUX=0.028 w=0.030) ACC=98.886 F1=94.621 Rec=95.509 Prec=93.856
Train Client2 [41/100] LR=0.0002500 loss=0.165 (CE=0.092 VIR=0.197 wVIR=0.006 AUX=0.067 w=0.030) ACC=97.291 F1=93.535 Rec=93.070 Prec=94.100
Train Client3 [41/100] LR=0.0002500 loss=0.178 (CE=0.102 VIR=0.040 wVIR=0.001 AUX=0.074 w=0.030) ACC=96.591 F1=96.133 Rec=95.786 Prec=96.520
Train Client4 [41/100] LR=0.0002500 loss=0.097 (CE=0.062 VIR=0.213 wVIR=0.006 AUX=0.028 w=0.030) ACC=98.476 F1=91.081 Rec=96.657 Prec=87.404
Train Client5 [41/100] LR=0.0002500 loss=0.062 (CE=0.041 VIR=0.040 wVIR=0.001 AUX=0.020 w=0.030) ACC=98.304 F1=83.343 Rec=83.843 Prec=82.956
Train Client6 [41/100] LR=0.0002500 loss=0.264 (CE=0.174 VIR=0.677 wVIR=0.020 AUX=0.069 w=0.030) ACC=92.778 F1=86.320 Rec=90.147 Prec=83.703
Train Client7 [41/100] LR=0.0002500 loss=0.271 (CE=0.146 VIR=0.359 wVIR=0.011 AUX=0.114 w=0.030) ACC=95.909 F1=95.469 Rec=94.465 Prec=96.595

Val    [41/100] LR=0.0002500 loss=1.744 ACC=96.686 F1=96.683 Rec=96.686 Prec=96.825
Val-Known->Virtual [41/100] rate=0.000% prob_mean=0.009088 margin_mean=0.958951
Val-LogitMargin [41/100] TrueKnown-VMax mean=6.5362 std=1.9634 p10=4.5992 p50=6.0640 p90=9.4206

Test-  OSR [41/100] LR=0.0002500 ACC=60.464 F1=63.123 Rec=80.587 Prec=69.918 UNK=0.095 OS*=96.686 HOS=0.190 AUROC=81.106 AUPR=74.940 OSCR=79.699
Test-Close [41/100] LR=0.0002500 loss=1.745 ACC=96.686 F1=96.672 Rec=96.686 Prec=96.782
Test-Virtual [41/100] CloseK->V=0.000% Open->V=0.095% OpenVEntropy=-0.000000 CloseHist=[0, 0, 0] OpenHist=[0, 1, 0]
Test-LogitMargin [41/100] CloseTrue-VMax mean=6.5425 std=1.9663 p10=4.5683 p50=6.0494 p90=9.4710 | OpenKnown-VMax mean=4.0049 std=1.8432 p10=1.3865 p50=4.0826 p90=6.3146
AnchorDiag [41/100] VNorm=[1.0000001192092896, 1.0, 0.9999999403953552] VDriftMax=0.000000 Vcos(max/mean)=(0.0000/-0.0000) KVcos(max/mean)=(0.0494/0.0127) ValK->V=0.00% CloseK->V=0.00% Open->V=0.10% OpenVEntropy=-0.0000
Train Client0 [42/100] LR=0.0002500 loss=0.161 (CE=0.088 VIR=0.045 wVIR=0.001 AUX=0.072 w=0.030) ACC=96.767 F1=77.331 Rec=77.737 Prec=76.972
Train Client1 [42/100] LR=0.0002500 loss=0.056 (CE=0.032 VIR=0.036 wVIR=0.001 AUX=0.022 w=0.030) ACC=98.955 F1=95.760 Rec=96.812 Prec=94.896
Train Client2 [42/100] LR=0.0002500 loss=0.124 (CE=0.068 VIR=0.165 wVIR=0.005 AUX=0.051 w=0.030) ACC=98.004 F1=95.232 Rec=94.111 Prec=96.626
Train Client3 [42/100] LR=0.0002500 loss=0.102 (CE=0.062 VIR=0.031 wVIR=0.001 AUX=0.039 w=0.030) ACC=98.106 F1=97.799 Rec=97.688 Prec=97.937
Train Client4 [42/100] LR=0.0002500 loss=0.137 (CE=0.090 VIR=0.269 wVIR=0.008 AUX=0.039 w=0.030) ACC=97.866 F1=87.078 Rec=92.768 Prec=83.510
Train Client5 [42/100] LR=0.0002500 loss=0.105 (CE=0.064 VIR=0.040 wVIR=0.001 AUX=0.039 w=0.030) ACC=98.482 F1=87.787 Rec=88.792 Prec=87.005
Train Client6 [42/100] LR=0.0002500 loss=0.268 (CE=0.157 VIR=0.590 wVIR=0.018 AUX=0.093 w=0.030) ACC=95.000 F1=91.809 Rec=92.063 Prec=91.564
Train Client7 [42/100] LR=0.0002500 loss=0.269 (CE=0.144 VIR=0.493 wVIR=0.015 AUX=0.111 w=0.030) ACC=95.758 F1=88.581 Rec=94.524 Prec=86.038

Val    [42/100] LR=0.0002500 loss=1.748 ACC=96.514 F1=96.505 Rec=96.514 Prec=96.627
Val-Known->Virtual [42/100] rate=0.000% prob_mean=0.009053 margin_mean=0.961893
Val-LogitMargin [42/100] TrueKnown-VMax mean=6.7115 std=2.0816 p10=4.5271 p50=6.0922 p90=9.6634

Test-  OSR [42/100] LR=0.0002500 ACC=60.393 F1=63.137 Rec=80.524 Prec=53.315 UNK=0.000 OS*=96.629 HOS=0.000 AUROC=80.320 AUPR=72.594 OSCR=79.089
Test-Close [42/100] LR=0.0002500 loss=1.743 ACC=96.629 F1=96.613 Rec=96.629 Prec=96.699
Test-Virtual [42/100] CloseK->V=0.000% Open->V=0.000% OpenVEntropy=0.000000 CloseHist=[0, 0, 0] OpenHist=[0, 0, 0]
Test-LogitMargin [42/100] CloseTrue-VMax mean=6.7276 std=2.0886 p10=4.5666 p50=6.0738 p90=9.6607 | OpenKnown-VMax mean=4.3226 std=1.7638 p10=1.7275 p50=4.3860 p90=6.5500
AnchorDiag [42/100] VNorm=[1.0000001192092896, 1.0, 0.9999999403953552] VDriftMax=0.000000 Vcos(max/mean)=(0.0000/-0.0000) KVcos(max/mean)=(0.0495/0.0127) ValK->V=0.00% CloseK->V=0.00% Open->V=0.00% OpenVEntropy=0.0000
Train Client0 [43/100] LR=0.0002500 loss=0.160 (CE=0.087 VIR=0.052 wVIR=0.002 AUX=0.071 w=0.030) ACC=96.390 F1=77.099 Rec=77.622 Prec=76.651
Train Client1 [43/100] LR=0.0002500 loss=0.053 (CE=0.031 VIR=0.031 wVIR=0.001 AUX=0.022 w=0.030) ACC=98.921 F1=95.288 Rec=95.550 Prec=95.051
Train Client2 [43/100] LR=0.0002500 loss=0.139 (CE=0.071 VIR=0.178 wVIR=0.005 AUX=0.063 w=0.030) ACC=98.146 F1=95.793 Rec=94.752 Prec=97.011
Train Client3 [43/100] LR=0.0002500 loss=0.172 (CE=0.085 VIR=0.064 wVIR=0.002 AUX=0.085 w=0.030) ACC=98.106 F1=96.319 Rec=97.720 Prec=95.143
Train Client4 [43/100] LR=0.0002500 loss=0.101 (CE=0.072 VIR=0.346 wVIR=0.010 AUX=0.019 w=0.030) ACC=98.323 F1=90.882 Rec=94.633 Prec=88.324
Train Client5 [43/100] LR=0.0002500 loss=0.077 (CE=0.047 VIR=0.054 wVIR=0.002 AUX=0.028 w=0.030) ACC=98.661 F1=91.184 Rec=94.111 Prec=89.257
Train Client6 [43/100] LR=0.0002500 loss=0.334 (CE=0.188 VIR=0.689 wVIR=0.021 AUX=0.125 w=0.030) ACC=93.889 F1=90.093 Rec=90.479 Prec=90.056
Train Client7 [43/100] LR=0.0002500 loss=0.242 (CE=0.126 VIR=0.402 wVIR=0.012 AUX=0.104 w=0.030) ACC=95.909 F1=96.266 Rec=95.502 Prec=97.084

Val    [43/100] LR=0.0002500 loss=1.756 ACC=96.000 F1=96.000 Rec=96.000 Prec=96.183
Val-Known->Virtual [43/100] rate=0.000% prob_mean=0.008754 margin_mean=0.965052
Val-LogitMargin [43/100] TrueKnown-VMax mean=6.3101 std=1.5816 p10=4.5651 p50=6.1629 p90=8.3961

Test-  OSR [43/100] LR=0.0002500 ACC=60.464 F1=63.030 Rec=80.492 Prec=69.704 UNK=0.381 OS*=96.514 HOS=0.759 AUROC=84.265 AUPR=78.945 OSCR=82.631
Test-Close [43/100] LR=0.0002500 loss=1.748 ACC=96.514 F1=96.501 Rec=96.514 Prec=96.617
Test-Virtual [43/100] CloseK->V=0.000% Open->V=0.381% OpenVEntropy=0.511860 CloseHist=[0, 0, 0] OpenHist=[0, 3, 1]
Test-LogitMargin [43/100] CloseTrue-VMax mean=6.3242 std=1.5631 p10=4.5952 p50=6.1723 p90=8.3851 | OpenKnown-VMax mean=3.8282 std=1.8630 p10=1.1254 p50=4.0499 p90=6.1616
AnchorDiag [43/100] VNorm=[1.0000001192092896, 1.0, 0.9999999403953552] VDriftMax=0.000000 Vcos(max/mean)=(0.0000/-0.0000) KVcos(max/mean)=(0.0498/0.0126) ValK->V=0.00% CloseK->V=0.00% Open->V=0.38% OpenVEntropy=0.5119
Train Client0 [44/100] LR=0.0002500 loss=0.169 (CE=0.094 VIR=0.106 wVIR=0.003 AUX=0.072 w=0.030) ACC=96.929 F1=77.531 Rec=77.889 Prec=77.215
Train Client1 [44/100] LR=0.0002500 loss=0.047 (CE=0.028 VIR=0.028 wVIR=0.001 AUX=0.018 w=0.030) ACC=99.269 F1=97.378 Rec=97.321 Prec=97.435
Train Client2 [44/100] LR=0.0002500 loss=0.153 (CE=0.082 VIR=0.164 wVIR=0.005 AUX=0.066 w=0.030) ACC=97.766 F1=94.424 Rec=93.540 Prec=95.470
Train Client3 [44/100] LR=0.0002500 loss=0.100 (CE=0.060 VIR=0.030 wVIR=0.001 AUX=0.040 w=0.030) ACC=98.485 F1=98.191 Rec=98.113 Prec=98.271
Train Client4 [44/100] LR=0.0002500 loss=0.079 (CE=0.051 VIR=0.307 wVIR=0.009 AUX=0.019 w=0.030) ACC=98.399 F1=92.915 Rec=97.761 Prec=89.904
Train Client5 [44/100] LR=0.0002500 loss=0.084 (CE=0.050 VIR=0.024 wVIR=0.001 AUX=0.033 w=0.030) ACC=98.571 F1=87.181 Rec=89.134 Prec=85.896
Train Client6 [44/100] LR=0.0002500 loss=0.338 (CE=0.223 VIR=0.983 wVIR=0.029 AUX=0.086 w=0.030) ACC=91.944 F1=85.541 Rec=88.213 Prec=83.266
Train Client7 [44/100] LR=0.0002500 loss=0.247 (CE=0.133 VIR=0.459 wVIR=0.014 AUX=0.101 w=0.030) ACC=96.818 F1=96.368 Rec=95.564 Prec=97.234

Val    [44/100] LR=0.0002500 loss=1.739 ACC=96.971 F1=96.961 Rec=96.971 Prec=97.036
Val-Known->Virtual [44/100] rate=0.000% prob_mean=0.008863 margin_mean=0.963866
Val-LogitMargin [44/100] TrueKnown-VMax mean=6.7925 std=2.2161 p10=4.6790 p50=6.1434 p90=10.3250

Test-  OSR [44/100] LR=0.0002500 ACC=60.500 F1=63.917 Rec=80.667 Prec=54.749 UNK=0.000 OS*=96.800 HOS=0.000 AUROC=73.611 AUPR=62.970 OSCR=72.775
Test-Close [44/100] LR=0.0002500 loss=1.736 ACC=96.800 F1=96.782 Rec=96.800 Prec=96.863
Test-Virtual [44/100] CloseK->V=0.000% Open->V=0.000% OpenVEntropy=0.000000 CloseHist=[0, 0, 0] OpenHist=[0, 0, 0]
Test-LogitMargin [44/100] CloseTrue-VMax mean=6.8083 std=2.2109 p10=4.6737 p50=6.1623 p90=10.3834 | OpenKnown-VMax mean=4.9310 std=1.6684 p10=2.8427 p50=4.9029 p90=7.0936
AnchorDiag [44/100] VNorm=[1.0000001192092896, 1.0, 0.9999999403953552] VDriftMax=0.000000 Vcos(max/mean)=(0.0000/-0.0000) KVcos(max/mean)=(0.0518/0.0127) ValK->V=0.00% CloseK->V=0.00% Open->V=0.00% OpenVEntropy=0.0000
Train Client0 [45/100] LR=0.0002500 loss=0.193 (CE=0.103 VIR=0.098 wVIR=0.003 AUX=0.087 w=0.030) ACC=96.606 F1=77.165 Rec=77.345 Prec=76.994
Train Client1 [45/100] LR=0.0002500 loss=0.053 (CE=0.029 VIR=0.030 wVIR=0.001 AUX=0.024 w=0.030) ACC=98.955 F1=94.695 Rec=95.062 Prec=94.350
Train Client2 [45/100] LR=0.0002500 loss=0.152 (CE=0.085 VIR=0.200 wVIR=0.006 AUX=0.061 w=0.030) ACC=97.243 F1=93.470 Rec=92.742 Prec=94.355
Train Client3 [45/100] LR=0.0002500 loss=0.193 (CE=0.107 VIR=0.049 wVIR=0.001 AUX=0.085 w=0.030) ACC=96.591 F1=96.058 Rec=95.970 Prec=96.149
Train Client4 [45/100] LR=0.0002500 loss=0.102 (CE=0.066 VIR=0.143 wVIR=0.004 AUX=0.032 w=0.030) ACC=98.323 F1=90.132 Rec=96.526 Prec=86.155
Train Client5 [45/100] LR=0.0002500 loss=0.085 (CE=0.051 VIR=0.031 wVIR=0.001 AUX=0.033 w=0.030) ACC=98.482 F1=90.006 Rec=94.012 Prec=87.752
Train Client6 [45/100] LR=0.0002500 loss=0.377 (CE=0.226 VIR=0.635 wVIR=0.019 AUX=0.132 w=0.030) ACC=92.500 F1=86.884 Rec=88.211 Prec=85.879
Train Client7 [45/100] LR=0.0002500 loss=0.238 (CE=0.122 VIR=0.353 wVIR=0.011 AUX=0.105 w=0.030) ACC=95.985 F1=95.458 Rec=94.939 Prec=96.003

Val    [45/100] LR=0.0002500 loss=1.735 ACC=96.743 F1=96.722 Rec=96.743 Prec=96.766
Val-Known->Virtual [45/100] rate=0.000% prob_mean=0.011058 margin_mean=0.958908
Val-LogitMargin [45/100] TrueKnown-VMax mean=6.5613 std=2.0218 p10=4.3772 p50=6.0478 p90=9.4195

Test-  OSR [45/100] LR=0.0002500 ACC=60.643 F1=63.621 Rec=80.794 Prec=70.631 UNK=0.190 OS*=96.914 HOS=0.380 AUROC=76.658 AUPR=66.281 OSCR=75.730
Test-Close [45/100] LR=0.0002500 loss=1.738 ACC=96.914 F1=96.900 Rec=96.914 Prec=96.921
Test-Virtual [45/100] CloseK->V=0.000% Open->V=0.190% OpenVEntropy=-0.000000 CloseHist=[0, 0, 0] OpenHist=[0, 2, 0]
Test-LogitMargin [45/100] CloseTrue-VMax mean=6.5800 std=2.0322 p10=4.4285 p50=6.0304 p90=9.4275 | OpenKnown-VMax mean=4.4626 std=1.6747 p10=2.1927 p50=4.5397 p90=6.6210
AnchorDiag [45/100] VNorm=[1.0000001192092896, 1.0, 0.9999999403953552] VDriftMax=0.000000 Vcos(max/mean)=(0.0000/-0.0000) KVcos(max/mean)=(0.0509/0.0127) ValK->V=0.00% CloseK->V=0.00% Open->V=0.19% OpenVEntropy=-0.0000
Saving model at epoch 45 . . . . . . . .

Train Client0 [46/100] LR=0.0002500 loss=0.169 (CE=0.092 VIR=0.052 wVIR=0.002 AUX=0.075 w=0.030) ACC=96.659 F1=77.257 Rec=77.642 Prec=76.913
Train Client1 [46/100] LR=0.0002500 loss=0.061 (CE=0.034 VIR=0.029 wVIR=0.001 AUX=0.026 w=0.030) ACC=99.060 F1=95.842 Rec=96.252 Prec=95.453
Train Client2 [46/100] LR=0.0002500 loss=0.141 (CE=0.079 VIR=0.152 wVIR=0.005 AUX=0.057 w=0.030) ACC=98.194 F1=95.393 Rec=94.523 Prec=96.440
Train Client3 [46/100] LR=0.0002500 loss=0.144 (CE=0.071 VIR=0.052 wVIR=0.002 AUX=0.071 w=0.030) ACC=97.727 F1=92.832 Rec=92.942 Prec=92.784
Train Client4 [46/100] LR=0.0002500 loss=0.070 (CE=0.044 VIR=0.095 wVIR=0.003 AUX=0.023 w=0.030) ACC=98.780 F1=93.980 Rec=95.328 Prec=92.785
Train Client5 [46/100] LR=0.0002500 loss=0.096 (CE=0.059 VIR=0.053 wVIR=0.002 AUX=0.035 w=0.030) ACC=98.661 F1=89.008 Rec=88.971 Prec=89.047
Train Client6 [46/100] LR=0.0002500 loss=0.336 (CE=0.201 VIR=0.766 wVIR=0.023 AUX=0.113 w=0.030) ACC=92.500 F1=87.579 Rec=87.828 Prec=87.469
Train Client7 [46/100] LR=0.0002500 loss=0.246 (CE=0.140 VIR=0.394 wVIR=0.012 AUX=0.094 w=0.030) ACC=95.909 F1=95.297 Rec=95.217 Prec=95.396

Val    [46/100] LR=0.0002500 loss=1.760 ACC=96.457 F1=96.442 Rec=96.457 Prec=96.577
Val-Known->Virtual [46/100] rate=0.000% prob_mean=0.011501 margin_mean=0.966644
Val-LogitMargin [46/100] TrueKnown-VMax mean=6.6742 std=2.3119 p10=4.3025 p50=6.0503 p90=10.0758

Test-  OSR [46/100] LR=0.0002500 ACC=60.464 F1=63.674 Rec=80.556 Prec=71.027 UNK=0.190 OS*=96.629 HOS=0.380 AUROC=76.427 AUPR=66.400 OSCR=75.388
Test-Close [46/100] LR=0.0002500 loss=1.749 ACC=96.629 F1=96.608 Rec=96.629 Prec=96.707
Test-Virtual [46/100] CloseK->V=0.000% Open->V=0.190% OpenVEntropy=-0.000000 CloseHist=[0, 0, 0] OpenHist=[0, 2, 0]
Test-LogitMargin [46/100] CloseTrue-VMax mean=6.6870 std=2.3155 p10=4.2390 p50=6.0022 p90=10.1380 | OpenKnown-VMax mean=4.7633 std=1.6892 p10=2.6365 p50=4.6846 p90=6.8923
AnchorDiag [46/100] VNorm=[1.0000001192092896, 1.0, 0.9999999403953552] VDriftMax=0.000000 Vcos(max/mean)=(0.0000/-0.0000) KVcos(max/mean)=(0.0513/0.0127) ValK->V=0.00% CloseK->V=0.00% Open->V=0.19% OpenVEntropy=-0.0000
Train Client0 [47/100] LR=0.0002500 loss=0.173 (CE=0.094 VIR=0.093 wVIR=0.003 AUX=0.076 w=0.030) ACC=96.875 F1=77.438 Rec=77.867 Prec=77.058
Train Client1 [47/100] LR=0.0002500 loss=0.053 (CE=0.028 VIR=0.021 wVIR=0.001 AUX=0.024 w=0.030) ACC=99.095 F1=95.597 Rec=96.754 Prec=94.620
Train Client2 [47/100] LR=0.0002500 loss=0.116 (CE=0.067 VIR=0.185 wVIR=0.006 AUX=0.043 w=0.030) ACC=97.909 F1=94.731 Rec=94.470 Prec=95.009
Train Client3 [47/100] LR=0.0002500 loss=0.093 (CE=0.058 VIR=0.043 wVIR=0.001 AUX=0.034 w=0.030) ACC=98.485 F1=98.287 Rec=98.274 Prec=98.305
Train Client4 [47/100] LR=0.0002500 loss=0.084 (CE=0.059 VIR=0.225 wVIR=0.007 AUX=0.019 w=0.030) ACC=98.933 F1=95.808 Rec=98.823 Prec=93.276
Train Client5 [47/100] LR=0.0002500 loss=0.072 (CE=0.041 VIR=0.017 wVIR=0.000 AUX=0.031 w=0.030) ACC=99.018 F1=91.364 Rec=94.342 Prec=89.389
Train Client6 [47/100] LR=0.0002500 loss=0.364 (CE=0.221 VIR=0.814 wVIR=0.024 AUX=0.119 w=0.030) ACC=92.500 F1=88.750 Rec=88.510 Prec=89.035
Train Client7 [47/100] LR=0.0002500 loss=0.236 (CE=0.125 VIR=0.346 wVIR=0.010 AUX=0.100 w=0.030) ACC=96.212 F1=95.952 Rec=95.654 Prec=96.276

Val    [47/100] LR=0.0002500 loss=1.755 ACC=96.457 F1=96.443 Rec=96.457 Prec=96.588
Val-Known->Virtual [47/100] rate=0.000% prob_mean=0.009188 margin_mean=0.966017
Val-LogitMargin [47/100] TrueKnown-VMax mean=6.9801 std=2.4153 p10=4.5366 p50=6.1034 p90=10.3969

Test-  OSR [47/100] LR=0.0002500 ACC=60.429 F1=63.614 Rec=80.508 Prec=70.981 UNK=0.190 OS*=96.571 HOS=0.380 AUROC=77.775 AUPR=68.823 OSCR=76.597
Test-Close [47/100] LR=0.0002500 loss=1.751 ACC=96.571 F1=96.546 Rec=96.571 Prec=96.653
Test-Virtual [47/100] CloseK->V=0.000% Open->V=0.190% OpenVEntropy=-0.000000 CloseHist=[0, 0, 0] OpenHist=[0, 2, 0]
Test-LogitMargin [47/100] CloseTrue-VMax mean=6.9873 std=2.4153 p10=4.4757 p50=6.1344 p90=10.2953 | OpenKnown-VMax mean=4.6021 std=1.8437 p10=2.1934 p50=4.5796 p90=7.1099
AnchorDiag [47/100] VNorm=[1.0000001192092896, 1.0, 0.9999999403953552] VDriftMax=0.000000 Vcos(max/mean)=(0.0000/-0.0000) KVcos(max/mean)=(0.0514/0.0125) ValK->V=0.00% CloseK->V=0.00% Open->V=0.19% OpenVEntropy=-0.0000
Train Client0 [48/100] LR=0.0002500 loss=0.168 (CE=0.091 VIR=0.027 wVIR=0.001 AUX=0.076 w=0.030) ACC=96.552 F1=77.141 Rec=77.507 Prec=76.812
Train Client1 [48/100] LR=0.0002500 loss=0.066 (CE=0.038 VIR=0.039 wVIR=0.001 AUX=0.027 w=0.030) ACC=98.851 F1=95.660 Rec=96.489 Prec=94.919
Train Client2 [48/100] LR=0.0002500 loss=0.130 (CE=0.072 VIR=0.177 wVIR=0.005 AUX=0.053 w=0.030) ACC=97.861 F1=94.964 Rec=94.524 Prec=95.479
Train Client3 [48/100] LR=0.0002500 loss=0.099 (CE=0.059 VIR=0.028 wVIR=0.001 AUX=0.039 w=0.030) ACC=97.917 F1=97.597 Rec=97.578 Prec=97.632
Train Client4 [48/100] LR=0.0002500 loss=0.074 (CE=0.047 VIR=0.202 wVIR=0.006 AUX=0.021 w=0.030) ACC=98.171 F1=90.736 Rec=91.008 Prec=90.476
Train Client5 [48/100] LR=0.0002500 loss=0.090 (CE=0.049 VIR=0.034 wVIR=0.001 AUX=0.039 w=0.030) ACC=97.946 F1=85.767 Rec=88.410 Prec=84.292
Train Client6 [48/100] LR=0.0002500 loss=0.333 (CE=0.206 VIR=0.708 wVIR=0.021 AUX=0.106 w=0.030) ACC=92.778 F1=87.813 Rec=87.065 Prec=88.713
Train Client7 [48/100] LR=0.0002500 loss=0.250 (CE=0.131 VIR=0.380 wVIR=0.011 AUX=0.108 w=0.030) ACC=96.515 F1=96.612 Rec=96.236 Prec=97.005

Val    [48/100] LR=0.0002500 loss=1.744 ACC=96.629 F1=96.605 Rec=96.629 Prec=96.709
Val-Known->Virtual [48/100] rate=0.000% prob_mean=0.010080 margin_mean=0.956113
Val-LogitMargin [48/100] TrueKnown-VMax mean=6.9324 std=2.5158 p10=4.4545 p50=5.8979 p90=10.5403

Test-  OSR [48/100] LR=0.0002500 ACC=60.714 F1=64.366 Rec=80.825 Prec=72.214 UNK=0.381 OS*=96.914 HOS=0.759 AUROC=77.967 AUPR=71.746 OSCR=76.756
Test-Close [48/100] LR=0.0002500 loss=1.744 ACC=96.914 F1=96.886 Rec=96.914 Prec=97.009
Test-Virtual [48/100] CloseK->V=0.000% Open->V=0.381% OpenVEntropy=0.511860 CloseHist=[0, 0, 0] OpenHist=[0, 3, 1]
Test-LogitMargin [48/100] CloseTrue-VMax mean=6.9404 std=2.4993 p10=4.4432 p50=5.9039 p90=10.4590 | OpenKnown-VMax mean=4.2660 std=2.1399 p10=1.2783 p50=4.3668 p90=7.0325
AnchorDiag [48/100] VNorm=[1.0000001192092896, 1.0, 0.9999999403953552] VDriftMax=0.000000 Vcos(max/mean)=(0.0000/-0.0000) KVcos(max/mean)=(0.0523/0.0121) ValK->V=0.00% CloseK->V=0.00% Open->V=0.38% OpenVEntropy=0.5119
>> New learning Rate: 0.000125
Train Client0 [49/100] LR=0.0001250 loss=0.144 (CE=0.078 VIR=0.053 wVIR=0.002 AUX=0.064 w=0.030) ACC=97.091 F1=77.664 Rec=78.186 Prec=77.202
Train Client1 [49/100] LR=0.0001250 loss=0.032 (CE=0.017 VIR=0.038 wVIR=0.001 AUX=0.014 w=0.030) ACC=99.478 F1=97.208 Rec=97.669 Prec=96.804
Train Client2 [49/100] LR=0.0001250 loss=0.103 (CE=0.057 VIR=0.186 wVIR=0.006 AUX=0.040 w=0.030) ACC=98.432 F1=95.541 Rec=95.088 Prec=96.048
Train Client3 [49/100] LR=0.0001250 loss=0.159 (CE=0.091 VIR=0.027 wVIR=0.001 AUX=0.068 w=0.030) ACC=97.348 F1=95.601 Rec=96.791 Prec=94.665
Train Client4 [49/100] LR=0.0001250 loss=0.051 (CE=0.036 VIR=0.128 wVIR=0.004 AUX=0.011 w=0.030) ACC=98.628 F1=91.540 Rec=98.734 Prec=87.704
Train Client5 [49/100] LR=0.0001250 loss=0.043 (CE=0.028 VIR=0.023 wVIR=0.001 AUX=0.014 w=0.030) ACC=99.196 F1=92.872 Rec=99.404 Prec=89.675
Train Client6 [49/100] LR=0.0001250 loss=0.283 (CE=0.192 VIR=0.782 wVIR=0.023 AUX=0.067 w=0.030) ACC=92.500 F1=87.762 Rec=91.910 Prec=84.385
Train Client7 [49/100] LR=0.0001250 loss=0.185 (CE=0.100 VIR=0.472 wVIR=0.014 AUX=0.071 w=0.030) ACC=97.273 F1=96.875 Rec=97.540 Prec=96.273

Val    [49/100] LR=0.0001250 loss=1.747 ACC=96.400 F1=96.397 Rec=96.400 Prec=96.481
Val-Known->Virtual [49/100] rate=0.000% prob_mean=0.009576 margin_mean=0.964945
Val-LogitMargin [49/100] TrueKnown-VMax mean=6.8154 std=2.2041 p10=4.5133 p50=6.1298 p90=9.8906

Test-  OSR [49/100] LR=0.0001250 ACC=61.214 F1=63.913 Rec=81.048 Prec=70.070 UNK=1.714 OS*=96.914 HOS=3.369 AUROC=82.420 AUPR=78.571 OSCR=80.901
Test-Close [49/100] LR=0.0001250 loss=1.744 ACC=96.914 F1=96.899 Rec=96.914 Prec=96.958
Test-Virtual [49/100] CloseK->V=0.000% Open->V=1.714% OpenVEntropy=0.317521 CloseHist=[0, 0, 0] OpenHist=[0, 16, 2]
Test-LogitMargin [49/100] CloseTrue-VMax mean=6.8336 std=2.1990 p10=4.5673 p50=6.1265 p90=9.8347 | OpenKnown-VMax mean=3.8668 std=2.2253 p10=0.8843 p50=3.9867 p90=6.6740
AnchorDiag [49/100] VNorm=[1.0000001192092896, 1.0, 0.9999999403953552] VDriftMax=0.000000 Vcos(max/mean)=(0.0000/-0.0000) KVcos(max/mean)=(0.0527/0.0122) ValK->V=0.00% CloseK->V=0.00% Open->V=1.71% OpenVEntropy=0.3175
Train Client0 [50/100] LR=0.0001250 loss=0.136 (CE=0.073 VIR=0.060 wVIR=0.002 AUX=0.062 w=0.030) ACC=97.414 F1=77.882 Rec=78.171 Prec=77.616
Train Client1 [50/100] LR=0.0001250 loss=0.051 (CE=0.029 VIR=0.023 wVIR=0.001 AUX=0.021 w=0.030) ACC=99.164 F1=96.920 Rec=97.713 Prec=96.220
Train Client2 [50/100] LR=0.0001250 loss=0.110 (CE=0.064 VIR=0.183 wVIR=0.005 AUX=0.041 w=0.030) ACC=97.861 F1=95.159 Rec=95.305 Prec=95.016
Train Client3 [50/100] LR=0.0001250 loss=0.087 (CE=0.050 VIR=0.028 wVIR=0.001 AUX=0.036 w=0.030) ACC=98.295 F1=98.068 Rec=98.001 Prec=98.144
Train Client4 [50/100] LR=0.0001250 loss=0.069 (CE=0.046 VIR=0.218 wVIR=0.007 AUX=0.016 w=0.030) ACC=98.780 F1=93.275 Rec=97.806 Prec=90.101
Train Client5 [50/100] LR=0.0001250 loss=0.058 (CE=0.031 VIR=0.025 wVIR=0.001 AUX=0.026 w=0.030) ACC=99.107 F1=91.491 Rec=94.404 Prec=89.579
Train Client6 [50/100] LR=0.0001250 loss=0.352 (CE=0.242 VIR=0.841 wVIR=0.025 AUX=0.085 w=0.030) ACC=92.500 F1=88.742 Rec=90.644 Prec=87.070
Train Client7 [50/100] LR=0.0001250 loss=0.240 (CE=0.128 VIR=0.478 wVIR=0.014 AUX=0.098 w=0.030) ACC=96.364 F1=96.404 Rec=95.905 Prec=96.926

Val    [50/100] LR=0.0001250 loss=1.747 ACC=96.400 F1=96.389 Rec=96.400 Prec=96.469
Val-Known->Virtual [50/100] rate=0.000% prob_mean=0.011364 margin_mean=0.958601
Val-LogitMargin [50/100] TrueKnown-VMax mean=6.4365 std=1.9660 p10=4.3305 p50=5.8876 p90=9.1394

Test-  OSR [50/100] LR=0.0001250 ACC=61.036 F1=63.721 Rec=81.000 Prec=70.092 UNK=1.143 OS*=96.971 HOS=2.259 AUROC=81.600 AUPR=77.298 OSCR=80.143
Test-Close [50/100] LR=0.0001250 loss=1.744 ACC=96.971 F1=96.953 Rec=96.971 Prec=97.035
Test-Virtual [50/100] CloseK->V=0.000% Open->V=1.143% OpenVEntropy=0.261089 CloseHist=[0, 0, 0] OpenHist=[0, 11, 1]
Test-LogitMargin [50/100] CloseTrue-VMax mean=6.4499 std=1.9632 p10=4.3704 p50=5.9042 p90=9.1755 | OpenKnown-VMax mean=3.7927 std=2.0851 p10=0.8211 p50=3.9008 p90=6.4145
AnchorDiag [50/100] VNorm=[1.0000001192092896, 1.0, 0.9999999403953552] VDriftMax=0.000000 Vcos(max/mean)=(0.0000/-0.0000) KVcos(max/mean)=(0.0533/0.0124) ValK->V=0.00% CloseK->V=0.00% Open->V=1.14% OpenVEntropy=0.2611
Saving model at epoch 50 . . . . . . . .

Train Client0 [51/100] LR=0.0001250 loss=0.146 (CE=0.079 VIR=0.047 wVIR=0.001 AUX=0.066 w=0.030) ACC=96.929 F1=77.521 Rec=77.837 Prec=77.231
Train Client1 [51/100] LR=0.0001250 loss=0.026 (CE=0.014 VIR=0.028 wVIR=0.001 AUX=0.011 w=0.030) ACC=99.547 F1=97.124 Rec=96.910 Prec=97.344
Train Client2 [51/100] LR=0.0001250 loss=0.083 (CE=0.045 VIR=0.162 wVIR=0.005 AUX=0.034 w=0.030) ACC=98.669 F1=96.196 Rec=95.449 Prec=97.050
Train Client3 [51/100] LR=0.0001250 loss=0.080 (CE=0.051 VIR=0.031 wVIR=0.001 AUX=0.028 w=0.030) ACC=98.674 F1=95.789 Rec=98.369 Prec=93.929
Train Client4 [51/100] LR=0.0001250 loss=0.078 (CE=0.055 VIR=0.198 wVIR=0.006 AUX=0.017 w=0.030) ACC=98.780 F1=93.723 Rec=97.676 Prec=90.701
Train Client5 [51/100] LR=0.0001250 loss=0.040 (CE=0.027 VIR=0.018 wVIR=0.001 AUX=0.013 w=0.030) ACC=99.107 F1=92.809 Rec=99.328 Prec=89.625
Train Client6 [51/100] LR=0.0001250 loss=0.322 (CE=0.217 VIR=0.875 wVIR=0.026 AUX=0.079 w=0.030) ACC=92.778 F1=89.925 Rec=92.978 Prec=87.668
Train Client7 [51/100] LR=0.0001250 loss=0.209 (CE=0.110 VIR=0.504 wVIR=0.015 AUX=0.084 w=0.030) ACC=96.742 F1=96.787 Rec=96.495 Prec=97.088

Val    [51/100] LR=0.0001250 loss=1.748 ACC=96.571 F1=96.550 Rec=96.571 Prec=96.658
Val-Known->Virtual [51/100] rate=0.000% prob_mean=0.010415 margin_mean=0.965882
Val-LogitMargin [51/100] TrueKnown-VMax mean=6.4825 std=1.9067 p10=4.4549 p50=6.0945 p90=9.0843

Test-  OSR [51/100] LR=0.0001250 ACC=60.714 F1=64.355 Rec=80.635 Prec=71.870 UNK=0.952 OS*=96.571 HOS=1.886 AUROC=79.567 AUPR=72.420 OSCR=78.286
Test-Close [51/100] LR=0.0001250 loss=1.751 ACC=96.571 F1=96.552 Rec=96.571 Prec=96.629
Test-Virtual [51/100] CloseK->V=0.000% Open->V=0.952% OpenVEntropy=0.295903 CloseHist=[0, 0, 0] OpenHist=[0, 9, 1]
Test-LogitMargin [51/100] CloseTrue-VMax mean=6.4776 std=1.9111 p10=4.4701 p50=6.0843 p90=9.1853 | OpenKnown-VMax mean=4.2387 std=1.8893 p10=1.6749 p50=4.2733 p90=6.5527
AnchorDiag [51/100] VNorm=[1.0000001192092896, 1.0, 0.9999999403953552] VDriftMax=0.000000 Vcos(max/mean)=(0.0000/-0.0000) KVcos(max/mean)=(0.0544/0.0126) ValK->V=0.00% CloseK->V=0.00% Open->V=0.95% OpenVEntropy=0.2959
Train Client0 [52/100] LR=0.0001250 loss=0.129 (CE=0.070 VIR=0.046 wVIR=0.001 AUX=0.058 w=0.030) ACC=97.468 F1=77.934 Rec=78.095 Prec=77.781
Train Client1 [52/100] LR=0.0001250 loss=0.021 (CE=0.012 VIR=0.026 wVIR=0.001 AUX=0.008 w=0.030) ACC=99.617 F1=98.715 Rec=99.009 Prec=98.429
Train Client2 [52/100] LR=0.0001250 loss=0.088 (CE=0.051 VIR=0.149 wVIR=0.004 AUX=0.032 w=0.030) ACC=98.479 F1=96.208 Rec=95.954 Prec=96.481
Train Client3 [52/100] LR=0.0001250 loss=0.100 (CE=0.061 VIR=0.031 wVIR=0.001 AUX=0.038 w=0.030) ACC=97.917 F1=95.015 Rec=97.432 Prec=93.331
Train Client4 [52/100] LR=0.0001250 loss=0.068 (CE=0.051 VIR=0.232 wVIR=0.007 AUX=0.010 w=0.030) ACC=98.552 F1=91.472 Rec=98.668 Prec=87.210
Train Client5 [52/100] LR=0.0001250 loss=0.039 (CE=0.027 VIR=0.015 wVIR=0.000 AUX=0.012 w=0.030) ACC=99.196 F1=91.808 Rec=99.392 Prec=88.501
Train Client6 [52/100] LR=0.0001250 loss=0.306 (CE=0.212 VIR=0.826 wVIR=0.025 AUX=0.069 w=0.030) ACC=94.167 F1=91.422 Rec=93.133 Prec=89.946
Train Client7 [52/100] LR=0.0001250 loss=0.219 (CE=0.122 VIR=0.496 wVIR=0.015 AUX=0.082 w=0.030) ACC=96.364 F1=96.143 Rec=95.779 Prec=96.538

Val    [52/100] LR=0.0001250 loss=1.744 ACC=96.686 F1=96.673 Rec=96.686 Prec=96.754
Val-Known->Virtual [52/100] rate=0.000% prob_mean=0.009883 margin_mean=0.966302
Val-LogitMargin [52/100] TrueKnown-VMax mean=6.5821 std=1.9485 p10=4.5325 p50=6.1321 p90=9.2445

Test-  OSR [52/100] LR=0.0001250 ACC=60.786 F1=64.005 Rec=80.571 Prec=70.885 UNK=1.429 OS*=96.400 HOS=2.815 AUROC=81.523 AUPR=75.642 OSCR=80.116
Test-Close [52/100] LR=0.0001250 loss=1.746 ACC=96.400 F1=96.382 Rec=96.400 Prec=96.456
Test-Virtual [52/100] CloseK->V=0.000% Open->V=1.429% OpenVEntropy=-0.000000 CloseHist=[0, 0, 0] OpenHist=[0, 15, 0]
Test-LogitMargin [52/100] CloseTrue-VMax mean=6.5802 std=1.9511 p10=4.5119 p50=6.1355 p90=9.2295 | OpenKnown-VMax mean=4.0622 std=1.9748 p10=1.2210 p50=4.1606 p90=6.5358
AnchorDiag [52/100] VNorm=[1.0000001192092896, 1.0, 0.9999999403953552] VDriftMax=0.000000 Vcos(max/mean)=(0.0000/-0.0000) KVcos(max/mean)=(0.0545/0.0126) ValK->V=0.00% CloseK->V=0.00% Open->V=1.43% OpenVEntropy=-0.0000
Train Client0 [53/100] LR=0.0001250 loss=0.131 (CE=0.074 VIR=0.076 wVIR=0.002 AUX=0.055 w=0.030) ACC=96.983 F1=77.521 Rec=77.714 Prec=77.336
Train Client1 [53/100] LR=0.0001250 loss=0.027 (CE=0.014 VIR=0.041 wVIR=0.001 AUX=0.012 w=0.030) ACC=99.547 F1=97.620 Rec=97.789 Prec=97.458
Train Client2 [53/100] LR=0.0001250 loss=0.089 (CE=0.053 VIR=0.188 wVIR=0.006 AUX=0.030 w=0.030) ACC=98.241 F1=94.844 Rec=94.434 Prec=95.329
Train Client3 [53/100] LR=0.0001250 loss=0.065 (CE=0.040 VIR=0.045 wVIR=0.001 AUX=0.023 w=0.030) ACC=98.864 F1=98.672 Rec=98.653 Prec=98.707
Train Client4 [53/100] LR=0.0001250 loss=0.071 (CE=0.048 VIR=0.315 wVIR=0.009 AUX=0.014 w=0.030) ACC=98.628 F1=90.790 Rec=97.004 Prec=87.423
Train Client5 [53/100] LR=0.0001250 loss=0.040 (CE=0.027 VIR=0.015 wVIR=0.000 AUX=0.013 w=0.030) ACC=99.196 F1=94.060 Rec=99.404 Prec=91.055
Train Client6 [53/100] LR=0.0001250 loss=0.305 (CE=0.218 VIR=0.800 wVIR=0.024 AUX=0.062 w=0.030) ACC=92.778 F1=89.329 Rec=90.940 Prec=87.927
Train Client7 [53/100] LR=0.0001250 loss=0.216 (CE=0.119 VIR=0.491 wVIR=0.015 AUX=0.083 w=0.030) ACC=96.515 F1=96.522 Rec=96.611 Prec=96.460

Val    [53/100] LR=0.0001250 loss=1.741 ACC=96.800 F1=96.773 Rec=96.800 Prec=96.873
Val-Known->Virtual [53/100] rate=0.000% prob_mean=0.009852 margin_mean=0.967991
Val-LogitMargin [53/100] TrueKnown-VMax mean=6.7201 std=2.0046 p10=4.4188 p50=6.4301 p90=9.3464

Test-  OSR [53/100] LR=0.0001250 ACC=60.857 F1=64.164 Rec=80.762 Prec=71.365 UNK=1.143 OS*=96.686 HOS=2.259 AUROC=79.284 AUPR=72.362 OSCR=78.048
Test-Close [53/100] LR=0.0001250 loss=1.746 ACC=96.686 F1=96.665 Rec=96.686 Prec=96.733
Test-Virtual [53/100] CloseK->V=0.000% Open->V=1.143% OpenVEntropy=0.410118 CloseHist=[0, 0, 0] OpenHist=[0, 10, 2]
Test-LogitMargin [53/100] CloseTrue-VMax mean=6.7204 std=2.0097 p10=4.5243 p50=6.3847 p90=9.3258 | OpenKnown-VMax mean=4.3653 std=2.0325 p10=1.4851 p50=4.4439 p90=6.9890
AnchorDiag [53/100] VNorm=[1.0000001192092896, 1.0, 0.9999999403953552] VDriftMax=0.000000 Vcos(max/mean)=(0.0000/-0.0000) KVcos(max/mean)=(0.0545/0.0124) ValK->V=0.00% CloseK->V=0.00% Open->V=1.14% OpenVEntropy=0.4101
Train Client0 [54/100] LR=0.0001250 loss=0.139 (CE=0.079 VIR=0.060 wVIR=0.002 AUX=0.058 w=0.030) ACC=97.468 F1=77.978 Rec=78.284 Prec=77.697
Train Client1 [54/100] LR=0.0001250 loss=0.023 (CE=0.015 VIR=0.024 wVIR=0.001 AUX=0.007 w=0.030) ACC=99.652 F1=98.750 Rec=98.986 Prec=98.521
Train Client2 [54/100] LR=0.0001250 loss=0.092 (CE=0.052 VIR=0.134 wVIR=0.004 AUX=0.036 w=0.030) ACC=98.099 F1=94.927 Rec=94.700 Prec=95.171
Train Client3 [54/100] LR=0.0001250 loss=0.103 (CE=0.065 VIR=0.036 wVIR=0.001 AUX=0.037 w=0.030) ACC=98.106 F1=97.816 Rec=97.724 Prec=97.911
Train Client4 [54/100] LR=0.0001250 loss=0.076 (CE=0.051 VIR=0.120 wVIR=0.004 AUX=0.022 w=0.030) ACC=98.476 F1=90.186 Rec=96.829 Prec=86.414
Train Client5 [54/100] LR=0.0001250 loss=0.037 (CE=0.024 VIR=0.026 wVIR=0.001 AUX=0.013 w=0.030) ACC=99.286 F1=95.555 Rec=99.507 Prec=92.936
Train Client6 [54/100] LR=0.0001250 loss=0.290 (CE=0.207 VIR=0.808 wVIR=0.024 AUX=0.059 w=0.030) ACC=93.611 F1=88.858 Rec=91.762 Prec=86.439
Train Client7 [54/100] LR=0.0001250 loss=0.190 (CE=0.099 VIR=0.389 wVIR=0.012 AUX=0.079 w=0.030) ACC=97.045 F1=96.844 Rec=96.536 Prec=97.179

Val    [54/100] LR=0.0001250 loss=1.734 ACC=96.914 F1=96.901 Rec=96.914 Prec=96.953
Val-Known->Virtual [54/100] rate=0.000% prob_mean=0.008741 margin_mean=0.968738
Val-LogitMargin [54/100] TrueKnown-VMax mean=6.9627 std=2.1819 p10=4.6165 p50=6.4690 p90=9.9403

Test-  OSR [54/100] LR=0.0001250 ACC=61.071 F1=64.179 Rec=80.984 Prec=70.871 UNK=1.333 OS*=96.914 HOS=2.630 AUROC=80.196 AUPR=73.049 OSCR=79.058
Test-Close [54/100] LR=0.0001250 loss=1.740 ACC=96.914 F1=96.900 Rec=96.914 Prec=96.942
Test-Virtual [54/100] CloseK->V=0.000% Open->V=1.333% OpenVEntropy=0.234222 CloseHist=[0, 0, 0] OpenHist=[0, 13, 1]
Test-LogitMargin [54/100] CloseTrue-VMax mean=6.9624 std=2.1752 p10=4.7113 p50=6.4434 p90=9.8786 | OpenKnown-VMax mean=4.4479 std=2.0132 p10=1.7636 p50=4.5126 p90=7.0003
AnchorDiag [54/100] VNorm=[1.0000001192092896, 1.0, 0.9999999403953552] VDriftMax=0.000000 Vcos(max/mean)=(0.0000/-0.0000) KVcos(max/mean)=(0.0545/0.0125) ValK->V=0.00% CloseK->V=0.00% Open->V=1.33% OpenVEntropy=0.2342
Train Client0 [55/100] LR=0.0001250 loss=0.117 (CE=0.061 VIR=0.058 wVIR=0.002 AUX=0.054 w=0.030) ACC=97.737 F1=78.160 Rec=78.345 Prec=77.984
Train Client1 [55/100] LR=0.0001250 loss=0.026 (CE=0.013 VIR=0.028 wVIR=0.001 AUX=0.012 w=0.030) ACC=99.547 F1=97.488 Rec=97.896 Prec=97.104
Train Client2 [55/100] LR=0.0001250 loss=0.100 (CE=0.057 VIR=0.197 wVIR=0.006 AUX=0.038 w=0.030) ACC=98.289 F1=96.213 Rec=96.041 Prec=96.394
Train Client3 [55/100] LR=0.0001250 loss=0.076 (CE=0.050 VIR=0.020 wVIR=0.001 AUX=0.025 w=0.030) ACC=98.864 F1=98.592 Rec=98.661 Prec=98.533
Train Client4 [55/100] LR=0.0001250 loss=0.062 (CE=0.041 VIR=0.336 wVIR=0.010 AUX=0.011 w=0.030) ACC=98.780 F1=92.040 Rec=98.108 Prec=88.342
Train Client5 [55/100] LR=0.0001250 loss=0.039 (CE=0.026 VIR=0.022 wVIR=0.001 AUX=0.013 w=0.030) ACC=99.286 F1=92.936 Rec=99.506 Prec=89.699
Train Client6 [55/100] LR=0.0001250 loss=0.364 (CE=0.242 VIR=1.033 wVIR=0.031 AUX=0.091 w=0.030) ACC=92.778 F1=87.009 Rec=92.764 Prec=82.593
Train Client7 [55/100] LR=0.0001250 loss=0.204 (CE=0.106 VIR=0.423 wVIR=0.013 AUX=0.085 w=0.030) ACC=96.667 F1=95.961 Rec=95.215 Prec=96.765

Val    [55/100] LR=0.0001250 loss=1.735 ACC=97.143 F1=97.135 Rec=97.143 Prec=97.190
Val-Known->Virtual [55/100] rate=0.000% prob_mean=0.009665 margin_mean=0.967282
Val-LogitMargin [55/100] TrueKnown-VMax mean=6.8470 std=2.2054 p10=4.5259 p50=6.2501 p90=9.8528

Test-  OSR [55/100] LR=0.0001250 ACC=60.857 F1=63.974 Rec=80.921 Prec=70.929 UNK=0.667 OS*=96.971 HOS=1.324 AUROC=79.045 AUPR=70.632 OSCR=77.971
Test-Close [55/100] LR=0.0001250 loss=1.742 ACC=96.971 F1=96.959 Rec=96.971 Prec=97.012
Test-Virtual [55/100] CloseK->V=0.000% Open->V=0.667% OpenVEntropy=-0.000000 CloseHist=[0, 0, 0] OpenHist=[0, 7, 0]
Test-LogitMargin [55/100] CloseTrue-VMax mean=6.8401 std=2.2141 p10=4.5407 p50=6.2617 p90=9.8439 | OpenKnown-VMax mean=4.5256 std=1.8587 p10=2.0271 p50=4.5611 p90=6.8708
AnchorDiag [55/100] VNorm=[1.0000001192092896, 1.0, 0.9999999403953552] VDriftMax=0.000000 Vcos(max/mean)=(0.0000/-0.0000) KVcos(max/mean)=(0.0552/0.0125) ValK->V=0.00% CloseK->V=0.00% Open->V=0.67% OpenVEntropy=-0.0000
Saving model at epoch 55 . . . . . . . .

Train Client0 [56/100] LR=0.0001250 loss=0.154 (CE=0.083 VIR=0.075 wVIR=0.002 AUX=0.069 w=0.030) ACC=96.929 F1=77.507 Rec=77.834 Prec=77.207
Train Client1 [56/100] LR=0.0001250 loss=0.035 (CE=0.016 VIR=0.033 wVIR=0.001 AUX=0.018 w=0.030) ACC=99.617 F1=97.286 Rec=97.471 Prec=97.106
Train Client2 [56/100] LR=0.0001250 loss=0.090 (CE=0.051 VIR=0.193 wVIR=0.006 AUX=0.033 w=0.030) ACC=98.241 F1=95.262 Rec=95.312 Prec=95.211
Train Client3 [56/100] LR=0.0001250 loss=0.095 (CE=0.063 VIR=0.020 wVIR=0.001 AUX=0.031 w=0.030) ACC=97.917 F1=97.707 Rec=97.593 Prec=97.833
Train Client4 [56/100] LR=0.0001250 loss=0.068 (CE=0.044 VIR=0.151 wVIR=0.005 AUX=0.020 w=0.030) ACC=98.780 F1=91.605 Rec=97.676 Prec=87.943
Train Client5 [56/100] LR=0.0001250 loss=0.055 (CE=0.030 VIR=0.021 wVIR=0.001 AUX=0.024 w=0.030) ACC=98.929 F1=89.417 Rec=94.308 Prec=87.026
Train Client6 [56/100] LR=0.0001250 loss=0.389 (CE=0.241 VIR=0.825 wVIR=0.025 AUX=0.123 w=0.030) ACC=91.944 F1=86.833 Rec=89.959 Prec=84.167
Train Client7 [56/100] LR=0.0001250 loss=0.208 (CE=0.111 VIR=0.463 wVIR=0.014 AUX=0.083 w=0.030) ACC=96.894 F1=97.406 Rec=97.078 Prec=97.764

Val    [56/100] LR=0.0001250 loss=1.729 ACC=96.971 F1=96.961 Rec=96.971 Prec=97.007
Val-Known->Virtual [56/100] rate=0.000% prob_mean=0.009066 margin_mean=0.964578
Val-LogitMargin [56/100] TrueKnown-VMax mean=6.9102 std=2.3108 p10=4.6494 p50=6.1736 p90=10.1470

Test-  OSR [56/100] LR=0.0001250 ACC=60.821 F1=63.854 Rec=80.937 Prec=70.766 UNK=0.476 OS*=97.029 HOS=0.948 AUROC=78.361 AUPR=70.238 OSCR=77.324
Test-Close [56/100] LR=0.0001250 loss=1.739 ACC=97.029 F1=97.020 Rec=97.029 Prec=97.059
Test-Virtual [56/100] CloseK->V=0.000% Open->V=0.476% OpenVEntropy=-0.000000 CloseHist=[0, 0, 0] OpenHist=[0, 5, 0]
Test-LogitMargin [56/100] CloseTrue-VMax mean=6.8976 std=2.3011 p10=4.6891 p50=6.1140 p90=10.1476 | OpenKnown-VMax mean=4.5050 std=1.8986 p10=1.9255 p50=4.5921 p90=6.8601
AnchorDiag [56/100] VNorm=[1.0000001192092896, 1.0, 0.9999999403953552] VDriftMax=0.000000 Vcos(max/mean)=(0.0000/-0.0000) KVcos(max/mean)=(0.0558/0.0128) ValK->V=0.00% CloseK->V=0.00% Open->V=0.48% OpenVEntropy=-0.0000
Train Client0 [57/100] LR=0.0001250 loss=0.133 (CE=0.077 VIR=0.069 wVIR=0.002 AUX=0.054 w=0.030) ACC=97.037 F1=77.647 Rec=78.006 Prec=77.323
Train Client1 [57/100] LR=0.0001250 loss=0.020 (CE=0.013 VIR=0.034 wVIR=0.001 AUX=0.006 w=0.030) ACC=99.443 F1=97.108 Rec=98.182 Prec=96.171
Train Client2 [57/100] LR=0.0001250 loss=0.100 (CE=0.056 VIR=0.156 wVIR=0.005 AUX=0.039 w=0.030) ACC=98.432 F1=95.667 Rec=95.172 Prec=96.212
Train Client3 [57/100] LR=0.0001250 loss=0.079 (CE=0.046 VIR=0.042 wVIR=0.001 AUX=0.031 w=0.030) ACC=98.864 F1=98.660 Rec=98.652 Prec=98.671
Train Client4 [57/100] LR=0.0001250 loss=0.072 (CE=0.055 VIR=0.304 wVIR=0.009 AUX=0.008 w=0.030) ACC=98.780 F1=90.845 Rec=97.892 Prec=86.787
Train Client5 [57/100] LR=0.0001250 loss=0.023 (CE=0.018 VIR=0.024 wVIR=0.001 AUX=0.004 w=0.030) ACC=99.286 F1=92.947 Rec=99.504 Prec=89.724
Train Client6 [57/100] LR=0.0001250 loss=0.286 (CE=0.182 VIR=0.984 wVIR=0.030 AUX=0.075 w=0.030) ACC=93.611 F1=90.964 Rec=92.685 Prec=89.524
Train Client7 [57/100] LR=0.0001250 loss=0.185 (CE=0.098 VIR=0.456 wVIR=0.014 AUX=0.074 w=0.030) ACC=97.045 F1=96.999 Rec=96.788 Prec=97.251

Val    [57/100] LR=0.0001250 loss=1.734 ACC=97.029 F1=97.021 Rec=97.029 Prec=97.067
Val-Known->Virtual [57/100] rate=0.000% prob_mean=0.008737 margin_mean=0.968536
Val-LogitMargin [57/100] TrueKnown-VMax mean=6.8105 std=2.1044 p10=4.6390 p50=6.2864 p90=9.6269

Test-  OSR [57/100] LR=0.0001250 ACC=61.036 F1=63.818 Rec=81.000 Prec=70.237 UNK=1.143 OS*=96.971 HOS=2.259 AUROC=81.323 AUPR=74.776 OSCR=80.101
Test-Close [57/100] LR=0.0001250 loss=1.740 ACC=96.971 F1=96.961 Rec=96.971 Prec=97.014
Test-Virtual [57/100] CloseK->V=0.000% Open->V=1.143% OpenVEntropy=0.410118 CloseHist=[0, 0, 0] OpenHist=[0, 10, 2]
Test-LogitMargin [57/100] CloseTrue-VMax mean=6.8052 std=2.1156 p10=4.6781 p50=6.2998 p90=9.5873 | OpenKnown-VMax mean=4.2036 std=1.9960 p10=1.2865 p50=4.3850 p90=6.6544
AnchorDiag [57/100] VNorm=[1.0000001192092896, 1.0, 0.9999999403953552] VDriftMax=0.000000 Vcos(max/mean)=(0.0000/-0.0000) KVcos(max/mean)=(0.0562/0.0128) ValK->V=0.00% CloseK->V=0.00% Open->V=1.14% OpenVEntropy=0.4101
Train Client0 [58/100] LR=0.0001250 loss=0.116 (CE=0.065 VIR=0.075 wVIR=0.002 AUX=0.049 w=0.030) ACC=97.737 F1=78.190 Rec=78.344 Prec=78.046
Train Client1 [58/100] LR=0.0001250 loss=0.029 (CE=0.017 VIR=0.030 wVIR=0.001 AUX=0.012 w=0.030) ACC=99.547 F1=97.511 Rec=98.370 Prec=96.743
Train Client2 [58/100] LR=0.0001250 loss=0.095 (CE=0.055 VIR=0.167 wVIR=0.005 AUX=0.034 w=0.030) ACC=98.527 F1=96.436 Rec=96.536 Prec=96.338
Train Client3 [58/100] LR=0.0001250 loss=0.093 (CE=0.066 VIR=0.035 wVIR=0.001 AUX=0.025 w=0.030) ACC=98.485 F1=96.859 Rec=98.076 Prec=95.883
Train Client4 [58/100] LR=0.0001250 loss=0.069 (CE=0.051 VIR=0.209 wVIR=0.006 AUX=0.011 w=0.030) ACC=98.857 F1=92.467 Rec=97.958 Prec=89.316
Train Client5 [58/100] LR=0.0001250 loss=0.039 (CE=0.030 VIR=0.020 wVIR=0.001 AUX=0.008 w=0.030) ACC=99.107 F1=89.539 Rec=94.404 Prec=87.175
Train Client6 [58/100] LR=0.0001250 loss=0.357 (CE=0.241 VIR=0.994 wVIR=0.030 AUX=0.086 w=0.030) ACC=91.667 F1=87.344 Rec=88.899 Prec=86.009
Train Client7 [58/100] LR=0.0001250 loss=0.184 (CE=0.095 VIR=0.373 wVIR=0.011 AUX=0.078 w=0.030) ACC=97.576 F1=96.951 Rec=96.681 Prec=97.228

Val    [58/100] LR=0.0001250 loss=1.738 ACC=96.800 F1=96.777 Rec=96.800 Prec=96.875
Val-Known->Virtual [58/100] rate=0.000% prob_mean=0.009134 margin_mean=0.969717
Val-LogitMargin [58/100] TrueKnown-VMax mean=6.9642 std=2.3091 p10=4.5992 p50=6.3270 p90=10.1614

Test-  OSR [58/100] LR=0.0001250 ACC=60.643 F1=64.090 Rec=80.667 Prec=71.630 UNK=0.571 OS*=96.686 HOS=1.136 AUROC=77.145 AUPR=67.469 OSCR=76.147
Test-Close [58/100] LR=0.0001250 loss=1.743 ACC=96.686 F1=96.659 Rec=96.686 Prec=96.759
Test-Virtual [58/100] CloseK->V=0.000% Open->V=0.571% OpenVEntropy=-0.000000 CloseHist=[0, 0, 0] OpenHist=[0, 6, 0]
Test-LogitMargin [58/100] CloseTrue-VMax mean=6.9582 std=2.3080 p10=4.5806 p50=6.2807 p90=10.2410 | OpenKnown-VMax mean=4.7649 std=1.8791 p10=2.2883 p50=4.7857 p90=7.0443
AnchorDiag [58/100] VNorm=[1.0000001192092896, 1.0, 0.9999999403953552] VDriftMax=0.000000 Vcos(max/mean)=(0.0000/-0.0000) KVcos(max/mean)=(0.0576/0.0129) ValK->V=0.00% CloseK->V=0.00% Open->V=0.57% OpenVEntropy=-0.0000
Train Client0 [59/100] LR=0.0001250 loss=0.110 (CE=0.061 VIR=0.054 wVIR=0.002 AUX=0.047 w=0.030) ACC=97.683 F1=78.121 Rec=78.370 Prec=77.889
Train Client1 [59/100] LR=0.0001250 loss=0.019 (CE=0.011 VIR=0.020 wVIR=0.001 AUX=0.007 w=0.030) ACC=99.652 F1=98.531 Rec=99.395 Prec=97.764
Train Client2 [59/100] LR=0.0001250 loss=0.093 (CE=0.055 VIR=0.187 wVIR=0.006 AUX=0.032 w=0.030) ACC=98.432 F1=96.112 Rec=95.939 Prec=96.305
Train Client3 [59/100] LR=0.0001250 loss=0.072 (CE=0.046 VIR=0.028 wVIR=0.001 AUX=0.025 w=0.030) ACC=98.864 F1=97.245 Rec=98.487 Prec=96.244
Train Client4 [59/100] LR=0.0001250 loss=0.078 (CE=0.045 VIR=0.313 wVIR=0.009 AUX=0.023 w=0.030) ACC=98.552 F1=89.977 Rec=96.310 Prec=86.998
Train Client5 [59/100] LR=0.0001250 loss=0.039 (CE=0.021 VIR=0.016 wVIR=0.000 AUX=0.017 w=0.030) ACC=99.196 F1=92.872 Rec=99.404 Prec=89.675
Train Client6 [59/100] LR=0.0001250 loss=0.245 (CE=0.163 VIR=0.724 wVIR=0.022 AUX=0.060 w=0.030) ACC=94.722 F1=91.925 Rec=92.749 Prec=91.160
Train Client7 [59/100] LR=0.0001250 loss=0.204 (CE=0.108 VIR=0.440 wVIR=0.013 AUX=0.083 w=0.030) ACC=96.742 F1=96.790 Rec=96.630 Prec=96.984

Val    [59/100] LR=0.0001250 loss=1.727 ACC=97.029 F1=97.018 Rec=97.029 Prec=97.052
Val-Known->Virtual [59/100] rate=0.000% prob_mean=0.008063 margin_mean=0.968858
Val-LogitMargin [59/100] TrueKnown-VMax mean=7.1186 std=2.2464 p10=4.7576 p50=6.5559 p90=10.2169

Test-  OSR [59/100] LR=0.0001250 ACC=61.036 F1=64.248 Rec=81.127 Prec=71.170 UNK=0.762 OS*=97.200 HOS=1.512 AUROC=78.700 AUPR=69.687 OSCR=77.726
Test-Close [59/100] LR=0.0001250 loss=1.736 ACC=97.200 F1=97.189 Rec=97.200 Prec=97.224
Test-Virtual [59/100] CloseK->V=0.000% Open->V=0.762% OpenVEntropy=-0.000000 CloseHist=[0, 0, 0] OpenHist=[0, 8, 0]
Test-LogitMargin [59/100] CloseTrue-VMax mean=7.1044 std=2.2595 p10=4.7462 p50=6.4930 p90=10.2038 | OpenKnown-VMax mean=4.6569 std=1.9923 p10=2.0204 p50=4.6855 p90=7.2411
AnchorDiag [59/100] VNorm=[1.0000001192092896, 1.0, 0.9999999403953552] VDriftMax=0.000000 Vcos(max/mean)=(0.0000/-0.0000) KVcos(max/mean)=(0.0576/0.0127) ValK->V=0.00% CloseK->V=0.00% Open->V=0.76% OpenVEntropy=-0.0000
Train Client0 [60/100] LR=0.0001250 loss=0.113 (CE=0.061 VIR=0.063 wVIR=0.002 AUX=0.050 w=0.030) ACC=97.737 F1=78.160 Rec=78.390 Prec=77.945
Train Client1 [60/100] LR=0.0001250 loss=0.037 (CE=0.020 VIR=0.022 wVIR=0.001 AUX=0.016 w=0.030) ACC=99.547 F1=97.944 Rec=98.760 Prec=97.222
Train Client2 [60/100] LR=0.0001250 loss=0.089 (CE=0.050 VIR=0.125 wVIR=0.004 AUX=0.034 w=0.030) ACC=98.099 F1=95.847 Rec=95.284 Prec=96.487
Train Client3 [60/100] LR=0.0001250 loss=0.114 (CE=0.069 VIR=0.037 wVIR=0.001 AUX=0.044 w=0.030) ACC=98.674 F1=98.582 Rec=98.567 Prec=98.601
Train Client4 [60/100] LR=0.0001250 loss=0.056 (CE=0.040 VIR=0.152 wVIR=0.005 AUX=0.012 w=0.030) ACC=98.704 F1=91.784 Rec=97.826 Prec=88.111
Train Client5 [60/100] LR=0.0001250 loss=0.061 (CE=0.038 VIR=0.028 wVIR=0.001 AUX=0.022 w=0.030) ACC=98.571 F1=91.447 Rec=98.982 Prec=88.188
Train Client6 [60/100] LR=0.0001250 loss=0.275 (CE=0.197 VIR=0.941 wVIR=0.028 AUX=0.050 w=0.030) ACC=94.167 F1=91.715 Rec=93.893 Prec=90.012
Train Client7 [60/100] LR=0.0001250 loss=0.189 (CE=0.102 VIR=0.477 wVIR=0.014 AUX=0.073 w=0.030) ACC=96.970 F1=97.153 Rec=97.306 Prec=97.021

Val    [60/100] LR=0.0001250 loss=1.738 ACC=96.857 F1=96.838 Rec=96.857 Prec=96.928
Val-Known->Virtual [60/100] rate=0.000% prob_mean=0.008080 margin_mean=0.971137
Val-LogitMargin [60/100] TrueKnown-VMax mean=6.8809 std=1.9707 p10=4.7132 p50=6.5591 p90=9.4564

Test-  OSR [60/100] LR=0.0001250 ACC=61.536 F1=64.708 Rec=81.254 Prec=71.180 UNK=2.381 OS*=97.029 HOS=4.648 AUROC=81.111 AUPR=73.841 OSCR=79.922
Test-Close [60/100] LR=0.0001250 loss=1.742 ACC=97.029 F1=97.013 Rec=97.029 Prec=97.079
Test-Virtual [60/100] CloseK->V=0.000% Open->V=2.381% OpenVEntropy=0.152869 CloseHist=[0, 0, 0] OpenHist=[0, 24, 1]
Test-LogitMargin [60/100] CloseTrue-VMax mean=6.8649 std=1.9881 p10=4.6866 p50=6.5472 p90=9.5493 | OpenKnown-VMax mean=4.3021 std=2.0764 p10=1.2784 p50=4.4452 p90=6.8675
AnchorDiag [60/100] VNorm=[1.0000001192092896, 1.0, 0.9999999403953552] VDriftMax=0.000000 Vcos(max/mean)=(0.0000/-0.0000) KVcos(max/mean)=(0.0579/0.0129) ValK->V=0.00% CloseK->V=0.00% Open->V=2.38% OpenVEntropy=0.1529
Saving model at epoch 60 . . . . . . . .

Train Client0 [61/100] LR=0.0001250 loss=0.117 (CE=0.063 VIR=0.034 wVIR=0.001 AUX=0.052 w=0.030) ACC=97.522 F1=77.999 Rec=78.219 Prec=77.797
Train Client1 [61/100] LR=0.0001250 loss=0.043 (CE=0.023 VIR=0.026 wVIR=0.001 AUX=0.019 w=0.030) ACC=99.408 F1=97.185 Rec=98.006 Prec=96.455
Train Client2 [61/100] LR=0.0001250 loss=0.093 (CE=0.053 VIR=0.182 wVIR=0.005 AUX=0.035 w=0.030) ACC=98.669 F1=96.437 Rec=96.011 Prec=96.895
Train Client3 [61/100] LR=0.0001250 loss=0.131 (CE=0.074 VIR=0.027 wVIR=0.001 AUX=0.056 w=0.030) ACC=97.727 F1=97.423 Rec=97.185 Prec=97.672
Train Client4 [61/100] LR=0.0001250 loss=0.093 (CE=0.061 VIR=0.396 wVIR=0.012 AUX=0.021 w=0.030) ACC=98.399 F1=88.966 Rec=93.984 Prec=86.013
Train Client5 [61/100] LR=0.0001250 loss=0.051 (CE=0.037 VIR=0.029 wVIR=0.001 AUX=0.014 w=0.030) ACC=99.375 F1=94.184 Rec=99.527 Prec=91.180
Train Client6 [61/100] LR=0.0001250 loss=0.275 (CE=0.192 VIR=0.798 wVIR=0.024 AUX=0.059 w=0.030) ACC=93.056 F1=87.882 Rec=91.018 Prec=85.273
Train Client7 [61/100] LR=0.0001250 loss=0.186 (CE=0.103 VIR=0.434 wVIR=0.013 AUX=0.069 w=0.030) ACC=97.045 F1=96.554 Rec=96.375 Prec=96.741

Val    [61/100] LR=0.0001250 loss=1.732 ACC=96.857 F1=96.851 Rec=96.857 Prec=96.876
Val-Known->Virtual [61/100] rate=0.000% prob_mean=0.007978 margin_mean=0.965835
Val-LogitMargin [61/100] TrueKnown-VMax mean=7.0011 std=2.1393 p10=4.7293 p50=6.4287 p90=9.9658

Test-  OSR [61/100] LR=0.0001250 ACC=61.393 F1=64.270 Rec=81.349 Prec=70.499 UNK=1.524 OS*=97.314 HOS=3.001 AUROC=80.165 AUPR=72.612 OSCR=79.056
Test-Close [61/100] LR=0.0001250 loss=1.739 ACC=97.314 F1=97.306 Rec=97.314 Prec=97.333
Test-Virtual [61/100] CloseK->V=0.000% Open->V=1.524% OpenVEntropy=-0.000000 CloseHist=[0, 0, 0] OpenHist=[0, 16, 0]
Test-LogitMargin [61/100] CloseTrue-VMax mean=6.9891 std=2.1553 p10=4.7512 p50=6.4182 p90=9.9687 | OpenKnown-VMax mean=4.3961 std=2.0510 p10=1.5398 p50=4.4777 p90=7.0607
AnchorDiag [61/100] VNorm=[1.0000001192092896, 1.0, 0.9999999403953552] VDriftMax=0.000000 Vcos(max/mean)=(0.0000/-0.0000) KVcos(max/mean)=(0.0587/0.0129) ValK->V=0.00% CloseK->V=0.00% Open->V=1.52% OpenVEntropy=-0.0000
Train Client0 [62/100] LR=0.0001250 loss=0.101 (CE=0.057 VIR=0.051 wVIR=0.002 AUX=0.042 w=0.030) ACC=98.060 F1=78.441 Rec=78.666 Prec=78.229
Train Client1 [62/100] LR=0.0001250 loss=0.035 (CE=0.019 VIR=0.024 wVIR=0.001 AUX=0.015 w=0.030) ACC=99.408 F1=96.634 Rec=97.165 Prec=96.156
Train Client2 [62/100] LR=0.0001250 loss=0.091 (CE=0.052 VIR=0.184 wVIR=0.006 AUX=0.034 w=0.030) ACC=98.527 F1=96.602 Rec=96.208 Prec=97.031
Train Client3 [62/100] LR=0.0001250 loss=0.098 (CE=0.064 VIR=0.037 wVIR=0.001 AUX=0.032 w=0.030) ACC=97.917 F1=97.475 Rec=97.777 Prec=97.204
Train Client4 [62/100] LR=0.0001250 loss=0.053 (CE=0.039 VIR=0.230 wVIR=0.007 AUX=0.008 w=0.030) ACC=98.476 F1=89.658 Rec=95.066 Prec=86.742
Train Client5 [62/100] LR=0.0001250 loss=0.059 (CE=0.034 VIR=0.015 wVIR=0.000 AUX=0.025 w=0.030) ACC=98.839 F1=93.809 Rec=99.179 Prec=90.778
Train Client6 [62/100] LR=0.0001250 loss=0.314 (CE=0.206 VIR=0.862 wVIR=0.026 AUX=0.082 w=0.030) ACC=94.167 F1=91.106 Rec=92.377 Prec=89.979
Train Client7 [62/100] LR=0.0001250 loss=0.196 (CE=0.104 VIR=0.359 wVIR=0.011 AUX=0.082 w=0.030) ACC=97.273 F1=97.401 Rec=97.192 Prec=97.622

Val    [62/100] LR=0.0001250 loss=1.736 ACC=97.143 F1=97.129 Rec=97.143 Prec=97.200
Val-Known->Virtual [62/100] rate=0.000% prob_mean=0.008618 margin_mean=0.970598
Val-LogitMargin [62/100] TrueKnown-VMax mean=6.9468 std=2.1762 p10=4.6557 p50=6.3943 p90=9.8601

Test-  OSR [62/100] LR=0.0001250 ACC=61.607 F1=64.706 Rec=81.349 Prec=71.051 UNK=2.381 OS*=97.143 HOS=4.648 AUROC=81.984 AUPR=75.674 OSCR=80.739
Test-Close [62/100] LR=0.0001250 loss=1.741 ACC=97.143 F1=97.129 Rec=97.143 Prec=97.206
Test-Virtual [62/100] CloseK->V=0.000% Open->V=2.381% OpenVEntropy=0.152869 CloseHist=[0, 0, 0] OpenHist=[0, 24, 1]
Test-LogitMargin [62/100] CloseTrue-VMax mean=6.9465 std=2.2076 p10=4.6421 p50=6.3504 p90=9.9183 | OpenKnown-VMax mean=4.1886 std=2.0991 p10=1.0666 p50=4.3510 p90=6.6952
AnchorDiag [62/100] VNorm=[1.0000001192092896, 1.0, 0.9999999403953552] VDriftMax=0.000000 Vcos(max/mean)=(0.0000/-0.0000) KVcos(max/mean)=(0.0598/0.0130) ValK->V=0.00% CloseK->V=0.00% Open->V=2.38% OpenVEntropy=0.1529
Train Client0 [63/100] LR=0.0001250 loss=0.124 (CE=0.069 VIR=0.067 wVIR=0.002 AUX=0.053 w=0.030) ACC=97.522 F1=77.979 Rec=78.356 Prec=77.641
Train Client1 [63/100] LR=0.0001250 loss=0.021 (CE=0.012 VIR=0.025 wVIR=0.001 AUX=0.008 w=0.030) ACC=99.582 F1=98.073 Rec=98.957 Prec=97.282
Train Client2 [63/100] LR=0.0001250 loss=0.097 (CE=0.055 VIR=0.123 wVIR=0.004 AUX=0.038 w=0.030) ACC=98.527 F1=96.461 Rec=95.899 Prec=97.101
Train Client3 [63/100] LR=0.0001250 loss=0.087 (CE=0.055 VIR=0.022 wVIR=0.001 AUX=0.031 w=0.030) ACC=98.674 F1=98.478 Rec=98.399 Prec=98.558
Train Client4 [63/100] LR=0.0001250 loss=0.068 (CE=0.044 VIR=0.340 wVIR=0.010 AUX=0.015 w=0.030) ACC=98.704 F1=89.885 Rec=95.608 Prec=86.668
Train Client5 [63/100] LR=0.0001250 loss=0.048 (CE=0.029 VIR=0.015 wVIR=0.000 AUX=0.019 w=0.030) ACC=99.018 F1=91.418 Rec=94.358 Prec=89.479
Train Client6 [63/100] LR=0.0001250 loss=0.302 (CE=0.187 VIR=0.844 wVIR=0.025 AUX=0.090 w=0.030) ACC=94.167 F1=91.618 Rec=93.361 Prec=90.100
Train Client7 [63/100] LR=0.0001250 loss=0.163 (CE=0.091 VIR=0.313 wVIR=0.009 AUX=0.063 w=0.030) ACC=97.197 F1=97.415 Rec=97.073 Prec=97.769

Val    [63/100] LR=0.0001250 loss=1.734 ACC=97.086 F1=97.070 Rec=97.086 Prec=97.139
Val-Known->Virtual [63/100] rate=0.000% prob_mean=0.008976 margin_mean=0.969633
Val-LogitMargin [63/100] TrueKnown-VMax mean=7.3776 std=2.7154 p10=4.6235 p50=6.4312 p90=11.0737

Test-  OSR [63/100] LR=0.0001250 ACC=61.179 F1=64.302 Rec=81.063 Prec=70.990 UNK=1.524 OS*=96.971 HOS=3.000 AUROC=79.461 AUPR=72.664 OSCR=78.306
Test-Close [63/100] LR=0.0001250 loss=1.743 ACC=96.971 F1=96.951 Rec=96.971 Prec=97.009
Test-Virtual [63/100] CloseK->V=0.000% Open->V=1.524% OpenVEntropy=0.212806 CloseHist=[0, 0, 0] OpenHist=[0, 15, 1]
Test-LogitMargin [63/100] CloseTrue-VMax mean=7.3818 std=2.7423 p10=4.6025 p50=6.3956 p90=11.1874 | OpenKnown-VMax mean=4.4783 std=2.2606 p10=1.1531 p50=4.5654 p90=7.2945
AnchorDiag [63/100] VNorm=[1.0000001192092896, 1.0, 0.9999999403953552] VDriftMax=0.000000 Vcos(max/mean)=(0.0000/-0.0000) KVcos(max/mean)=(0.0595/0.0130) ValK->V=0.00% CloseK->V=0.00% Open->V=1.52% OpenVEntropy=0.2128
Train Client0 [64/100] LR=0.0001250 loss=0.097 (CE=0.051 VIR=0.039 wVIR=0.001 AUX=0.045 w=0.030) ACC=97.899 F1=97.804 Rec=97.886 Prec=97.723
Train Client1 [64/100] LR=0.0001250 loss=0.026 (CE=0.015 VIR=0.007 wVIR=0.000 AUX=0.011 w=0.030) ACC=99.547 F1=97.685 Rec=98.265 Prec=97.159
Train Client2 [64/100] LR=0.0001250 loss=0.093 (CE=0.053 VIR=0.169 wVIR=0.005 AUX=0.035 w=0.030) ACC=98.527 F1=95.532 Rec=95.151 Prec=95.945
Train Client3 [64/100] LR=0.0001250 loss=0.113 (CE=0.065 VIR=0.022 wVIR=0.001 AUX=0.047 w=0.030) ACC=98.106 F1=97.780 Rec=97.536 Prec=98.035
Train Client4 [64/100] LR=0.0001250 loss=0.060 (CE=0.040 VIR=0.336 wVIR=0.010 AUX=0.010 w=0.030) ACC=98.704 F1=91.396 Rec=98.972 Prec=86.837
Train Client5 [64/100] LR=0.0001250 loss=0.043 (CE=0.025 VIR=0.015 wVIR=0.000 AUX=0.018 w=0.030) ACC=99.375 F1=91.677 Rec=94.629 Prec=89.725
Train Client6 [64/100] LR=0.0001250 loss=0.294 (CE=0.181 VIR=1.029 wVIR=0.031 AUX=0.082 w=0.030) ACC=92.500 F1=88.901 Rec=90.644 Prec=87.441
Train Client7 [64/100] LR=0.0001250 loss=0.177 (CE=0.095 VIR=0.346 wVIR=0.010 AUX=0.072 w=0.030) ACC=97.045 F1=90.881 Rec=97.184 Prec=87.945

Val    [64/100] LR=0.0001250 loss=1.741 ACC=96.743 F1=96.731 Rec=96.743 Prec=96.783
Val-Known->Virtual [64/100] rate=0.000% prob_mean=0.007882 margin_mean=0.967696
Val-LogitMargin [64/100] TrueKnown-VMax mean=7.2060 std=2.3435 p10=4.6942 p50=6.6012 p90=10.3950

Test-  OSR [64/100] LR=0.0001250 ACC=61.250 F1=64.467 Rec=81.063 Prec=71.189 UNK=1.810 OS*=96.914 HOS=3.553 AUROC=79.638 AUPR=72.035 OSCR=78.444
Test-Close [64/100] LR=0.0001250 loss=1.745 ACC=96.914 F1=96.898 Rec=96.914 Prec=96.948
Test-Virtual [64/100] CloseK->V=0.000% Open->V=1.810% OpenVEntropy=-0.000000 CloseHist=[0, 0, 0] OpenHist=[0, 19, 0]
Test-LogitMargin [64/100] CloseTrue-VMax mean=7.2031 std=2.3588 p10=4.6979 p50=6.5549 p90=10.3982 | OpenKnown-VMax mean=4.4205 std=2.1691 p10=1.2570 p50=4.5560 p90=7.1198
AnchorDiag [64/100] VNorm=[1.0000001192092896, 1.0, 0.9999999403953552] VDriftMax=0.000000 Vcos(max/mean)=(0.0000/-0.0000) KVcos(max/mean)=(0.0597/0.0131) ValK->V=0.00% CloseK->V=0.00% Open->V=1.81% OpenVEntropy=-0.0000
Train Client0 [65/100] LR=0.0001250 loss=0.114 (CE=0.062 VIR=0.088 wVIR=0.003 AUX=0.049 w=0.030) ACC=98.060 F1=78.403 Rec=78.568 Prec=78.245
Train Client1 [65/100] LR=0.0001250 loss=0.030 (CE=0.017 VIR=0.034 wVIR=0.001 AUX=0.012 w=0.030) ACC=99.513 F1=97.690 Rec=98.337 Prec=97.096
Train Client2 [65/100] LR=0.0001250 loss=0.082 (CE=0.048 VIR=0.178 wVIR=0.005 AUX=0.029 w=0.030) ACC=98.622 F1=96.338 Rec=96.281 Prec=96.406
Train Client3 [65/100] LR=0.0001250 loss=0.072 (CE=0.035 VIR=0.033 wVIR=0.001 AUX=0.035 w=0.030) ACC=99.242 F1=97.639 Rec=99.025 Prec=96.483
Train Client4 [65/100] LR=0.0001250 loss=0.071 (CE=0.054 VIR=0.394 wVIR=0.012 AUX=0.006 w=0.030) ACC=98.628 F1=91.244 Rec=99.079 Prec=86.852
Train Client5 [65/100] LR=0.0001250 loss=0.046 (CE=0.027 VIR=0.031 wVIR=0.001 AUX=0.018 w=0.030) ACC=99.196 F1=95.490 Rec=99.404 Prec=92.912
Train Client6 [65/100] LR=0.0001250 loss=0.308 (CE=0.220 VIR=0.748 wVIR=0.022 AUX=0.065 w=0.030) ACC=93.056 F1=88.795 Rec=92.838 Prec=85.610
Train Client7 [65/100] LR=0.0001250 loss=0.172 (CE=0.097 VIR=0.373 wVIR=0.011 AUX=0.064 w=0.030) ACC=96.742 F1=96.498 Rec=96.099 Prec=96.917

Val    [65/100] LR=0.0001250 loss=1.741 ACC=96.914 F1=96.894 Rec=96.914 Prec=96.979
Val-Known->Virtual [65/100] rate=0.000% prob_mean=0.008923 margin_mean=0.969375
Val-LogitMargin [65/100] TrueKnown-VMax mean=7.0335 std=2.3128 p10=4.6376 p50=6.3871 p90=10.1511

Test-  OSR [65/100] LR=0.0001250 ACC=61.250 F1=64.526 Rec=81.032 Prec=71.343 UNK=1.905 OS*=96.857 HOS=3.736 AUROC=79.087 AUPR=72.380 OSCR=77.861
Test-Close [65/100] LR=0.0001250 loss=1.746 ACC=96.857 F1=96.834 Rec=96.857 Prec=96.904
Test-Virtual [65/100] CloseK->V=0.000% Open->V=1.905% OpenVEntropy=0.180696 CloseHist=[0, 0, 0] OpenHist=[0, 19, 1]
Test-LogitMargin [65/100] CloseTrue-VMax mean=7.0223 std=2.3347 p10=4.5768 p50=6.3371 p90=10.1802 | OpenKnown-VMax mean=4.3907 std=2.2052 p10=1.2147 p50=4.5391 p90=7.1298
AnchorDiag [65/100] VNorm=[1.0000001192092896, 1.0, 0.9999999403953552] VDriftMax=0.000000 Vcos(max/mean)=(0.0000/-0.0000) KVcos(max/mean)=(0.0598/0.0132) ValK->V=0.00% CloseK->V=0.00% Open->V=1.90% OpenVEntropy=0.1807
Saving model at epoch 65 . . . . . . . .

Train Client0 [66/100] LR=0.0001250 loss=0.119 (CE=0.067 VIR=0.058 wVIR=0.002 AUX=0.050 w=0.030) ACC=97.468 F1=97.378 Rec=97.620 Prec=97.145
Train Client1 [66/100] LR=0.0001250 loss=0.031 (CE=0.016 VIR=0.022 wVIR=0.001 AUX=0.015 w=0.030) ACC=99.478 F1=97.325 Rec=97.763 Prec=96.911
Train Client2 [66/100] LR=0.0001250 loss=0.068 (CE=0.041 VIR=0.111 wVIR=0.003 AUX=0.024 w=0.030) ACC=98.717 F1=96.486 Rec=96.026 Prec=96.977
Train Client3 [66/100] LR=0.0001250 loss=0.085 (CE=0.049 VIR=0.018 wVIR=0.001 AUX=0.036 w=0.030) ACC=98.485 F1=98.183 Rec=98.091 Prec=98.278
Train Client4 [66/100] LR=0.0001250 loss=0.062 (CE=0.041 VIR=0.300 wVIR=0.009 AUX=0.012 w=0.030) ACC=99.085 F1=94.739 Rec=98.068 Prec=92.277
Train Client5 [66/100] LR=0.0001250 loss=0.040 (CE=0.026 VIR=0.020 wVIR=0.001 AUX=0.014 w=0.030) ACC=99.286 F1=92.935 Rec=99.479 Prec=89.724
Train Client6 [66/100] LR=0.0001250 loss=0.275 (CE=0.179 VIR=0.787 wVIR=0.024 AUX=0.073 w=0.030) ACC=94.722 F1=92.420 Rec=93.736 Prec=91.365
Train Client7 [66/100] LR=0.0001250 loss=0.181 (CE=0.099 VIR=0.463 wVIR=0.014 AUX=0.068 w=0.030) ACC=97.121 F1=97.060 Rec=96.697 Prec=97.436

Val    [66/100] LR=0.0001250 loss=1.737 ACC=96.743 F1=96.724 Rec=96.743 Prec=96.794
Val-Known->Virtual [66/100] rate=0.000% prob_mean=0.009936 margin_mean=0.964098
Val-LogitMargin [66/100] TrueKnown-VMax mean=6.8991 std=2.3068 p10=4.5392 p50=6.1290 p90=10.0911

Test-  OSR [66/100] LR=0.0001250 ACC=61.571 F1=64.992 Rec=81.270 Prec=71.654 UNK=2.476 OS*=97.029 HOS=4.829 AUROC=79.622 AUPR=72.997 OSCR=78.404
Test-Close [66/100] LR=0.0001250 loss=1.744 ACC=97.029 F1=97.008 Rec=97.029 Prec=97.070
Test-Virtual [66/100] CloseK->V=0.000% Open->V=2.476% OpenVEntropy=-0.000000 CloseHist=[0, 0, 0] OpenHist=[0, 26, 0]
Test-LogitMargin [66/100] CloseTrue-VMax mean=6.8907 std=2.3373 p10=4.4921 p50=6.0777 p90=10.1897 | OpenKnown-VMax mean=4.1274 std=2.1632 p10=0.9951 p50=4.2446 p90=6.9844
AnchorDiag [66/100] VNorm=[1.0000001192092896, 1.0, 0.9999999403953552] VDriftMax=0.000000 Vcos(max/mean)=(0.0000/-0.0000) KVcos(max/mean)=(0.0605/0.0133) ValK->V=0.00% CloseK->V=0.00% Open->V=2.48% OpenVEntropy=-0.0000
Train Client0 [67/100] LR=0.0001250 loss=0.119 (CE=0.065 VIR=0.064 wVIR=0.002 AUX=0.052 w=0.030) ACC=97.791 F1=97.721 Rec=98.189 Prec=97.292
Train Client1 [67/100] LR=0.0001250 loss=0.016 (CE=0.009 VIR=0.011 wVIR=0.000 AUX=0.006 w=0.030) ACC=99.791 F1=98.964 Rec=99.671 Prec=98.313
Train Client2 [67/100] LR=0.0001250 loss=0.113 (CE=0.061 VIR=0.175 wVIR=0.005 AUX=0.047 w=0.030) ACC=98.146 F1=95.335 Rec=94.613 Prec=96.156
Train Client3 [67/100] LR=0.0001250 loss=0.097 (CE=0.063 VIR=0.026 wVIR=0.001 AUX=0.033 w=0.030) ACC=97.917 F1=97.694 Rec=97.424 Prec=97.986
Train Client4 [67/100] LR=0.0001250 loss=0.065 (CE=0.040 VIR=0.279 wVIR=0.008 AUX=0.017 w=0.030) ACC=98.628 F1=90.379 Rec=97.804 Prec=86.360
Train Client5 [67/100] LR=0.0001250 loss=0.040 (CE=0.026 VIR=0.032 wVIR=0.001 AUX=0.013 w=0.030) ACC=99.554 F1=95.739 Rec=99.678 Prec=93.134
Train Client6 [67/100] LR=0.0001250 loss=0.342 (CE=0.220 VIR=0.948 wVIR=0.028 AUX=0.094 w=0.030) ACC=93.056 F1=89.600 Rec=90.787 Prec=88.545
Train Client7 [67/100] LR=0.0001250 loss=0.185 (CE=0.095 VIR=0.439 wVIR=0.013 AUX=0.077 w=0.030) ACC=97.197 F1=97.245 Rec=97.025 Prec=97.478

Val    [67/100] LR=0.0001250 loss=1.731 ACC=97.086 F1=97.077 Rec=97.086 Prec=97.099
Val-Known->Virtual [67/100] rate=0.000% prob_mean=0.011283 margin_mean=0.962644
Val-LogitMargin [67/100] TrueKnown-VMax mean=6.8597 std=2.4824 p10=4.4442 p50=5.9268 p90=10.4370

Test-  OSR [67/100] LR=0.0001250 ACC=62.464 F1=65.634 Rec=81.825 Prec=71.238 UNK=4.381 OS*=97.314 HOS=8.384 AUROC=79.230 AUPR=74.082 OSCR=78.063
Test-Close [67/100] LR=0.0001250 loss=1.740 ACC=97.314 F1=97.303 Rec=97.314 Prec=97.331
Test-Virtual [67/100] CloseK->V=0.000% Open->V=4.381% OpenVEntropy=0.095332 CloseHist=[0, 0, 0] OpenHist=[0, 45, 1]
Test-LogitMargin [67/100] CloseTrue-VMax mean=6.8568 std=2.5163 p10=4.3966 p50=5.8623 p90=10.4974 | OpenKnown-VMax mean=3.9814 std=2.3023 p10=0.5345 p50=4.1421 p90=6.8605
AnchorDiag [67/100] VNorm=[1.0000001192092896, 1.0, 0.9999999403953552] VDriftMax=0.000000 Vcos(max/mean)=(0.0000/-0.0000) KVcos(max/mean)=(0.0606/0.0133) ValK->V=0.00% CloseK->V=0.00% Open->V=4.38% OpenVEntropy=0.0953
Train Client0 [68/100] LR=0.0001250 loss=0.130 (CE=0.068 VIR=0.061 wVIR=0.002 AUX=0.060 w=0.030) ACC=97.360 F1=77.845 Rec=78.006 Prec=77.693
Train Client1 [68/100] LR=0.0001250 loss=0.030 (CE=0.017 VIR=0.030 wVIR=0.001 AUX=0.012 w=0.030) ACC=99.547 F1=97.936 Rec=98.425 Prec=97.473
Train Client2 [68/100] LR=0.0001250 loss=0.085 (CE=0.051 VIR=0.158 wVIR=0.005 AUX=0.029 w=0.030) ACC=98.432 F1=96.262 Rec=95.903 Prec=96.656
Train Client3 [68/100] LR=0.0001250 loss=0.071 (CE=0.045 VIR=0.076 wVIR=0.002 AUX=0.024 w=0.030) ACC=98.674 F1=98.559 Rec=98.548 Prec=98.575
Train Client4 [68/100] LR=0.0001250 loss=0.060 (CE=0.039 VIR=0.156 wVIR=0.005 AUX=0.017 w=0.030) ACC=99.162 F1=94.285 Rec=99.150 Prec=90.829
Train Client5 [68/100] LR=0.0001250 loss=0.025 (CE=0.017 VIR=0.019 wVIR=0.001 AUX=0.007 w=0.030) ACC=99.554 F1=95.739 Rec=99.651 Prec=93.161
Train Client6 [68/100] LR=0.0001250 loss=0.280 (CE=0.191 VIR=0.874 wVIR=0.026 AUX=0.063 w=0.030) ACC=94.444 F1=91.474 Rec=92.675 Prec=90.440
Train Client7 [68/100] LR=0.0001250 loss=0.190 (CE=0.100 VIR=0.365 wVIR=0.011 AUX=0.078 w=0.030) ACC=97.500 F1=96.968 Rec=96.901 Prec=97.051

Val    [68/100] LR=0.0001250 loss=1.729 ACC=97.086 F1=97.076 Rec=97.086 Prec=97.126
Val-Known->Virtual [68/100] rate=0.000% prob_mean=0.008246 margin_mean=0.968312
Val-LogitMargin [68/100] TrueKnown-VMax mean=7.1596 std=2.4321 p10=4.7267 p50=6.2598 p90=10.5647

Test-  OSR [68/100] LR=0.0001250 ACC=61.286 F1=64.460 Rec=81.333 Prec=71.166 UNK=1.143 OS*=97.371 HOS=2.259 AUROC=78.141 AUPR=70.931 OSCR=77.104
Test-Close [68/100] LR=0.0001250 loss=1.739 ACC=97.371 F1=97.357 Rec=97.371 Prec=97.406
Test-Virtual [68/100] CloseK->V=0.000% Open->V=1.143% OpenVEntropy=0.261089 CloseHist=[0, 0, 0] OpenHist=[0, 11, 1]
Test-LogitMargin [68/100] CloseTrue-VMax mean=7.1523 std=2.4573 p10=4.6907 p50=6.2305 p90=10.6439 | OpenKnown-VMax mean=4.5161 std=2.1097 p10=1.5373 p50=4.5477 p90=7.2773
AnchorDiag [68/100] VNorm=[1.0000001192092896, 1.0, 0.9999999403953552] VDriftMax=0.000000 Vcos(max/mean)=(0.0000/-0.0000) KVcos(max/mean)=(0.0614/0.0134) ValK->V=0.00% CloseK->V=0.00% Open->V=1.14% OpenVEntropy=0.2611
Train Client0 [69/100] LR=0.0001250 loss=0.120 (CE=0.066 VIR=0.044 wVIR=0.001 AUX=0.052 w=0.030) ACC=97.791 F1=78.210 Rec=78.461 Prec=77.977
Train Client1 [69/100] LR=0.0001250 loss=0.023 (CE=0.013 VIR=0.012 wVIR=0.000 AUX=0.010 w=0.030) ACC=99.582 F1=97.709 Rec=97.911 Prec=97.513
Train Client2 [69/100] LR=0.0001250 loss=0.099 (CE=0.055 VIR=0.179 wVIR=0.005 AUX=0.039 w=0.030) ACC=98.479 F1=96.174 Rec=95.919 Prec=96.448
Train Client3 [69/100] LR=0.0001250 loss=0.074 (CE=0.045 VIR=0.029 wVIR=0.001 AUX=0.028 w=0.030) ACC=98.485 F1=98.283 Rec=98.129 Prec=98.446
Train Client4 [69/100] LR=0.0001250 loss=0.047 (CE=0.030 VIR=0.208 wVIR=0.006 AUX=0.010 w=0.030) ACC=99.162 F1=93.639 Rec=99.150 Prec=90.033
Train Client5 [69/100] LR=0.0001250 loss=0.043 (CE=0.029 VIR=0.012 wVIR=0.000 AUX=0.014 w=0.030) ACC=99.018 F1=93.872 Rec=99.292 Prec=90.791
Train Client6 [69/100] LR=0.0001250 loss=0.335 (CE=0.237 VIR=0.868 wVIR=0.026 AUX=0.072 w=0.030) ACC=93.611 F1=87.679 Rec=89.281 Prec=86.569
Train Client7 [69/100] LR=0.0001250 loss=0.189 (CE=0.108 VIR=0.328 wVIR=0.010 AUX=0.071 w=0.030) ACC=97.424 F1=97.058 Rec=96.791 Prec=97.345

Val    [69/100] LR=0.0001250 loss=1.728 ACC=97.200 F1=97.191 Rec=97.200 Prec=97.211
Val-Known->Virtual [69/100] rate=0.000% prob_mean=0.007883 margin_mean=0.967691
Val-LogitMargin [69/100] TrueKnown-VMax mean=7.4495 std=2.5834 p10=4.7215 p50=6.6745 p90=11.0577

Test-  OSR [69/100] LR=0.0001250 ACC=61.464 F1=64.730 Rec=81.286 Prec=71.305 UNK=2.000 OS*=97.143 HOS=3.919 AUROC=78.112 AUPR=71.288 OSCR=77.036
Test-Close [69/100] LR=0.0001250 loss=1.740 ACC=97.143 F1=97.128 Rec=97.143 Prec=97.159
Test-Virtual [69/100] CloseK->V=0.000% Open->V=2.000% OpenVEntropy=0.174260 CloseHist=[0, 0, 0] OpenHist=[0, 20, 1]
Test-LogitMargin [69/100] CloseTrue-VMax mean=7.4300 std=2.6086 p10=4.6575 p50=6.6271 p90=11.0786 | OpenKnown-VMax mean=4.4929 std=2.4231 p10=0.9971 p50=4.5822 p90=7.6472
AnchorDiag [69/100] VNorm=[1.0000001192092896, 1.0, 0.9999999403953552] VDriftMax=0.000000 Vcos(max/mean)=(0.0000/-0.0000) KVcos(max/mean)=(0.0618/0.0134) ValK->V=0.00% CloseK->V=0.00% Open->V=2.00% OpenVEntropy=0.1743
Train Client0 [70/100] LR=0.0001250 loss=0.115 (CE=0.062 VIR=0.090 wVIR=0.003 AUX=0.050 w=0.030) ACC=98.006 F1=78.380 Rec=78.639 Prec=78.142
Train Client1 [70/100] LR=0.0001250 loss=0.024 (CE=0.014 VIR=0.030 wVIR=0.001 AUX=0.010 w=0.030) ACC=99.547 F1=97.904 Rec=98.442 Prec=97.393
Train Client2 [70/100] LR=0.0001250 loss=0.084 (CE=0.048 VIR=0.136 wVIR=0.004 AUX=0.032 w=0.030) ACC=98.479 F1=96.222 Rec=95.918 Prec=96.543
Train Client3 [70/100] LR=0.0001250 loss=0.090 (CE=0.053 VIR=0.031 wVIR=0.001 AUX=0.036 w=0.030) ACC=98.485 F1=98.279 Rec=98.098 Prec=98.470
Train Client4 [70/100] LR=0.0001250 loss=0.065 (CE=0.042 VIR=0.304 wVIR=0.009 AUX=0.013 w=0.030) ACC=98.780 F1=91.928 Rec=97.048 Prec=88.658
Train Client5 [70/100] LR=0.0001250 loss=0.037 (CE=0.023 VIR=0.013 wVIR=0.000 AUX=0.014 w=0.030) ACC=99.375 F1=92.998 Rec=99.555 Prec=89.774
Train Client6 [70/100] LR=0.0001250 loss=0.326 (CE=0.216 VIR=1.091 wVIR=0.033 AUX=0.077 w=0.030) ACC=94.444 F1=90.846 Rec=90.929 Prec=91.100
Train Client7 [70/100] LR=0.0001250 loss=0.178 (CE=0.098 VIR=0.483 wVIR=0.014 AUX=0.065 w=0.030) ACC=97.273 F1=97.657 Rec=97.347 Prec=97.993

Val    [70/100] LR=0.0001250 loss=1.732 ACC=96.743 F1=96.739 Rec=96.743 Prec=96.772
Val-Known->Virtual [70/100] rate=0.000% prob_mean=0.008209 margin_mean=0.969087
Val-LogitMargin [70/100] TrueKnown-VMax mean=7.2852 std=2.4797 p10=4.6627 p50=6.5451 p90=10.7869

Test-  OSR [70/100] LR=0.0001250 ACC=62.429 F1=65.411 Rec=81.778 Prec=70.786 UNK=4.381 OS*=97.257 HOS=8.384 AUROC=80.454 AUPR=75.536 OSCR=79.231
Test-Close [70/100] LR=0.0001250 loss=1.737 ACC=97.257 F1=97.242 Rec=97.257 Prec=97.282
Test-Virtual [70/100] CloseK->V=0.000% Open->V=4.381% OpenVEntropy=0.095332 CloseHist=[0, 0, 0] OpenHist=[0, 45, 1]
Test-LogitMargin [70/100] CloseTrue-VMax mean=7.2756 std=2.4969 p10=4.7258 p50=6.4685 p90=10.7353 | OpenKnown-VMax mean=4.1193 std=2.4564 p10=0.5895 p50=4.2383 p90=7.2809
AnchorDiag [70/100] VNorm=[1.0000001192092896, 1.0, 0.9999999403953552] VDriftMax=0.000000 Vcos(max/mean)=(0.0000/-0.0000) KVcos(max/mean)=(0.0623/0.0134) ValK->V=0.00% CloseK->V=0.00% Open->V=4.38% OpenVEntropy=0.0953
Saving model at epoch 70 . . . . . . . .

Train Client0 [71/100] LR=0.0001250 loss=0.111 (CE=0.058 VIR=0.039 wVIR=0.001 AUX=0.052 w=0.030) ACC=97.737 F1=97.638 Rec=97.747 Prec=97.532
Train Client1 [71/100] LR=0.0001250 loss=0.024 (CE=0.012 VIR=0.047 wVIR=0.001 AUX=0.010 w=0.030) ACC=99.617 F1=98.228 Rec=98.476 Prec=97.985
Train Client2 [71/100] LR=0.0001250 loss=0.085 (CE=0.048 VIR=0.134 wVIR=0.004 AUX=0.033 w=0.030) ACC=98.764 F1=97.343 Rec=97.108 Prec=97.587
Train Client3 [71/100] LR=0.0001250 loss=0.116 (CE=0.059 VIR=0.023 wVIR=0.001 AUX=0.056 w=0.030) ACC=98.106 F1=97.714 Rec=97.714 Prec=97.714
Train Client4 [71/100] LR=0.0001250 loss=0.052 (CE=0.038 VIR=0.218 wVIR=0.007 AUX=0.007 w=0.030) ACC=99.009 F1=93.099 Rec=98.261 Prec=90.302
Train Client5 [71/100] LR=0.0001250 loss=0.049 (CE=0.033 VIR=0.015 wVIR=0.000 AUX=0.015 w=0.030) ACC=98.839 F1=92.621 Rec=99.153 Prec=89.424
Train Client6 [71/100] LR=0.0001250 loss=0.234 (CE=0.157 VIR=0.701 wVIR=0.021 AUX=0.056 w=0.030) ACC=93.889 F1=91.308 Rec=93.287 Prec=89.622
Train Client7 [71/100] LR=0.0001250 loss=0.176 (CE=0.097 VIR=0.507 wVIR=0.015 AUX=0.063 w=0.030) ACC=97.273 F1=96.840 Rec=96.843 Prec=96.846

Val    [71/100] LR=0.0001250 loss=1.734 ACC=96.800 F1=96.797 Rec=96.800 Prec=96.819
Val-Known->Virtual [71/100] rate=0.000% prob_mean=0.009573 margin_mean=0.966242
Val-LogitMargin [71/100] TrueKnown-VMax mean=7.2774 std=2.6875 p10=4.4929 p50=6.3590 p90=11.0274

Test-  OSR [71/100] LR=0.0001250 ACC=62.107 F1=65.281 Rec=81.635 Prec=71.145 UNK=3.524 OS*=97.257 HOS=6.801 AUROC=80.044 AUPR=73.898 OSCR=78.888
Test-Close [71/100] LR=0.0001250 loss=1.738 ACC=97.257 F1=97.241 Rec=97.257 Prec=97.288
Test-Virtual [71/100] CloseK->V=0.000% Open->V=3.524% OpenVEntropy=0.191408 CloseHist=[0, 0, 0] OpenHist=[0, 35, 2]
Test-LogitMargin [71/100] CloseTrue-VMax mean=7.2740 std=2.7134 p10=4.4861 p50=6.3051 p90=11.0272 | OpenKnown-VMax mean=4.2062 std=2.3359 p10=0.9738 p50=4.2319 p90=7.2395
AnchorDiag [71/100] VNorm=[1.0000001192092896, 1.0, 0.9999999403953552] VDriftMax=0.000000 Vcos(max/mean)=(0.0000/-0.0000) KVcos(max/mean)=(0.0631/0.0137) ValK->V=0.00% CloseK->V=0.00% Open->V=3.52% OpenVEntropy=0.1914
Train Client0 [72/100] LR=0.0001250 loss=0.112 (CE=0.062 VIR=0.051 wVIR=0.002 AUX=0.049 w=0.030) ACC=97.791 F1=78.205 Rec=78.457 Prec=77.971
Train Client1 [72/100] LR=0.0001250 loss=0.020 (CE=0.012 VIR=0.022 wVIR=0.001 AUX=0.007 w=0.030) ACC=99.478 F1=97.368 Rec=97.864 Prec=96.897
Train Client2 [72/100] LR=0.0001250 loss=0.094 (CE=0.060 VIR=0.185 wVIR=0.006 AUX=0.029 w=0.030) ACC=98.527 F1=96.119 Rec=95.554 Prec=96.759
Train Client3 [72/100] LR=0.0001250 loss=0.087 (CE=0.060 VIR=0.032 wVIR=0.001 AUX=0.026 w=0.030) ACC=97.917 F1=97.537 Rec=97.585 Prec=97.513
Train Client4 [72/100] LR=0.0001250 loss=0.055 (CE=0.037 VIR=0.225 wVIR=0.007 AUX=0.011 w=0.030) ACC=99.162 F1=95.388 Rec=96.715 Prec=94.187
Train Client5 [72/100] LR=0.0001250 loss=0.028 (CE=0.020 VIR=0.022 wVIR=0.001 AUX=0.007 w=0.030) ACC=99.286 F1=89.675 Rec=94.552 Prec=87.299
Train Client6 [72/100] LR=0.0001250 loss=0.285 (CE=0.185 VIR=0.814 wVIR=0.024 AUX=0.075 w=0.030) ACC=95.000 F1=92.339 Rec=93.355 Prec=91.409
Train Client7 [72/100] LR=0.0001250 loss=0.183 (CE=0.102 VIR=0.346 wVIR=0.010 AUX=0.071 w=0.030) ACC=97.197 F1=97.731 Rec=97.277 Prec=98.212

Val    [72/100] LR=0.0001250 loss=1.727 ACC=97.143 F1=97.146 Rec=97.143 Prec=97.157
Val-Known->Virtual [72/100] rate=0.000% prob_mean=0.009531 margin_mean=0.966748
Val-LogitMargin [72/100] TrueKnown-VMax mean=7.1208 std=2.4050 p10=4.5262 p50=6.4131 p90=10.4116

Test-  OSR [72/100] LR=0.0001250 ACC=63.429 F1=66.336 Rec=82.254 Prec=70.699 UNK=6.952 OS*=97.314 HOS=12.978 AUROC=80.108 AUPR=75.840 OSCR=78.858
Test-Close [72/100] LR=0.0001250 loss=1.739 ACC=97.314 F1=97.308 Rec=97.314 Prec=97.318
Test-Virtual [72/100] CloseK->V=0.000% Open->V=6.952% OpenVEntropy=0.221380 CloseHist=[0, 0, 0] OpenHist=[1, 69, 3]
Test-LogitMargin [72/100] CloseTrue-VMax mean=7.1173 std=2.4592 p10=4.5143 p50=6.3369 p90=10.4925 | OpenKnown-VMax mean=3.9749 std=2.5710 p10=0.3471 p50=4.1252 p90=7.3112
AnchorDiag [72/100] VNorm=[1.0000001192092896, 1.0, 0.9999999403953552] VDriftMax=0.000000 Vcos(max/mean)=(0.0000/-0.0000) KVcos(max/mean)=(0.0633/0.0137) ValK->V=0.00% CloseK->V=0.00% Open->V=6.95% OpenVEntropy=0.2214
Train Client0 [73/100] LR=0.0001250 loss=0.094 (CE=0.053 VIR=0.057 wVIR=0.002 AUX=0.040 w=0.030) ACC=98.060 F1=78.438 Rec=78.758 Prec=78.144
Train Client1 [73/100] LR=0.0001250 loss=0.026 (CE=0.015 VIR=0.022 wVIR=0.001 AUX=0.010 w=0.030) ACC=99.513 F1=97.998 Rec=98.112 Prec=97.894
Train Client2 [73/100] LR=0.0001250 loss=0.100 (CE=0.059 VIR=0.165 wVIR=0.005 AUX=0.036 w=0.030) ACC=98.289 F1=95.725 Rec=95.128 Prec=96.397
Train Client3 [73/100] LR=0.0001250 loss=0.090 (CE=0.059 VIR=0.027 wVIR=0.001 AUX=0.029 w=0.030) ACC=98.295 F1=96.561 Rec=97.958 Prec=95.387
Train Client4 [73/100] LR=0.0001250 loss=0.053 (CE=0.033 VIR=0.195 wVIR=0.006 AUX=0.013 w=0.030) ACC=99.162 F1=96.330 Rec=98.133 Prec=94.690
Train Client5 [73/100] LR=0.0001250 loss=0.058 (CE=0.034 VIR=0.025 wVIR=0.001 AUX=0.024 w=0.030) ACC=98.839 F1=89.352 Rec=94.231 Prec=86.974
Train Client6 [73/100] LR=0.0001250 loss=0.303 (CE=0.177 VIR=0.888 wVIR=0.027 AUX=0.099 w=0.030) ACC=94.167 F1=91.285 Rec=92.034 Prec=90.590
Train Client7 [73/100] LR=0.0001250 loss=0.181 (CE=0.094 VIR=0.407 wVIR=0.012 AUX=0.074 w=0.030) ACC=97.727 F1=98.272 Rec=98.070 Prec=98.485

Val    [73/100] LR=0.0001250 loss=1.728 ACC=96.800 F1=96.788 Rec=96.800 Prec=96.838
Val-Known->Virtual [73/100] rate=0.000% prob_mean=0.010978 margin_mean=0.965139
Val-LogitMargin [73/100] TrueKnown-VMax mean=7.1168 std=2.5888 p10=4.3954 p50=6.2499 p90=10.7161

Test-  OSR [73/100] LR=0.0001250 ACC=61.857 F1=65.116 Rec=81.556 Prec=71.312 UNK=2.762 OS*=97.314 HOS=5.371 AUROC=78.022 AUPR=70.776 OSCR=77.009
Test-Close [73/100] LR=0.0001250 loss=1.739 ACC=97.314 F1=97.302 Rec=97.314 Prec=97.327
Test-Virtual [73/100] CloseK->V=0.000% Open->V=2.762% OpenVEntropy=-0.000000 CloseHist=[0, 0, 0] OpenHist=[0, 29, 0]
Test-LogitMargin [73/100] CloseTrue-VMax mean=7.1141 std=2.6368 p10=4.3167 p50=6.1774 p90=10.7528 | OpenKnown-VMax mean=4.3830 std=2.1827 p10=1.4080 p50=4.3873 p90=7.2350
AnchorDiag [73/100] VNorm=[1.0000001192092896, 1.0, 0.9999999403953552] VDriftMax=0.000000 Vcos(max/mean)=(0.0000/-0.0000) KVcos(max/mean)=(0.0639/0.0138) ValK->V=0.00% CloseK->V=0.00% Open->V=2.76% OpenVEntropy=-0.0000
>> New learning Rate: 6.25e-05
Train Client0 [74/100] LR=0.0000625 loss=0.079 (CE=0.047 VIR=0.062 wVIR=0.002 AUX=0.030 w=0.030) ACC=98.276 F1=78.680 Rec=78.939 Prec=78.440
Train Client1 [74/100] LR=0.0000625 loss=0.014 (CE=0.009 VIR=0.022 wVIR=0.001 AUX=0.005 w=0.030) ACC=99.652 F1=97.836 Rec=98.116 Prec=97.563
Train Client2 [74/100] LR=0.0000625 loss=0.069 (CE=0.039 VIR=0.133 wVIR=0.004 AUX=0.026 w=0.030) ACC=98.717 F1=96.297 Rec=95.777 Prec=96.869
Train Client3 [74/100] LR=0.0000625 loss=0.079 (CE=0.056 VIR=0.019 wVIR=0.001 AUX=0.023 w=0.030) ACC=98.295 F1=98.093 Rec=98.171 Prec=98.017
Train Client4 [74/100] LR=0.0000625 loss=0.050 (CE=0.036 VIR=0.233 wVIR=0.007 AUX=0.008 w=0.030) ACC=99.238 F1=95.457 Rec=99.344 Prec=92.473
Train Client5 [74/100] LR=0.0000625 loss=0.064 (CE=0.042 VIR=0.029 wVIR=0.001 AUX=0.021 w=0.030) ACC=98.661 F1=91.513 Rec=99.061 Prec=88.240
Train Client6 [74/100] LR=0.0000625 loss=0.248 (CE=0.179 VIR=0.720 wVIR=0.022 AUX=0.047 w=0.030) ACC=94.167 F1=92.385 Rec=96.172 Prec=89.974
Train Client7 [74/100] LR=0.0000625 loss=0.148 (CE=0.078 VIR=0.417 wVIR=0.013 AUX=0.057 w=0.030) ACC=97.652 F1=97.380 Rec=97.250 Prec=97.537

Val    [74/100] LR=0.0000625 loss=1.726 ACC=97.257 F1=97.252 Rec=97.257 Prec=97.254
Val-Known->Virtual [74/100] rate=0.000% prob_mean=0.008206 margin_mean=0.967600
Val-LogitMargin [74/100] TrueKnown-VMax mean=7.4519 std=2.5228 p10=4.7006 p50=6.9000 p90=10.8285

Test-  OSR [74/100] LR=0.0000625 ACC=62.214 F1=65.571 Rec=81.683 Prec=71.496 UNK=3.810 OS*=97.257 HOS=7.332 AUROC=77.985 AUPR=70.302 OSCR=76.964
Test-Close [74/100] LR=0.0000625 loss=1.739 ACC=97.257 F1=97.248 Rec=97.257 Prec=97.261
Test-Virtual [74/100] CloseK->V=0.000% Open->V=3.810% OpenVEntropy=-0.000000 CloseHist=[0, 0, 0] OpenHist=[0, 40, 0]
Test-LogitMargin [74/100] CloseTrue-VMax mean=7.4461 std=2.5657 p10=4.6236 p50=6.8693 p90=10.8330 | OpenKnown-VMax mean=4.5025 std=2.3870 p10=1.1298 p50=4.5458 p90=7.7290
AnchorDiag [74/100] VNorm=[1.0000001192092896, 1.0, 0.9999999403953552] VDriftMax=0.000000 Vcos(max/mean)=(0.0000/-0.0000) KVcos(max/mean)=(0.0645/0.0139) ValK->V=0.00% CloseK->V=0.00% Open->V=3.81% OpenVEntropy=-0.0000
Train Client0 [75/100] LR=0.0000625 loss=0.098 (CE=0.055 VIR=0.049 wVIR=0.001 AUX=0.041 w=0.030) ACC=98.114 F1=78.505 Rec=78.729 Prec=78.296
Train Client1 [75/100] LR=0.0000625 loss=0.011 (CE=0.006 VIR=0.012 wVIR=0.000 AUX=0.005 w=0.030) ACC=99.826 F1=98.782 Rec=99.200 Prec=98.391
Train Client2 [75/100] LR=0.0000625 loss=0.073 (CE=0.045 VIR=0.213 wVIR=0.006 AUX=0.021 w=0.030) ACC=98.764 F1=96.924 Rec=96.573 Prec=97.293
Train Client3 [75/100] LR=0.0000625 loss=0.073 (CE=0.049 VIR=0.031 wVIR=0.001 AUX=0.024 w=0.030) ACC=98.864 F1=98.842 Rec=98.842 Prec=98.842
Train Client4 [75/100] LR=0.0000625 loss=0.060 (CE=0.042 VIR=0.323 wVIR=0.010 AUX=0.009 w=0.030) ACC=99.085 F1=94.099 Rec=98.240 Prec=91.297
Train Client5 [75/100] LR=0.0000625 loss=0.024 (CE=0.020 VIR=0.019 wVIR=0.001 AUX=0.004 w=0.030) ACC=99.464 F1=93.072 Rec=99.628 Prec=89.849
Train Client6 [75/100] LR=0.0000625 loss=0.316 (CE=0.225 VIR=0.908 wVIR=0.027 AUX=0.064 w=0.030) ACC=91.667 F1=88.423 Rec=90.113 Prec=87.133
Train Client7 [75/100] LR=0.0000625 loss=0.167 (CE=0.085 VIR=0.410 wVIR=0.012 AUX=0.070 w=0.030) ACC=97.803 F1=98.287 Rec=98.085 Prec=98.500

Val    [75/100] LR=0.0000625 loss=1.736 ACC=96.743 F1=96.722 Rec=96.743 Prec=96.806
Val-Known->Virtual [75/100] rate=0.000% prob_mean=0.008355 margin_mean=0.970869
Val-LogitMargin [75/100] TrueKnown-VMax mean=7.4072 std=2.5064 p10=4.6207 p50=6.7734 p90=10.7605

Test-  OSR [75/100] LR=0.0000625 ACC=61.429 F1=64.942 Rec=81.111 Prec=71.834 UNK=2.381 OS*=96.857 HOS=4.648 AUROC=76.560 AUPR=67.619 OSCR=75.538
Test-Close [75/100] LR=0.0000625 loss=1.747 ACC=96.857 F1=96.834 Rec=96.857 Prec=96.900
Test-Virtual [75/100] CloseK->V=0.000% Open->V=2.381% OpenVEntropy=0.152869 CloseHist=[0, 0, 0] OpenHist=[0, 24, 1]
Test-LogitMargin [75/100] CloseTrue-VMax mean=7.4043 std=2.5522 p10=4.6267 p50=6.7394 p90=10.7652 | OpenKnown-VMax mean=4.7703 std=2.2732 p10=1.6368 p50=4.8491 p90=7.6443
AnchorDiag [75/100] VNorm=[1.0000001192092896, 1.0, 0.9999999403953552] VDriftMax=0.000000 Vcos(max/mean)=(0.0000/-0.0000) KVcos(max/mean)=(0.0647/0.0139) ValK->V=0.00% CloseK->V=0.00% Open->V=2.38% OpenVEntropy=0.1529
Saving model at epoch 75 . . . . . . . .

Train Client0 [76/100] LR=0.0000625 loss=0.105 (CE=0.058 VIR=0.066 wVIR=0.002 AUX=0.044 w=0.030) ACC=97.899 F1=78.313 Rec=78.358 Prec=78.268
Train Client1 [76/100] LR=0.0000625 loss=0.006 (CE=0.004 VIR=0.014 wVIR=0.000 AUX=0.002 w=0.030) ACC=99.861 F1=99.103 Rec=99.309 Prec=98.904
Train Client2 [76/100] LR=0.0000625 loss=0.064 (CE=0.037 VIR=0.168 wVIR=0.005 AUX=0.022 w=0.030) ACC=98.812 F1=97.143 Rec=96.339 Prec=98.054
Train Client3 [76/100] LR=0.0000625 loss=0.062 (CE=0.040 VIR=0.036 wVIR=0.001 AUX=0.021 w=0.030) ACC=99.242 F1=99.145 Rec=99.216 Prec=99.083
Train Client4 [76/100] LR=0.0000625 loss=0.062 (CE=0.049 VIR=0.229 wVIR=0.007 AUX=0.006 w=0.030) ACC=98.857 F1=91.148 Rec=97.502 Prec=88.153
Train Client5 [76/100] LR=0.0000625 loss=0.035 (CE=0.025 VIR=0.029 wVIR=0.001 AUX=0.009 w=0.030) ACC=99.375 F1=95.617 Rec=99.582 Prec=92.986
Train Client6 [76/100] LR=0.0000625 loss=0.294 (CE=0.205 VIR=0.935 wVIR=0.028 AUX=0.061 w=0.030) ACC=94.722 F1=93.005 Rec=96.546 Prec=90.486
Train Client7 [76/100] LR=0.0000625 loss=0.165 (CE=0.089 VIR=0.530 wVIR=0.016 AUX=0.060 w=0.030) ACC=97.348 F1=97.559 Rec=97.658 Prec=97.465

Val    [76/100] LR=0.0000625 loss=1.730 ACC=97.029 F1=97.018 Rec=97.029 Prec=97.041
Val-Known->Virtual [76/100] rate=0.000% prob_mean=0.010158 margin_mean=0.968115
Val-LogitMargin [76/100] TrueKnown-VMax mean=7.4275 std=2.7488 p10=4.4558 p50=6.5901 p90=11.2022

Test-  OSR [76/100] LR=0.0000625 ACC=61.821 F1=65.251 Rec=81.413 Prec=71.614 UNK=3.048 OS*=97.086 HOS=5.910 AUROC=76.806 AUPR=68.944 OSCR=75.782
Test-Close [76/100] LR=0.0000625 loss=1.746 ACC=97.086 F1=97.071 Rec=97.086 Prec=97.103
Test-Virtual [76/100] CloseK->V=0.000% Open->V=3.048% OpenVEntropy=0.126579 CloseHist=[0, 0, 0] OpenHist=[0, 31, 1]
Test-LogitMargin [76/100] CloseTrue-VMax mean=7.4170 std=2.8030 p10=4.4256 p50=6.5508 p90=11.2044 | OpenKnown-VMax mean=4.6044 std=2.4035 p10=1.2618 p50=4.6354 p90=7.7776
AnchorDiag [76/100] VNorm=[1.0000001192092896, 1.0, 0.9999999403953552] VDriftMax=0.000000 Vcos(max/mean)=(0.0000/-0.0000) KVcos(max/mean)=(0.0647/0.0140) ValK->V=0.00% CloseK->V=0.00% Open->V=3.05% OpenVEntropy=0.1266
Train Client0 [77/100] LR=0.0000625 loss=0.103 (CE=0.055 VIR=0.062 wVIR=0.002 AUX=0.046 w=0.030) ACC=98.006 F1=78.437 Rec=78.540 Prec=78.340
Train Client1 [77/100] LR=0.0000625 loss=0.017 (CE=0.011 VIR=0.017 wVIR=0.001 AUX=0.006 w=0.030) ACC=99.721 F1=98.645 Rec=99.110 Prec=98.206
Train Client2 [77/100] LR=0.0000625 loss=0.066 (CE=0.039 VIR=0.136 wVIR=0.004 AUX=0.023 w=0.030) ACC=98.764 F1=96.461 Rec=96.359 Prec=96.564
Train Client3 [77/100] LR=0.0000625 loss=0.088 (CE=0.052 VIR=0.027 wVIR=0.001 AUX=0.036 w=0.030) ACC=98.485 F1=98.300 Rec=98.445 Prec=98.174
Train Client4 [77/100] LR=0.0000625 loss=0.043 (CE=0.029 VIR=0.204 wVIR=0.006 AUX=0.008 w=0.030) ACC=99.009 F1=93.457 Rec=98.477 Prec=90.282
Train Client5 [77/100] LR=0.0000625 loss=0.041 (CE=0.034 VIR=0.036 wVIR=0.001 AUX=0.006 w=0.030) ACC=98.839 F1=89.980 Rec=99.171 Prec=86.733
Train Client6 [77/100] LR=0.0000625 loss=0.298 (CE=0.215 VIR=0.720 wVIR=0.022 AUX=0.062 w=0.030) ACC=94.444 F1=91.981 Rec=93.435 Prec=90.866
Train Client7 [77/100] LR=0.0000625 loss=0.175 (CE=0.096 VIR=0.425 wVIR=0.013 AUX=0.066 w=0.030) ACC=97.045 F1=97.144 Rec=96.729 Prec=97.575

Val    [77/100] LR=0.0000625 loss=1.730 ACC=96.914 F1=96.897 Rec=96.914 Prec=96.957
Val-Known->Virtual [77/100] rate=0.000% prob_mean=0.009477 margin_mean=0.969637
Val-LogitMargin [77/100] TrueKnown-VMax mean=7.5348 std=2.7890 p10=4.5741 p50=6.6611 p90=11.3232

Test-  OSR [77/100] LR=0.0000625 ACC=61.286 F1=64.718 Rec=81.079 Prec=71.575 UNK=1.905 OS*=96.914 HOS=3.736 AUROC=75.701 AUPR=66.651 OSCR=74.764
Test-Close [77/100] LR=0.0000625 loss=1.743 ACC=96.914 F1=96.893 Rec=96.914 Prec=96.956
Test-Virtual [77/100] CloseK->V=0.000% Open->V=1.905% OpenVEntropy=0.295903 CloseHist=[0, 0, 0] OpenHist=[0, 18, 2]
Test-LogitMargin [77/100] CloseTrue-VMax mean=7.5323 std=2.8306 p10=4.5356 p50=6.5766 p90=11.3806 | OpenKnown-VMax mean=4.9071 std=2.2938 p10=1.8931 p50=4.8593 p90=7.9768
AnchorDiag [77/100] VNorm=[1.0000001192092896, 1.0, 0.9999999403953552] VDriftMax=0.000000 Vcos(max/mean)=(0.0000/-0.0000) KVcos(max/mean)=(0.0651/0.0141) ValK->V=0.00% CloseK->V=0.00% Open->V=1.90% OpenVEntropy=0.2959
Train Client0 [78/100] LR=0.0000625 loss=0.113 (CE=0.065 VIR=0.088 wVIR=0.003 AUX=0.046 w=0.030) ACC=97.683 F1=78.195 Rec=78.371 Prec=78.032
Train Client1 [78/100] LR=0.0000625 loss=0.022 (CE=0.011 VIR=0.013 wVIR=0.000 AUX=0.010 w=0.030) ACC=99.791 F1=98.552 Rec=99.239 Prec=97.919
Train Client2 [78/100] LR=0.0000625 loss=0.066 (CE=0.041 VIR=0.175 wVIR=0.005 AUX=0.019 w=0.030) ACC=98.859 F1=96.865 Rec=96.707 Prec=97.034
Train Client3 [78/100] LR=0.0000625 loss=0.113 (CE=0.076 VIR=0.071 wVIR=0.002 AUX=0.035 w=0.030) ACC=97.727 F1=95.716 Rec=96.974 Prec=94.695
Train Client4 [78/100] LR=0.0000625 loss=0.037 (CE=0.026 VIR=0.143 wVIR=0.004 AUX=0.007 w=0.030) ACC=99.238 F1=94.774 Rec=98.458 Prec=91.976
Train Client5 [78/100] LR=0.0000625 loss=0.035 (CE=0.023 VIR=0.020 wVIR=0.001 AUX=0.012 w=0.030) ACC=99.464 F1=94.246 Rec=99.602 Prec=91.228
Train Client6 [78/100] LR=0.0000625 loss=0.347 (CE=0.257 VIR=0.874 wVIR=0.026 AUX=0.064 w=0.030) ACC=92.778 F1=90.377 Rec=93.751 Prec=87.890
Train Client7 [78/100] LR=0.0000625 loss=0.162 (CE=0.089 VIR=0.496 wVIR=0.015 AUX=0.059 w=0.030) ACC=97.576 F1=97.651 Rec=97.329 Prec=97.982

Val    [78/100] LR=0.0000625 loss=1.730 ACC=96.743 F1=96.736 Rec=96.743 Prec=96.754
Val-Known->Virtual [78/100] rate=0.000% prob_mean=0.010208 margin_mean=0.966159
Val-LogitMargin [78/100] TrueKnown-VMax mean=7.3255 std=2.6705 p10=4.4359 p50=6.5632 p90=10.9578

Test-  OSR [78/100] LR=0.0000625 ACC=61.714 F1=65.077 Rec=81.270 Prec=71.368 UNK=3.048 OS*=96.914 HOS=5.909 AUROC=77.006 AUPR=68.839 OSCR=76.006
Test-Close [78/100] LR=0.0000625 loss=1.741 ACC=96.914 F1=96.898 Rec=96.914 Prec=96.937
Test-Virtual [78/100] CloseK->V=0.000% Open->V=3.048% OpenVEntropy=0.212806 CloseHist=[0, 0, 0] OpenHist=[0, 30, 2]
Test-LogitMargin [78/100] CloseTrue-VMax mean=7.3277 std=2.7082 p10=4.4559 p50=6.4652 p90=11.0221 | OpenKnown-VMax mean=4.5680 std=2.3258 p10=1.4644 p50=4.6254 p90=7.6451
AnchorDiag [78/100] VNorm=[1.0000001192092896, 1.0, 0.9999999403953552] VDriftMax=0.000000 Vcos(max/mean)=(0.0000/-0.0000) KVcos(max/mean)=(0.0655/0.0142) ValK->V=0.00% CloseK->V=0.00% Open->V=3.05% OpenVEntropy=0.2128
Train Client0 [79/100] LR=0.0000625 loss=0.092 (CE=0.050 VIR=0.061 wVIR=0.002 AUX=0.041 w=0.030) ACC=98.114 F1=78.420 Rec=78.585 Prec=78.259
Train Client1 [79/100] LR=0.0000625 loss=0.016 (CE=0.007 VIR=0.015 wVIR=0.000 AUX=0.008 w=0.030) ACC=99.791 F1=98.745 Rec=99.239 Prec=98.277
Train Client2 [79/100] LR=0.0000625 loss=0.073 (CE=0.044 VIR=0.154 wVIR=0.005 AUX=0.024 w=0.030) ACC=98.859 F1=97.277 Rec=97.206 Prec=97.359
Train Client3 [79/100] LR=0.0000625 loss=0.095 (CE=0.063 VIR=0.040 wVIR=0.001 AUX=0.030 w=0.030) ACC=98.295 F1=98.005 Rec=98.005 Prec=98.005
Train Client4 [79/100] LR=0.0000625 loss=0.056 (CE=0.039 VIR=0.252 wVIR=0.008 AUX=0.010 w=0.030) ACC=99.162 F1=92.595 Rec=99.408 Prec=88.696
Train Client5 [79/100] LR=0.0000625 loss=0.026 (CE=0.021 VIR=0.016 wVIR=0.000 AUX=0.004 w=0.030) ACC=99.464 F1=90.685 Rec=94.677 Prec=88.447
Train Client6 [79/100] LR=0.0000625 loss=0.292 (CE=0.209 VIR=0.874 wVIR=0.026 AUX=0.057 w=0.030) ACC=93.333 F1=89.071 Rec=94.436 Prec=84.813
Train Client7 [79/100] LR=0.0000625 loss=0.179 (CE=0.095 VIR=0.392 wVIR=0.012 AUX=0.072 w=0.030) ACC=97.273 F1=97.290 Rec=97.047 Prec=97.549

Val    [79/100] LR=0.0000625 loss=1.731 ACC=96.914 F1=96.905 Rec=96.914 Prec=96.912
Val-Known->Virtual [79/100] rate=0.000% prob_mean=0.011805 margin_mean=0.963705
Val-LogitMargin [79/100] TrueKnown-VMax mean=7.3456 std=2.7747 p10=4.2989 p50=6.6607 p90=11.0415

Test-  OSR [79/100] LR=0.0000625 ACC=61.607 F1=65.028 Rec=81.286 Prec=71.498 UNK=2.571 OS*=97.029 HOS=5.010 AUROC=76.432 AUPR=67.653 OSCR=75.483
Test-Close [79/100] LR=0.0000625 loss=1.744 ACC=97.029 F1=97.020 Rec=97.029 Prec=97.038
Test-Virtual [79/100] CloseK->V=0.000% Open->V=2.571% OpenVEntropy=0.381830 CloseHist=[0, 0, 0] OpenHist=[0, 23, 4]
Test-LogitMargin [79/100] CloseTrue-VMax mean=7.3433 std=2.8181 p10=4.2684 p50=6.5202 p90=11.1080 | OpenKnown-VMax mean=4.5976 std=2.3777 p10=1.4546 p50=4.5889 p90=7.8417
AnchorDiag [79/100] VNorm=[1.0000001192092896, 1.0, 0.9999999403953552] VDriftMax=0.000000 Vcos(max/mean)=(0.0000/-0.0000) KVcos(max/mean)=(0.0660/0.0143) ValK->V=0.00% CloseK->V=0.00% Open->V=2.57% OpenVEntropy=0.3818
Train Client0 [80/100] LR=0.0000625 loss=0.088 (CE=0.048 VIR=0.058 wVIR=0.002 AUX=0.039 w=0.030) ACC=98.330 F1=78.688 Rec=78.768 Prec=78.611
Train Client1 [80/100] LR=0.0000625 loss=0.012 (CE=0.008 VIR=0.013 wVIR=0.000 AUX=0.003 w=0.030) ACC=99.826 F1=98.614 Rec=98.842 Prec=98.391
Train Client2 [80/100] LR=0.0000625 loss=0.059 (CE=0.033 VIR=0.150 wVIR=0.004 AUX=0.021 w=0.030) ACC=98.717 F1=96.728 Rec=96.276 Prec=97.212
Train Client3 [80/100] LR=0.0000625 loss=0.043 (CE=0.031 VIR=0.017 wVIR=0.001 AUX=0.011 w=0.030) ACC=98.864 F1=98.677 Rec=98.650 Prec=98.719
Train Client4 [80/100] LR=0.0000625 loss=0.057 (CE=0.045 VIR=0.295 wVIR=0.009 AUX=0.003 w=0.030) ACC=98.704 F1=90.881 Rec=98.972 Prec=86.682
Train Client5 [80/100] LR=0.0000625 loss=0.029 (CE=0.024 VIR=0.014 wVIR=0.000 AUX=0.004 w=0.030) ACC=99.286 F1=91.945 Rec=99.477 Prec=88.688
Train Client6 [80/100] LR=0.0000625 loss=0.292 (CE=0.208 VIR=0.869 wVIR=0.026 AUX=0.057 w=0.030) ACC=93.333 F1=90.652 Rec=92.912 Prec=88.946
Train Client7 [80/100] LR=0.0000625 loss=0.166 (CE=0.090 VIR=0.410 wVIR=0.012 AUX=0.063 w=0.030) ACC=97.348 F1=97.312 Rec=97.112 Prec=97.522

Val    [80/100] LR=0.0000625 loss=1.731 ACC=96.800 F1=96.784 Rec=96.800 Prec=96.837
Val-Known->Virtual [80/100] rate=0.000% prob_mean=0.009955 margin_mean=0.967347
Val-LogitMargin [80/100] TrueKnown-VMax mean=7.2950 std=2.5879 p10=4.5436 p50=6.6127 p90=10.7878

Test-  OSR [80/100] LR=0.0000625 ACC=61.893 F1=65.294 Rec=81.444 Prec=71.593 UNK=3.238 OS*=97.086 HOS=6.267 AUROC=77.240 AUPR=70.284 OSCR=76.178
Test-Close [80/100] LR=0.0000625 loss=1.741 ACC=97.086 F1=97.069 Rec=97.086 Prec=97.121
Test-Virtual [80/100] CloseK->V=0.000% Open->V=3.238% OpenVEntropy=0.120781 CloseHist=[0, 0, 0] OpenHist=[0, 33, 1]
Test-LogitMargin [80/100] CloseTrue-VMax mean=7.2924 std=2.6239 p10=4.5142 p50=6.5207 p90=10.8559 | OpenKnown-VMax mean=4.5220 std=2.4351 p10=1.0674 p50=4.5546 p90=7.7312
AnchorDiag [80/100] VNorm=[1.0000001192092896, 1.0, 0.9999999403953552] VDriftMax=0.000000 Vcos(max/mean)=(0.0000/-0.0000) KVcos(max/mean)=(0.0660/0.0144) ValK->V=0.00% CloseK->V=0.00% Open->V=3.24% OpenVEntropy=0.1208
Saving model at epoch 80 . . . . . . . .

Train Client0 [81/100] LR=0.0000625 loss=0.106 (CE=0.055 VIR=0.075 wVIR=0.002 AUX=0.049 w=0.030) ACC=98.006 F1=78.490 Rec=78.736 Prec=78.265
Train Client1 [81/100] LR=0.0000625 loss=0.021 (CE=0.010 VIR=0.019 wVIR=0.001 AUX=0.010 w=0.030) ACC=99.721 F1=98.588 Rec=98.559 Prec=98.618
Train Client2 [81/100] LR=0.0000625 loss=0.068 (CE=0.039 VIR=0.167 wVIR=0.005 AUX=0.024 w=0.030) ACC=98.812 F1=97.143 Rec=97.260 Prec=97.028
Train Client3 [81/100] LR=0.0000625 loss=0.099 (CE=0.070 VIR=0.045 wVIR=0.001 AUX=0.029 w=0.030) ACC=98.295 F1=98.070 Rec=98.160 Prec=97.983
Train Client4 [81/100] LR=0.0000625 loss=0.055 (CE=0.032 VIR=0.303 wVIR=0.009 AUX=0.014 w=0.030) ACC=99.162 F1=94.553 Rec=98.090 Prec=91.895
Train Client5 [81/100] LR=0.0000625 loss=0.029 (CE=0.022 VIR=0.012 wVIR=0.000 AUX=0.006 w=0.030) ACC=99.018 F1=90.180 Rec=99.281 Prec=87.022
Train Client6 [81/100] LR=0.0000625 loss=0.370 (CE=0.239 VIR=0.968 wVIR=0.029 AUX=0.102 w=0.030) ACC=93.333 F1=91.075 Rec=94.886 Prec=88.356
Train Client7 [81/100] LR=0.0000625 loss=0.148 (CE=0.083 VIR=0.405 wVIR=0.012 AUX=0.053 w=0.030) ACC=97.652 F1=97.546 Rec=97.342 Prec=97.761

Val    [81/100] LR=0.0000625 loss=1.737 ACC=96.743 F1=96.721 Rec=96.743 Prec=96.817
Val-Known->Virtual [81/100] rate=0.000% prob_mean=0.010614 margin_mean=0.967636
Val-LogitMargin [81/100] TrueKnown-VMax mean=7.1542 std=2.5575 p10=4.4358 p50=6.4557 p90=10.6185

Test-  OSR [81/100] LR=0.0000625 ACC=61.429 F1=64.866 Rec=81.175 Prec=71.672 UNK=2.190 OS*=96.971 HOS=4.284 AUROC=74.933 AUPR=65.842 OSCR=73.967
Test-Close [81/100] LR=0.0000625 loss=1.747 ACC=96.971 F1=96.949 Rec=96.971 Prec=97.015
Test-Virtual [81/100] CloseK->V=0.000% Open->V=2.190% OpenVEntropy=0.162792 CloseHist=[0, 0, 0] OpenHist=[0, 22, 1]
Test-LogitMargin [81/100] CloseTrue-VMax mean=7.1567 std=2.6004 p10=4.3809 p50=6.4191 p90=10.7013 | OpenKnown-VMax mean=4.7202 std=2.2405 p10=1.7338 p50=4.8261 p90=7.6533
AnchorDiag [81/100] VNorm=[1.0000001192092896, 1.0, 0.9999999403953552] VDriftMax=0.000000 Vcos(max/mean)=(0.0000/-0.0000) KVcos(max/mean)=(0.0660/0.0145) ValK->V=0.00% CloseK->V=0.00% Open->V=2.19% OpenVEntropy=0.1628
Train Client0 [82/100] LR=0.0000625 loss=0.091 (CE=0.053 VIR=0.055 wVIR=0.002 AUX=0.037 w=0.030) ACC=98.168 F1=78.552 Rec=78.799 Prec=78.323
Train Client1 [82/100] LR=0.0000625 loss=0.009 (CE=0.006 VIR=0.024 wVIR=0.001 AUX=0.003 w=0.030) ACC=99.791 F1=98.770 Rec=99.671 Prec=97.965
Train Client2 [82/100] LR=0.0000625 loss=0.079 (CE=0.045 VIR=0.183 wVIR=0.005 AUX=0.028 w=0.030) ACC=98.764 F1=96.756 Rec=96.359 Prec=97.208
Train Client3 [82/100] LR=0.0000625 loss=0.063 (CE=0.046 VIR=0.053 wVIR=0.002 AUX=0.016 w=0.030) ACC=98.864 F1=98.576 Rec=98.485 Prec=98.670
Train Client4 [82/100] LR=0.0000625 loss=0.076 (CE=0.054 VIR=0.352 wVIR=0.011 AUX=0.011 w=0.030) ACC=99.085 F1=93.266 Rec=99.170 Prec=89.722
Train Client5 [82/100] LR=0.0000625 loss=0.030 (CE=0.022 VIR=0.013 wVIR=0.000 AUX=0.007 w=0.030) ACC=99.286 F1=91.552 Rec=94.542 Prec=89.564
Train Client6 [82/100] LR=0.0000625 loss=0.351 (CE=0.255 VIR=0.907 wVIR=0.027 AUX=0.069 w=0.030) ACC=93.611 F1=90.732 Rec=93.264 Prec=88.764
Train Client7 [82/100] LR=0.0000625 loss=0.144 (CE=0.082 VIR=0.488 wVIR=0.015 AUX=0.047 w=0.030) ACC=97.955 F1=98.039 Rec=98.177 Prec=97.924

Val    [82/100] LR=0.0000625 loss=1.731 ACC=96.800 F1=96.787 Rec=96.800 Prec=96.810
Val-Known->Virtual [82/100] rate=0.000% prob_mean=0.010610 margin_mean=0.965797
Val-LogitMargin [82/100] TrueKnown-VMax mean=7.2193 std=2.6410 p10=4.4225 p50=6.5559 p90=10.7769

Test-  OSR [82/100] LR=0.0000625 ACC=62.036 F1=65.466 Rec=81.444 Prec=71.644 UNK=3.810 OS*=96.971 HOS=7.331 AUROC=76.338 AUPR=68.919 OSCR=75.284
Test-Close [82/100] LR=0.0000625 loss=1.746 ACC=96.971 F1=96.956 Rec=96.971 Prec=97.004
Test-Virtual [82/100] CloseK->V=0.000% Open->V=3.810% OpenVEntropy=0.106413 CloseHist=[0, 0, 0] OpenHist=[0, 39, 1]
Test-LogitMargin [82/100] CloseTrue-VMax mean=7.2191 std=2.6824 p10=4.4182 p50=6.5046 p90=10.8024 | OpenKnown-VMax mean=4.4809 std=2.4548 p10=1.1005 p50=4.5591 p90=7.6020
AnchorDiag [82/100] VNorm=[1.0000001192092896, 1.0, 0.9999999403953552] VDriftMax=0.000000 Vcos(max/mean)=(0.0000/-0.0000) KVcos(max/mean)=(0.0661/0.0145) ValK->V=0.00% CloseK->V=0.00% Open->V=3.81% OpenVEntropy=0.1064
Train Client0 [83/100] LR=0.0000625 loss=0.095 (CE=0.054 VIR=0.059 wVIR=0.002 AUX=0.039 w=0.030) ACC=98.060 F1=78.455 Rec=78.612 Prec=78.307
Train Client1 [83/100] LR=0.0000625 loss=0.009 (CE=0.004 VIR=0.014 wVIR=0.000 AUX=0.005 w=0.030) ACC=99.930 F1=99.422 Rec=99.870 Prec=99.000
Train Client2 [83/100] LR=0.0000625 loss=0.067 (CE=0.038 VIR=0.134 wVIR=0.004 AUX=0.025 w=0.030) ACC=98.907 F1=97.275 Rec=97.443 Prec=97.111
Train Client3 [83/100] LR=0.0000625 loss=0.081 (CE=0.053 VIR=0.022 wVIR=0.001 AUX=0.027 w=0.030) ACC=98.674 F1=98.582 Rec=98.569 Prec=98.600
Train Client4 [83/100] LR=0.0000625 loss=0.054 (CE=0.036 VIR=0.277 wVIR=0.008 AUX=0.010 w=0.030) ACC=99.238 F1=95.049 Rec=98.999 Prec=92.033
Train Client5 [83/100] LR=0.0000625 loss=0.022 (CE=0.018 VIR=0.017 wVIR=0.001 AUX=0.003 w=0.030) ACC=99.375 F1=92.023 Rec=99.582 Prec=88.739
Train Client6 [83/100] LR=0.0000625 loss=0.256 (CE=0.191 VIR=0.815 wVIR=0.024 AUX=0.040 w=0.030) ACC=93.333 F1=90.119 Rec=92.663 Prec=88.196
Train Client7 [83/100] LR=0.0000625 loss=0.159 (CE=0.087 VIR=0.528 wVIR=0.016 AUX=0.055 w=0.030) ACC=97.500 F1=97.057 Rec=96.834 Prec=97.292

Val    [83/100] LR=0.0000625 loss=1.737 ACC=96.857 F1=96.841 Rec=96.857 Prec=96.909
Val-Known->Virtual [83/100] rate=0.000% prob_mean=0.009199 margin_mean=0.972093
Val-LogitMargin [83/100] TrueKnown-VMax mean=7.2601 std=2.4544 p10=4.6532 p50=6.7572 p90=10.5066

Test-  OSR [83/100] LR=0.0000625 ACC=61.857 F1=65.196 Rec=81.492 Prec=71.556 UNK=2.952 OS*=97.200 HOS=5.731 AUROC=77.841 AUPR=70.252 OSCR=76.773
Test-Close [83/100] LR=0.0000625 loss=1.747 ACC=97.200 F1=97.181 Rec=97.200 Prec=97.234
Test-Virtual [83/100] CloseK->V=0.000% Open->V=2.952% OpenVEntropy=0.129714 CloseHist=[0, 0, 0] OpenHist=[0, 30, 1]
Test-LogitMargin [83/100] CloseTrue-VMax mean=7.2600 std=2.4955 p10=4.5931 p50=6.6619 p90=10.5558 | OpenKnown-VMax mean=4.5981 std=2.3552 p10=1.4204 p50=4.6638 p90=7.5880
AnchorDiag [83/100] VNorm=[1.0000001192092896, 1.0, 0.9999999403953552] VDriftMax=0.000000 Vcos(max/mean)=(0.0000/-0.0000) KVcos(max/mean)=(0.0664/0.0146) ValK->V=0.00% CloseK->V=0.00% Open->V=2.95% OpenVEntropy=0.1297
Train Client0 [84/100] LR=0.0000625 loss=0.107 (CE=0.057 VIR=0.055 wVIR=0.002 AUX=0.048 w=0.030) ACC=97.899 F1=78.314 Rec=78.602 Prec=78.049
Train Client1 [84/100] LR=0.0000625 loss=0.009 (CE=0.005 VIR=0.018 wVIR=0.001 AUX=0.003 w=0.030) ACC=99.896 F1=99.387 Rec=99.895 Prec=98.906
Train Client2 [84/100] LR=0.0000625 loss=0.058 (CE=0.033 VIR=0.128 wVIR=0.004 AUX=0.021 w=0.030) ACC=98.954 F1=96.930 Rec=96.924 Prec=96.939
Train Client3 [84/100] LR=0.0000625 loss=0.051 (CE=0.032 VIR=0.029 wVIR=0.001 AUX=0.018 w=0.030) ACC=98.674 F1=98.494 Rec=98.539 Prec=98.473
Train Client4 [84/100] LR=0.0000625 loss=0.056 (CE=0.040 VIR=0.155 wVIR=0.005 AUX=0.011 w=0.030) ACC=98.933 F1=93.206 Rec=97.266 Prec=90.481
Train Client5 [84/100] LR=0.0000625 loss=0.026 (CE=0.023 VIR=0.013 wVIR=0.000 AUX=0.002 w=0.030) ACC=99.464 F1=91.228 Rec=99.602 Prec=88.000
Train Client6 [84/100] LR=0.0000625 loss=0.255 (CE=0.184 VIR=0.812 wVIR=0.024 AUX=0.046 w=0.030) ACC=95.000 F1=92.772 Rec=94.877 Prec=91.010
Train Client7 [84/100] LR=0.0000625 loss=0.165 (CE=0.088 VIR=0.526 wVIR=0.016 AUX=0.061 w=0.030) ACC=97.273 F1=97.177 Rec=97.095 Prec=97.278

Val    [84/100] LR=0.0000625 loss=1.731 ACC=96.800 F1=96.794 Rec=96.800 Prec=96.810
Val-Known->Virtual [84/100] rate=0.000% prob_mean=0.008645 margin_mean=0.970315
Val-LogitMargin [84/100] TrueKnown-VMax mean=7.5803 std=2.7428 p10=4.6547 p50=6.8783 p90=11.2883

Test-  OSR [84/100] LR=0.0000625 ACC=61.679 F1=64.879 Rec=81.317 Prec=71.060 UNK=2.762 OS*=97.029 HOS=5.371 AUROC=77.219 AUPR=69.320 OSCR=76.193
Test-Close [84/100] LR=0.0000625 loss=1.744 ACC=97.029 F1=97.020 Rec=97.029 Prec=97.033
Test-Virtual [84/100] CloseK->V=0.000% Open->V=2.762% OpenVEntropy=0.136531 CloseHist=[0, 0, 0] OpenHist=[0, 28, 1]
Test-LogitMargin [84/100] CloseTrue-VMax mean=7.5675 std=2.7782 p10=4.6729 p50=6.7519 p90=11.2839 | OpenKnown-VMax mean=4.7571 std=2.4521 p10=1.4422 p50=4.7210 p90=8.0522
AnchorDiag [84/100] VNorm=[1.0000001192092896, 1.0, 0.9999999403953552] VDriftMax=0.000000 Vcos(max/mean)=(0.0000/-0.0000) KVcos(max/mean)=(0.0667/0.0145) ValK->V=0.00% CloseK->V=0.00% Open->V=2.76% OpenVEntropy=0.1365
Train Client0 [85/100] LR=0.0000625 loss=0.087 (CE=0.048 VIR=0.067 wVIR=0.002 AUX=0.037 w=0.030) ACC=98.545 F1=78.809 Rec=78.903 Prec=78.719
Train Client1 [85/100] LR=0.0000625 loss=0.026 (CE=0.007 VIR=0.026 wVIR=0.001 AUX=0.018 w=0.030) ACC=99.791 F1=98.549 Rec=98.807 Prec=98.297
Train Client2 [85/100] LR=0.0000625 loss=0.065 (CE=0.039 VIR=0.152 wVIR=0.005 AUX=0.022 w=0.030) ACC=98.859 F1=97.118 Rec=97.076 Prec=97.164
Train Client3 [85/100] LR=0.0000625 loss=0.093 (CE=0.066 VIR=0.040 wVIR=0.001 AUX=0.026 w=0.030) ACC=98.295 F1=98.000 Rec=97.971 Prec=98.064
Train Client4 [85/100] LR=0.0000625 loss=0.060 (CE=0.042 VIR=0.357 wVIR=0.011 AUX=0.007 w=0.030) ACC=99.085 F1=94.027 Rec=98.413 Prec=91.009
Train Client5 [85/100] LR=0.0000625 loss=0.032 (CE=0.029 VIR=0.036 wVIR=0.001 AUX=0.002 w=0.030) ACC=98.839 F1=87.451 Rec=94.231 Prec=85.128
Train Client6 [85/100] LR=0.0000625 loss=0.316 (CE=0.240 VIR=0.860 wVIR=0.026 AUX=0.050 w=0.030) ACC=92.222 F1=88.827 Rec=90.570 Prec=87.365
Train Client7 [85/100] LR=0.0000625 loss=0.120 (CE=0.064 VIR=0.320 wVIR=0.010 AUX=0.046 w=0.030) ACC=98.258 F1=98.421 Rec=98.114 Prec=98.737

Val    [85/100] LR=0.0000625 loss=1.735 ACC=96.857 F1=96.842 Rec=96.857 Prec=96.896
Val-Known->Virtual [85/100] rate=0.000% prob_mean=0.010001 margin_mean=0.968065
Val-LogitMargin [85/100] TrueKnown-VMax mean=7.0650 std=2.3492 p10=4.5354 p50=6.6560 p90=10.1767

Test-  OSR [85/100] LR=0.0000625 ACC=61.964 F1=65.296 Rec=81.381 Prec=71.501 UNK=3.714 OS*=96.914 HOS=7.154 AUROC=77.503 AUPR=71.046 OSCR=76.350
Test-Close [85/100] LR=0.0000625 loss=1.746 ACC=96.914 F1=96.897 Rec=96.914 Prec=96.944
Test-Virtual [85/100] CloseK->V=0.000% Open->V=3.714% OpenVEntropy=0.184117 CloseHist=[0, 0, 0] OpenHist=[0, 37, 2]
Test-LogitMargin [85/100] CloseTrue-VMax mean=7.0602 std=2.3902 p10=4.4378 p50=6.5992 p90=10.2332 | OpenKnown-VMax mean=4.4104 std=2.4067 p10=0.9672 p50=4.5358 p90=7.4778
AnchorDiag [85/100] VNorm=[1.0000001192092896, 1.0, 0.9999999403953552] VDriftMax=0.000000 Vcos(max/mean)=(0.0000/-0.0000) KVcos(max/mean)=(0.0673/0.0147) ValK->V=0.00% CloseK->V=0.00% Open->V=3.71% OpenVEntropy=0.1841
Saving model at epoch 85 . . . . . . . .

Train Client0 [86/100] LR=0.0000625 loss=0.090 (CE=0.049 VIR=0.042 wVIR=0.001 AUX=0.040 w=0.030) ACC=98.222 F1=78.553 Rec=78.677 Prec=78.434
Train Client1 [86/100] LR=0.0000625 loss=0.020 (CE=0.009 VIR=0.026 wVIR=0.001 AUX=0.010 w=0.030) ACC=99.687 F1=98.357 Rec=99.506 Prec=97.359
Train Client2 [86/100] LR=0.0000625 loss=0.049 (CE=0.031 VIR=0.139 wVIR=0.004 AUX=0.014 w=0.030) ACC=98.954 F1=97.130 Rec=97.304 Prec=96.959
Train Client3 [86/100] LR=0.0000625 loss=0.094 (CE=0.044 VIR=0.031 wVIR=0.001 AUX=0.050 w=0.030) ACC=98.674 F1=98.475 Rec=98.397 Prec=98.555
Train Client4 [86/100] LR=0.0000625 loss=0.061 (CE=0.044 VIR=0.290 wVIR=0.009 AUX=0.008 w=0.030) ACC=99.009 F1=93.906 Rec=98.391 Prec=90.802
Train Client5 [86/100] LR=0.0000625 loss=0.020 (CE=0.018 VIR=0.014 wVIR=0.000 AUX=0.001 w=0.030) ACC=99.286 F1=90.338 Rec=99.425 Prec=87.196
Train Client6 [86/100] LR=0.0000625 loss=0.276 (CE=0.179 VIR=0.967 wVIR=0.029 AUX=0.068 w=0.030) ACC=94.444 F1=92.357 Rec=94.954 Prec=90.403
Train Client7 [86/100] LR=0.0000625 loss=0.158 (CE=0.083 VIR=0.409 wVIR=0.012 AUX=0.063 w=0.030) ACC=97.424 F1=97.332 Rec=97.065 Prec=97.618

Val    [86/100] LR=0.0000625 loss=1.734 ACC=96.800 F1=96.779 Rec=96.800 Prec=96.851
Val-Known->Virtual [86/100] rate=0.000% prob_mean=0.009807 margin_mean=0.967700
Val-LogitMargin [86/100] TrueKnown-VMax mean=7.2822 std=2.5965 p10=4.5421 p50=6.6729 p90=10.8823

Test-  OSR [86/100] LR=0.0000625 ACC=61.571 F1=65.087 Rec=81.175 Prec=71.804 UNK=2.762 OS*=96.857 HOS=5.371 AUROC=75.661 AUPR=67.726 OSCR=74.617
Test-Close [86/100] LR=0.0000625 loss=1.749 ACC=96.857 F1=96.838 Rec=96.857 Prec=96.888
Test-Virtual [86/100] CloseK->V=0.000% Open->V=2.762% OpenVEntropy=0.136531 CloseHist=[0, 0, 0] OpenHist=[0, 28, 1]
Test-LogitMargin [86/100] CloseTrue-VMax mean=7.2694 std=2.6298 p10=4.4631 p50=6.5950 p90=10.8130 | OpenKnown-VMax mean=4.7120 std=2.3708 p10=1.5609 p50=4.7384 p90=7.7666
AnchorDiag [86/100] VNorm=[1.0000001192092896, 1.0, 0.9999999403953552] VDriftMax=0.000000 Vcos(max/mean)=(0.0000/-0.0000) KVcos(max/mean)=(0.0677/0.0149) ValK->V=0.00% CloseK->V=0.00% Open->V=2.76% OpenVEntropy=0.1365
Train Client0 [87/100] LR=0.0000625 loss=0.096 (CE=0.056 VIR=0.075 wVIR=0.002 AUX=0.038 w=0.030) ACC=98.168 F1=78.590 Rec=78.848 Prec=78.353
Train Client1 [87/100] LR=0.0000625 loss=0.013 (CE=0.006 VIR=0.028 wVIR=0.001 AUX=0.007 w=0.030) ACC=99.826 F1=98.839 Rec=99.333 Prec=98.371
Train Client2 [87/100] LR=0.0000625 loss=0.042 (CE=0.027 VIR=0.096 wVIR=0.003 AUX=0.012 w=0.030) ACC=99.192 F1=98.132 Rec=97.695 Prec=98.606
Train Client3 [87/100] LR=0.0000625 loss=0.093 (CE=0.063 VIR=0.046 wVIR=0.001 AUX=0.029 w=0.030) ACC=98.485 F1=98.371 Rec=98.605 Prec=98.171
Train Client4 [87/100] LR=0.0000625 loss=0.043 (CE=0.028 VIR=0.289 wVIR=0.009 AUX=0.007 w=0.030) ACC=99.314 F1=95.711 Rec=98.135 Prec=93.756
Train Client5 [87/100] LR=0.0000625 loss=0.029 (CE=0.021 VIR=0.018 wVIR=0.001 AUX=0.008 w=0.030) ACC=99.286 F1=92.948 Rec=99.505 Prec=89.725
Train Client6 [87/100] LR=0.0000625 loss=0.406 (CE=0.317 VIR=1.088 wVIR=0.033 AUX=0.056 w=0.030) ACC=92.222 F1=89.385 Rec=92.617 Prec=86.923
Train Client7 [87/100] LR=0.0000625 loss=0.148 (CE=0.080 VIR=0.459 wVIR=0.014 AUX=0.054 w=0.030) ACC=97.652 F1=97.790 Rec=98.288 Prec=97.321

Val    [87/100] LR=0.0000625 loss=1.732 ACC=96.857 F1=96.847 Rec=96.857 Prec=96.862
Val-Known->Virtual [87/100] rate=0.000% prob_mean=0.009208 margin_mean=0.969337
Val-LogitMargin [87/100] TrueKnown-VMax mean=7.2721 std=2.4583 p10=4.6261 p50=6.7752 p90=10.5526

Test-  OSR [87/100] LR=0.0000625 ACC=62.179 F1=65.647 Rec=81.667 Prec=71.787 UNK=3.714 OS*=97.257 HOS=7.155 AUROC=77.862 AUPR=70.853 OSCR=76.780
Test-Close [87/100] LR=0.0000625 loss=1.746 ACC=97.257 F1=97.245 Rec=97.257 Prec=97.272
Test-Virtual [87/100] CloseK->V=0.000% Open->V=3.714% OpenVEntropy=0.300998 CloseHist=[0, 0, 0] OpenHist=[0, 35, 4]
Test-LogitMargin [87/100] CloseTrue-VMax mean=7.2712 std=2.4996 p10=4.5748 p50=6.7182 p90=10.5541 | OpenKnown-VMax mean=4.5373 std=2.4213 p10=1.2347 p50=4.5660 p90=7.6236
AnchorDiag [87/100] VNorm=[1.0000001192092896, 1.0, 0.9999999403953552] VDriftMax=0.000000 Vcos(max/mean)=(0.0000/-0.0000) KVcos(max/mean)=(0.0681/0.0150) ValK->V=0.00% CloseK->V=0.00% Open->V=3.71% OpenVEntropy=0.3010
Train Client0 [88/100] LR=0.0000625 loss=0.088 (CE=0.049 VIR=0.044 wVIR=0.001 AUX=0.038 w=0.030) ACC=98.168 F1=78.499 Rec=78.754 Prec=78.262
Train Client1 [88/100] LR=0.0000625 loss=0.008 (CE=0.004 VIR=0.008 wVIR=0.000 AUX=0.004 w=0.030) ACC=99.896 F1=99.586 Rec=99.344 Prec=99.835
Train Client2 [88/100] LR=0.0000625 loss=0.072 (CE=0.040 VIR=0.191 wVIR=0.006 AUX=0.026 w=0.030) ACC=98.907 F1=97.437 Rec=97.471 Prec=97.404
Train Client3 [88/100] LR=0.0000625 loss=0.074 (CE=0.055 VIR=0.031 wVIR=0.001 AUX=0.018 w=0.030) ACC=98.295 F1=98.075 Rec=97.983 Prec=98.169
Train Client4 [88/100] LR=0.0000625 loss=0.073 (CE=0.050 VIR=0.323 wVIR=0.010 AUX=0.013 w=0.030) ACC=99.162 F1=94.246 Rec=98.306 Prec=91.522
Train Client5 [88/100] LR=0.0000625 loss=0.046 (CE=0.030 VIR=0.012 wVIR=0.000 AUX=0.015 w=0.030) ACC=99.107 F1=92.761 Rec=99.371 Prec=89.485
Train Client6 [88/100] LR=0.0000625 loss=0.249 (CE=0.181 VIR=0.898 wVIR=0.027 AUX=0.041 w=0.030) ACC=95.278 F1=93.092 Rec=95.714 Prec=91.086
Train Client7 [88/100] LR=0.0000625 loss=0.150 (CE=0.084 VIR=0.429 wVIR=0.013 AUX=0.053 w=0.030) ACC=97.424 F1=97.400 Rec=97.483 Prec=97.345

Val    [88/100] LR=0.0000625 loss=1.744 ACC=96.800 F1=96.785 Rec=96.800 Prec=96.845
Val-Known->Virtual [88/100] rate=0.000% prob_mean=0.010356 margin_mean=0.969933
Val-LogitMargin [88/100] TrueKnown-VMax mean=7.2986 std=2.6243 p10=4.4414 p50=6.8086 p90=10.8371

Test-  OSR [88/100] LR=0.0000625 ACC=61.857 F1=65.328 Rec=81.397 Prec=71.720 UNK=3.238 OS*=97.029 HOS=6.267 AUROC=77.295 AUPR=69.446 OSCR=76.238
Test-Close [88/100] LR=0.0000625 loss=1.751 ACC=97.029 F1=97.012 Rec=97.029 Prec=97.062
Test-Virtual [88/100] CloseK->V=0.000% Open->V=3.238% OpenVEntropy=0.462811 CloseHist=[0, 0, 0] OpenHist=[0, 27, 7]
Test-LogitMargin [88/100] CloseTrue-VMax mean=7.2879 std=2.6520 p10=4.3807 p50=6.7086 p90=10.7294 | OpenKnown-VMax mean=4.6321 std=2.3677 p10=1.5654 p50=4.6580 p90=7.7172
AnchorDiag [88/100] VNorm=[1.0000001192092896, 1.0, 0.9999999403953552] VDriftMax=0.000000 Vcos(max/mean)=(0.0000/-0.0000) KVcos(max/mean)=(0.0686/0.0151) ValK->V=0.00% CloseK->V=0.00% Open->V=3.24% OpenVEntropy=0.4628
Train Client0 [89/100] LR=0.0000625 loss=0.081 (CE=0.044 VIR=0.066 wVIR=0.002 AUX=0.035 w=0.030) ACC=98.545 F1=78.832 Rec=78.901 Prec=78.766
Train Client1 [89/100] LR=0.0000625 loss=0.011 (CE=0.007 VIR=0.026 wVIR=0.001 AUX=0.003 w=0.030) ACC=99.826 F1=98.842 Rec=99.297 Prec=98.413
Train Client2 [89/100] LR=0.0000625 loss=0.055 (CE=0.034 VIR=0.113 wVIR=0.003 AUX=0.018 w=0.030) ACC=98.907 F1=96.808 Rec=96.756 Prec=96.864
Train Client3 [89/100] LR=0.0000625 loss=0.082 (CE=0.056 VIR=0.034 wVIR=0.001 AUX=0.025 w=0.030) ACC=98.485 F1=96.811 Rec=98.263 Prec=95.613
Train Client4 [89/100] LR=0.0000625 loss=0.068 (CE=0.055 VIR=0.318 wVIR=0.010 AUX=0.004 w=0.030) ACC=98.857 F1=93.197 Rec=99.017 Prec=89.294
Train Client5 [89/100] LR=0.0000625 loss=0.044 (CE=0.024 VIR=0.018 wVIR=0.001 AUX=0.020 w=0.030) ACC=99.196 F1=91.881 Rec=99.401 Prec=88.638
Train Client6 [89/100] LR=0.0000625 loss=0.219 (CE=0.167 VIR=0.848 wVIR=0.025 AUX=0.027 w=0.030) ACC=94.444 F1=92.197 Rec=94.726 Prec=90.208
Train Client7 [89/100] LR=0.0000625 loss=0.168 (CE=0.091 VIR=0.412 wVIR=0.012 AUX=0.065 w=0.030) ACC=96.894 F1=96.719 Rec=96.631 Prec=96.808

Val    [89/100] LR=0.0000625 loss=1.731 ACC=97.200 F1=97.199 Rec=97.200 Prec=97.198
Val-Known->Virtual [89/100] rate=0.000% prob_mean=0.009299 margin_mean=0.968347
Val-LogitMargin [89/100] TrueKnown-VMax mean=7.2984 std=2.6037 p10=4.5857 p50=6.6714 p90=10.8882

Test-  OSR [89/100] LR=0.0000625 ACC=62.464 F1=65.800 Rec=81.667 Prec=71.380 UNK=4.857 OS*=97.029 HOS=9.251 AUROC=78.535 AUPR=72.520 OSCR=77.396
Test-Close [89/100] LR=0.0000625 loss=1.743 ACC=97.029 F1=97.020 Rec=97.029 Prec=97.031
Test-Virtual [89/100] CloseK->V=0.000% Open->V=4.857% OpenVEntropy=0.150593 CloseHist=[0, 0, 0] OpenHist=[0, 49, 2]
Test-LogitMargin [89/100] CloseTrue-VMax mean=7.2937 std=2.6428 p10=4.5546 p50=6.5794 p90=10.8672 | OpenKnown-VMax mean=4.3252 std=2.5710 p10=0.6070 p50=4.3898 p90=7.6215
AnchorDiag [89/100] VNorm=[1.0000001192092896, 1.0, 0.9999999403953552] VDriftMax=0.000000 Vcos(max/mean)=(0.0000/-0.0000) KVcos(max/mean)=(0.0689/0.0151) ValK->V=0.00% CloseK->V=0.00% Open->V=4.86% OpenVEntropy=0.1506
Train Client0 [90/100] LR=0.0000625 loss=0.102 (CE=0.057 VIR=0.053 wVIR=0.002 AUX=0.043 w=0.030) ACC=97.899 F1=78.285 Rec=78.463 Prec=78.118
Train Client1 [90/100] LR=0.0000625 loss=0.009 (CE=0.007 VIR=0.018 wVIR=0.001 AUX=0.001 w=0.030) ACC=99.687 F1=98.152 Rec=99.038 Prec=97.359
Train Client2 [90/100] LR=0.0000625 loss=0.068 (CE=0.041 VIR=0.155 wVIR=0.005 AUX=0.022 w=0.030) ACC=98.764 F1=97.091 Rec=96.927 Prec=97.264
Train Client3 [90/100] LR=0.0000625 loss=0.069 (CE=0.052 VIR=0.025 wVIR=0.001 AUX=0.016 w=0.030) ACC=98.485 F1=98.266 Rec=98.108 Prec=98.432
Train Client4 [90/100] LR=0.0000625 loss=0.051 (CE=0.033 VIR=0.274 wVIR=0.008 AUX=0.011 w=0.030) ACC=99.466 F1=96.780 Rec=99.498 Prec=94.528
Train Client5 [90/100] LR=0.0000625 loss=0.029 (CE=0.022 VIR=0.018 wVIR=0.001 AUX=0.006 w=0.030) ACC=99.375 F1=92.933 Rec=99.540 Prec=89.660
Train Client6 [90/100] LR=0.0000625 loss=0.258 (CE=0.182 VIR=0.925 wVIR=0.028 AUX=0.049 w=0.030) ACC=95.833 F1=93.688 Rec=95.861 Prec=91.837
Train Client7 [90/100] LR=0.0000625 loss=0.143 (CE=0.073 VIR=0.375 wVIR=0.011 AUX=0.058 w=0.030) ACC=97.803 F1=97.804 Rec=97.567 Prec=98.045

Val    [90/100] LR=0.0000625 loss=1.746 ACC=96.629 F1=96.606 Rec=96.629 Prec=96.687
Val-Known->Virtual [90/100] rate=0.000% prob_mean=0.012474 margin_mean=0.966395
Val-LogitMargin [90/100] TrueKnown-VMax mean=6.9729 std=2.4966 p10=4.2675 p50=6.5116 p90=10.2468

Test-  OSR [90/100] LR=0.0000625 ACC=61.679 F1=65.336 Rec=81.222 Prec=72.101 UNK=3.048 OS*=96.857 HOS=5.909 AUROC=75.672 AUPR=67.087 OSCR=74.618
Test-Close [90/100] LR=0.0000625 loss=1.758 ACC=96.857 F1=96.844 Rec=96.857 Prec=96.893
Test-Virtual [90/100] CloseK->V=0.000% Open->V=3.048% OpenVEntropy=0.126579 CloseHist=[0, 0, 0] OpenHist=[0, 31, 1]
Test-LogitMargin [90/100] CloseTrue-VMax mean=6.9610 std=2.5420 p10=4.1625 p50=6.4508 p90=10.2848 | OpenKnown-VMax mean=4.5485 std=2.3146 p10=1.5020 p50=4.5561 p90=7.5863
AnchorDiag [90/100] VNorm=[1.0000001192092896, 1.0, 0.9999999403953552] VDriftMax=0.000000 Vcos(max/mean)=(0.0000/-0.0000) KVcos(max/mean)=(0.0695/0.0152) ValK->V=0.00% CloseK->V=0.00% Open->V=3.05% OpenVEntropy=0.1266
Saving model at epoch 90 . . . . . . . .

Train Client0 [91/100] LR=0.0000625 loss=0.094 (CE=0.048 VIR=0.036 wVIR=0.001 AUX=0.045 w=0.030) ACC=98.384 F1=78.727 Rec=78.886 Prec=78.577
Train Client1 [91/100] LR=0.0000625 loss=0.015 (CE=0.006 VIR=0.015 wVIR=0.000 AUX=0.008 w=0.030) ACC=99.756 F1=98.262 Rec=98.713 Prec=97.835
Train Client2 [91/100] LR=0.0000625 loss=0.072 (CE=0.042 VIR=0.130 wVIR=0.004 AUX=0.026 w=0.030) ACC=99.192 F1=97.971 Rec=97.342 Prec=98.656
Train Client3 [91/100] LR=0.0000625 loss=0.076 (CE=0.048 VIR=0.039 wVIR=0.001 AUX=0.027 w=0.030) ACC=98.674 F1=98.487 Rec=98.557 Prec=98.428
Train Client4 [91/100] LR=0.0000625 loss=0.060 (CE=0.048 VIR=0.342 wVIR=0.010 AUX=0.002 w=0.030) ACC=99.009 F1=91.700 Rec=96.042 Prec=88.966
Train Client5 [91/100] LR=0.0000625 loss=0.020 (CE=0.017 VIR=0.016 wVIR=0.000 AUX=0.003 w=0.030) ACC=99.464 F1=93.085 Rec=99.656 Prec=89.849
Train Client6 [91/100] LR=0.0000625 loss=0.317 (CE=0.226 VIR=1.015 wVIR=0.030 AUX=0.061 w=0.030) ACC=93.611 F1=90.560 Rec=92.458 Prec=88.972
Train Client7 [91/100] LR=0.0000625 loss=0.131 (CE=0.072 VIR=0.399 wVIR=0.012 AUX=0.047 w=0.030) ACC=97.727 F1=97.953 Rec=98.060 Prec=97.871

Val    [91/100] LR=0.0000625 loss=1.732 ACC=97.143 F1=97.135 Rec=97.143 Prec=97.144
Val-Known->Virtual [91/100] rate=0.000% prob_mean=0.010824 margin_mean=0.966586
Val-LogitMargin [91/100] TrueKnown-VMax mean=7.2964 std=2.7539 p10=4.4450 p50=6.5650 p90=11.0559

Test-  OSR [91/100] LR=0.0000625 ACC=62.036 F1=65.576 Rec=81.476 Prec=71.890 UNK=3.714 OS*=97.029 HOS=7.155 AUROC=76.515 AUPR=68.951 OSCR=75.453
Test-Close [91/100] LR=0.0000625 loss=1.750 ACC=97.029 F1=97.018 Rec=97.029 Prec=97.056
Test-Virtual [91/100] CloseK->V=0.000% Open->V=3.714% OpenVEntropy=-0.000000 CloseHist=[0, 0, 0] OpenHist=[0, 39, 0]
Test-LogitMargin [91/100] CloseTrue-VMax mean=7.2821 std=2.8097 p10=4.3308 p50=6.5069 p90=10.9273 | OpenKnown-VMax mean=4.5268 std=2.5097 p10=1.1511 p50=4.5306 p90=7.8481
AnchorDiag [91/100] VNorm=[1.0000001192092896, 1.0, 0.9999999403953552] VDriftMax=0.000000 Vcos(max/mean)=(0.0000/-0.0000) KVcos(max/mean)=(0.0695/0.0152) ValK->V=0.00% CloseK->V=0.00% Open->V=3.71% OpenVEntropy=-0.0000
Train Client0 [92/100] LR=0.0000625 loss=0.091 (CE=0.052 VIR=0.051 wVIR=0.002 AUX=0.038 w=0.030) ACC=98.168 F1=78.534 Rec=78.800 Prec=78.287
Train Client1 [92/100] LR=0.0000625 loss=0.010 (CE=0.005 VIR=0.032 wVIR=0.001 AUX=0.005 w=0.030) ACC=99.896 F1=99.147 Rec=98.912 Prec=99.389
Train Client2 [92/100] LR=0.0000625 loss=0.063 (CE=0.037 VIR=0.120 wVIR=0.004 AUX=0.022 w=0.030) ACC=98.954 F1=96.909 Rec=96.729 Prec=97.097
Train Client3 [92/100] LR=0.0000625 loss=0.049 (CE=0.039 VIR=0.021 wVIR=0.001 AUX=0.010 w=0.030) ACC=98.864 F1=98.651 Rec=98.635 Prec=98.671
Train Client4 [92/100] LR=0.0000625 loss=0.042 (CE=0.029 VIR=0.262 wVIR=0.008 AUX=0.005 w=0.030) ACC=99.390 F1=95.331 Rec=99.260 Prec=92.337
Train Client5 [92/100] LR=0.0000625 loss=0.016 (CE=0.012 VIR=0.009 wVIR=0.000 AUX=0.003 w=0.030) ACC=99.732 F1=95.877 Rec=99.828 Prec=93.258
Train Client6 [92/100] LR=0.0000625 loss=0.272 (CE=0.195 VIR=0.717 wVIR=0.021 AUX=0.055 w=0.030) ACC=92.778 F1=89.854 Rec=91.700 Prec=88.363
Train Client7 [92/100] LR=0.0000625 loss=0.145 (CE=0.080 VIR=0.495 wVIR=0.015 AUX=0.050 w=0.030) ACC=97.576 F1=97.484 Rec=96.932 Prec=98.062

Val    [92/100] LR=0.0000625 loss=1.736 ACC=96.800 F1=96.791 Rec=96.800 Prec=96.804
Val-Known->Virtual [92/100] rate=0.000% prob_mean=0.009646 margin_mean=0.969633
Val-LogitMargin [92/100] TrueKnown-VMax mean=7.3623 std=2.6372 p10=4.6499 p50=6.7561 p90=11.0332

Test-  OSR [92/100] LR=0.0000625 ACC=61.964 F1=65.564 Rec=81.571 Prec=72.045 UNK=3.143 OS*=97.257 HOS=6.089 AUROC=76.284 AUPR=67.739 OSCR=75.291
Test-Close [92/100] LR=0.0000625 loss=1.750 ACC=97.257 F1=97.247 Rec=97.257 Prec=97.276
Test-Virtual [92/100] CloseK->V=0.000% Open->V=3.143% OpenVEntropy=0.208110 CloseHist=[0, 0, 0] OpenHist=[0, 31, 2]
Test-LogitMargin [92/100] CloseTrue-VMax mean=7.3351 std=2.6865 p10=4.4575 p50=6.6787 p90=10.9086 | OpenKnown-VMax mean=4.7294 std=2.4182 p10=1.5736 p50=4.7040 p90=7.9471
AnchorDiag [92/100] VNorm=[1.0000001192092896, 1.0, 0.9999999403953552] VDriftMax=0.000000 Vcos(max/mean)=(0.0000/-0.0000) KVcos(max/mean)=(0.0697/0.0152) ValK->V=0.00% CloseK->V=0.00% Open->V=3.14% OpenVEntropy=0.2081
Train Client0 [93/100] LR=0.0000625 loss=0.087 (CE=0.048 VIR=0.059 wVIR=0.002 AUX=0.037 w=0.030) ACC=97.899 F1=78.279 Rec=78.402 Prec=78.162
Train Client1 [93/100] LR=0.0000625 loss=0.006 (CE=0.003 VIR=0.010 wVIR=0.000 AUX=0.002 w=0.030) ACC=99.896 F1=99.374 Rec=99.344 Prec=99.404
Train Client2 [93/100] LR=0.0000625 loss=0.066 (CE=0.043 VIR=0.128 wVIR=0.004 AUX=0.019 w=0.030) ACC=98.859 F1=97.252 Rec=97.447 Prec=97.060
Train Client3 [93/100] LR=0.0000625 loss=0.050 (CE=0.039 VIR=0.028 wVIR=0.001 AUX=0.010 w=0.030) ACC=98.674 F1=96.969 Rec=98.366 Prec=95.794
Train Client4 [93/100] LR=0.0000625 loss=0.054 (CE=0.036 VIR=0.291 wVIR=0.009 AUX=0.009 w=0.030) ACC=99.162 F1=93.943 Rec=98.479 Prec=90.765
Train Client5 [93/100] LR=0.0000625 loss=0.039 (CE=0.031 VIR=0.020 wVIR=0.001 AUX=0.008 w=0.030) ACC=99.286 F1=92.937 Rec=99.507 Prec=89.700
Train Client6 [93/100] LR=0.0000625 loss=0.284 (CE=0.228 VIR=0.951 wVIR=0.029 AUX=0.028 w=0.030) ACC=95.000 F1=93.151 Rec=97.153 Prec=90.172
Train Client7 [93/100] LR=0.0000625 loss=0.149 (CE=0.079 VIR=0.402 wVIR=0.012 AUX=0.059 w=0.030) ACC=97.424 F1=91.048 Rec=97.236 Prec=88.211

Val    [93/100] LR=0.0000625 loss=1.739 ACC=96.857 F1=96.843 Rec=96.857 Prec=96.878
Val-Known->Virtual [93/100] rate=0.000% prob_mean=0.009117 margin_mean=0.972550
Val-LogitMargin [93/100] TrueKnown-VMax mean=7.4208 std=2.5653 p10=4.7048 p50=6.9640 p90=10.8423

Test-  OSR [93/100] LR=0.0000625 ACC=62.321 F1=65.791 Rec=81.667 Prec=71.842 UNK=4.286 OS*=97.143 HOS=8.209 AUROC=78.656 AUPR=72.569 OSCR=77.501
Test-Close [93/100] LR=0.0000625 loss=1.751 ACC=97.143 F1=97.129 Rec=97.143 Prec=97.171
Test-Virtual [93/100] CloseK->V=0.000% Open->V=4.286% OpenVEntropy=0.165500 CloseHist=[0, 0, 0] OpenHist=[0, 43, 2]
Test-LogitMargin [93/100] CloseTrue-VMax mean=7.4022 std=2.6173 p10=4.5100 p50=6.9224 p90=10.7523 | OpenKnown-VMax mean=4.4966 std=2.6064 p10=0.8533 p50=4.4934 p90=8.0555
AnchorDiag [93/100] VNorm=[1.0000001192092896, 1.0, 0.9999999403953552] VDriftMax=0.000000 Vcos(max/mean)=(0.0000/-0.0000) KVcos(max/mean)=(0.0701/0.0154) ValK->V=0.00% CloseK->V=0.00% Open->V=4.29% OpenVEntropy=0.1655
Train Client0 [94/100] LR=0.0000625 loss=0.094 (CE=0.054 VIR=0.048 wVIR=0.001 AUX=0.039 w=0.030) ACC=98.438 F1=78.771 Rec=78.953 Prec=78.599
Train Client1 [94/100] LR=0.0000625 loss=0.017 (CE=0.010 VIR=0.024 wVIR=0.001 AUX=0.006 w=0.030) ACC=99.791 F1=99.026 Rec=99.812 Prec=98.298
Train Client2 [94/100] LR=0.0000625 loss=0.049 (CE=0.030 VIR=0.149 wVIR=0.004 AUX=0.014 w=0.030) ACC=99.002 F1=97.740 Rec=97.567 Prec=97.922
Train Client3 [94/100] LR=0.0000625 loss=0.060 (CE=0.047 VIR=0.027 wVIR=0.001 AUX=0.012 w=0.030) ACC=98.295 F1=97.989 Rec=97.956 Prec=98.057
Train Client4 [94/100] LR=0.0000625 loss=0.056 (CE=0.037 VIR=0.295 wVIR=0.009 AUX=0.010 w=0.030) ACC=99.085 F1=93.965 Rec=95.763 Prec=92.588
Train Client5 [94/100] LR=0.0000625 loss=0.028 (CE=0.022 VIR=0.011 wVIR=0.000 AUX=0.005 w=0.030) ACC=99.286 F1=91.117 Rec=99.503 Prec=87.875
Train Client6 [94/100] LR=0.0000625 loss=0.276 (CE=0.216 VIR=0.744 wVIR=0.022 AUX=0.037 w=0.030) ACC=94.444 F1=92.200 Rec=94.730 Prec=90.210
Train Client7 [94/100] LR=0.0000625 loss=0.147 (CE=0.076 VIR=0.350 wVIR=0.011 AUX=0.060 w=0.030) ACC=97.803 F1=97.282 Rec=97.236 Prec=97.327

Val    [94/100] LR=0.0000625 loss=1.737 ACC=96.800 F1=96.787 Rec=96.800 Prec=96.848
Val-Known->Virtual [94/100] rate=0.000% prob_mean=0.008607 margin_mean=0.971929
Val-LogitMargin [94/100] TrueKnown-VMax mean=7.3834 std=2.6145 p10=4.6373 p50=6.7553 p90=10.9814

Test-  OSR [94/100] LR=0.0000625 ACC=63.250 F1=66.539 Rec=82.016 Prec=71.574 UNK=6.952 OS*=97.029 HOS=12.975 AUROC=79.739 AUPR=74.840 OSCR=78.462
Test-Close [94/100] LR=0.0000625 loss=1.745 ACC=97.029 F1=97.007 Rec=97.029 Prec=97.068
Test-Virtual [94/100] CloseK->V=0.000% Open->V=6.952% OpenVEntropy=-0.000000 CloseHist=[0, 0, 0] OpenHist=[0, 73, 0]
Test-LogitMargin [94/100] CloseTrue-VMax mean=7.3709 std=2.6632 p10=4.5354 p50=6.6246 p90=10.9301 | OpenKnown-VMax mean=4.2472 std=2.6987 p10=0.3499 p50=4.3423 p90=7.7809
AnchorDiag [94/100] VNorm=[1.0000001192092896, 1.0, 0.9999999403953552] VDriftMax=0.000000 Vcos(max/mean)=(0.0000/-0.0000) KVcos(max/mean)=(0.0702/0.0154) ValK->V=0.00% CloseK->V=0.00% Open->V=6.95% OpenVEntropy=-0.0000
Train Client0 [95/100] LR=0.0000625 loss=0.082 (CE=0.047 VIR=0.069 wVIR=0.002 AUX=0.034 w=0.030) ACC=98.114 F1=78.470 Rec=78.636 Prec=78.311
Train Client1 [95/100] LR=0.0000625 loss=0.009 (CE=0.005 VIR=0.014 wVIR=0.000 AUX=0.004 w=0.030) ACC=99.826 F1=99.038 Rec=99.274 Prec=98.810
Train Client2 [95/100] LR=0.0000625 loss=0.068 (CE=0.038 VIR=0.138 wVIR=0.004 AUX=0.026 w=0.030) ACC=98.907 F1=97.593 Rec=96.840 Prec=98.460
Train Client3 [95/100] LR=0.0000625 loss=0.071 (CE=0.058 VIR=0.032 wVIR=0.001 AUX=0.012 w=0.030) ACC=98.106 F1=97.806 Rec=97.884 Prec=97.730
Train Client4 [95/100] LR=0.0000625 loss=0.053 (CE=0.035 VIR=0.339 wVIR=0.010 AUX=0.007 w=0.030) ACC=98.933 F1=92.924 Rec=98.996 Prec=88.845
Train Client5 [95/100] LR=0.0000625 loss=0.034 (CE=0.020 VIR=0.021 wVIR=0.001 AUX=0.014 w=0.030) ACC=99.286 F1=92.935 Rec=99.454 Prec=89.751
Train Client6 [95/100] LR=0.0000625 loss=0.291 (CE=0.200 VIR=0.923 wVIR=0.028 AUX=0.063 w=0.030) ACC=94.444 F1=92.301 Rec=94.939 Prec=90.174
Train Client7 [95/100] LR=0.0000625 loss=0.140 (CE=0.073 VIR=0.484 wVIR=0.015 AUX=0.052 w=0.030) ACC=97.576 F1=97.558 Rec=97.774 Prec=97.357

Val    [95/100] LR=0.0000625 loss=1.739 ACC=96.800 F1=96.791 Rec=96.800 Prec=96.808
Val-Known->Virtual [95/100] rate=0.000% prob_mean=0.009407 margin_mean=0.970779
Val-LogitMargin [95/100] TrueKnown-VMax mean=7.3997 std=2.6823 p10=4.6423 p50=6.8562 p90=10.7462

Test-  OSR [95/100] LR=0.0000625 ACC=62.500 F1=65.900 Rec=81.746 Prec=71.699 UNK=4.762 OS*=97.143 HOS=9.079 AUROC=78.623 AUPR=72.463 OSCR=77.482
Test-Close [95/100] LR=0.0000625 loss=1.746 ACC=97.143 F1=97.128 Rec=97.143 Prec=97.167
Test-Virtual [95/100] CloseK->V=0.000% Open->V=4.762% OpenVEntropy=0.368614 CloseHist=[0, 0, 0] OpenHist=[0, 43, 7]
Test-LogitMargin [95/100] CloseTrue-VMax mean=7.3919 std=2.7304 p10=4.5084 p50=6.7841 p90=10.8285 | OpenKnown-VMax mean=4.4038 std=2.5830 p10=0.7740 p50=4.4169 p90=7.8795
AnchorDiag [95/100] VNorm=[1.0000001192092896, 1.0, 0.9999999403953552] VDriftMax=0.000000 Vcos(max/mean)=(0.0000/-0.0000) KVcos(max/mean)=(0.0704/0.0154) ValK->V=0.00% CloseK->V=0.00% Open->V=4.76% OpenVEntropy=0.3686
Saving model at epoch 95 . . . . . . . .

Train Client0 [96/100] LR=0.0000625 loss=0.102 (CE=0.061 VIR=0.059 wVIR=0.002 AUX=0.039 w=0.030) ACC=98.599 F1=78.871 Rec=79.064 Prec=78.686
Train Client1 [96/100] LR=0.0000625 loss=0.009 (CE=0.005 VIR=0.025 wVIR=0.001 AUX=0.004 w=0.030) ACC=99.861 F1=99.561 Rec=99.783 Prec=99.346
Train Client2 [96/100] LR=0.0000625 loss=0.066 (CE=0.039 VIR=0.157 wVIR=0.005 AUX=0.023 w=0.030) ACC=99.002 F1=97.498 Rec=97.464 Prec=97.532
Train Client3 [96/100] LR=0.0000625 loss=0.054 (CE=0.035 VIR=0.027 wVIR=0.001 AUX=0.018 w=0.030) ACC=99.242 F1=99.041 Rec=99.025 Prec=99.073
Train Client4 [96/100] LR=0.0000625 loss=0.039 (CE=0.026 VIR=0.313 wVIR=0.009 AUX=0.003 w=0.030) ACC=99.085 F1=94.669 Rec=98.197 Prec=91.737
Train Client5 [96/100] LR=0.0000625 loss=0.050 (CE=0.028 VIR=0.020 wVIR=0.001 AUX=0.022 w=0.030) ACC=99.375 F1=94.630 Rec=94.656 Prec=94.605
Train Client6 [96/100] LR=0.0000625 loss=0.316 (CE=0.252 VIR=0.857 wVIR=0.026 AUX=0.039 w=0.030) ACC=93.056 F1=89.731 Rec=92.088 Prec=87.799
Train Client7 [96/100] LR=0.0000625 loss=0.126 (CE=0.067 VIR=0.333 wVIR=0.010 AUX=0.049 w=0.030) ACC=98.258 F1=98.112 Rec=98.118 Prec=98.117

Val    [96/100] LR=0.0000625 loss=1.740 ACC=96.743 F1=96.737 Rec=96.743 Prec=96.748
Val-Known->Virtual [96/100] rate=0.000% prob_mean=0.008684 margin_mean=0.972917
Val-LogitMargin [96/100] TrueKnown-VMax mean=7.3322 std=2.4995 p10=4.7230 p50=6.9135 p90=10.6084

Test-  OSR [96/100] LR=0.0000625 ACC=62.786 F1=66.038 Rec=82.000 Prec=71.473 UNK=5.143 OS*=97.371 HOS=9.770 AUROC=79.531 AUPR=73.927 OSCR=78.399
Test-Close [96/100] LR=0.0000625 loss=1.745 ACC=97.371 F1=97.358 Rec=97.371 Prec=97.383
Test-Virtual [96/100] CloseK->V=0.000% Open->V=5.143% OpenVEntropy=0.240351 CloseHist=[0, 0, 0] OpenHist=[0, 50, 4]
Test-LogitMargin [96/100] CloseTrue-VMax mean=7.3258 std=2.5393 p10=4.5771 p50=6.8270 p90=10.6383 | OpenKnown-VMax mean=4.3473 std=2.6141 p10=0.5537 p50=4.4501 p90=7.7328
AnchorDiag [96/100] VNorm=[1.0000001192092896, 1.0, 0.9999999403953552] VDriftMax=0.000000 Vcos(max/mean)=(0.0000/-0.0000) KVcos(max/mean)=(0.0707/0.0155) ValK->V=0.00% CloseK->V=0.00% Open->V=5.14% OpenVEntropy=0.2404
Train Client0 [97/100] LR=0.0000625 loss=0.101 (CE=0.050 VIR=0.070 wVIR=0.002 AUX=0.049 w=0.030) ACC=98.384 F1=78.718 Rec=79.035 Prec=78.422
Train Client1 [97/100] LR=0.0000625 loss=0.016 (CE=0.008 VIR=0.026 wVIR=0.001 AUX=0.007 w=0.030) ACC=99.687 F1=98.612 Rec=98.979 Prec=98.273
Train Client2 [97/100] LR=0.0000625 loss=0.054 (CE=0.034 VIR=0.121 wVIR=0.004 AUX=0.017 w=0.030) ACC=99.192 F1=98.177 Rec=98.228 Prec=98.127
Train Client3 [97/100] LR=0.0000625 loss=0.095 (CE=0.065 VIR=0.041 wVIR=0.001 AUX=0.029 w=0.030) ACC=97.917 F1=97.603 Rec=97.572 Prec=97.650
Train Client4 [97/100] LR=0.0000625 loss=0.040 (CE=0.030 VIR=0.198 wVIR=0.006 AUX=0.005 w=0.030) ACC=99.390 F1=96.151 Rec=99.260 Prec=93.561
Train Client5 [97/100] LR=0.0000625 loss=0.024 (CE=0.020 VIR=0.012 wVIR=0.000 AUX=0.004 w=0.030) ACC=99.286 F1=92.934 Rec=99.452 Prec=89.751
Train Client6 [97/100] LR=0.0000625 loss=0.272 (CE=0.187 VIR=0.779 wVIR=0.023 AUX=0.062 w=0.030) ACC=94.444 F1=91.926 Rec=93.438 Prec=90.617
Train Client7 [97/100] LR=0.0000625 loss=0.138 (CE=0.077 VIR=0.394 wVIR=0.012 AUX=0.049 w=0.030) ACC=97.879 F1=98.195 Rec=97.958 Prec=98.437

Val    [97/100] LR=0.0000625 loss=1.738 ACC=96.800 F1=96.788 Rec=96.800 Prec=96.818
Val-Known->Virtual [97/100] rate=0.000% prob_mean=0.008616 margin_mean=0.972526
Val-LogitMargin [97/100] TrueKnown-VMax mean=7.4618 std=2.6905 p10=4.7567 p50=6.8443 p90=10.9126

Test-  OSR [97/100] LR=0.0000625 ACC=61.714 F1=65.480 Rec=81.492 Prec=72.366 UNK=2.381 OS*=97.314 HOS=4.648 AUROC=77.911 AUPR=70.317 OSCR=76.912
Test-Close [97/100] LR=0.0000625 loss=1.744 ACC=97.314 F1=97.299 Rec=97.314 Prec=97.336
Test-Virtual [97/100] CloseK->V=0.000% Open->V=2.381% OpenVEntropy=0.152869 CloseHist=[0, 0, 0] OpenHist=[0, 24, 1]
Test-LogitMargin [97/100] CloseTrue-VMax mean=7.4598 std=2.7223 p10=4.6933 p50=6.7929 p90=10.8796 | OpenKnown-VMax mean=4.6522 std=2.4207 p10=1.3352 p50=4.7126 p90=7.8044
AnchorDiag [97/100] VNorm=[1.0000001192092896, 1.0, 0.9999999403953552] VDriftMax=0.000000 Vcos(max/mean)=(0.0000/-0.0000) KVcos(max/mean)=(0.0713/0.0157) ValK->V=0.00% CloseK->V=0.00% Open->V=2.38% OpenVEntropy=0.1529
Train Client0 [98/100] LR=0.0000625 loss=0.084 (CE=0.044 VIR=0.049 wVIR=0.001 AUX=0.039 w=0.030) ACC=98.599 F1=98.548 Rec=98.831 Prec=98.281
Train Client1 [98/100] LR=0.0000625 loss=0.006 (CE=0.004 VIR=0.012 wVIR=0.000 AUX=0.002 w=0.030) ACC=99.861 F1=99.093 Rec=99.741 Prec=98.501
Train Client2 [98/100] LR=0.0000625 loss=0.048 (CE=0.030 VIR=0.155 wVIR=0.005 AUX=0.014 w=0.030) ACC=98.954 F1=97.864 Rec=97.735 Prec=97.996
Train Client3 [98/100] LR=0.0000625 loss=0.059 (CE=0.047 VIR=0.036 wVIR=0.001 AUX=0.011 w=0.030) ACC=98.295 F1=97.898 Rec=97.990 Prec=97.809
Train Client4 [98/100] LR=0.0000625 loss=0.045 (CE=0.027 VIR=0.170 wVIR=0.005 AUX=0.013 w=0.030) ACC=99.238 F1=94.412 Rec=99.172 Prec=91.058
Train Client5 [98/100] LR=0.0000625 loss=0.020 (CE=0.018 VIR=0.014 wVIR=0.000 AUX=0.002 w=0.030) ACC=99.375 F1=94.135 Rec=99.596 Prec=91.014
Train Client6 [98/100] LR=0.0000625 loss=0.317 (CE=0.222 VIR=0.938 wVIR=0.028 AUX=0.067 w=0.030) ACC=93.889 F1=90.887 Rec=91.771 Prec=90.151
Train Client7 [98/100] LR=0.0000625 loss=0.131 (CE=0.073 VIR=0.307 wVIR=0.009 AUX=0.049 w=0.030) ACC=97.500 F1=97.771 Rec=97.258 Prec=98.306

Val    [98/100] LR=0.0000625 loss=1.737 ACC=96.971 F1=96.976 Rec=96.971 Prec=96.984
Val-Known->Virtual [98/100] rate=0.000% prob_mean=0.007525 margin_mean=0.973311
Val-LogitMargin [98/100] TrueKnown-VMax mean=7.7370 std=2.8800 p10=4.9113 p50=6.9863 p90=11.6021

Test-  OSR [98/100] LR=0.0000625 ACC=61.750 F1=65.171 Rec=81.476 Prec=71.506 UNK=2.571 OS*=97.257 HOS=5.010 AUROC=77.909 AUPR=70.906 OSCR=76.897
Test-Close [98/100] LR=0.0000625 loss=1.742 ACC=97.257 F1=97.250 Rec=97.257 Prec=97.257
Test-Virtual [98/100] CloseK->V=0.000% Open->V=2.571% OpenVEntropy=0.240351 CloseHist=[0, 0, 0] OpenHist=[0, 25, 2]
Test-LogitMargin [98/100] CloseTrue-VMax mean=7.7332 std=2.9085 p10=4.7344 p50=6.9236 p90=11.6594 | OpenKnown-VMax mean=4.7397 std=2.6017 p10=1.2143 p50=4.7154 p90=8.2500
AnchorDiag [98/100] VNorm=[1.0000001192092896, 1.0, 0.9999999403953552] VDriftMax=0.000000 Vcos(max/mean)=(0.0000/-0.0000) KVcos(max/mean)=(0.0713/0.0156) ValK->V=0.00% CloseK->V=0.00% Open->V=2.57% OpenVEntropy=0.2404
Train Client0 [99/100] LR=0.0000625 loss=0.087 (CE=0.049 VIR=0.031 wVIR=0.001 AUX=0.037 w=0.030) ACC=98.330 F1=78.601 Rec=78.681 Prec=78.524
Train Client1 [99/100] LR=0.0000625 loss=0.011 (CE=0.006 VIR=0.019 wVIR=0.001 AUX=0.004 w=0.030) ACC=99.826 F1=99.041 Rec=99.198 Prec=98.892
Train Client2 [99/100] LR=0.0000625 loss=0.054 (CE=0.033 VIR=0.094 wVIR=0.003 AUX=0.018 w=0.030) ACC=99.049 F1=97.390 Rec=97.299 Prec=97.483
Train Client3 [99/100] LR=0.0000625 loss=0.096 (CE=0.067 VIR=0.024 wVIR=0.001 AUX=0.028 w=0.030) ACC=98.106 F1=96.118 Rec=94.451 Prec=98.112
Train Client4 [99/100] LR=0.0000625 loss=0.047 (CE=0.032 VIR=0.313 wVIR=0.009 AUX=0.006 w=0.030) ACC=99.009 F1=93.387 Rec=99.105 Prec=89.579
Train Client5 [99/100] LR=0.0000625 loss=0.043 (CE=0.034 VIR=0.013 wVIR=0.000 AUX=0.009 w=0.030) ACC=98.929 F1=90.857 Rec=99.233 Prec=87.626
Train Client6 [99/100] LR=0.0000625 loss=0.247 (CE=0.191 VIR=0.766 wVIR=0.023 AUX=0.033 w=0.030) ACC=93.611 F1=90.560 Rec=92.439 Prec=89.038
Train Client7 [99/100] LR=0.0000625 loss=0.163 (CE=0.087 VIR=0.389 wVIR=0.012 AUX=0.064 w=0.030) ACC=97.348 F1=97.659 Rec=97.258 Prec=98.075

Val    [99/100] LR=0.0000625 loss=1.733 ACC=96.686 F1=96.675 Rec=96.686 Prec=96.692
Val-Known->Virtual [99/100] rate=0.000% prob_mean=0.009209 margin_mean=0.970159
Val-LogitMargin [99/100] TrueKnown-VMax mean=7.4992 std=2.7514 p10=4.6892 p50=6.8869 p90=11.1166

Test-  OSR [99/100] LR=0.0000625 ACC=62.179 F1=65.575 Rec=81.730 Prec=71.678 UNK=3.524 OS*=97.371 HOS=6.801 AUROC=77.503 AUPR=71.005 OSCR=76.454
Test-Close [99/100] LR=0.0000625 loss=1.744 ACC=97.371 F1=97.358 Rec=97.371 Prec=97.392
Test-Virtual [99/100] CloseK->V=0.000% Open->V=3.524% OpenVEntropy=0.113098 CloseHist=[0, 0, 0] OpenHist=[0, 36, 1]
Test-LogitMargin [99/100] CloseTrue-VMax mean=7.4908 std=2.8072 p10=4.5771 p50=6.7868 p90=11.2273 | OpenKnown-VMax mean=4.5717 std=2.5891 p10=0.9074 p50=4.5999 p90=7.9911
AnchorDiag [99/100] VNorm=[1.0000001192092896, 1.0, 0.9999999403953552] VDriftMax=0.000000 Vcos(max/mean)=(0.0000/-0.0000) KVcos(max/mean)=(0.0715/0.0158) ValK->V=0.00% CloseK->V=0.00% Open->V=3.52% OpenVEntropy=0.1131
------>Best performance (by OSCR)--->>>>>>>

Test-  OSR [16/100] ACC=59.607 F1=62.378 Rec=79.349 Prec=69.883 UNK=0.381 OS*=95.143 HOS=0.759 AUROC=87.765 AUPR=81.154 OSCR=85.152
=====================================================================================================================================
The ending time ：2026-06-18 13:53:35
