Logging to: ./logs/RetinalOCT_Pretrain_K5_U3_seed0_20260620_205250.log
==> Preparing data..
Protocol mode: hard
Fixed known classes: ['CSR', 'DR', 'DRUSEN', 'MH', 'NORMAL']
Fixed unknown classes: ['AMD', 'CNV', 'DME']
Known class list: [2 4 5 6 7] Unknown class list [0 1 3]
Total images — Train: 18400, Val: 2800, Test: 2800
{2: 0, 4: 1, 5: 2, 6: 3, 7: 4} {0: 5, 1: 6, 3: 7}
Known origin: [2 4 5 6 7] , new: [0 1 2 3 4]
Unknown origin: [0 1 3] , new: [5 6 7]
Known/Unknown in Train: 11500/6900
Known/Unknown in Val:   1750/1050
Known/Unknown in Test:  1750/1050
Client0 sample num: 1861
Client1 sample num: 2876
Client2 sample num: 2109
Client3 sample num: 533
Client4 sample num: 1312
Client5 sample num: 1125
Client6 sample num: 362
Client7 sample num: 1322

>>> Setting up
==> Using device: cuda:0
==> Building [Resnet18] model..
154
120
Train Client0 [0/100] LR=0.0005000 loss=1.545 (CE=0.801 VIR=0.095 wVIR=0.048 AUX=0.696 w=0.500) ACC=70.636 F1=46.271 Rec=46.234 Prec=46.447
Train Client1 [0/100] LR=0.0005000 loss=1.413 (CE=0.738 VIR=0.084 wVIR=0.042 AUX=0.633 w=0.500) ACC=74.826 F1=45.584 Rec=45.699 Prec=46.818
Train Client2 [0/100] LR=0.0005000 loss=1.276 (CE=0.677 VIR=0.121 wVIR=0.061 AUX=0.539 w=0.500) ACC=80.656 F1=44.642 Rec=45.244 Prec=44.556
Train Client3 [0/100] LR=0.0005000 loss=2.544 (CE=1.425 VIR=0.418 wVIR=0.209 AUX=0.911 w=0.500) ACC=57.197 F1=45.517 Rec=46.888 Prec=45.338
Train Client4 [0/100] LR=0.0005000 loss=1.236 (CE=0.648 VIR=0.170 wVIR=0.085 AUX=0.503 w=0.500) ACC=82.622 F1=38.424 Rec=39.749 Prec=38.535
Train Client5 [0/100] LR=0.0005000 loss=1.970 (CE=1.044 VIR=0.205 wVIR=0.102 AUX=0.824 w=0.500) ACC=65.536 F1=45.927 Rec=46.067 Prec=45.968
Train Client6 [0/100] LR=0.0005000 loss=2.454 (CE=1.292 VIR=0.651 wVIR=0.325 AUX=0.837 w=0.500) ACC=68.611 F1=28.919 Rec=29.713 Prec=28.624
Train Client7 [0/100] LR=0.0005000 loss=1.323 (CE=0.694 VIR=0.180 wVIR=0.090 AUX=0.538 w=0.500) ACC=78.409 F1=35.638 Rec=35.948 Prec=36.860

Val    [0/100] LR=0.0005000 loss=2.879 ACC=40.114 F1=23.708 Rec=40.114 Prec=36.585
Val-Known->Virtual [0/100] rate=0.000% prob_mean=0.020591 margin_mean=0.362394
Val-LogitMargin [0/100] TrueKnown-VMax mean=3.4537 std=0.3187 p10=3.0822 p50=3.3745 p90=3.9208
Stage1Diag [0/100] FeatDim=256 IntraVar=0.175102 InterDist=0.629396 Compact=0.278206 CenterNorm=2.049021
Stage1Boundary [0/100] KnownTrue-Other mean=-0.0108 std=0.5605 p10=-0.7894 p50=-0.1690 p90=0.8149 | BoundaryRate=20.000% count=350 thr=-0.5665 hist=[0, 0, 350, 0, 0]

Test-  OSR [0/100] LR=0.0005000 ACC=25.214 F1=14.397 Rec=33.619 Prec=14.012 UNK=0.000 OS*=40.343 HOS=0.000 AUROC=47.768 AUPR=53.450 OSCR=20.785
Test-Close [0/100] LR=0.0005000 loss=2.878 ACC=40.343 F1=24.200 Rec=40.343 Prec=36.641
Test-Virtual [0/100] CloseK->V=0.000% Open->V=0.000% OpenVEntropy=0.000000 CloseHist=[0, 0, 0] OpenHist=[0, 0, 0]
Test-LogitMargin [0/100] CloseTrue-VMax mean=3.4562 std=0.3219 p10=3.0730 p50=3.3757 p90=3.9265 | OpenKnown-VMax mean=3.6150 std=0.3876 p10=3.0393 p50=3.8159 p90=3.9903
AnchorDiag [0/100] VNorm=[1.0000001192092896, 0.9999999403953552, 0.9999999403953552] VDriftMax=0.000000 Vcos(max/mean)=(0.0000/-0.0000) KVcos(max/mean)=(0.0032/-0.0001) ValK->V=0.00% CloseK->V=0.00% Open->V=0.00% OpenVEntropy=0.0000
Saving best model . . . . . . . .

Saving model at epoch 0 . . . . . . . .

Train Client0 [1/100] LR=0.0005000 loss=1.071 (CE=0.592 VIR=0.036 wVIR=0.018 AUX=0.460 w=0.500) ACC=80.711 F1=72.989 Rec=72.846 Prec=73.141
Train Client1 [1/100] LR=0.0005000 loss=1.244 (CE=0.658 VIR=0.038 wVIR=0.019 AUX=0.567 w=0.500) ACC=76.671 F1=47.410 Rec=47.283 Prec=49.233
Train Client2 [1/100] LR=0.0005000 loss=1.058 (CE=0.581 VIR=0.053 wVIR=0.026 AUX=0.451 w=0.500) ACC=82.747 F1=46.430 Rec=46.966 Prec=47.149
Train Client3 [1/100] LR=0.0005000 loss=1.897 (CE=0.991 VIR=0.146 wVIR=0.073 AUX=0.833 w=0.500) ACC=67.045 F1=48.761 Rec=48.511 Prec=49.841
Train Client4 [1/100] LR=0.0005000 loss=0.912 (CE=0.496 VIR=0.055 wVIR=0.027 AUX=0.389 w=0.500) ACC=85.823 F1=39.914 Rec=39.876 Prec=41.574
Train Client5 [1/100] LR=0.0005000 loss=1.538 (CE=0.825 VIR=0.085 wVIR=0.042 AUX=0.670 w=0.500) ACC=73.036 F1=49.673 Rec=50.206 Prec=51.083
Train Client6 [1/100] LR=0.0005000 loss=1.411 (CE=0.804 VIR=0.158 wVIR=0.079 AUX=0.528 w=0.500) ACC=76.944 F1=40.815 Rec=41.606 Prec=41.211
Train Client7 [1/100] LR=0.0005000 loss=0.994 (CE=0.551 VIR=0.051 wVIR=0.025 AUX=0.417 w=0.500) ACC=83.258 F1=38.902 Rec=38.982 Prec=42.231

Val    [1/100] LR=0.0005000 loss=2.563 ACC=52.971 F1=42.243 Rec=52.971 Prec=50.804
Val-Known->Virtual [1/100] rate=0.000% prob_mean=0.008721 margin_mean=0.491899
Val-LogitMargin [1/100] TrueKnown-VMax mean=4.7298 std=0.5942 p10=3.8623 p50=4.8708 p90=5.4277
Stage1Diag [1/100] FeatDim=256 IntraVar=0.202338 InterDist=0.956839 Compact=0.211465 CenterNorm=2.181517
Stage1Boundary [1/100] KnownTrue-Other mean=0.1013 std=0.6177 p10=-0.6107 p50=0.0740 p90=0.9210 | BoundaryRate=20.000% count=350 thr=-0.4527 hist=[0, 15, 141, 194, 0]

Test-  OSR [1/100] LR=0.0005000 ACC=33.429 F1=28.631 Rec=44.571 Prec=35.816 UNK=0.000 OS*=53.486 HOS=0.000 AUROC=57.160 AUPR=50.370 OSCR=34.668
Test-Close [1/100] LR=0.0005000 loss=2.567 ACC=53.486 F1=42.692 Rec=53.486 Prec=51.156
Test-Virtual [1/100] CloseK->V=0.000% Open->V=0.000% OpenVEntropy=0.000000 CloseHist=[0, 0, 0] OpenHist=[0, 0, 0]
Test-LogitMargin [1/100] CloseTrue-VMax mean=4.7280 std=0.5979 p10=3.8653 p50=4.8424 p90=5.4493 | OpenKnown-VMax mean=4.9653 std=0.6092 p10=4.0585 p50=5.2879 p90=5.5466
AnchorDiag [1/100] VNorm=[1.0000001192092896, 0.9999999403953552, 0.9999999403953552] VDriftMax=0.000000 Vcos(max/mean)=(0.0000/-0.0000) KVcos(max/mean)=(0.0048/-0.0007) ValK->V=0.00% CloseK->V=0.00% Open->V=0.00% OpenVEntropy=0.0000
Saving best model . . . . . . . .

Train Client0 [2/100] LR=0.0005000 loss=0.943 (CE=0.502 VIR=0.024 wVIR=0.012 AUX=0.429 w=0.500) ACC=82.435 F1=59.893 Rec=59.835 Prec=60.013
Train Client1 [2/100] LR=0.0005000 loss=1.070 (CE=0.561 VIR=0.024 wVIR=0.012 AUX=0.498 w=0.500) ACC=79.318 F1=47.605 Rec=48.019 Prec=51.179
Train Client2 [2/100] LR=0.0005000 loss=0.884 (CE=0.477 VIR=0.032 wVIR=0.016 AUX=0.391 w=0.500) ACC=85.361 F1=52.971 Rec=52.498 Prec=57.872
Train Client3 [2/100] LR=0.0005000 loss=1.197 (CE=0.613 VIR=0.026 wVIR=0.013 AUX=0.571 w=0.500) ACC=73.864 F1=52.804 Rec=53.205 Prec=52.450
Train Client4 [2/100] LR=0.0005000 loss=0.694 (CE=0.375 VIR=0.026 wVIR=0.013 AUX=0.307 w=0.500) ACC=87.881 F1=43.262 Rec=42.384 Prec=47.809
Train Client5 [2/100] LR=0.0005000 loss=1.237 (CE=0.671 VIR=0.038 wVIR=0.019 AUX=0.548 w=0.500) ACC=76.875 F1=55.341 Rec=55.208 Prec=56.443
Train Client6 [2/100] LR=0.0005000 loss=1.461 (CE=0.793 VIR=0.201 wVIR=0.100 AUX=0.568 w=0.500) ACC=77.778 F1=32.892 Rec=33.586 Prec=32.383
Train Client7 [2/100] LR=0.0005000 loss=0.824 (CE=0.432 VIR=0.019 wVIR=0.009 AUX=0.383 w=0.500) ACC=86.061 F1=41.361 Rec=41.307 Prec=45.195

Val    [2/100] LR=0.0005000 loss=2.363 ACC=70.000 F1=63.309 Rec=70.000 Prec=62.723
Val-Known->Virtual [2/100] rate=0.000% prob_mean=0.005143 margin_mean=0.579311
Val-LogitMargin [2/100] TrueKnown-VMax mean=5.7171 std=0.7865 p10=4.7953 p50=5.5789 p90=6.8855
Stage1Diag [2/100] FeatDim=256 IntraVar=0.218795 InterDist=1.153270 Compact=0.189717 CenterNorm=2.215943
Stage1Boundary [2/100] KnownTrue-Other mean=0.3801 std=0.7194 p10=-0.6821 p50=0.6252 p90=1.2020 | BoundaryRate=20.000% count=350 thr=-0.5932 hist=[11, 0, 283, 56, 0]

Test-  OSR [2/100] LR=0.0005000 ACC=43.536 F1=43.982 Rec=58.048 Prec=42.685 UNK=0.000 OS*=69.657 HOS=0.000 AUROC=57.863 AUPR=55.766 OSCR=39.505
Test-Close [2/100] LR=0.0005000 loss=2.367 ACC=69.657 F1=62.933 Rec=69.657 Prec=62.269
Test-Virtual [2/100] CloseK->V=0.000% Open->V=0.000% OpenVEntropy=0.000000 CloseHist=[0, 0, 0] OpenHist=[0, 0, 0]
Test-LogitMargin [2/100] CloseTrue-VMax mean=5.7172 std=0.7887 p10=4.7801 p50=5.5976 p90=6.9092 | OpenKnown-VMax mean=5.9166 std=1.2554 p10=4.1003 p50=6.6527 p90=7.0785
AnchorDiag [2/100] VNorm=[1.0000001192092896, 0.9999999403953552, 0.9999999403953552] VDriftMax=0.000000 Vcos(max/mean)=(0.0000/-0.0000) KVcos(max/mean)=(0.0060/-0.0021) ValK->V=0.00% CloseK->V=0.00% Open->V=0.00% OpenVEntropy=0.0000
Saving best model . . . . . . . .

Train Client0 [3/100] LR=0.0005000 loss=0.754 (CE=0.413 VIR=0.008 wVIR=0.004 AUX=0.337 w=0.500) ACC=84.321 F1=77.560 Rec=77.440 Prec=77.774
Train Client1 [3/100] LR=0.0005000 loss=0.920 (CE=0.480 VIR=0.013 wVIR=0.006 AUX=0.434 w=0.500) ACC=81.650 F1=52.067 Rec=52.324 Prec=58.260
Train Client2 [3/100] LR=0.0005000 loss=0.779 (CE=0.438 VIR=0.027 wVIR=0.014 AUX=0.327 w=0.500) ACC=85.646 F1=54.187 Rec=54.024 Prec=58.360
Train Client3 [3/100] LR=0.0005000 loss=1.151 (CE=0.587 VIR=0.061 wVIR=0.031 AUX=0.534 w=0.500) ACC=78.220 F1=59.594 Rec=59.879 Prec=59.552
Train Client4 [3/100] LR=0.0005000 loss=0.679 (CE=0.357 VIR=0.017 wVIR=0.008 AUX=0.313 w=0.500) ACC=87.424 F1=41.943 Rec=41.560 Prec=46.464
Train Client5 [3/100] LR=0.0005000 loss=0.984 (CE=0.524 VIR=0.022 wVIR=0.011 AUX=0.449 w=0.500) ACC=82.857 F1=61.424 Rec=61.056 Prec=62.701
Train Client6 [3/100] LR=0.0005000 loss=1.004 (CE=0.545 VIR=0.062 wVIR=0.031 AUX=0.428 w=0.500) ACC=84.722 F1=45.454 Rec=46.569 Prec=44.512
Train Client7 [3/100] LR=0.0005000 loss=0.691 (CE=0.364 VIR=0.009 wVIR=0.005 AUX=0.323 w=0.500) ACC=88.106 F1=45.101 Rec=45.392 Prec=46.219

Val    [3/100] LR=0.0005000 loss=2.221 ACC=72.400 F1=65.663 Rec=72.400 Prec=63.209
Val-Known->Virtual [3/100] rate=0.000% prob_mean=0.004115 margin_mean=0.663739
Val-LogitMargin [3/100] TrueKnown-VMax mean=6.1357 std=0.8420 p10=5.0009 p50=6.2648 p90=7.2195
Stage1Diag [3/100] FeatDim=256 IntraVar=0.252218 InterDist=1.290940 Compact=0.195375 CenterNorm=2.214875
Stage1Boundary [3/100] KnownTrue-Other mean=0.8223 std=1.1161 p10=-0.6423 p50=0.7880 p90=2.3229 | BoundaryRate=20.000% count=350 thr=-0.4851 hist=[3, 13, 279, 55, 0]

Test-  OSR [3/100] LR=0.0005000 ACC=44.321 F1=44.302 Rec=59.095 Prec=40.649 UNK=0.000 OS*=70.914 HOS=0.000 AUROC=76.487 AUPR=66.158 OSCR=58.103
Test-Close [3/100] LR=0.0005000 loss=2.235 ACC=70.914 F1=64.114 Rec=70.914 Prec=62.108
Test-Virtual [3/100] CloseK->V=0.000% Open->V=0.000% OpenVEntropy=0.000000 CloseHist=[0, 0, 0] OpenHist=[0, 0, 0]
Test-LogitMargin [3/100] CloseTrue-VMax mean=6.1341 std=0.8403 p10=4.9918 p50=6.2864 p90=7.2135 | OpenKnown-VMax mean=6.1051 std=1.4005 p10=4.0615 p50=6.9074 p90=7.4004
AnchorDiag [3/100] VNorm=[1.0000001192092896, 0.9999999403953552, 0.9999999403953552] VDriftMax=0.000000 Vcos(max/mean)=(0.0000/-0.0000) KVcos(max/mean)=(0.0061/-0.0030) ValK->V=0.00% CloseK->V=0.00% Open->V=0.00% OpenVEntropy=0.0000
Saving best model . . . . . . . .

Train Client0 [4/100] LR=0.0005000 loss=0.707 (CE=0.372 VIR=0.013 wVIR=0.000 AUX=0.334 w=0.030) ACC=87.015 F1=81.204 Rec=81.121 Prec=81.403
Train Client1 [4/100] LR=0.0005000 loss=0.798 (CE=0.428 VIR=0.009 wVIR=0.000 AUX=0.370 w=0.030) ACC=83.391 F1=58.851 Rec=57.690 Prec=66.114
Train Client2 [4/100] LR=0.0005000 loss=0.686 (CE=0.388 VIR=0.033 wVIR=0.001 AUX=0.297 w=0.030) ACC=88.498 F1=59.728 Rec=59.803 Prec=63.446
Train Client3 [4/100] LR=0.0005000 loss=1.057 (CE=0.530 VIR=0.019 wVIR=0.001 AUX=0.527 w=0.030) ACC=77.462 F1=55.473 Rec=55.641 Prec=55.397
Train Client4 [4/100] LR=0.0005000 loss=0.537 (CE=0.294 VIR=0.015 wVIR=0.000 AUX=0.242 w=0.030) ACC=89.863 F1=47.277 Rec=45.733 Prec=53.587
Train Client5 [4/100] LR=0.0005000 loss=0.800 (CE=0.425 VIR=0.016 wVIR=0.000 AUX=0.375 w=0.030) ACC=85.982 F1=65.236 Rec=64.732 Prec=66.139
Train Client6 [4/100] LR=0.0005000 loss=1.040 (CE=0.586 VIR=0.107 wVIR=0.003 AUX=0.452 w=0.030) ACC=84.167 F1=52.447 Rec=54.506 Prec=50.719
Train Client7 [4/100] LR=0.0005000 loss=0.587 (CE=0.319 VIR=0.014 wVIR=0.000 AUX=0.268 w=0.030) ACC=89.091 F1=45.069 Rec=45.423 Prec=46.111

Val    [4/100] LR=0.0005000 loss=2.128 ACC=73.829 F1=67.447 Rec=73.829 Prec=84.214
Val-Known->Virtual [4/100] rate=0.000% prob_mean=0.003790 margin_mean=0.755776
Val-LogitMargin [4/100] TrueKnown-VMax mean=6.2682 std=0.9491 p10=4.9492 p50=6.3981 p90=7.3838
Stage1Diag [4/100] FeatDim=256 IntraVar=0.275803 InterDist=1.395942 Compact=0.197575 CenterNorm=2.240982
Stage1Boundary [4/100] KnownTrue-Other mean=1.3961 std=1.6796 p10=-0.8076 p50=1.2557 p90=3.6477 | BoundaryRate=20.000% count=350 thr=-0.4225 hist=[2, 22, 274, 52, 0]

Test-  OSR [4/100] LR=0.0005000 ACC=44.929 F1=44.610 Rec=59.905 Prec=40.069 UNK=0.000 OS*=71.886 HOS=0.000 AUROC=83.486 AUPR=72.297 OSCR=65.110
Test-Close [4/100] LR=0.0005000 loss=2.156 ACC=71.886 F1=65.171 Rec=71.886 Prec=62.908
Test-Virtual [4/100] CloseK->V=0.000% Open->V=0.000% OpenVEntropy=0.000000 CloseHist=[0, 0, 0] OpenHist=[0, 0, 0]
Test-LogitMargin [4/100] CloseTrue-VMax mean=6.2573 std=0.9639 p10=4.8661 p50=6.3978 p90=7.4223 | OpenKnown-VMax mean=5.9567 std=1.3978 p10=3.9551 p50=6.5013 p90=7.4870
AnchorDiag [4/100] VNorm=[1.0000001192092896, 1.0, 0.9999999403953552] VDriftMax=0.000000 Vcos(max/mean)=(0.0000/-0.0000) KVcos(max/mean)=(0.0062/-0.0031) ValK->V=0.00% CloseK->V=0.00% Open->V=0.00% OpenVEntropy=0.0000
Saving best model . . . . . . . .

Train Client0 [5/100] LR=0.0005000 loss=0.509 (CE=0.281 VIR=0.014 wVIR=0.000 AUX=0.228 w=0.030) ACC=90.571 F1=86.225 Rec=86.140 Prec=86.342
Train Client1 [5/100] LR=0.0005000 loss=0.724 (CE=0.385 VIR=0.015 wVIR=0.000 AUX=0.339 w=0.030) ACC=84.192 F1=64.517 Rec=62.159 Prec=72.007
Train Client2 [5/100] LR=0.0005000 loss=0.643 (CE=0.364 VIR=0.046 wVIR=0.001 AUX=0.278 w=0.030) ACC=88.308 F1=59.907 Rec=59.814 Prec=61.320
Train Client3 [5/100] LR=0.0005000 loss=1.012 (CE=0.543 VIR=0.052 wVIR=0.002 AUX=0.467 w=0.030) ACC=78.030 F1=61.792 Rec=61.455 Prec=62.320
Train Client4 [5/100] LR=0.0005000 loss=0.565 (CE=0.302 VIR=0.016 wVIR=0.000 AUX=0.262 w=0.030) ACC=89.405 F1=51.686 Rec=49.404 Prec=58.432
Train Client5 [5/100] LR=0.0005000 loss=0.775 (CE=0.418 VIR=0.046 wVIR=0.001 AUX=0.356 w=0.030) ACC=86.429 F1=65.768 Rec=65.437 Prec=66.244
Train Client6 [5/100] LR=0.0005000 loss=0.953 (CE=0.539 VIR=0.198 wVIR=0.006 AUX=0.408 w=0.030) ACC=86.667 F1=56.147 Rec=58.756 Prec=58.919
Train Client7 [5/100] LR=0.0005000 loss=0.588 (CE=0.306 VIR=0.022 wVIR=0.001 AUX=0.281 w=0.030) ACC=89.470 F1=46.929 Rec=46.684 Prec=54.254

Val    [5/100] LR=0.0005000 loss=2.053 ACC=78.686 F1=74.840 Rec=78.686 Prec=86.791
Val-Known->Virtual [5/100] rate=0.000% prob_mean=0.004510 margin_mean=0.755877
Val-LogitMargin [5/100] TrueKnown-VMax mean=6.3143 std=1.0328 p10=4.7902 p50=6.5460 p90=7.4167
Stage1Diag [5/100] FeatDim=256 IntraVar=0.310123 InterDist=1.515718 Compact=0.204604 CenterNorm=2.326000
Stage1Boundary [5/100] KnownTrue-Other mean=1.6320 std=1.8031 p10=-0.5113 p50=1.2647 p90=4.0043 | BoundaryRate=20.000% count=350 thr=-0.0719 hist=[9, 24, 283, 34, 0]

Test-  OSR [5/100] LR=0.0005000 ACC=47.357 F1=48.566 Rec=63.143 Prec=44.492 UNK=0.000 OS*=75.771 HOS=0.000 AUROC=80.270 AUPR=62.682 OSCR=67.115
Test-Close [5/100] LR=0.0005000 loss=2.079 ACC=75.771 F1=70.882 Rec=75.771 Prec=83.815
Test-Virtual [5/100] CloseK->V=0.000% Open->V=0.000% OpenVEntropy=0.000000 CloseHist=[0, 0, 0] OpenHist=[0, 0, 0]
Test-LogitMargin [5/100] CloseTrue-VMax mean=6.2907 std=1.0406 p10=4.8036 p50=6.5314 p90=7.4414 | OpenKnown-VMax mean=6.0344 std=1.4250 p10=3.7870 p50=6.6893 p90=7.4465
AnchorDiag [5/100] VNorm=[1.0000001192092896, 1.0, 0.9999999403953552] VDriftMax=0.000000 Vcos(max/mean)=(0.0000/-0.0000) KVcos(max/mean)=(0.0085/-0.0025) ValK->V=0.00% CloseK->V=0.00% Open->V=0.00% OpenVEntropy=0.0000
Saving best model . . . . . . . .

Saving model at epoch 5 . . . . . . . .

Train Client0 [6/100] LR=0.0005000 loss=0.455 (CE=0.254 VIR=0.018 wVIR=0.001 AUX=0.201 w=0.030) ACC=91.703 F1=70.268 Rec=70.256 Prec=70.286
Train Client1 [6/100] LR=0.0005000 loss=0.665 (CE=0.348 VIR=0.022 wVIR=0.001 AUX=0.316 w=0.030) ACC=86.560 F1=68.983 Rec=66.260 Prec=75.366
Train Client2 [6/100] LR=0.0005000 loss=0.567 (CE=0.316 VIR=0.052 wVIR=0.002 AUX=0.249 w=0.030) ACC=90.494 F1=63.699 Rec=63.817 Prec=64.050
Train Client3 [6/100] LR=0.0005000 loss=0.804 (CE=0.417 VIR=0.032 wVIR=0.001 AUX=0.386 w=0.030) ACC=83.902 F1=69.056 Rec=69.142 Prec=68.984
Train Client4 [6/100] LR=0.0005000 loss=0.547 (CE=0.283 VIR=0.043 wVIR=0.001 AUX=0.263 w=0.030) ACC=90.320 F1=51.258 Rec=49.457 Prec=57.183
Train Client5 [6/100] LR=0.0005000 loss=0.667 (CE=0.354 VIR=0.035 wVIR=0.001 AUX=0.312 w=0.030) ACC=88.839 F1=68.720 Rec=68.345 Prec=69.247
Train Client6 [6/100] LR=0.0005000 loss=0.810 (CE=0.470 VIR=0.226 wVIR=0.007 AUX=0.333 w=0.030) ACC=88.889 F1=66.132 Rec=68.082 Prec=73.356
Train Client7 [6/100] LR=0.0005000 loss=0.540 (CE=0.288 VIR=0.018 wVIR=0.001 AUX=0.251 w=0.030) ACC=90.303 F1=50.560 Rec=49.643 Prec=58.708

Val    [6/100] LR=0.0005000 loss=2.074 ACC=77.029 F1=72.286 Rec=77.029 Prec=85.937
Val-Known->Virtual [6/100] rate=0.000% prob_mean=0.005284 margin_mean=0.836504
Val-LogitMargin [6/100] TrueKnown-VMax mean=6.2754 std=1.2161 p10=4.6398 p50=6.4469 p90=7.7266
Stage1Diag [6/100] FeatDim=256 IntraVar=0.328439 InterDist=1.395987 Compact=0.235273 CenterNorm=2.247238
Stage1Boundary [6/100] KnownTrue-Other mean=2.1264 std=2.3444 p10=-1.0758 p50=2.1558 p90=5.0048 | BoundaryRate=20.000% count=350 thr=-0.3349 hist=[0, 36, 287, 27, 0]

Test-  OSR [6/100] LR=0.0005000 ACC=47.107 F1=48.337 Rec=62.810 Prec=46.203 UNK=0.000 OS*=75.371 HOS=0.000 AUROC=78.047 AUPR=57.162 OSCR=64.846
Test-Close [6/100] LR=0.0005000 loss=2.109 ACC=75.371 F1=69.824 Rec=75.371 Prec=85.136
Test-Virtual [6/100] CloseK->V=0.000% Open->V=0.000% OpenVEntropy=0.000000 CloseHist=[0, 0, 0] OpenHist=[0, 0, 0]
Test-LogitMargin [6/100] CloseTrue-VMax mean=6.2270 std=1.2367 p10=4.5276 p50=6.3936 p90=7.7169 | OpenKnown-VMax mean=6.2769 std=1.3110 p10=4.4239 p50=6.6033 p90=7.7640
AnchorDiag [6/100] VNorm=[1.0000001192092896, 1.0, 0.9999999403953552] VDriftMax=0.000000 Vcos(max/mean)=(0.0000/-0.0000) KVcos(max/mean)=(0.0088/-0.0023) ValK->V=0.00% CloseK->V=0.00% Open->V=0.00% OpenVEntropy=0.0000
Train Client0 [7/100] LR=0.0005000 loss=0.377 (CE=0.205 VIR=0.016 wVIR=0.000 AUX=0.171 w=0.030) ACC=93.534 F1=90.428 Rec=90.328 Prec=90.555
Train Client1 [7/100] LR=0.0005000 loss=0.664 (CE=0.352 VIR=0.035 wVIR=0.001 AUX=0.312 w=0.030) ACC=85.585 F1=66.702 Rec=64.634 Prec=71.478
Train Client2 [7/100] LR=0.0005000 loss=0.526 (CE=0.299 VIR=0.074 wVIR=0.002 AUX=0.224 w=0.030) ACC=91.065 F1=67.767 Rec=67.268 Prec=70.885
Train Client3 [7/100] LR=0.0005000 loss=0.706 (CE=0.363 VIR=0.041 wVIR=0.001 AUX=0.342 w=0.030) ACC=84.659 F1=62.253 Rec=62.609 Prec=63.077
Train Client4 [7/100] LR=0.0005000 loss=0.485 (CE=0.268 VIR=0.081 wVIR=0.002 AUX=0.215 w=0.030) ACC=90.777 F1=57.992 Rec=56.982 Prec=60.066
Train Client5 [7/100] LR=0.0005000 loss=0.587 (CE=0.323 VIR=0.041 wVIR=0.001 AUX=0.263 w=0.030) ACC=89.464 F1=68.503 Rec=67.949 Prec=69.297
Train Client6 [7/100] LR=0.0005000 loss=0.622 (CE=0.378 VIR=0.182 wVIR=0.005 AUX=0.239 w=0.030) ACC=86.667 F1=62.474 Rec=64.025 Prec=63.967
Train Client7 [7/100] LR=0.0005000 loss=0.426 (CE=0.223 VIR=0.028 wVIR=0.001 AUX=0.202 w=0.030) ACC=92.424 F1=60.056 Rec=57.447 Prec=65.338

Val    [7/100] LR=0.0005000 loss=1.977 ACC=84.686 F1=84.043 Rec=84.686 Prec=88.631
Val-Known->Virtual [7/100] rate=0.000% prob_mean=0.004960 margin_mean=0.822729
Val-LogitMargin [7/100] TrueKnown-VMax mean=6.2644 std=1.1079 p10=4.7403 p50=6.4650 p90=7.4400
Stage1Diag [7/100] FeatDim=256 IntraVar=0.318712 InterDist=1.416548 Compact=0.224992 CenterNorm=2.268528
Stage1Boundary [7/100] KnownTrue-Other mean=2.4718 std=2.5667 p10=-0.5332 p50=1.8130 p90=5.7698 | BoundaryRate=20.000% count=350 thr=0.4083 hist=[1, 75, 234, 31, 9]

Test-  OSR [7/100] LR=0.0005000 ACC=52.214 F1=55.947 Rec=69.619 Prec=50.197 UNK=0.000 OS*=83.543 HOS=0.000 AUROC=75.933 AUPR=55.823 OSCR=68.384
Test-Close [7/100] LR=0.0005000 loss=2.009 ACC=83.543 F1=82.844 Rec=83.543 Prec=87.524
Test-Virtual [7/100] CloseK->V=0.000% Open->V=0.000% OpenVEntropy=0.000000 CloseHist=[0, 0, 0] OpenHist=[0, 0, 0]
Test-LogitMargin [7/100] CloseTrue-VMax mean=6.2202 std=1.1274 p10=4.7071 p50=6.4703 p90=7.4043 | OpenKnown-VMax mean=6.1909 std=0.9709 p10=4.9357 p50=6.2502 p90=7.3660
AnchorDiag [7/100] VNorm=[1.0000001192092896, 1.0, 0.9999999403953552] VDriftMax=0.000000 Vcos(max/mean)=(0.0000/-0.0000) KVcos(max/mean)=(0.0113/-0.0014) ValK->V=0.00% CloseK->V=0.00% Open->V=0.00% OpenVEntropy=0.0000
Saving best model . . . . . . . .

Train Client0 [8/100] LR=0.0005000 loss=0.387 (CE=0.214 VIR=0.031 wVIR=0.001 AUX=0.173 w=0.030) ACC=93.050 F1=71.920 Rec=71.925 Prec=71.958
Train Client1 [8/100] LR=0.0005000 loss=0.574 (CE=0.308 VIR=0.032 wVIR=0.001 AUX=0.266 w=0.030) ACC=87.639 F1=71.699 Rec=69.172 Prec=76.808
Train Client2 [8/100] LR=0.0005000 loss=0.479 (CE=0.266 VIR=0.087 wVIR=0.003 AUX=0.210 w=0.030) ACC=91.683 F1=68.933 Rec=68.783 Prec=70.912
Train Client3 [8/100] LR=0.0005000 loss=0.528 (CE=0.270 VIR=0.036 wVIR=0.001 AUX=0.257 w=0.030) ACC=89.394 F1=67.684 Rec=67.919 Prec=67.807
Train Client4 [8/100] LR=0.0005000 loss=0.369 (CE=0.206 VIR=0.061 wVIR=0.002 AUX=0.162 w=0.030) ACC=92.226 F1=65.110 Rec=62.843 Prec=68.650
Train Client5 [8/100] LR=0.0005000 loss=0.553 (CE=0.295 VIR=0.043 wVIR=0.001 AUX=0.256 w=0.030) ACC=89.643 F1=68.067 Rec=67.616 Prec=68.698
Train Client6 [8/100] LR=0.0005000 loss=0.821 (CE=0.498 VIR=0.260 wVIR=0.008 AUX=0.316 w=0.030) ACC=84.722 F1=54.201 Rec=55.664 Prec=59.600
Train Client7 [8/100] LR=0.0005000 loss=0.507 (CE=0.263 VIR=0.047 wVIR=0.001 AUX=0.243 w=0.030) ACC=90.758 F1=55.703 Rec=53.140 Prec=62.446

Val    [8/100] LR=0.0005000 loss=1.895 ACC=91.771 F1=91.655 Rec=91.771 Prec=92.904
Val-Known->Virtual [8/100] rate=0.000% prob_mean=0.009043 margin_mean=0.823332
Val-LogitMargin [8/100] TrueKnown-VMax mean=5.8844 std=1.1325 p10=4.4773 p50=5.9257 p90=7.3518
Stage1Diag [8/100] FeatDim=256 IntraVar=0.271144 InterDist=1.326312 Compact=0.204435 CenterNorm=2.256187
Stage1Boundary [8/100] KnownTrue-Other mean=2.4930 std=2.2750 p10=0.1763 p50=2.0802 p90=5.9543 | BoundaryRate=20.000% count=350 thr=0.8367 hist=[23, 41, 172, 39, 75]

Test-  OSR [8/100] LR=0.0005000 ACC=56.821 F1=61.059 Rec=75.762 Prec=53.756 UNK=0.000 OS*=90.914 HOS=0.000 AUROC=75.497 AUPR=58.717 OSCR=72.182
Test-Close [8/100] LR=0.0005000 loss=1.917 ACC=90.914 F1=90.825 Rec=90.914 Prec=91.879
Test-Virtual [8/100] CloseK->V=0.000% Open->V=0.000% OpenVEntropy=0.000000 CloseHist=[0, 0, 0] OpenHist=[0, 0, 0]
Test-LogitMargin [8/100] CloseTrue-VMax mean=5.8535 std=1.1398 p10=4.3415 p50=5.9269 p90=7.2607 | OpenKnown-VMax mean=5.6336 std=1.6095 p10=3.3764 p50=6.1930 p90=7.4699
AnchorDiag [8/100] VNorm=[1.0000001192092896, 1.0, 0.9999999403953552] VDriftMax=0.000000 Vcos(max/mean)=(0.0000/-0.0000) KVcos(max/mean)=(0.0130/-0.0009) ValK->V=0.00% CloseK->V=0.00% Open->V=0.00% OpenVEntropy=0.0000
Saving best model . . . . . . . .

Train Client0 [9/100] LR=0.0005000 loss=0.364 (CE=0.199 VIR=0.020 wVIR=0.001 AUX=0.165 w=0.030) ACC=93.211 F1=89.826 Rec=89.761 Prec=89.922
Train Client1 [9/100] LR=0.0005000 loss=0.576 (CE=0.307 VIR=0.043 wVIR=0.001 AUX=0.268 w=0.030) ACC=88.753 F1=72.783 Rec=70.106 Prec=77.763
Train Client2 [9/100] LR=0.0005000 loss=0.469 (CE=0.259 VIR=0.096 wVIR=0.003 AUX=0.207 w=0.030) ACC=91.350 F1=68.457 Rec=67.504 Prec=72.601
Train Client3 [9/100] LR=0.0005000 loss=0.609 (CE=0.304 VIR=0.101 wVIR=0.003 AUX=0.302 w=0.030) ACC=90.530 F1=71.357 Rec=71.399 Prec=71.394
Train Client4 [9/100] LR=0.0005000 loss=0.377 (CE=0.205 VIR=0.106 wVIR=0.003 AUX=0.169 w=0.030) ACC=92.454 F1=69.072 Rec=65.512 Prec=74.877
Train Client5 [9/100] LR=0.0005000 loss=0.506 (CE=0.273 VIR=0.055 wVIR=0.002 AUX=0.232 w=0.030) ACC=90.982 F1=70.434 Rec=70.156 Prec=70.820
Train Client6 [9/100] LR=0.0005000 loss=0.553 (CE=0.329 VIR=0.204 wVIR=0.006 AUX=0.218 w=0.030) ACC=90.556 F1=74.553 Rec=74.477 Prec=76.548
Train Client7 [9/100] LR=0.0005000 loss=0.351 (CE=0.185 VIR=0.031 wVIR=0.001 AUX=0.165 w=0.030) ACC=93.636 F1=71.466 Rec=81.594 Prec=71.334

Val    [9/100] LR=0.0005000 loss=1.968 ACC=85.429 F1=84.853 Rec=85.429 Prec=89.169
Val-Known->Virtual [9/100] rate=0.000% prob_mean=0.005899 margin_mean=0.840979
Val-LogitMargin [9/100] TrueKnown-VMax mean=6.3038 std=1.2941 p10=4.5435 p50=6.5814 p90=7.8139
Stage1Diag [9/100] FeatDim=256 IntraVar=0.302647 InterDist=1.375556 Compact=0.220018 CenterNorm=2.267072
Stage1Boundary [9/100] KnownTrue-Other mean=2.5084 std=2.3863 p10=-0.5509 p50=1.9682 p90=5.7474 | BoundaryRate=20.000% count=350 thr=0.5908 hist=[0, 88, 225, 33, 4]

Test-  OSR [9/100] LR=0.0005000 ACC=52.929 F1=56.830 Rec=70.571 Prec=51.519 UNK=0.000 OS*=84.686 HOS=0.000 AUROC=77.800 AUPR=57.908 OSCR=70.270
Test-Close [9/100] LR=0.0005000 loss=1.998 ACC=84.686 F1=84.237 Rec=84.686 Prec=88.207
Test-Virtual [9/100] CloseK->V=0.000% Open->V=0.000% OpenVEntropy=0.000000 CloseHist=[0, 0, 0] OpenHist=[0, 0, 0]
Test-LogitMargin [9/100] CloseTrue-VMax mean=6.2907 std=1.3381 p10=4.3699 p50=6.5558 p90=7.8321 | OpenKnown-VMax mean=6.1980 std=1.2476 p10=4.4817 p50=6.4462 p90=7.6700
AnchorDiag [9/100] VNorm=[1.0000001192092896, 1.0, 0.9999999403953552] VDriftMax=0.000000 Vcos(max/mean)=(0.0000/-0.0000) KVcos(max/mean)=(0.0145/-0.0005) ValK->V=0.00% CloseK->V=0.00% Open->V=0.00% OpenVEntropy=0.0000
Train Client0 [10/100] LR=0.0005000 loss=0.338 (CE=0.182 VIR=0.041 wVIR=0.001 AUX=0.154 w=0.030) ACC=94.343 F1=73.602 Rec=73.545 Prec=73.691
Train Client1 [10/100] LR=0.0005000 loss=0.529 (CE=0.283 VIR=0.044 wVIR=0.001 AUX=0.245 w=0.030) ACC=89.659 F1=77.855 Rec=74.878 Prec=83.046
Train Client2 [10/100] LR=0.0005000 loss=0.445 (CE=0.242 VIR=0.101 wVIR=0.003 AUX=0.200 w=0.030) ACC=92.395 F1=70.054 Rec=69.950 Prec=71.150
Train Client3 [10/100] LR=0.0005000 loss=0.557 (CE=0.277 VIR=0.043 wVIR=0.001 AUX=0.279 w=0.030) ACC=91.098 F1=81.776 Rec=79.795 Prec=84.809
Train Client4 [10/100] LR=0.0005000 loss=0.378 (CE=0.207 VIR=0.120 wVIR=0.004 AUX=0.167 w=0.030) ACC=92.226 F1=62.988 Rec=62.109 Prec=64.025
Train Client5 [10/100] LR=0.0005000 loss=0.488 (CE=0.266 VIR=0.082 wVIR=0.002 AUX=0.219 w=0.030) ACC=91.875 F1=70.870 Rec=70.432 Prec=71.466
Train Client6 [10/100] LR=0.0005000 loss=0.519 (CE=0.306 VIR=0.287 wVIR=0.009 AUX=0.204 w=0.030) ACC=89.167 F1=76.704 Rec=78.085 Prec=76.491
Train Client7 [10/100] LR=0.0005000 loss=0.404 (CE=0.219 VIR=0.040 wVIR=0.001 AUX=0.184 w=0.030) ACC=92.424 F1=60.570 Rec=57.280 Prec=67.025

Val    [10/100] LR=0.0005000 loss=1.898 ACC=89.771 F1=89.502 Rec=89.771 Prec=91.811
Val-Known->Virtual [10/100] rate=0.000% prob_mean=0.007864 margin_mean=0.848470
Val-LogitMargin [10/100] TrueKnown-VMax mean=6.0012 std=1.1592 p10=4.4730 p50=6.0726 p90=7.4283
Stage1Diag [10/100] FeatDim=256 IntraVar=0.289890 InterDist=1.310966 Compact=0.221127 CenterNorm=2.236292
Stage1Boundary [10/100] KnownTrue-Other mean=2.6843 std=2.2887 p10=-0.0097 p50=2.2568 p90=5.8443 | BoundaryRate=20.000% count=350 thr=0.9864 hist=[11, 71, 199, 32, 37]

Test-  OSR [10/100] LR=0.0005000 ACC=55.964 F1=59.217 Rec=74.619 Prec=50.837 UNK=0.000 OS*=89.543 HOS=0.000 AUROC=80.047 AUPR=65.518 OSCR=74.841
Test-Close [10/100] LR=0.0005000 loss=1.916 ACC=89.543 F1=89.342 Rec=89.543 Prec=91.228
Test-Virtual [10/100] CloseK->V=0.000% Open->V=0.000% OpenVEntropy=0.000000 CloseHist=[0, 0, 0] OpenHist=[0, 0, 0]
Test-LogitMargin [10/100] CloseTrue-VMax mean=5.9731 std=1.2022 p10=4.3288 p50=6.0968 p90=7.4405 | OpenKnown-VMax mean=5.5714 std=1.7241 p10=3.0289 p50=6.1985 p90=7.4498
AnchorDiag [10/100] VNorm=[1.0000001192092896, 1.0, 0.9999999403953552] VDriftMax=0.000000 Vcos(max/mean)=(0.0000/-0.0000) KVcos(max/mean)=(0.0158/0.0003) ValK->V=0.00% CloseK->V=0.00% Open->V=0.00% OpenVEntropy=0.0000
Saving best model . . . . . . . .

Saving model at epoch 10 . . . . . . . .

Train Client0 [11/100] LR=0.0005000 loss=0.294 (CE=0.157 VIR=0.037 wVIR=0.001 AUX=0.137 w=0.030) ACC=95.312 F1=74.629 Rec=74.483 Prec=74.791
Train Client1 [11/100] LR=0.0005000 loss=0.526 (CE=0.278 VIR=0.068 wVIR=0.002 AUX=0.247 w=0.030) ACC=89.728 F1=78.259 Rec=76.178 Prec=81.693
Train Client2 [11/100] LR=0.0005000 loss=0.439 (CE=0.241 VIR=0.077 wVIR=0.002 AUX=0.195 w=0.030) ACC=91.492 F1=66.994 Rec=66.704 Prec=69.374
Train Client3 [11/100] LR=0.0005000 loss=0.601 (CE=0.288 VIR=0.141 wVIR=0.004 AUX=0.309 w=0.030) ACC=91.288 F1=74.885 Rec=73.839 Prec=77.405
Train Client4 [11/100] LR=0.0005000 loss=0.341 (CE=0.192 VIR=0.092 wVIR=0.003 AUX=0.147 w=0.030) ACC=93.598 F1=66.710 Rec=65.538 Prec=68.070
Train Client5 [11/100] LR=0.0005000 loss=0.446 (CE=0.239 VIR=0.090 wVIR=0.003 AUX=0.204 w=0.030) ACC=91.875 F1=77.247 Rec=76.222 Prec=78.585
Train Client6 [11/100] LR=0.0005000 loss=0.570 (CE=0.345 VIR=0.316 wVIR=0.009 AUX=0.215 w=0.030) ACC=88.056 F1=71.229 Rec=74.358 Prec=69.783
Train Client7 [11/100] LR=0.0005000 loss=0.341 (CE=0.183 VIR=0.046 wVIR=0.001 AUX=0.157 w=0.030) ACC=94.015 F1=65.326 Rec=63.314 Prec=68.719

Val    [11/100] LR=0.0005000 loss=1.898 ACC=89.429 F1=89.143 Rec=89.429 Prec=91.615
Val-Known->Virtual [11/100] rate=0.000% prob_mean=0.010287 margin_mean=0.853362
Val-LogitMargin [11/100] TrueKnown-VMax mean=5.8317 std=1.2081 p10=4.2043 p50=6.0510 p90=7.2456
Stage1Diag [11/100] FeatDim=256 IntraVar=0.308675 InterDist=1.316594 Compact=0.234449 CenterNorm=2.227224
Stage1Boundary [11/100] KnownTrue-Other mean=2.8228 std=2.3753 p10=-0.0724 p50=2.2594 p90=6.1477 | BoundaryRate=20.000% count=350 thr=1.0078 hist=[1, 80, 210, 35, 24]

Test-  OSR [11/100] LR=0.0005000 ACC=56.000 F1=59.360 Rec=74.667 Prec=51.513 UNK=0.000 OS*=89.600 HOS=0.000 AUROC=80.950 AUPR=62.314 OSCR=75.854
Test-Close [11/100] LR=0.0005000 loss=1.915 ACC=89.600 F1=89.384 Rec=89.600 Prec=91.556
Test-Virtual [11/100] CloseK->V=0.000% Open->V=0.000% OpenVEntropy=0.000000 CloseHist=[0, 0, 0] OpenHist=[0, 0, 0]
Test-LogitMargin [11/100] CloseTrue-VMax mean=5.8061 std=1.2415 p10=4.0771 p50=6.0551 p90=7.2400 | OpenKnown-VMax mean=5.4826 std=1.4590 p10=3.3582 p50=5.9561 p90=7.1417
AnchorDiag [11/100] VNorm=[1.0000001192092896, 1.0, 0.9999999403953552] VDriftMax=0.000000 Vcos(max/mean)=(0.0000/-0.0000) KVcos(max/mean)=(0.0168/0.0010) ValK->V=0.00% CloseK->V=0.00% Open->V=0.00% OpenVEntropy=0.0000
Saving best model . . . . . . . .

Train Client0 [12/100] LR=0.0005000 loss=0.280 (CE=0.150 VIR=0.029 wVIR=0.001 AUX=0.129 w=0.030) ACC=94.881 F1=92.432 Rec=92.365 Prec=92.523
Train Client1 [12/100] LR=0.0005000 loss=0.507 (CE=0.268 VIR=0.062 wVIR=0.002 AUX=0.237 w=0.030) ACC=89.241 F1=76.547 Rec=74.138 Prec=80.467
Train Client2 [12/100] LR=0.0005000 loss=0.412 (CE=0.225 VIR=0.114 wVIR=0.003 AUX=0.183 w=0.030) ACC=92.728 F1=71.587 Rec=71.249 Prec=74.039
Train Client3 [12/100] LR=0.0005000 loss=0.536 (CE=0.275 VIR=0.061 wVIR=0.002 AUX=0.259 w=0.030) ACC=91.288 F1=75.074 Rec=74.497 Prec=76.028
Train Client4 [12/100] LR=0.0005000 loss=0.304 (CE=0.172 VIR=0.102 wVIR=0.003 AUX=0.128 w=0.030) ACC=93.216 F1=69.141 Rec=67.452 Prec=71.145
Train Client5 [12/100] LR=0.0005000 loss=0.401 (CE=0.217 VIR=0.074 wVIR=0.002 AUX=0.181 w=0.030) ACC=93.036 F1=72.736 Rec=72.717 Prec=72.762
Train Client6 [12/100] LR=0.0005000 loss=0.484 (CE=0.322 VIR=0.440 wVIR=0.013 AUX=0.149 w=0.030) ACC=90.556 F1=77.140 Rec=78.115 Prec=78.279
Train Client7 [12/100] LR=0.0005000 loss=0.309 (CE=0.169 VIR=0.057 wVIR=0.002 AUX=0.138 w=0.030) ACC=94.167 F1=65.793 Rec=63.805 Prec=69.033

Val    [12/100] LR=0.0005000 loss=1.863 ACC=90.971 F1=90.688 Rec=90.971 Prec=93.047
Val-Known->Virtual [12/100] rate=0.000% prob_mean=0.009599 margin_mean=0.883601
Val-LogitMargin [12/100] TrueKnown-VMax mean=5.9042 std=1.1535 p10=4.4635 p50=5.9169 p90=7.4086
Stage1Diag [12/100] FeatDim=256 IntraVar=0.302420 InterDist=1.305029 Compact=0.231734 CenterNorm=2.205780
Stage1Boundary [12/100] KnownTrue-Other mean=3.4329 std=2.9543 p10=0.2054 p50=2.8914 p90=7.7597 | BoundaryRate=20.000% count=350 thr=1.3899 hist=[18, 53, 222, 23, 34]

Test-  OSR [12/100] LR=0.0005000 ACC=56.643 F1=60.048 Rec=75.524 Prec=51.841 UNK=0.000 OS*=90.629 HOS=0.000 AUROC=84.115 AUPR=70.925 OSCR=79.423
Test-Close [12/100] LR=0.0005000 loss=1.870 ACC=90.629 F1=90.419 Rec=90.629 Prec=92.344
Test-Virtual [12/100] CloseK->V=0.000% Open->V=0.000% OpenVEntropy=0.000000 CloseHist=[0, 0, 0] OpenHist=[0, 0, 0]
Test-LogitMargin [12/100] CloseTrue-VMax mean=5.8839 std=1.1818 p10=4.3225 p50=5.9311 p90=7.3899 | OpenKnown-VMax mean=5.3175 std=1.8486 p10=2.6880 p50=6.0240 p90=7.3808
AnchorDiag [12/100] VNorm=[1.0000001192092896, 1.0, 0.9999999403953552] VDriftMax=0.000000 Vcos(max/mean)=(0.0000/-0.0000) KVcos(max/mean)=(0.0176/0.0015) ValK->V=0.00% CloseK->V=0.00% Open->V=0.00% OpenVEntropy=0.0000
Saving best model . . . . . . . .

Train Client0 [13/100] LR=0.0005000 loss=0.267 (CE=0.146 VIR=0.028 wVIR=0.001 AUX=0.120 w=0.030) ACC=95.528 F1=93.247 Rec=93.215 Prec=93.283
Train Client1 [13/100] LR=0.0005000 loss=0.450 (CE=0.242 VIR=0.068 wVIR=0.002 AUX=0.206 w=0.030) ACC=91.017 F1=80.684 Rec=78.402 Prec=83.930
Train Client2 [13/100] LR=0.0005000 loss=0.397 (CE=0.220 VIR=0.093 wVIR=0.003 AUX=0.175 w=0.030) ACC=92.348 F1=70.726 Rec=70.665 Prec=73.667
Train Client3 [13/100] LR=0.0005000 loss=0.362 (CE=0.190 VIR=0.042 wVIR=0.001 AUX=0.171 w=0.030) ACC=92.424 F1=78.783 Rec=78.687 Prec=78.989
Train Client4 [13/100] LR=0.0005000 loss=0.320 (CE=0.178 VIR=0.146 wVIR=0.004 AUX=0.137 w=0.030) ACC=93.826 F1=71.843 Rec=69.975 Prec=74.422
Train Client5 [13/100] LR=0.0005000 loss=0.414 (CE=0.218 VIR=0.114 wVIR=0.003 AUX=0.193 w=0.030) ACC=92.500 F1=72.260 Rec=72.171 Prec=72.356
Train Client6 [13/100] LR=0.0005000 loss=0.441 (CE=0.271 VIR=0.251 wVIR=0.008 AUX=0.162 w=0.030) ACC=91.111 F1=76.918 Rec=77.486 Prec=76.987
Train Client7 [13/100] LR=0.0005000 loss=0.285 (CE=0.153 VIR=0.066 wVIR=0.002 AUX=0.130 w=0.030) ACC=94.621 F1=65.892 Rec=64.042 Prec=69.044

Val    [13/100] LR=0.0005000 loss=1.898 ACC=89.086 F1=88.611 Rec=89.086 Prec=91.869
Val-Known->Virtual [13/100] rate=0.000% prob_mean=0.010979 margin_mean=0.890136
Val-LogitMargin [13/100] TrueKnown-VMax mean=5.8025 std=1.2279 p10=4.3156 p50=5.8377 p90=7.3415
Stage1Diag [13/100] FeatDim=256 IntraVar=0.317347 InterDist=1.286438 Compact=0.246686 CenterNorm=2.219137
Stage1Boundary [13/100] KnownTrue-Other mean=3.2799 std=2.4932 p10=-0.1543 p50=3.1287 p90=6.4974 | BoundaryRate=20.000% count=350 thr=1.4296 hist=[6, 68, 227, 33, 16]

Test-  OSR [13/100] LR=0.0005000 ACC=55.607 F1=59.291 Rec=74.143 Prec=52.079 UNK=0.000 OS*=88.971 HOS=0.000 AUROC=82.015 AUPR=64.716 OSCR=76.372
Test-Close [13/100] LR=0.0005000 loss=1.909 ACC=88.971 F1=88.597 Rec=88.971 Prec=91.571
Test-Virtual [13/100] CloseK->V=0.000% Open->V=0.000% OpenVEntropy=0.000000 CloseHist=[0, 0, 0] OpenHist=[0, 0, 0]
Test-LogitMargin [13/100] CloseTrue-VMax mean=5.7720 std=1.2575 p10=4.1404 p50=5.8470 p90=7.2909 | OpenKnown-VMax mean=5.4634 std=1.6046 p10=3.2565 p50=5.7830 p90=7.3849
AnchorDiag [13/100] VNorm=[1.0000001192092896, 1.0, 0.9999999403953552] VDriftMax=0.000000 Vcos(max/mean)=(0.0000/-0.0000) KVcos(max/mean)=(0.0193/0.0018) ValK->V=0.00% CloseK->V=0.00% Open->V=0.00% OpenVEntropy=0.0000
Train Client0 [14/100] LR=0.0005000 loss=0.290 (CE=0.164 VIR=0.085 wVIR=0.003 AUX=0.123 w=0.030) ACC=95.259 F1=93.400 Rec=93.466 Prec=93.349
Train Client1 [14/100] LR=0.0005000 loss=0.431 (CE=0.229 VIR=0.054 wVIR=0.002 AUX=0.201 w=0.030) ACC=91.818 F1=83.204 Rec=80.833 Prec=86.623
Train Client2 [14/100] LR=0.0005000 loss=0.365 (CE=0.197 VIR=0.100 wVIR=0.003 AUX=0.164 w=0.030) ACC=93.441 F1=73.170 Rec=72.674 Prec=76.297
Train Client3 [14/100] LR=0.0005000 loss=0.449 (CE=0.225 VIR=0.070 wVIR=0.002 AUX=0.223 w=0.030) ACC=92.045 F1=74.810 Rec=74.857 Prec=75.357
Train Client4 [14/100] LR=0.0005000 loss=0.341 (CE=0.193 VIR=0.157 wVIR=0.005 AUX=0.143 w=0.030) ACC=92.835 F1=67.194 Rec=66.152 Prec=68.449
Train Client5 [14/100] LR=0.0005000 loss=0.357 (CE=0.189 VIR=0.100 wVIR=0.003 AUX=0.164 w=0.030) ACC=93.571 F1=72.816 Rec=72.362 Prec=73.373
Train Client6 [14/100] LR=0.0005000 loss=0.404 (CE=0.261 VIR=0.500 wVIR=0.015 AUX=0.128 w=0.030) ACC=90.278 F1=77.756 Rec=78.626 Prec=78.781
Train Client7 [14/100] LR=0.0005000 loss=0.271 (CE=0.151 VIR=0.063 wVIR=0.002 AUX=0.119 w=0.030) ACC=94.924 F1=75.677 Rec=85.572 Prec=75.814

Val    [14/100] LR=0.0005000 loss=1.855 ACC=91.429 F1=91.196 Rec=91.429 Prec=93.309
Val-Known->Virtual [14/100] rate=0.000% prob_mean=0.010447 margin_mean=0.886924
Val-LogitMargin [14/100] TrueKnown-VMax mean=5.6460 std=1.0210 p10=4.2454 p50=5.8091 p90=6.8006
Stage1Diag [14/100] FeatDim=256 IntraVar=0.298721 InterDist=1.285226 Compact=0.232427 CenterNorm=2.211459
Stage1Boundary [14/100] KnownTrue-Other mean=3.5205 std=2.7516 p10=0.2776 p50=3.1136 p90=7.4736 | BoundaryRate=20.000% count=350 thr=1.5165 hist=[3, 88, 191, 12, 56]

Test-  OSR [14/100] LR=0.0005000 ACC=57.179 F1=60.279 Rec=76.238 Prec=51.362 UNK=0.000 OS*=91.486 HOS=0.000 AUROC=85.217 AUPR=73.909 OSCR=80.460
Test-Close [14/100] LR=0.0005000 loss=1.858 ACC=91.486 F1=91.312 Rec=91.486 Prec=93.091
Test-Virtual [14/100] CloseK->V=0.000% Open->V=0.000% OpenVEntropy=0.000000 CloseHist=[0, 0, 0] OpenHist=[0, 0, 0]
Test-LogitMargin [14/100] CloseTrue-VMax mean=5.6332 std=1.0488 p10=4.2003 p50=5.8071 p90=6.8028 | OpenKnown-VMax mean=4.8906 std=1.5451 p10=2.6398 p50=5.3480 p90=6.6306
AnchorDiag [14/100] VNorm=[1.0000001192092896, 1.0, 0.9999999403953552] VDriftMax=0.000000 Vcos(max/mean)=(0.0000/-0.0000) KVcos(max/mean)=(0.0194/0.0022) ValK->V=0.00% CloseK->V=0.00% Open->V=0.00% OpenVEntropy=0.0000
Saving best model . . . . . . . .

Train Client0 [15/100] LR=0.0005000 loss=0.241 (CE=0.143 VIR=0.089 wVIR=0.003 AUX=0.095 w=0.030) ACC=95.690 F1=75.158 Rec=75.188 Prec=75.130
Train Client1 [15/100] LR=0.0005000 loss=0.401 (CE=0.214 VIR=0.064 wVIR=0.002 AUX=0.185 w=0.030) ACC=92.305 F1=83.866 Rec=81.639 Prec=87.370
Train Client2 [15/100] LR=0.0005000 loss=0.406 (CE=0.220 VIR=0.141 wVIR=0.004 AUX=0.181 w=0.030) ACC=92.871 F1=71.928 Rec=71.592 Prec=75.649
Train Client3 [15/100] LR=0.0005000 loss=0.370 (CE=0.190 VIR=0.056 wVIR=0.002 AUX=0.178 w=0.030) ACC=93.371 F1=84.166 Rec=83.226 Prec=85.313
Train Client4 [15/100] LR=0.0005000 loss=0.266 (CE=0.155 VIR=0.123 wVIR=0.004 AUX=0.107 w=0.030) ACC=93.902 F1=76.178 Rec=77.809 Prec=75.535
Train Client5 [15/100] LR=0.0005000 loss=0.299 (CE=0.163 VIR=0.100 wVIR=0.003 AUX=0.133 w=0.030) ACC=95.268 F1=80.831 Rec=79.858 Prec=82.078
Train Client6 [15/100] LR=0.0005000 loss=0.438 (CE=0.263 VIR=0.389 wVIR=0.012 AUX=0.164 w=0.030) ACC=93.333 F1=84.708 Rec=85.068 Prec=84.983
Train Client7 [15/100] LR=0.0005000 loss=0.269 (CE=0.141 VIR=0.094 wVIR=0.003 AUX=0.125 w=0.030) ACC=95.455 F1=82.023 Rec=86.448 Prec=81.916

Val    [15/100] LR=0.0005000 loss=1.811 ACC=94.171 F1=94.101 Rec=94.171 Prec=95.033
Val-Known->Virtual [15/100] rate=0.000% prob_mean=0.012610 margin_mean=0.895834
Val-LogitMargin [15/100] TrueKnown-VMax mean=5.6734 std=1.1137 p10=4.2581 p50=5.7444 p90=7.0271
Stage1Diag [15/100] FeatDim=256 IntraVar=0.299275 InterDist=1.312016 Compact=0.228103 CenterNorm=2.226968
Stage1Boundary [15/100] KnownTrue-Other mean=3.7928 std=2.7004 p10=0.7958 p50=3.5837 p90=7.6931 | BoundaryRate=20.000% count=350 thr=1.6533 hist=[10, 43, 165, 18, 114]

Test-  OSR [15/100] LR=0.0005000 ACC=58.679 F1=62.119 Rec=78.238 Prec=53.160 UNK=0.000 OS*=93.886 HOS=0.000 AUROC=83.479 AUPR=73.874 OSCR=80.367
Test-Close [15/100] LR=0.0005000 loss=1.817 ACC=93.886 F1=93.824 Rec=93.886 Prec=94.721
Test-Virtual [15/100] CloseK->V=0.000% Open->V=0.000% OpenVEntropy=0.000000 CloseHist=[0, 0, 0] OpenHist=[0, 0, 0]
Test-LogitMargin [15/100] CloseTrue-VMax mean=5.6548 std=1.1613 p10=4.1590 p50=5.7744 p90=7.0311 | OpenKnown-VMax mean=4.9609 std=1.7330 p10=2.4193 p50=5.6055 p90=6.8550
AnchorDiag [15/100] VNorm=[1.0000001192092896, 1.0, 0.9999999403953552] VDriftMax=0.000000 Vcos(max/mean)=(0.0000/-0.0000) KVcos(max/mean)=(0.0202/0.0026) ValK->V=0.00% CloseK->V=0.00% Open->V=0.00% OpenVEntropy=0.0000
Saving model at epoch 15 . . . . . . . .

Train Client0 [16/100] LR=0.0005000 loss=0.216 (CE=0.120 VIR=0.045 wVIR=0.001 AUX=0.094 w=0.030) ACC=96.121 F1=75.407 Rec=75.342 Prec=75.475
Train Client1 [16/100] LR=0.0005000 loss=0.410 (CE=0.223 VIR=0.079 wVIR=0.002 AUX=0.184 w=0.030) ACC=92.201 F1=84.943 Rec=82.122 Prec=89.358
Train Client2 [16/100] LR=0.0005000 loss=0.353 (CE=0.186 VIR=0.123 wVIR=0.004 AUX=0.164 w=0.030) ACC=93.346 F1=75.409 Rec=74.637 Prec=78.738
Train Client3 [16/100] LR=0.0005000 loss=0.332 (CE=0.174 VIR=0.057 wVIR=0.002 AUX=0.156 w=0.030) ACC=94.318 F1=82.015 Rec=80.842 Prec=84.112
Train Client4 [16/100] LR=0.0005000 loss=0.247 (CE=0.139 VIR=0.118 wVIR=0.004 AUX=0.105 w=0.030) ACC=94.970 F1=73.408 Rec=73.408 Prec=73.408
Train Client5 [16/100] LR=0.0005000 loss=0.363 (CE=0.195 VIR=0.113 wVIR=0.003 AUX=0.164 w=0.030) ACC=94.107 F1=73.174 Rec=73.145 Prec=73.223
Train Client6 [16/100] LR=0.0005000 loss=0.327 (CE=0.200 VIR=0.386 wVIR=0.012 AUX=0.115 w=0.030) ACC=91.944 F1=81.778 Rec=83.788 Prec=80.259
Train Client7 [16/100] LR=0.0005000 loss=0.288 (CE=0.157 VIR=0.106 wVIR=0.003 AUX=0.128 w=0.030) ACC=93.712 F1=64.932 Rec=63.631 Prec=66.649

Val    [16/100] LR=0.0005000 loss=1.798 ACC=93.771 F1=93.680 Rec=93.771 Prec=94.800
Val-Known->Virtual [16/100] rate=0.000% prob_mean=0.008988 margin_mean=0.912193
Val-LogitMargin [16/100] TrueKnown-VMax mean=6.1427 std=1.2331 p10=4.6504 p50=6.1510 p90=7.6909
Stage1Diag [16/100] FeatDim=256 IntraVar=0.308484 InterDist=1.343422 Compact=0.229626 CenterNorm=2.243092
Stage1Boundary [16/100] KnownTrue-Other mean=4.5862 std=3.6259 p10=0.8474 p50=4.1166 p90=9.8923 | BoundaryRate=20.000% count=350 thr=1.7657 hist=[12, 40, 158, 6, 134]

Test-  OSR [16/100] LR=0.0005000 ACC=58.393 F1=62.044 Rec=77.857 Prec=53.364 UNK=0.000 OS*=93.429 HOS=0.000 AUROC=80.825 AUPR=68.158 OSCR=78.191
Test-Close [16/100] LR=0.0005000 loss=1.802 ACC=93.429 F1=93.356 Rec=93.429 Prec=94.312
Test-Virtual [16/100] CloseK->V=0.000% Open->V=0.000% OpenVEntropy=0.000000 CloseHist=[0, 0, 0] OpenHist=[0, 0, 0]
Test-LogitMargin [16/100] CloseTrue-VMax mean=6.1063 std=1.2759 p10=4.5124 p50=6.1090 p90=7.7097 | OpenKnown-VMax mean=5.3843 std=1.5007 p10=3.4508 p50=5.6051 p90=7.2542
AnchorDiag [16/100] VNorm=[1.0000001192092896, 1.0, 0.9999999403953552] VDriftMax=0.000000 Vcos(max/mean)=(0.0000/-0.0000) KVcos(max/mean)=(0.0206/0.0032) ValK->V=0.00% CloseK->V=0.00% Open->V=0.00% OpenVEntropy=0.0000
Train Client0 [17/100] LR=0.0005000 loss=0.233 (CE=0.135 VIR=0.103 wVIR=0.003 AUX=0.094 w=0.030) ACC=95.905 F1=94.324 Rec=94.413 Prec=94.241
Train Client1 [17/100] LR=0.0005000 loss=0.363 (CE=0.196 VIR=0.061 wVIR=0.002 AUX=0.166 w=0.030) ACC=92.897 F1=84.324 Rec=82.089 Prec=87.710
Train Client2 [17/100] LR=0.0005000 loss=0.313 (CE=0.170 VIR=0.114 wVIR=0.003 AUX=0.139 w=0.030) ACC=94.392 F1=77.223 Rec=75.732 Prec=81.428
Train Client3 [17/100] LR=0.0005000 loss=0.437 (CE=0.220 VIR=0.079 wVIR=0.002 AUX=0.215 w=0.030) ACC=92.424 F1=79.588 Rec=78.338 Prec=81.543
Train Client4 [17/100] LR=0.0005000 loss=0.253 (CE=0.140 VIR=0.135 wVIR=0.004 AUX=0.109 w=0.030) ACC=94.207 F1=73.708 Rec=73.289 Prec=74.331
Train Client5 [17/100] LR=0.0005000 loss=0.336 (CE=0.184 VIR=0.097 wVIR=0.003 AUX=0.149 w=0.030) ACC=93.036 F1=71.930 Rec=71.763 Prec=72.139
Train Client6 [17/100] LR=0.0005000 loss=0.402 (CE=0.247 VIR=0.486 wVIR=0.015 AUX=0.140 w=0.030) ACC=93.333 F1=83.481 Rec=84.401 Prec=83.500
Train Client7 [17/100] LR=0.0005000 loss=0.256 (CE=0.137 VIR=0.088 wVIR=0.003 AUX=0.116 w=0.030) ACC=95.076 F1=67.460 Rec=65.540 Prec=70.676

Val    [17/100] LR=0.0005000 loss=1.815 ACC=92.914 F1=92.746 Rec=92.914 Prec=94.476
Val-Known->Virtual [17/100] rate=0.000% prob_mean=0.014191 margin_mean=0.917793
Val-LogitMargin [17/100] TrueKnown-VMax mean=5.7776 std=1.2736 p10=4.2780 p50=5.7100 p90=7.4424
Stage1Diag [17/100] FeatDim=256 IntraVar=0.312906 InterDist=1.231490 Compact=0.254087 CenterNorm=2.237059
Stage1Boundary [17/100] KnownTrue-Other mean=4.3888 std=2.9577 p10=0.8643 p50=4.3175 p90=8.5052 | BoundaryRate=20.000% count=350 thr=2.1273 hist=[7, 45, 178, 24, 96]

Test-  OSR [17/100] LR=0.0005000 ACC=58.393 F1=62.552 Rec=77.857 Prec=54.783 UNK=0.000 OS*=93.429 HOS=0.000 AUROC=80.667 AUPR=69.976 OSCR=77.481
Test-Close [17/100] LR=0.0005000 loss=1.815 ACC=93.429 F1=93.316 Rec=93.429 Prec=94.668
Test-Virtual [17/100] CloseK->V=0.000% Open->V=0.000% OpenVEntropy=0.000000 CloseHist=[0, 0, 0] OpenHist=[0, 0, 0]
Test-LogitMargin [17/100] CloseTrue-VMax mean=5.7529 std=1.3282 p10=4.0923 p50=5.7436 p90=7.4139 | OpenKnown-VMax mean=5.3046 std=2.1013 p10=2.2184 p50=6.1040 p90=7.5849
AnchorDiag [17/100] VNorm=[1.0000001192092896, 1.0, 0.9999999403953552] VDriftMax=0.000000 Vcos(max/mean)=(0.0000/-0.0000) KVcos(max/mean)=(0.0219/0.0036) ValK->V=0.00% CloseK->V=0.00% Open->V=0.00% OpenVEntropy=0.0000
Train Client0 [18/100] LR=0.0005000 loss=0.224 (CE=0.125 VIR=0.051 wVIR=0.002 AUX=0.098 w=0.030) ACC=96.121 F1=75.640 Rec=75.608 Prec=75.684
Train Client1 [18/100] LR=0.0005000 loss=0.347 (CE=0.188 VIR=0.054 wVIR=0.002 AUX=0.158 w=0.030) ACC=93.419 F1=85.274 Rec=82.982 Prec=88.499
Train Client2 [18/100] LR=0.0005000 loss=0.326 (CE=0.173 VIR=0.137 wVIR=0.004 AUX=0.148 w=0.030) ACC=94.202 F1=76.068 Rec=74.971 Prec=81.806
Train Client3 [18/100] LR=0.0005000 loss=0.371 (CE=0.204 VIR=0.058 wVIR=0.002 AUX=0.165 w=0.030) ACC=93.939 F1=82.678 Rec=80.418 Prec=87.235
Train Client4 [18/100] LR=0.0005000 loss=0.228 (CE=0.131 VIR=0.159 wVIR=0.005 AUX=0.092 w=0.030) ACC=95.427 F1=80.026 Rec=79.657 Prec=80.455
Train Client5 [18/100] LR=0.0005000 loss=0.287 (CE=0.156 VIR=0.095 wVIR=0.003 AUX=0.129 w=0.030) ACC=95.179 F1=79.781 Rec=79.338 Prec=80.280
Train Client6 [18/100] LR=0.0005000 loss=0.385 (CE=0.251 VIR=0.425 wVIR=0.013 AUX=0.122 w=0.030) ACC=93.333 F1=84.118 Rec=88.809 Prec=81.938
Train Client7 [18/100] LR=0.0005000 loss=0.284 (CE=0.152 VIR=0.123 wVIR=0.004 AUX=0.129 w=0.030) ACC=95.152 F1=68.609 Rec=66.859 Prec=71.058

Val    [18/100] LR=0.0005000 loss=1.785 ACC=94.286 F1=94.207 Rec=94.286 Prec=95.252
Val-Known->Virtual [18/100] rate=0.000% prob_mean=0.012067 margin_mean=0.909781
Val-LogitMargin [18/100] TrueKnown-VMax mean=5.7475 std=1.0582 p10=4.4681 p50=5.7775 p90=7.0069
Stage1Diag [18/100] FeatDim=256 IntraVar=0.299319 InterDist=1.215804 Compact=0.246190 CenterNorm=2.194154
Stage1Boundary [18/100] KnownTrue-Other mean=4.5022 std=3.2328 p10=0.9381 p50=4.2343 p90=8.8796 | BoundaryRate=20.000% count=350 thr=1.9077 hist=[9, 35, 176, 13, 117]

Test-  OSR [18/100] LR=0.0005000 ACC=58.893 F1=62.810 Rec=78.524 Prec=54.458 UNK=0.000 OS*=94.229 HOS=0.000 AUROC=84.210 AUPR=70.020 OSCR=81.781
Test-Close [18/100] LR=0.0005000 loss=1.793 ACC=94.229 F1=94.176 Rec=94.229 Prec=94.947
Test-Virtual [18/100] CloseK->V=0.000% Open->V=0.000% OpenVEntropy=0.000000 CloseHist=[0, 0, 0] OpenHist=[0, 0, 0]
Test-LogitMargin [18/100] CloseTrue-VMax mean=5.7227 std=1.1161 p10=4.3455 p50=5.8075 p90=7.0140 | OpenKnown-VMax mean=5.1829 std=1.5472 p10=3.0584 p50=5.6672 p90=6.9747
AnchorDiag [18/100] VNorm=[1.0000001192092896, 1.0, 0.9999999403953552] VDriftMax=0.000000 Vcos(max/mean)=(0.0000/-0.0000) KVcos(max/mean)=(0.0204/0.0036) ValK->V=0.00% CloseK->V=0.00% Open->V=0.00% OpenVEntropy=0.0000
Saving best model . . . . . . . .

Train Client0 [19/100] LR=0.0005000 loss=0.187 (CE=0.109 VIR=0.072 wVIR=0.002 AUX=0.077 w=0.030) ACC=96.767 F1=76.319 Rec=76.431 Prec=76.209
Train Client1 [19/100] LR=0.0005000 loss=0.370 (CE=0.197 VIR=0.074 wVIR=0.002 AUX=0.171 w=0.030) ACC=92.967 F1=85.086 Rec=82.812 Prec=88.230
Train Client2 [19/100] LR=0.0005000 loss=0.348 (CE=0.181 VIR=0.134 wVIR=0.004 AUX=0.163 w=0.030) ACC=94.202 F1=75.953 Rec=75.192 Prec=81.192
Train Client3 [19/100] LR=0.0005000 loss=0.374 (CE=0.188 VIR=0.056 wVIR=0.002 AUX=0.185 w=0.030) ACC=94.129 F1=81.325 Rec=80.738 Prec=82.123
Train Client4 [19/100] LR=0.0005000 loss=0.259 (CE=0.158 VIR=0.226 wVIR=0.007 AUX=0.094 w=0.030) ACC=94.207 F1=71.475 Rec=71.334 Prec=71.617
Train Client5 [19/100] LR=0.0005000 loss=0.271 (CE=0.143 VIR=0.086 wVIR=0.003 AUX=0.125 w=0.030) ACC=95.893 F1=82.310 Rec=80.771 Prec=85.531
Train Client6 [19/100] LR=0.0005000 loss=0.358 (CE=0.204 VIR=0.501 wVIR=0.015 AUX=0.139 w=0.030) ACC=94.167 F1=83.342 Rec=85.786 Prec=81.294
Train Client7 [19/100] LR=0.0005000 loss=0.231 (CE=0.128 VIR=0.089 wVIR=0.003 AUX=0.100 w=0.030) ACC=95.530 F1=69.756 Rec=68.411 Prec=71.518

Val    [19/100] LR=0.0005000 loss=1.783 ACC=94.800 F1=94.748 Rec=94.800 Prec=95.528
Val-Known->Virtual [19/100] rate=0.000% prob_mean=0.015526 margin_mean=0.916562
Val-LogitMargin [19/100] TrueKnown-VMax mean=5.5664 std=1.1817 p10=4.2019 p50=5.5018 p90=7.1226
Stage1Diag [19/100] FeatDim=256 IntraVar=0.297310 InterDist=1.207503 Compact=0.246218 CenterNorm=2.212181
Stage1Boundary [19/100] KnownTrue-Other mean=4.2505 std=2.7396 p10=1.1810 p50=4.0271 p90=7.9110 | BoundaryRate=20.000% count=350 thr=2.2045 hist=[7, 36, 167, 28, 112]

Test-  OSR [19/100] LR=0.0005000 ACC=59.357 F1=63.375 Rec=79.143 Prec=55.101 UNK=0.000 OS*=94.971 HOS=0.000 AUROC=83.362 AUPR=70.522 OSCR=81.175
Test-Close [19/100] LR=0.0005000 loss=1.783 ACC=94.971 F1=94.936 Rec=94.971 Prec=95.508
Test-Virtual [19/100] CloseK->V=0.000% Open->V=0.000% OpenVEntropy=0.000000 CloseHist=[0, 0, 0] OpenHist=[0, 0, 0]
Test-LogitMargin [19/100] CloseTrue-VMax mean=5.5396 std=1.2196 p10=4.0116 p50=5.5005 p90=7.1215 | OpenKnown-VMax mean=4.9044 std=1.7710 p10=2.5073 p50=5.4280 p90=6.9546
AnchorDiag [19/100] VNorm=[1.0000001192092896, 1.0, 0.9999999403953552] VDriftMax=0.000000 Vcos(max/mean)=(0.0000/-0.0000) KVcos(max/mean)=(0.0216/0.0040) ValK->V=0.00% CloseK->V=0.00% Open->V=0.00% OpenVEntropy=0.0000
Train Client0 [20/100] LR=0.0005000 loss=0.177 (CE=0.101 VIR=0.063 wVIR=0.002 AUX=0.074 w=0.030) ACC=96.983 F1=95.643 Rec=95.699 Prec=95.593
Train Client1 [20/100] LR=0.0005000 loss=0.359 (CE=0.192 VIR=0.085 wVIR=0.003 AUX=0.164 w=0.030) ACC=93.558 F1=86.602 Rec=85.384 Prec=88.420
Train Client2 [20/100] LR=0.0005000 loss=0.304 (CE=0.166 VIR=0.091 wVIR=0.003 AUX=0.135 w=0.030) ACC=94.249 F1=76.876 Rec=76.193 Prec=78.867
Train Client3 [20/100] LR=0.0005000 loss=0.276 (CE=0.144 VIR=0.078 wVIR=0.002 AUX=0.130 w=0.030) ACC=95.455 F1=79.433 Rec=79.150 Prec=79.836
Train Client4 [20/100] LR=0.0005000 loss=0.254 (CE=0.142 VIR=0.134 wVIR=0.004 AUX=0.108 w=0.030) ACC=95.274 F1=80.905 Rec=81.539 Prec=80.435
Train Client5 [20/100] LR=0.0005000 loss=0.261 (CE=0.144 VIR=0.086 wVIR=0.003 AUX=0.114 w=0.030) ACC=94.554 F1=73.954 Rec=73.630 Prec=74.308
Train Client6 [20/100] LR=0.0005000 loss=0.277 (CE=0.169 VIR=0.379 wVIR=0.011 AUX=0.096 w=0.030) ACC=94.722 F1=89.246 Rec=91.379 Prec=88.208
Train Client7 [20/100] LR=0.0005000 loss=0.205 (CE=0.110 VIR=0.085 wVIR=0.003 AUX=0.093 w=0.030) ACC=97.197 F1=73.580 Rec=71.881 Prec=75.758

Val    [20/100] LR=0.0005000 loss=1.808 ACC=92.914 F1=92.741 Rec=92.914 Prec=94.461
Val-Known->Virtual [20/100] rate=0.000% prob_mean=0.009773 margin_mean=0.935530
Val-LogitMargin [20/100] TrueKnown-VMax mean=6.1607 std=1.3199 p10=4.6143 p50=6.0572 p90=7.9095
Stage1Diag [20/100] FeatDim=256 IntraVar=0.331756 InterDist=1.260742 Compact=0.263143 CenterNorm=2.267120
Stage1Boundary [20/100] KnownTrue-Other mean=4.7256 std=3.0884 p10=1.2423 p50=4.6683 p90=8.9201 | BoundaryRate=20.000% count=350 thr=2.4083 hist=[8, 61, 178, 18, 85]

Test-  OSR [20/100] LR=0.0005000 ACC=58.393 F1=62.592 Rec=77.857 Prec=54.735 UNK=0.000 OS*=93.429 HOS=0.000 AUROC=84.508 AUPR=73.877 OSCR=81.241
Test-Close [20/100] LR=0.0005000 loss=1.807 ACC=93.429 F1=93.326 Rec=93.429 Prec=94.565
Test-Virtual [20/100] CloseK->V=0.000% Open->V=0.000% OpenVEntropy=0.000000 CloseHist=[0, 0, 0] OpenHist=[0, 0, 0]
Test-LogitMargin [20/100] CloseTrue-VMax mean=6.1292 std=1.3480 p10=4.4447 p50=6.1108 p90=7.8586 | OpenKnown-VMax mean=5.4271 std=2.2261 p10=2.1680 p50=6.2289 p90=7.8459
AnchorDiag [20/100] VNorm=[1.0000001192092896, 1.0, 0.9999999403953552] VDriftMax=0.000000 Vcos(max/mean)=(0.0000/-0.0000) KVcos(max/mean)=(0.0220/0.0041) ValK->V=0.00% CloseK->V=0.00% Open->V=0.00% OpenVEntropy=0.0000
Saving model at epoch 20 . . . . . . . .

Train Client0 [21/100] LR=0.0005000 loss=0.212 (CE=0.125 VIR=0.067 wVIR=0.002 AUX=0.085 w=0.030) ACC=96.121 F1=75.660 Rec=75.704 Prec=75.616
Train Client1 [21/100] LR=0.0005000 loss=0.361 (CE=0.194 VIR=0.071 wVIR=0.002 AUX=0.165 w=0.030) ACC=93.315 F1=86.518 Rec=84.593 Prec=89.350
Train Client2 [21/100] LR=0.0005000 loss=0.345 (CE=0.182 VIR=0.091 wVIR=0.003 AUX=0.161 w=0.030) ACC=94.011 F1=74.945 Rec=74.137 Prec=78.596
Train Client3 [21/100] LR=0.0005000 loss=0.223 (CE=0.115 VIR=0.042 wVIR=0.001 AUX=0.107 w=0.030) ACC=96.212 F1=87.093 Rec=88.092 Prec=86.374
Train Client4 [21/100] LR=0.0005000 loss=0.267 (CE=0.148 VIR=0.153 wVIR=0.005 AUX=0.115 w=0.030) ACC=94.284 F1=72.403 Rec=71.567 Prec=73.391
Train Client5 [21/100] LR=0.0005000 loss=0.253 (CE=0.139 VIR=0.067 wVIR=0.002 AUX=0.111 w=0.030) ACC=95.089 F1=78.867 Rec=79.262 Prec=78.589
Train Client6 [21/100] LR=0.0005000 loss=0.329 (CE=0.181 VIR=0.464 wVIR=0.014 AUX=0.134 w=0.030) ACC=95.278 F1=86.995 Rec=89.475 Prec=85.448
Train Client7 [21/100] LR=0.0005000 loss=0.235 (CE=0.123 VIR=0.126 wVIR=0.004 AUX=0.108 w=0.030) ACC=96.364 F1=72.084 Rec=70.570 Prec=74.129

Val    [21/100] LR=0.0005000 loss=1.797 ACC=93.657 F1=93.554 Rec=93.657 Prec=94.716
Val-Known->Virtual [21/100] rate=0.000% prob_mean=0.014177 margin_mean=0.920352
Val-LogitMargin [21/100] TrueKnown-VMax mean=5.6366 std=1.1948 p10=4.2222 p50=5.5812 p90=7.1901
Stage1Diag [21/100] FeatDim=256 IntraVar=0.304869 InterDist=1.296352 Compact=0.235174 CenterNorm=2.259399
Stage1Boundary [21/100] KnownTrue-Other mean=4.4955 std=2.9372 p10=1.2009 p50=4.3326 p90=8.3393 | BoundaryRate=20.000% count=350 thr=2.2225 hist=[8, 56, 167, 23, 96]

Test-  OSR [21/100] LR=0.0005000 ACC=58.750 F1=62.021 Rec=78.333 Prec=52.883 UNK=0.000 OS*=94.000 HOS=0.000 AUROC=86.468 AUPR=77.206 OSCR=83.290
Test-Close [21/100] LR=0.0005000 loss=1.799 ACC=94.000 F1=93.941 Rec=94.000 Prec=94.809
Test-Virtual [21/100] CloseK->V=0.000% Open->V=0.000% OpenVEntropy=0.000000 CloseHist=[0, 0, 0] OpenHist=[0, 0, 0]
Test-LogitMargin [21/100] CloseTrue-VMax mean=5.6105 std=1.2250 p10=4.1089 p50=5.6062 p90=7.2043 | OpenKnown-VMax mean=4.8388 std=1.6683 p10=2.6609 p50=5.2165 p90=6.8231
AnchorDiag [21/100] VNorm=[1.0000001192092896, 1.0, 0.9999999403953552] VDriftMax=0.000000 Vcos(max/mean)=(0.0000/-0.0000) KVcos(max/mean)=(0.0230/0.0045) ValK->V=0.00% CloseK->V=0.00% Open->V=0.00% OpenVEntropy=0.0000
Saving best model . . . . . . . .

Train Client0 [22/100] LR=0.0005000 loss=0.187 (CE=0.110 VIR=0.050 wVIR=0.002 AUX=0.075 w=0.030) ACC=96.282 F1=75.808 Rec=75.908 Prec=75.715
Train Client1 [22/100] LR=0.0005000 loss=0.308 (CE=0.162 VIR=0.063 wVIR=0.002 AUX=0.144 w=0.030) ACC=94.429 F1=88.511 Rec=85.686 Prec=92.375
Train Client2 [22/100] LR=0.0005000 loss=0.314 (CE=0.167 VIR=0.112 wVIR=0.003 AUX=0.143 w=0.030) ACC=94.392 F1=76.827 Rec=75.987 Prec=79.516
Train Client3 [22/100] LR=0.0005000 loss=0.332 (CE=0.167 VIR=0.063 wVIR=0.002 AUX=0.164 w=0.030) ACC=94.318 F1=81.187 Rec=80.598 Prec=82.264
Train Client4 [22/100] LR=0.0005000 loss=0.223 (CE=0.130 VIR=0.132 wVIR=0.004 AUX=0.090 w=0.030) ACC=96.113 F1=82.259 Rec=82.754 Prec=82.019
Train Client5 [22/100] LR=0.0005000 loss=0.236 (CE=0.119 VIR=0.086 wVIR=0.003 AUX=0.115 w=0.030) ACC=95.982 F1=75.449 Rec=75.015 Prec=75.956
Train Client6 [22/100] LR=0.0005000 loss=0.178 (CE=0.123 VIR=0.291 wVIR=0.009 AUX=0.047 w=0.030) ACC=96.111 F1=90.287 Rec=93.530 Prec=88.025
Train Client7 [22/100] LR=0.0005000 loss=0.209 (CE=0.113 VIR=0.065 wVIR=0.002 AUX=0.094 w=0.030) ACC=96.667 F1=81.805 Rec=89.774 Prec=81.099

Val    [22/100] LR=0.0005000 loss=1.775 ACC=94.743 F1=94.686 Rec=94.743 Prec=95.526
Val-Known->Virtual [22/100] rate=0.000% prob_mean=0.013765 margin_mean=0.927124
Val-LogitMargin [22/100] TrueKnown-VMax mean=5.7937 std=1.2656 p10=4.3134 p50=5.6811 p90=7.4495
Stage1Diag [22/100] FeatDim=256 IntraVar=0.298206 InterDist=1.221576 Compact=0.244116 CenterNorm=2.235870
Stage1Boundary [22/100] KnownTrue-Other mean=4.7681 std=3.1927 p10=1.3704 p50=4.2253 p90=9.4445 | BoundaryRate=20.000% count=350 thr=2.4624 hist=[21, 26, 159, 22, 122]

Test-  OSR [22/100] LR=0.0005000 ACC=59.607 F1=63.699 Rec=79.476 Prec=55.497 UNK=0.000 OS*=95.371 HOS=0.000 AUROC=84.288 AUPR=74.080 OSCR=81.953
Test-Close [22/100] LR=0.0005000 loss=1.772 ACC=95.371 F1=95.335 Rec=95.371 Prec=95.938
Test-Virtual [22/100] CloseK->V=0.000% Open->V=0.000% OpenVEntropy=0.000000 CloseHist=[0, 0, 0] OpenHist=[0, 0, 0]
Test-LogitMargin [22/100] CloseTrue-VMax mean=5.7748 std=1.2840 p10=4.2479 p50=5.6468 p90=7.4450 | OpenKnown-VMax mean=5.1539 std=1.9537 p10=2.4285 p50=5.8696 p90=7.3457
AnchorDiag [22/100] VNorm=[1.0000001192092896, 1.0, 0.9999999403953552] VDriftMax=0.000000 Vcos(max/mean)=(0.0000/-0.0000) KVcos(max/mean)=(0.0244/0.0047) ValK->V=0.00% CloseK->V=0.00% Open->V=0.00% OpenVEntropy=0.0000
Train Client0 [23/100] LR=0.0005000 loss=0.203 (CE=0.113 VIR=0.058 wVIR=0.002 AUX=0.088 w=0.030) ACC=96.121 F1=75.605 Rec=75.514 Prec=75.709
Train Client1 [23/100] LR=0.0005000 loss=0.331 (CE=0.175 VIR=0.062 wVIR=0.002 AUX=0.154 w=0.030) ACC=93.802 F1=86.491 Rec=84.939 Prec=88.663
Train Client2 [23/100] LR=0.0005000 loss=0.284 (CE=0.156 VIR=0.088 wVIR=0.003 AUX=0.126 w=0.030) ACC=94.202 F1=79.139 Rec=77.874 Prec=82.598
Train Client3 [23/100] LR=0.0005000 loss=0.276 (CE=0.153 VIR=0.074 wVIR=0.002 AUX=0.121 w=0.030) ACC=95.644 F1=89.781 Rec=95.384 Prec=86.917
Train Client4 [23/100] LR=0.0005000 loss=0.259 (CE=0.139 VIR=0.174 wVIR=0.005 AUX=0.115 w=0.030) ACC=95.427 F1=79.869 Rec=78.301 Prec=82.558
Train Client5 [23/100] LR=0.0005000 loss=0.243 (CE=0.129 VIR=0.063 wVIR=0.002 AUX=0.111 w=0.030) ACC=95.179 F1=74.640 Rec=74.852 Prec=74.436
Train Client6 [23/100] LR=0.0005000 loss=0.186 (CE=0.107 VIR=0.263 wVIR=0.008 AUX=0.072 w=0.030) ACC=96.389 F1=89.683 Rec=92.043 Prec=88.351
Train Client7 [23/100] LR=0.0005000 loss=0.219 (CE=0.119 VIR=0.062 wVIR=0.002 AUX=0.098 w=0.030) ACC=95.530 F1=69.493 Rec=68.237 Prec=71.083

Val    [23/100] LR=0.0005000 loss=1.788 ACC=93.943 F1=93.837 Rec=93.943 Prec=95.040
Val-Known->Virtual [23/100] rate=0.000% prob_mean=0.010668 margin_mean=0.934364
Val-LogitMargin [23/100] TrueKnown-VMax mean=6.0902 std=1.3025 p10=4.4849 p50=6.0427 p90=7.7557
Stage1Diag [23/100] FeatDim=256 IntraVar=0.291912 InterDist=1.270649 Compact=0.229734 CenterNorm=2.248760
Stage1Boundary [23/100] KnownTrue-Other mean=5.0311 std=3.3996 p10=1.3632 p50=4.7825 p90=9.8349 | BoundaryRate=20.000% count=350 thr=2.4909 hist=[6, 40, 176, 16, 112]

Test-  OSR [23/100] LR=0.0005000 ACC=59.250 F1=62.485 Rec=79.000 Prec=53.187 UNK=0.000 OS*=94.800 HOS=0.000 AUROC=87.861 AUPR=79.532 OSCR=84.855
Test-Close [23/100] LR=0.0005000 loss=1.781 ACC=94.800 F1=94.739 Rec=94.800 Prec=95.643
Test-Virtual [23/100] CloseK->V=0.000% Open->V=0.000% OpenVEntropy=0.000000 CloseHist=[0, 0, 0] OpenHist=[0, 0, 0]
Test-LogitMargin [23/100] CloseTrue-VMax mean=6.1084 std=1.3461 p10=4.4329 p50=6.1030 p90=7.7800 | OpenKnown-VMax mean=5.2576 std=1.7963 p10=2.8252 p50=5.8251 p90=7.3355
AnchorDiag [23/100] VNorm=[1.0000001192092896, 1.0, 0.9999999403953552] VDriftMax=0.000000 Vcos(max/mean)=(0.0000/-0.0000) KVcos(max/mean)=(0.0243/0.0047) ValK->V=0.00% CloseK->V=0.00% Open->V=0.00% OpenVEntropy=0.0000
Saving best model . . . . . . . .

>> New learning Rate: 0.00025
Train Client0 [24/100] LR=0.0002500 loss=0.084 (CE=0.050 VIR=0.022 wVIR=0.001 AUX=0.033 w=0.030) ACC=98.491 F1=78.251 Rec=78.267 Prec=78.238
Train Client1 [24/100] LR=0.0002500 loss=0.200 (CE=0.106 VIR=0.045 wVIR=0.001 AUX=0.093 w=0.030) ACC=96.518 F1=92.713 Rec=91.968 Prec=93.756
Train Client2 [24/100] LR=0.0002500 loss=0.203 (CE=0.110 VIR=0.046 wVIR=0.001 AUX=0.092 w=0.030) ACC=95.865 F1=84.089 Rec=83.215 Prec=85.933
Train Client3 [24/100] LR=0.0002500 loss=0.160 (CE=0.085 VIR=0.026 wVIR=0.001 AUX=0.075 w=0.030) ACC=96.591 F1=90.256 Rec=92.541 Prec=88.570
Train Client4 [24/100] LR=0.0002500 loss=0.179 (CE=0.111 VIR=0.127 wVIR=0.004 AUX=0.064 w=0.030) ACC=95.884 F1=81.359 Rec=82.643 Prec=80.214
Train Client5 [24/100] LR=0.0002500 loss=0.098 (CE=0.058 VIR=0.034 wVIR=0.001 AUX=0.038 w=0.030) ACC=97.857 F1=81.912 Rec=82.857 Prec=81.302
Train Client6 [24/100] LR=0.0002500 loss=0.182 (CE=0.128 VIR=0.263 wVIR=0.008 AUX=0.046 w=0.030) ACC=95.556 F1=88.854 Rec=92.930 Prec=87.132
Train Client7 [24/100] LR=0.0002500 loss=0.153 (CE=0.092 VIR=0.119 wVIR=0.004 AUX=0.058 w=0.030) ACC=97.348 F1=80.735 Rec=93.155 Prec=79.273

Val    [24/100] LR=0.0002500 loss=1.760 ACC=95.143 F1=95.090 Rec=95.143 Prec=95.888
Val-Known->Virtual [24/100] rate=0.000% prob_mean=0.008350 margin_mean=0.950681
Val-LogitMargin [24/100] TrueKnown-VMax mean=6.3793 std=1.1967 p10=4.7684 p50=6.4938 p90=7.8111
Stage1Diag [24/100] FeatDim=256 IntraVar=0.321529 InterDist=1.317276 Compact=0.244086 CenterNorm=2.279053
Stage1Boundary [24/100] KnownTrue-Other mean=6.1009 std=3.6368 p10=1.8024 p50=6.1623 p90=10.7828 | BoundaryRate=20.000% count=350 thr=2.8292 hist=[3, 19, 163, 16, 149]

Test-  OSR [24/100] LR=0.0002500 ACC=59.857 F1=63.517 Rec=79.778 Prec=71.254 UNK=0.095 OS*=95.714 HOS=0.190 AUROC=84.857 AUPR=77.636 OSCR=82.608
Test-Close [24/100] LR=0.0002500 loss=1.754 ACC=95.714 F1=95.676 Rec=95.714 Prec=96.317
Test-Virtual [24/100] CloseK->V=0.000% Open->V=0.095% OpenVEntropy=-0.000000 CloseHist=[0, 0, 0] OpenHist=[0, 1, 0]
Test-LogitMargin [24/100] CloseTrue-VMax mean=6.3968 std=1.2419 p10=4.7728 p50=6.5258 p90=7.8352 | OpenKnown-VMax mean=5.4072 std=2.2028 p10=2.2539 p50=6.2404 p90=7.7910
AnchorDiag [24/100] VNorm=[1.0000001192092896, 1.0, 0.9999999403953552] VDriftMax=0.000000 Vcos(max/mean)=(0.0000/-0.0000) KVcos(max/mean)=(0.0246/0.0046) ValK->V=0.00% CloseK->V=0.00% Open->V=0.10% OpenVEntropy=-0.0000
Train Client0 [25/100] LR=0.0002500 loss=0.035 (CE=0.021 VIR=0.009 wVIR=0.000 AUX=0.014 w=0.030) ACC=99.300 F1=98.950 Rec=98.952 Prec=98.949
Train Client1 [25/100] LR=0.0002500 loss=0.224 (CE=0.117 VIR=0.052 wVIR=0.002 AUX=0.105 w=0.030) ACC=95.717 F1=91.458 Rec=90.715 Prec=92.523
Train Client2 [25/100] LR=0.0002500 loss=0.188 (CE=0.104 VIR=0.060 wVIR=0.002 AUX=0.083 w=0.030) ACC=95.960 F1=85.748 Rec=84.789 Prec=87.016
Train Client3 [25/100] LR=0.0002500 loss=0.179 (CE=0.097 VIR=0.018 wVIR=0.001 AUX=0.081 w=0.030) ACC=96.402 F1=86.033 Rec=82.864 Prec=95.936
Train Client4 [25/100] LR=0.0002500 loss=0.163 (CE=0.099 VIR=0.134 wVIR=0.004 AUX=0.060 w=0.030) ACC=96.646 F1=86.292 Rec=90.349 Prec=83.681
Train Client5 [25/100] LR=0.0002500 loss=0.114 (CE=0.069 VIR=0.049 wVIR=0.001 AUX=0.044 w=0.030) ACC=98.214 F1=93.913 Rec=97.652 Prec=91.515
Train Client6 [25/100] LR=0.0002500 loss=0.224 (CE=0.136 VIR=0.350 wVIR=0.010 AUX=0.078 w=0.030) ACC=95.278 F1=92.151 Rec=92.989 Prec=91.347
Train Client7 [25/100] LR=0.0002500 loss=0.192 (CE=0.095 VIR=0.111 wVIR=0.003 AUX=0.094 w=0.030) ACC=97.045 F1=73.017 Rec=72.627 Prec=73.541

Val    [25/100] LR=0.0002500 loss=1.740 ACC=95.714 F1=95.676 Rec=95.714 Prec=96.317
Val-Known->Virtual [25/100] rate=0.000% prob_mean=0.009373 margin_mean=0.948573
Val-LogitMargin [25/100] TrueKnown-VMax mean=6.2336 std=1.1838 p10=4.6343 p50=6.3234 p90=7.6131
Stage1Diag [25/100] FeatDim=256 IntraVar=0.310696 InterDist=1.259019 Compact=0.246776 CenterNorm=2.260074
Stage1Boundary [25/100] KnownTrue-Other mean=6.0710 std=3.5328 p10=1.9146 p50=6.1909 p90=10.6675 | BoundaryRate=20.000% count=350 thr=2.7560 hist=[3, 21, 145, 12, 169]

Test-  OSR [25/100] LR=0.0002500 ACC=60.000 F1=63.894 Rec=79.968 Prec=71.854 UNK=0.095 OS*=95.943 HOS=0.190 AUROC=83.526 AUPR=77.792 OSCR=81.572
Test-Close [25/100] LR=0.0002500 loss=1.738 ACC=95.943 F1=95.920 Rec=95.943 Prec=96.337
Test-Virtual [25/100] CloseK->V=0.000% Open->V=0.095% OpenVEntropy=-0.000000 CloseHist=[0, 0, 0] OpenHist=[0, 1, 0]
Test-LogitMargin [25/100] CloseTrue-VMax mean=6.2447 std=1.2170 p10=4.6710 p50=6.3667 p90=7.6264 | OpenKnown-VMax mean=5.2213 std=2.1960 p10=2.1043 p50=5.9424 p90=7.6592
AnchorDiag [25/100] VNorm=[1.0000001192092896, 1.0, 0.9999999403953552] VDriftMax=0.000000 Vcos(max/mean)=(0.0000/-0.0000) KVcos(max/mean)=(0.0254/0.0049) ValK->V=0.00% CloseK->V=0.00% Open->V=0.10% OpenVEntropy=-0.0000
Saving model at epoch 25 . . . . . . . .

Train Client0 [26/100] LR=0.0002500 loss=0.110 (CE=0.061 VIR=0.068 wVIR=0.002 AUX=0.046 w=0.030) ACC=98.384 F1=78.210 Rec=78.217 Prec=78.204
Train Client1 [26/100] LR=0.0002500 loss=0.195 (CE=0.102 VIR=0.043 wVIR=0.001 AUX=0.093 w=0.030) ACC=96.135 F1=90.890 Rec=89.897 Prec=92.335
Train Client2 [26/100] LR=0.0002500 loss=0.201 (CE=0.116 VIR=0.076 wVIR=0.002 AUX=0.082 w=0.030) ACC=95.342 F1=84.248 Rec=84.038 Prec=84.649
Train Client3 [26/100] LR=0.0002500 loss=0.148 (CE=0.076 VIR=0.024 wVIR=0.001 AUX=0.071 w=0.030) ACC=97.727 F1=95.472 Rec=96.920 Prec=94.379
Train Client4 [26/100] LR=0.0002500 loss=0.200 (CE=0.129 VIR=0.163 wVIR=0.005 AUX=0.066 w=0.030) ACC=95.503 F1=79.576 Rec=84.756 Prec=77.915
Train Client5 [26/100] LR=0.0002500 loss=0.101 (CE=0.057 VIR=0.030 wVIR=0.001 AUX=0.043 w=0.030) ACC=98.214 F1=82.757 Rec=83.216 Prec=82.410
Train Client6 [26/100] LR=0.0002500 loss=0.138 (CE=0.092 VIR=0.190 wVIR=0.006 AUX=0.040 w=0.030) ACC=96.667 F1=91.990 Rec=94.702 Prec=89.702
Train Client7 [26/100] LR=0.0002500 loss=0.143 (CE=0.081 VIR=0.137 wVIR=0.004 AUX=0.058 w=0.030) ACC=97.273 F1=83.517 Rec=93.364 Prec=80.351

Val    [26/100] LR=0.0002500 loss=1.742 ACC=95.600 F1=95.568 Rec=95.600 Prec=96.120
Val-Known->Virtual [26/100] rate=0.000% prob_mean=0.011251 margin_mean=0.941351
Val-LogitMargin [26/100] TrueKnown-VMax mean=6.0771 std=1.2672 p10=4.5222 p50=6.0702 p90=7.6619
Stage1Diag [26/100] FeatDim=256 IntraVar=0.295906 InterDist=1.234834 Compact=0.239632 CenterNorm=2.244631
Stage1Boundary [26/100] KnownTrue-Other mean=5.8459 std=3.3536 p10=1.7031 p50=6.3061 p90=9.9336 | BoundaryRate=20.000% count=350 thr=2.5731 hist=[1, 26, 134, 9, 180]

Test-  OSR [26/100] LR=0.0002500 ACC=60.179 F1=63.672 Rec=80.143 Prec=70.941 UNK=0.286 OS*=96.114 HOS=0.570 AUROC=81.507 AUPR=76.314 OSCR=79.570
Test-Close [26/100] LR=0.0002500 loss=1.743 ACC=96.114 F1=96.094 Rec=96.114 Prec=96.485
Test-Virtual [26/100] CloseK->V=0.000% Open->V=0.286% OpenVEntropy=-0.000000 CloseHist=[0, 0, 0] OpenHist=[0, 3, 0]
Test-LogitMargin [26/100] CloseTrue-VMax mean=6.0818 std=1.3169 p10=4.4448 p50=6.0973 p90=7.5909 | OpenKnown-VMax mean=5.4400 std=2.3671 p10=2.0256 p50=6.3700 p90=8.0085
AnchorDiag [26/100] VNorm=[1.0000001192092896, 1.0, 0.9999999403953552] VDriftMax=0.000000 Vcos(max/mean)=(0.0000/-0.0000) KVcos(max/mean)=(0.0259/0.0051) ValK->V=0.00% CloseK->V=0.00% Open->V=0.29% OpenVEntropy=-0.0000
Train Client0 [27/100] LR=0.0002500 loss=0.058 (CE=0.035 VIR=0.030 wVIR=0.001 AUX=0.022 w=0.030) ACC=98.922 F1=78.778 Rec=78.797 Prec=78.760
Train Client1 [27/100] LR=0.0002500 loss=0.188 (CE=0.096 VIR=0.043 wVIR=0.001 AUX=0.091 w=0.030) ACC=96.831 F1=93.816 Rec=92.722 Prec=95.331
Train Client2 [27/100] LR=0.0002500 loss=0.171 (CE=0.092 VIR=0.044 wVIR=0.001 AUX=0.077 w=0.030) ACC=96.530 F1=86.844 Rec=85.141 Prec=89.824
Train Client3 [27/100] LR=0.0002500 loss=0.135 (CE=0.060 VIR=0.041 wVIR=0.001 AUX=0.074 w=0.030) ACC=97.917 F1=92.274 Rec=94.525 Prec=90.682
Train Client4 [27/100] LR=0.0002500 loss=0.190 (CE=0.117 VIR=0.169 wVIR=0.005 AUX=0.069 w=0.030) ACC=96.646 F1=85.086 Rec=89.961 Prec=82.363
Train Client5 [27/100] LR=0.0002500 loss=0.094 (CE=0.055 VIR=0.046 wVIR=0.001 AUX=0.038 w=0.030) ACC=98.304 F1=84.113 Rec=83.710 Prec=84.768
Train Client6 [27/100] LR=0.0002500 loss=0.164 (CE=0.115 VIR=0.296 wVIR=0.009 AUX=0.040 w=0.030) ACC=96.667 F1=93.271 Rec=96.928 Prec=90.145
Train Client7 [27/100] LR=0.0002500 loss=0.123 (CE=0.069 VIR=0.194 wVIR=0.006 AUX=0.048 w=0.030) ACC=98.030 F1=95.294 Rec=95.297 Prec=95.482

Val    [27/100] LR=0.0002500 loss=1.746 ACC=94.971 F1=94.920 Rec=94.971 Prec=95.675
Val-Known->Virtual [27/100] rate=0.000% prob_mean=0.009502 margin_mean=0.947295
Val-LogitMargin [27/100] TrueKnown-VMax mean=6.1787 std=1.1446 p10=4.7082 p50=6.2798 p90=7.4912
Stage1Diag [27/100] FeatDim=256 IntraVar=0.301666 InterDist=1.247008 Compact=0.241912 CenterNorm=2.270006
Stage1Boundary [27/100] KnownTrue-Other mean=6.5526 std=3.8679 p10=1.7538 p50=7.1385 p90=11.2984 | BoundaryRate=20.000% count=350 thr=2.6986 hist=[1, 17, 155, 5, 172]

Test-  OSR [27/100] LR=0.0002500 ACC=59.893 F1=63.214 Rec=79.794 Prec=70.398 UNK=0.190 OS*=95.714 HOS=0.380 AUROC=84.785 AUPR=77.853 OSCR=82.696
Test-Close [27/100] LR=0.0002500 loss=1.743 ACC=95.714 F1=95.680 Rec=95.714 Prec=96.270
Test-Virtual [27/100] CloseK->V=0.000% Open->V=0.190% OpenVEntropy=-0.000000 CloseHist=[0, 0, 0] OpenHist=[0, 2, 0]
Test-LogitMargin [27/100] CloseTrue-VMax mean=6.1942 std=1.1947 p10=4.6915 p50=6.2970 p90=7.5341 | OpenKnown-VMax mean=5.2514 std=2.1298 p10=2.0952 p50=6.0024 p90=7.5058
AnchorDiag [27/100] VNorm=[1.0000001192092896, 1.0, 0.9999999403953552] VDriftMax=0.000000 Vcos(max/mean)=(0.0000/-0.0000) KVcos(max/mean)=(0.0264/0.0053) ValK->V=0.00% CloseK->V=0.00% Open->V=0.19% OpenVEntropy=-0.0000
Train Client0 [28/100] LR=0.0002500 loss=0.091 (CE=0.050 VIR=0.025 wVIR=0.001 AUX=0.040 w=0.030) ACC=98.384 F1=97.546 Rec=97.535 Prec=97.560
Train Client1 [28/100] LR=0.0002500 loss=0.196 (CE=0.103 VIR=0.041 wVIR=0.001 AUX=0.092 w=0.030) ACC=96.274 F1=91.820 Rec=90.922 Prec=93.032
Train Client2 [28/100] LR=0.0002500 loss=0.174 (CE=0.095 VIR=0.050 wVIR=0.002 AUX=0.078 w=0.030) ACC=96.103 F1=85.336 Rec=84.120 Prec=87.015
Train Client3 [28/100] LR=0.0002500 loss=0.174 (CE=0.094 VIR=0.025 wVIR=0.001 AUX=0.078 w=0.030) ACC=97.348 F1=92.817 Rec=94.041 Prec=91.782
Train Client4 [28/100] LR=0.0002500 loss=0.160 (CE=0.099 VIR=0.127 wVIR=0.004 AUX=0.057 w=0.030) ACC=96.875 F1=86.560 Rec=92.894 Prec=83.568
Train Client5 [28/100] LR=0.0002500 loss=0.107 (CE=0.062 VIR=0.056 wVIR=0.002 AUX=0.043 w=0.030) ACC=98.036 F1=86.721 Rec=93.056 Prec=84.251
Train Client6 [28/100] LR=0.0002500 loss=0.137 (CE=0.094 VIR=0.289 wVIR=0.009 AUX=0.034 w=0.030) ACC=97.222 F1=95.785 Rec=97.211 Prec=94.862
Train Client7 [28/100] LR=0.0002500 loss=0.124 (CE=0.068 VIR=0.093 wVIR=0.003 AUX=0.053 w=0.030) ACC=97.727 F1=88.044 Rec=94.652 Prec=84.845

Val    [28/100] LR=0.0002500 loss=1.743 ACC=95.486 F1=95.451 Rec=95.486 Prec=96.036
Val-Known->Virtual [28/100] rate=0.000% prob_mean=0.010058 margin_mean=0.946231
Val-LogitMargin [28/100] TrueKnown-VMax mean=6.2144 std=1.2199 p10=4.6820 p50=6.2316 p90=7.7089
Stage1Diag [28/100] FeatDim=256 IntraVar=0.293327 InterDist=1.237163 Compact=0.237096 CenterNorm=2.254484
Stage1Boundary [28/100] KnownTrue-Other mean=6.1209 std=3.4808 p10=1.7720 p50=6.6609 p90=10.3372 | BoundaryRate=20.000% count=350 thr=2.7489 hist=[1, 19, 142, 14, 174]

Test-  OSR [28/100] LR=0.0002500 ACC=60.429 F1=64.542 Rec=80.190 Prec=72.128 UNK=1.143 OS*=96.000 HOS=2.259 AUROC=84.836 AUPR=81.109 OSCR=82.662
Test-Close [28/100] LR=0.0002500 loss=1.739 ACC=96.000 F1=95.970 Rec=96.000 Prec=96.527
Test-Virtual [28/100] CloseK->V=0.000% Open->V=1.143% OpenVEntropy=-0.000000 CloseHist=[0, 0, 0] OpenHist=[0, 12, 0]
Test-LogitMargin [28/100] CloseTrue-VMax mean=6.2296 std=1.2386 p10=4.6635 p50=6.2615 p90=7.7092 | OpenKnown-VMax mean=5.2530 std=2.6500 p10=1.0968 p50=6.4428 p90=7.8763
AnchorDiag [28/100] VNorm=[1.0000001192092896, 1.0, 0.9999999403953552] VDriftMax=0.000000 Vcos(max/mean)=(0.0000/-0.0000) KVcos(max/mean)=(0.0272/0.0054) ValK->V=0.00% CloseK->V=0.00% Open->V=1.14% OpenVEntropy=-0.0000
Train Client0 [29/100] LR=0.0002500 loss=0.053 (CE=0.029 VIR=0.017 wVIR=0.001 AUX=0.024 w=0.030) ACC=98.976 F1=98.452 Rec=98.461 Prec=98.446
Train Client1 [29/100] LR=0.0002500 loss=0.178 (CE=0.095 VIR=0.042 wVIR=0.001 AUX=0.082 w=0.030) ACC=96.344 F1=92.783 Rec=92.119 Prec=93.674
Train Client2 [29/100] LR=0.0002500 loss=0.182 (CE=0.096 VIR=0.053 wVIR=0.002 AUX=0.084 w=0.030) ACC=96.340 F1=85.806 Rec=84.520 Prec=88.221
Train Client3 [29/100] LR=0.0002500 loss=0.125 (CE=0.073 VIR=0.017 wVIR=0.001 AUX=0.052 w=0.030) ACC=98.485 F1=94.843 Rec=94.829 Prec=94.874
Train Client4 [29/100] LR=0.0002500 loss=0.175 (CE=0.113 VIR=0.251 wVIR=0.008 AUX=0.054 w=0.030) ACC=96.341 F1=80.777 Rec=84.830 Prec=79.138
Train Client5 [29/100] LR=0.0002500 loss=0.098 (CE=0.054 VIR=0.049 wVIR=0.001 AUX=0.043 w=0.030) ACC=97.946 F1=82.139 Rec=82.880 Prec=81.739
Train Client6 [29/100] LR=0.0002500 loss=0.125 (CE=0.093 VIR=0.400 wVIR=0.012 AUX=0.020 w=0.030) ACC=97.222 F1=95.869 Rec=97.743 Prec=94.178
Train Client7 [29/100] LR=0.0002500 loss=0.140 (CE=0.075 VIR=0.160 wVIR=0.005 AUX=0.060 w=0.030) ACC=98.030 F1=95.186 Rec=94.261 Prec=96.287

Val    [29/100] LR=0.0002500 loss=1.740 ACC=95.657 F1=95.624 Rec=95.657 Prec=96.199
Val-Known->Virtual [29/100] rate=0.000% prob_mean=0.009673 margin_mean=0.954025
Val-LogitMargin [29/100] TrueKnown-VMax mean=6.2625 std=1.1955 p10=4.6748 p50=6.3825 p90=7.6813
Stage1Diag [29/100] FeatDim=256 IntraVar=0.295032 InterDist=1.241585 Compact=0.237625 CenterNorm=2.257753
Stage1Boundary [29/100] KnownTrue-Other mean=6.9174 std=3.9472 p10=2.1212 p50=7.4356 p90=11.7739 | BoundaryRate=20.000% count=350 thr=3.1030 hist=[1, 20, 144, 2, 183]

Test-  OSR [29/100] LR=0.0002500 ACC=60.250 F1=63.693 Rec=80.111 Prec=70.810 UNK=0.667 OS*=96.000 HOS=1.324 AUROC=85.818 AUPR=81.068 OSCR=83.673
Test-Close [29/100] LR=0.0002500 loss=1.738 ACC=96.000 F1=95.972 Rec=96.000 Prec=96.498
Test-Virtual [29/100] CloseK->V=0.000% Open->V=0.667% OpenVEntropy=-0.000000 CloseHist=[0, 0, 0] OpenHist=[0, 7, 0]
Test-LogitMargin [29/100] CloseTrue-VMax mean=6.2723 std=1.2135 p10=4.6893 p50=6.4540 p90=7.6138 | OpenKnown-VMax mean=5.1732 std=2.3712 p10=1.5822 p50=6.1209 p90=7.6609
AnchorDiag [29/100] VNorm=[1.0000001192092896, 1.0, 0.9999999403953552] VDriftMax=0.000000 Vcos(max/mean)=(0.0000/-0.0000) KVcos(max/mean)=(0.0277/0.0056) ValK->V=0.00% CloseK->V=0.00% Open->V=0.67% OpenVEntropy=-0.0000
Train Client0 [30/100] LR=0.0002500 loss=0.064 (CE=0.036 VIR=0.035 wVIR=0.001 AUX=0.027 w=0.030) ACC=99.246 F1=79.210 Rec=79.216 Prec=79.204
Train Client1 [30/100] LR=0.0002500 loss=0.183 (CE=0.096 VIR=0.044 wVIR=0.001 AUX=0.086 w=0.030) ACC=96.414 F1=92.903 Rec=92.321 Prec=93.928
Train Client2 [30/100] LR=0.0002500 loss=0.173 (CE=0.095 VIR=0.042 wVIR=0.001 AUX=0.077 w=0.030) ACC=96.293 F1=85.797 Rec=84.408 Prec=87.938
Train Client3 [30/100] LR=0.0002500 loss=0.170 (CE=0.100 VIR=0.052 wVIR=0.002 AUX=0.069 w=0.030) ACC=96.780 F1=88.956 Rec=89.918 Prec=88.158
Train Client4 [30/100] LR=0.0002500 loss=0.139 (CE=0.076 VIR=0.099 wVIR=0.003 AUX=0.060 w=0.030) ACC=97.409 F1=91.121 Rec=93.266 Prec=89.375
Train Client5 [30/100] LR=0.0002500 loss=0.082 (CE=0.047 VIR=0.054 wVIR=0.002 AUX=0.033 w=0.030) ACC=98.571 F1=91.828 Rec=93.459 Prec=90.531
Train Client6 [30/100] LR=0.0002500 loss=0.124 (CE=0.090 VIR=0.372 wVIR=0.011 AUX=0.023 w=0.030) ACC=97.500 F1=95.632 Rec=97.123 Prec=94.337
Train Client7 [30/100] LR=0.0002500 loss=0.124 (CE=0.070 VIR=0.186 wVIR=0.006 AUX=0.049 w=0.030) ACC=97.500 F1=74.605 Rec=74.394 Prec=74.922

Val    [30/100] LR=0.0002500 loss=1.735 ACC=95.886 F1=95.858 Rec=95.886 Prec=96.357
Val-Known->Virtual [30/100] rate=0.000% prob_mean=0.012699 margin_mean=0.946996
Val-LogitMargin [30/100] TrueKnown-VMax mean=6.0825 std=1.2738 p10=4.3438 p50=6.2390 p90=7.5812
Stage1Diag [30/100] FeatDim=256 IntraVar=0.311785 InterDist=1.221070 Compact=0.255337 CenterNorm=2.264393
Stage1Boundary [30/100] KnownTrue-Other mean=6.9755 std=4.0288 p10=1.9925 p50=7.5809 p90=11.8068 | BoundaryRate=20.000% count=350 thr=2.8367 hist=[0, 21, 139, 6, 184]

Test-  OSR [30/100] LR=0.0002500 ACC=61.143 F1=65.022 Rec=80.540 Prec=71.752 UNK=2.952 OS*=96.057 HOS=5.729 AUROC=85.224 AUPR=81.086 OSCR=83.134
Test-Close [30/100] LR=0.0002500 loss=1.736 ACC=96.057 F1=96.034 Rec=96.057 Prec=96.471
Test-Virtual [30/100] CloseK->V=0.000% Open->V=2.952% OpenVEntropy=0.217745 CloseHist=[0, 0, 0] OpenHist=[0, 29, 2]
Test-LogitMargin [30/100] CloseTrue-VMax mean=6.1094 std=1.3170 p10=4.3273 p50=6.3304 p90=7.6406 | OpenKnown-VMax mean=4.9160 std=2.5841 p10=0.9819 p50=6.0630 p90=7.4769
AnchorDiag [30/100] VNorm=[1.0000001192092896, 1.0, 0.9999999403953552] VDriftMax=0.000000 Vcos(max/mean)=(0.0000/-0.0000) KVcos(max/mean)=(0.0285/0.0058) ValK->V=0.00% CloseK->V=0.00% Open->V=2.95% OpenVEntropy=0.2177
Saving model at epoch 30 . . . . . . . .

Train Client0 [31/100] LR=0.0002500 loss=0.064 (CE=0.036 VIR=0.041 wVIR=0.001 AUX=0.027 w=0.030) ACC=99.138 F1=98.778 Rec=98.873 Prec=98.689
Train Client1 [31/100] LR=0.0002500 loss=0.192 (CE=0.104 VIR=0.048 wVIR=0.001 AUX=0.087 w=0.030) ACC=95.926 F1=92.071 Rec=91.526 Prec=92.778
Train Client2 [31/100] LR=0.0002500 loss=0.146 (CE=0.077 VIR=0.039 wVIR=0.001 AUX=0.067 w=0.030) ACC=97.053 F1=88.152 Rec=86.512 Prec=91.007
Train Client3 [31/100] LR=0.0002500 loss=0.169 (CE=0.080 VIR=0.026 wVIR=0.001 AUX=0.088 w=0.030) ACC=97.917 F1=92.967 Rec=94.183 Prec=91.950
Train Client4 [31/100] LR=0.0002500 loss=0.172 (CE=0.115 VIR=0.205 wVIR=0.006 AUX=0.051 w=0.030) ACC=96.265 F1=82.193 Rec=86.700 Prec=80.072
Train Client5 [31/100] LR=0.0002500 loss=0.077 (CE=0.047 VIR=0.067 wVIR=0.002 AUX=0.028 w=0.030) ACC=98.304 F1=92.779 Rec=98.254 Prec=89.647
Train Client6 [31/100] LR=0.0002500 loss=0.125 (CE=0.081 VIR=0.274 wVIR=0.008 AUX=0.036 w=0.030) ACC=97.500 F1=96.096 Rec=97.059 Prec=95.198
Train Client7 [31/100] LR=0.0002500 loss=0.128 (CE=0.071 VIR=0.186 wVIR=0.006 AUX=0.051 w=0.030) ACC=98.106 F1=88.789 Rec=94.871 Prec=86.126

Val    [31/100] LR=0.0002500 loss=1.730 ACC=96.457 F1=96.443 Rec=96.457 Prec=96.741
Val-Known->Virtual [31/100] rate=0.000% prob_mean=0.012812 margin_mean=0.946625
Val-LogitMargin [31/100] TrueKnown-VMax mean=5.9986 std=1.2137 p10=4.3783 p50=6.1358 p90=7.4291
Stage1Diag [31/100] FeatDim=256 IntraVar=0.299721 InterDist=1.191533 Compact=0.251542 CenterNorm=2.234080
Stage1Boundary [31/100] KnownTrue-Other mean=6.8145 std=3.8558 p10=1.9991 p50=7.4119 p90=11.5301 | BoundaryRate=20.000% count=350 thr=2.9337 hist=[0, 31, 126, 3, 190]

Test-  OSR [31/100] LR=0.0002500 ACC=60.893 F1=64.603 Rec=80.587 Prec=71.531 UNK=1.810 OS*=96.343 HOS=3.552 AUROC=84.675 AUPR=80.291 OSCR=82.824
Test-Close [31/100] LR=0.0002500 loss=1.732 ACC=96.343 F1=96.329 Rec=96.343 Prec=96.625
Test-Virtual [31/100] CloseK->V=0.000% Open->V=1.810% OpenVEntropy=-0.000000 CloseHist=[0, 0, 0] OpenHist=[0, 19, 0]
Test-LogitMargin [31/100] CloseTrue-VMax mean=6.0192 std=1.2669 p10=4.3427 p50=6.2447 p90=7.4530 | OpenKnown-VMax mean=4.9150 std=2.5148 p10=1.1040 p50=5.9747 p90=7.4369
AnchorDiag [31/100] VNorm=[1.0000001192092896, 1.0, 0.9999999403953552] VDriftMax=0.000000 Vcos(max/mean)=(0.0000/-0.0000) KVcos(max/mean)=(0.0290/0.0059) ValK->V=0.00% CloseK->V=0.00% Open->V=1.81% OpenVEntropy=-0.0000
Train Client0 [32/100] LR=0.0002500 loss=0.042 (CE=0.024 VIR=0.034 wVIR=0.001 AUX=0.017 w=0.030) ACC=99.300 F1=79.325 Rec=79.366 Prec=79.285
Train Client1 [32/100] LR=0.0002500 loss=0.173 (CE=0.090 VIR=0.056 wVIR=0.002 AUX=0.081 w=0.030) ACC=96.866 F1=94.494 Rec=94.279 Prec=94.799
Train Client2 [32/100] LR=0.0002500 loss=0.176 (CE=0.093 VIR=0.042 wVIR=0.001 AUX=0.082 w=0.030) ACC=96.578 F1=87.784 Rec=86.566 Prec=89.501
Train Client3 [32/100] LR=0.0002500 loss=0.100 (CE=0.055 VIR=0.026 wVIR=0.001 AUX=0.044 w=0.030) ACC=98.485 F1=96.401 Rec=97.853 Prec=95.267
Train Client4 [32/100] LR=0.0002500 loss=0.170 (CE=0.106 VIR=0.233 wVIR=0.007 AUX=0.056 w=0.030) ACC=97.180 F1=86.754 Rec=93.026 Prec=84.256
Train Client5 [32/100] LR=0.0002500 loss=0.078 (CE=0.048 VIR=0.041 wVIR=0.001 AUX=0.028 w=0.030) ACC=98.304 F1=86.347 Rec=88.332 Prec=85.030
Train Client6 [32/100] LR=0.0002500 loss=0.154 (CE=0.085 VIR=0.287 wVIR=0.009 AUX=0.060 w=0.030) ACC=98.056 F1=96.763 Rec=96.445 Prec=97.097
Train Client7 [32/100] LR=0.0002500 loss=0.119 (CE=0.064 VIR=0.198 wVIR=0.006 AUX=0.049 w=0.030) ACC=97.727 F1=87.705 Rec=94.218 Prec=84.559

Val    [32/100] LR=0.0002500 loss=1.733 ACC=96.343 F1=96.327 Rec=96.343 Prec=96.648
Val-Known->Virtual [32/100] rate=0.000% prob_mean=0.011776 margin_mean=0.954463
Val-LogitMargin [32/100] TrueKnown-VMax mean=6.2140 std=1.3588 p10=4.4993 p50=6.2548 p90=7.9285
Stage1Diag [32/100] FeatDim=256 IntraVar=0.318858 InterDist=1.221956 Compact=0.260941 CenterNorm=2.258474
Stage1Boundary [32/100] KnownTrue-Other mean=7.1261 std=3.8218 p10=2.2593 p50=7.7604 p90=11.6344 | BoundaryRate=20.000% count=350 thr=3.3497 hist=[1, 21, 132, 9, 187]

Test-  OSR [32/100] LR=0.0002500 ACC=60.786 F1=64.322 Rec=80.635 Prec=71.232 UNK=1.238 OS*=96.514 HOS=2.445 AUROC=81.850 AUPR=78.480 OSCR=80.059
Test-Close [32/100] LR=0.0002500 loss=1.732 ACC=96.514 F1=96.496 Rec=96.514 Prec=96.875
Test-Virtual [32/100] CloseK->V=0.000% Open->V=1.238% OpenVEntropy=0.246847 CloseHist=[0, 0, 0] OpenHist=[0, 12, 1]
Test-LogitMargin [32/100] CloseTrue-VMax mean=6.2226 std=1.3918 p10=4.4612 p50=6.2913 p90=7.9173 | OpenKnown-VMax mean=5.3059 std=2.6134 p10=1.3738 p50=6.3262 p90=8.0107
AnchorDiag [32/100] VNorm=[1.0000001192092896, 1.0, 0.9999999403953552] VDriftMax=0.000000 Vcos(max/mean)=(0.0000/-0.0000) KVcos(max/mean)=(0.0301/0.0063) ValK->V=0.00% CloseK->V=0.00% Open->V=1.24% OpenVEntropy=0.2468
Train Client0 [33/100] LR=0.0002500 loss=0.087 (CE=0.058 VIR=0.054 wVIR=0.002 AUX=0.028 w=0.030) ACC=98.545 F1=78.542 Rec=78.558 Prec=78.527
Train Client1 [33/100] LR=0.0002500 loss=0.158 (CE=0.083 VIR=0.075 wVIR=0.002 AUX=0.073 w=0.030) ACC=97.249 F1=94.194 Rec=93.281 Prec=95.346
Train Client2 [33/100] LR=0.0002500 loss=0.156 (CE=0.079 VIR=0.058 wVIR=0.002 AUX=0.076 w=0.030) ACC=96.721 F1=88.453 Rec=87.564 Prec=89.660
Train Client3 [33/100] LR=0.0002500 loss=0.148 (CE=0.070 VIR=0.030 wVIR=0.001 AUX=0.077 w=0.030) ACC=98.485 F1=93.793 Rec=94.988 Prec=92.882
Train Client4 [33/100] LR=0.0002500 loss=0.171 (CE=0.110 VIR=0.197 wVIR=0.006 AUX=0.055 w=0.030) ACC=96.723 F1=83.988 Rec=90.716 Prec=81.137
Train Client5 [33/100] LR=0.0002500 loss=0.075 (CE=0.042 VIR=0.034 wVIR=0.001 AUX=0.033 w=0.030) ACC=98.661 F1=90.632 Rec=93.496 Prec=88.769
Train Client6 [33/100] LR=0.0002500 loss=0.102 (CE=0.076 VIR=0.306 wVIR=0.009 AUX=0.016 w=0.030) ACC=97.500 F1=93.886 Rec=95.631 Prec=92.557
Train Client7 [33/100] LR=0.0002500 loss=0.108 (CE=0.059 VIR=0.238 wVIR=0.007 AUX=0.042 w=0.030) ACC=98.258 F1=89.234 Rec=95.489 Prec=86.406

Val    [33/100] LR=0.0002500 loss=1.723 ACC=96.686 F1=96.671 Rec=96.686 Prec=96.993
Val-Known->Virtual [33/100] rate=0.000% prob_mean=0.010435 margin_mean=0.955437
Val-LogitMargin [33/100] TrueKnown-VMax mean=6.0668 std=1.1360 p10=4.6597 p50=6.0446 p90=7.4916
Stage1Diag [33/100] FeatDim=256 IntraVar=0.301884 InterDist=1.194093 Compact=0.252814 CenterNorm=2.238481
Stage1Boundary [33/100] KnownTrue-Other mean=6.8229 std=3.6237 p10=2.2967 p50=7.2391 p90=11.2257 | BoundaryRate=20.000% count=350 thr=3.3179 hist=[2, 11, 137, 11, 189]

Test-  OSR [33/100] LR=0.0002500 ACC=61.500 F1=65.686 Rec=81.016 Prec=72.768 UNK=2.952 OS*=96.629 HOS=5.730 AUROC=85.041 AUPR=81.780 OSCR=83.316
Test-Close [33/100] LR=0.0002500 loss=1.720 ACC=96.629 F1=96.613 Rec=96.629 Prec=96.949
Test-Virtual [33/100] CloseK->V=0.000% Open->V=2.952% OpenVEntropy=0.289399 CloseHist=[0, 0, 0] OpenHist=[3, 28, 0]
Test-LogitMargin [33/100] CloseTrue-VMax mean=6.0793 std=1.1549 p10=4.6542 p50=6.1092 p90=7.4814 | OpenKnown-VMax mean=4.8908 std=2.5889 p10=1.0179 p50=5.9379 p90=7.5371
AnchorDiag [33/100] VNorm=[1.0000001192092896, 1.0, 0.9999999403953552] VDriftMax=0.000000 Vcos(max/mean)=(0.0000/-0.0000) KVcos(max/mean)=(0.0289/0.0061) ValK->V=0.00% CloseK->V=0.00% Open->V=2.95% OpenVEntropy=0.2894
Train Client0 [34/100] LR=0.0002500 loss=0.041 (CE=0.023 VIR=0.017 wVIR=0.000 AUX=0.018 w=0.030) ACC=99.353 F1=79.268 Rec=79.257 Prec=79.280
Train Client1 [34/100] LR=0.0002500 loss=0.157 (CE=0.083 VIR=0.037 wVIR=0.001 AUX=0.073 w=0.030) ACC=97.214 F1=94.777 Rec=93.992 Prec=95.860
Train Client2 [34/100] LR=0.0002500 loss=0.165 (CE=0.088 VIR=0.050 wVIR=0.001 AUX=0.076 w=0.030) ACC=96.578 F1=88.683 Rec=88.388 Prec=88.997
Train Client3 [34/100] LR=0.0002500 loss=0.135 (CE=0.073 VIR=0.027 wVIR=0.001 AUX=0.061 w=0.030) ACC=97.727 F1=94.599 Rec=92.860 Prec=96.816
Train Client4 [34/100] LR=0.0002500 loss=0.148 (CE=0.095 VIR=0.155 wVIR=0.005 AUX=0.049 w=0.030) ACC=96.570 F1=82.582 Rec=88.539 Prec=79.881
Train Client5 [34/100] LR=0.0002500 loss=0.094 (CE=0.051 VIR=0.046 wVIR=0.001 AUX=0.042 w=0.030) ACC=98.393 F1=87.309 Rec=88.139 Prec=86.716
Train Client6 [34/100] LR=0.0002500 loss=0.154 (CE=0.085 VIR=0.296 wVIR=0.009 AUX=0.060 w=0.030) ACC=96.944 F1=94.942 Rec=96.150 Prec=93.808
Train Client7 [34/100] LR=0.0002500 loss=0.083 (CE=0.043 VIR=0.222 wVIR=0.007 AUX=0.033 w=0.030) ACC=98.636 F1=90.192 Rec=97.391 Prec=86.362

Val    [34/100] LR=0.0002500 loss=1.742 ACC=95.543 F1=95.501 Rec=95.543 Prec=96.157
Val-Known->Virtual [34/100] rate=0.000% prob_mean=0.007493 margin_mean=0.960383
Val-LogitMargin [34/100] TrueKnown-VMax mean=6.5317 std=1.1949 p10=4.8926 p50=6.6794 p90=7.8797
Stage1Diag [34/100] FeatDim=256 IntraVar=0.301670 InterDist=1.203701 Compact=0.250619 CenterNorm=2.236391
Stage1Boundary [34/100] KnownTrue-Other mean=7.1919 std=4.0118 p10=2.2477 p50=7.8844 p90=12.0634 | BoundaryRate=20.000% count=350 thr=3.3796 hist=[1, 17, 159, 5, 168]

Test-  OSR [34/100] LR=0.0002500 ACC=60.036 F1=63.338 Rec=79.952 Prec=70.510 UNK=0.286 OS*=95.886 HOS=0.570 AUROC=85.501 AUPR=78.885 OSCR=83.563
Test-Close [34/100] LR=0.0002500 loss=1.737 ACC=95.886 F1=95.847 Rec=95.886 Prec=96.536
Test-Virtual [34/100] CloseK->V=0.000% Open->V=0.286% OpenVEntropy=-0.000000 CloseHist=[0, 0, 0] OpenHist=[0, 3, 0]
Test-LogitMargin [34/100] CloseTrue-VMax mean=6.5494 std=1.2331 p10=4.9227 p50=6.7661 p90=7.8778 | OpenKnown-VMax mean=5.4605 std=2.3485 p10=1.9284 p50=6.3635 p90=7.9195
AnchorDiag [34/100] VNorm=[1.0000001192092896, 1.0, 0.9999999403953552] VDriftMax=0.000000 Vcos(max/mean)=(0.0000/-0.0000) KVcos(max/mean)=(0.0301/0.0065) ValK->V=0.00% CloseK->V=0.00% Open->V=0.29% OpenVEntropy=-0.0000
Train Client0 [35/100] LR=0.0002500 loss=0.062 (CE=0.038 VIR=0.043 wVIR=0.001 AUX=0.023 w=0.030) ACC=98.869 F1=98.342 Rec=98.394 Prec=98.292
Train Client1 [35/100] LR=0.0002500 loss=0.147 (CE=0.076 VIR=0.047 wVIR=0.001 AUX=0.069 w=0.030) ACC=97.493 F1=95.079 Rec=93.973 Prec=96.353
Train Client2 [35/100] LR=0.0002500 loss=0.168 (CE=0.091 VIR=0.048 wVIR=0.001 AUX=0.076 w=0.030) ACC=96.245 F1=86.317 Rec=85.617 Prec=87.280
Train Client3 [35/100] LR=0.0002500 loss=0.092 (CE=0.050 VIR=0.018 wVIR=0.001 AUX=0.041 w=0.030) ACC=97.917 F1=96.869 Rec=96.845 Prec=96.927
Train Client4 [35/100] LR=0.0002500 loss=0.189 (CE=0.129 VIR=0.345 wVIR=0.010 AUX=0.050 w=0.030) ACC=95.960 F1=82.920 Rec=92.754 Prec=80.065
Train Client5 [35/100] LR=0.0002500 loss=0.081 (CE=0.045 VIR=0.035 wVIR=0.001 AUX=0.035 w=0.030) ACC=98.125 F1=84.046 Rec=88.129 Prec=82.538
Train Client6 [35/100] LR=0.0002500 loss=0.102 (CE=0.068 VIR=0.276 wVIR=0.008 AUX=0.026 w=0.030) ACC=97.778 F1=96.048 Rec=96.371 Prec=95.790
Train Client7 [35/100] LR=0.0002500 loss=0.111 (CE=0.063 VIR=0.181 wVIR=0.005 AUX=0.042 w=0.030) ACC=98.106 F1=95.488 Rec=94.980 Prec=96.085

Val    [35/100] LR=0.0002500 loss=1.732 ACC=96.343 F1=96.318 Rec=96.343 Prec=96.804
Val-Known->Virtual [35/100] rate=0.000% prob_mean=0.011985 margin_mean=0.950764
Val-LogitMargin [35/100] TrueKnown-VMax mean=6.1296 std=1.2717 p10=4.3838 p50=6.2641 p90=7.6351
Stage1Diag [35/100] FeatDim=256 IntraVar=0.305552 InterDist=1.218648 Compact=0.250730 CenterNorm=2.252670
Stage1Boundary [35/100] KnownTrue-Other mean=6.7684 std=3.9218 p10=2.1104 p50=7.0678 p90=11.8928 | BoundaryRate=20.000% count=350 thr=3.0174 hist=[0, 14, 141, 3, 192]

Test-  OSR [35/100] LR=0.0002500 ACC=61.464 F1=66.455 Rec=80.905 Prec=74.309 UNK=3.143 OS*=96.457 HOS=6.087 AUROC=85.350 AUPR=81.795 OSCR=83.468
Test-Close [35/100] LR=0.0002500 loss=1.728 ACC=96.457 F1=96.433 Rec=96.457 Prec=96.926
Test-Virtual [35/100] CloseK->V=0.000% Open->V=3.143% OpenVEntropy=0.387150 CloseHist=[0, 0, 0] OpenHist=[5, 28, 0]
Test-LogitMargin [35/100] CloseTrue-VMax mean=6.1600 std=1.3063 p10=4.3461 p50=6.3634 p90=7.6465 | OpenKnown-VMax mean=4.9706 std=2.7070 p10=0.7660 p50=6.1319 p90=7.6954
AnchorDiag [35/100] VNorm=[1.0000001192092896, 1.0, 0.9999999403953552] VDriftMax=0.000000 Vcos(max/mean)=(0.0000/-0.0000) KVcos(max/mean)=(0.0302/0.0068) ValK->V=0.00% CloseK->V=0.00% Open->V=3.14% OpenVEntropy=0.3872
Saving model at epoch 35 . . . . . . . .

Train Client0 [36/100] LR=0.0002500 loss=0.055 (CE=0.030 VIR=0.014 wVIR=0.000 AUX=0.024 w=0.030) ACC=99.192 F1=79.068 Rec=79.055 Prec=79.082
Train Client1 [36/100] LR=0.0002500 loss=0.161 (CE=0.084 VIR=0.053 wVIR=0.002 AUX=0.075 w=0.030) ACC=97.249 F1=94.566 Rec=94.061 Prec=95.285
Train Client2 [36/100] LR=0.0002500 loss=0.157 (CE=0.085 VIR=0.057 wVIR=0.002 AUX=0.070 w=0.030) ACC=96.578 F1=87.110 Rec=85.865 Prec=89.015
Train Client3 [36/100] LR=0.0002500 loss=0.148 (CE=0.071 VIR=0.015 wVIR=0.000 AUX=0.077 w=0.030) ACC=97.727 F1=94.077 Rec=94.057 Prec=94.158
Train Client4 [36/100] LR=0.0002500 loss=0.188 (CE=0.127 VIR=0.256 wVIR=0.008 AUX=0.054 w=0.030) ACC=96.570 F1=84.030 Rec=90.413 Prec=81.507
Train Client5 [36/100] LR=0.0002500 loss=0.061 (CE=0.036 VIR=0.034 wVIR=0.001 AUX=0.025 w=0.030) ACC=98.661 F1=84.318 Rec=83.640 Prec=85.233
Train Client6 [36/100] LR=0.0002500 loss=0.156 (CE=0.113 VIR=0.438 wVIR=0.013 AUX=0.029 w=0.030) ACC=97.222 F1=95.876 Rec=97.743 Prec=94.184
Train Client7 [36/100] LR=0.0002500 loss=0.099 (CE=0.052 VIR=0.214 wVIR=0.006 AUX=0.041 w=0.030) ACC=98.561 F1=96.375 Rec=95.625 Prec=97.253

Val    [36/100] LR=0.0002500 loss=1.725 ACC=96.229 F1=96.211 Rec=96.229 Prec=96.561
Val-Known->Virtual [36/100] rate=0.000% prob_mean=0.009901 margin_mean=0.956755
Val-LogitMargin [36/100] TrueKnown-VMax mean=6.4949 std=1.4248 p10=4.4648 p50=6.7163 p90=8.1604
Stage1Diag [36/100] FeatDim=256 IntraVar=0.307067 InterDist=1.212805 Compact=0.253187 CenterNorm=2.254627
Stage1Boundary [36/100] KnownTrue-Other mean=7.5594 std=4.4177 p10=2.3572 p50=7.8422 p90=13.5950 | BoundaryRate=20.000% count=350 thr=3.3725 hist=[0, 24, 137, 4, 185]

Test-  OSR [36/100] LR=0.0002500 ACC=61.571 F1=65.636 Rec=81.079 Prec=72.408 UNK=3.048 OS*=96.686 HOS=5.909 AUROC=85.712 AUPR=81.392 OSCR=83.978
Test-Close [36/100] LR=0.0002500 loss=1.723 ACC=96.686 F1=96.670 Rec=96.686 Prec=97.024
Test-Virtual [36/100] CloseK->V=0.000% Open->V=3.048% OpenVEntropy=-0.000000 CloseHist=[0, 0, 0] OpenHist=[0, 32, 0]
Test-LogitMargin [36/100] CloseTrue-VMax mean=6.5237 std=1.4598 p10=4.4798 p50=6.7735 p90=8.2096 | OpenKnown-VMax mean=5.0785 std=2.7582 p10=0.8011 p50=6.2997 p90=7.8539
AnchorDiag [36/100] VNorm=[1.0000001192092896, 1.0, 0.9999999403953552] VDriftMax=0.000000 Vcos(max/mean)=(0.0000/-0.0000) KVcos(max/mean)=(0.0309/0.0070) ValK->V=0.00% CloseK->V=0.00% Open->V=3.05% OpenVEntropy=-0.0000
Train Client0 [37/100] LR=0.0002500 loss=0.054 (CE=0.031 VIR=0.017 wVIR=0.001 AUX=0.023 w=0.030) ACC=99.030 F1=78.888 Rec=78.884 Prec=78.894
Train Client1 [37/100] LR=0.0002500 loss=0.170 (CE=0.089 VIR=0.046 wVIR=0.001 AUX=0.079 w=0.030) ACC=96.518 F1=93.619 Rec=92.754 Prec=94.701
Train Client2 [37/100] LR=0.0002500 loss=0.147 (CE=0.078 VIR=0.055 wVIR=0.002 AUX=0.067 w=0.030) ACC=96.721 F1=87.982 Rec=87.104 Prec=89.218
Train Client3 [37/100] LR=0.0002500 loss=0.170 (CE=0.107 VIR=0.143 wVIR=0.004 AUX=0.059 w=0.030) ACC=97.538 F1=90.964 Rec=94.139 Prec=88.909
Train Client4 [37/100] LR=0.0002500 loss=0.158 (CE=0.096 VIR=0.272 wVIR=0.008 AUX=0.054 w=0.030) ACC=97.409 F1=86.425 Rec=89.260 Prec=84.455
Train Client5 [37/100] LR=0.0002500 loss=0.108 (CE=0.064 VIR=0.070 wVIR=0.002 AUX=0.042 w=0.030) ACC=98.036 F1=85.341 Rec=87.919 Prec=83.933
Train Client6 [37/100] LR=0.0002500 loss=0.122 (CE=0.090 VIR=0.350 wVIR=0.011 AUX=0.021 w=0.030) ACC=96.944 F1=92.419 Rec=96.932 Prec=89.103
Train Client7 [37/100] LR=0.0002500 loss=0.109 (CE=0.062 VIR=0.182 wVIR=0.005 AUX=0.042 w=0.030) ACC=98.182 F1=76.036 Rec=75.364 Prec=76.890

Val    [37/100] LR=0.0002500 loss=1.731 ACC=96.286 F1=96.262 Rec=96.286 Prec=96.733
Val-Known->Virtual [37/100] rate=0.000% prob_mean=0.011283 margin_mean=0.958493
Val-LogitMargin [37/100] TrueKnown-VMax mean=6.2928 std=1.3516 p10=4.3237 p50=6.5792 p90=7.8439
Stage1Diag [37/100] FeatDim=256 IntraVar=0.310310 InterDist=1.183139 Compact=0.262277 CenterNorm=2.247284
Stage1Boundary [37/100] KnownTrue-Other mean=7.9560 std=4.7408 p10=2.4734 p50=8.0584 p90=14.2682 | BoundaryRate=20.000% count=350 thr=3.5388 hist=[1, 17, 146, 8, 178]

Test-  OSR [37/100] LR=0.0002500 ACC=60.750 F1=66.621 Rec=80.587 Prec=76.136 UNK=1.238 OS*=96.457 HOS=2.445 AUROC=84.763 AUPR=79.988 OSCR=82.917
Test-Close [37/100] LR=0.0002500 loss=1.729 ACC=96.457 F1=96.436 Rec=96.457 Prec=96.897
Test-Virtual [37/100] CloseK->V=0.000% Open->V=1.238% OpenVEntropy=0.246847 CloseHist=[0, 0, 0] OpenHist=[1, 12, 0]
Test-LogitMargin [37/100] CloseTrue-VMax mean=6.3098 std=1.3873 p10=4.3707 p50=6.5987 p90=7.8940 | OpenKnown-VMax mean=5.2022 std=2.3350 p10=1.3693 p50=6.1238 p90=7.4767
AnchorDiag [37/100] VNorm=[1.0000001192092896, 1.0, 0.9999999403953552] VDriftMax=0.000000 Vcos(max/mean)=(0.0000/-0.0000) KVcos(max/mean)=(0.0327/0.0072) ValK->V=0.00% CloseK->V=0.00% Open->V=1.24% OpenVEntropy=0.2468
Train Client0 [38/100] LR=0.0002500 loss=0.045 (CE=0.026 VIR=0.035 wVIR=0.001 AUX=0.018 w=0.030) ACC=99.192 F1=98.868 Rec=98.953 Prec=98.784
Train Client1 [38/100] LR=0.0002500 loss=0.158 (CE=0.083 VIR=0.049 wVIR=0.001 AUX=0.073 w=0.030) ACC=96.866 F1=93.963 Rec=93.351 Prec=94.773
Train Client2 [38/100] LR=0.0002500 loss=0.163 (CE=0.089 VIR=0.051 wVIR=0.002 AUX=0.073 w=0.030) ACC=96.816 F1=89.070 Rec=88.128 Prec=90.172
Train Client3 [38/100] LR=0.0002500 loss=0.117 (CE=0.051 VIR=0.017 wVIR=0.000 AUX=0.065 w=0.030) ACC=98.485 F1=94.845 Rec=94.845 Prec=94.845
Train Client4 [38/100] LR=0.0002500 loss=0.157 (CE=0.095 VIR=0.294 wVIR=0.009 AUX=0.053 w=0.030) ACC=96.799 F1=84.563 Rec=90.154 Prec=82.229
Train Client5 [38/100] LR=0.0002500 loss=0.087 (CE=0.054 VIR=0.032 wVIR=0.001 AUX=0.032 w=0.030) ACC=98.482 F1=83.569 Rec=83.508 Prec=83.632
Train Client6 [38/100] LR=0.0002500 loss=0.124 (CE=0.103 VIR=0.445 wVIR=0.013 AUX=0.008 w=0.030) ACC=98.611 F1=97.876 Rec=98.871 Prec=96.946
Train Client7 [38/100] LR=0.0002500 loss=0.117 (CE=0.072 VIR=0.248 wVIR=0.007 AUX=0.038 w=0.030) ACC=98.258 F1=86.065 Rec=95.912 Prec=82.900

Val    [38/100] LR=0.0002500 loss=1.731 ACC=96.286 F1=96.259 Rec=96.286 Prec=96.762
Val-Known->Virtual [38/100] rate=0.000% prob_mean=0.009695 margin_mean=0.958656
Val-LogitMargin [38/100] TrueKnown-VMax mean=6.3221 std=1.2709 p10=4.5573 p50=6.4585 p90=7.8214
Stage1Diag [38/100] FeatDim=256 IntraVar=0.293678 InterDist=1.154106 Compact=0.254463 CenterNorm=2.229037
Stage1Boundary [38/100] KnownTrue-Other mean=7.5162 std=4.5722 p10=2.3755 p50=7.5345 p90=13.8477 | BoundaryRate=20.000% count=350 thr=3.4668 hist=[1, 17, 152, 4, 176]

Test-  OSR [38/100] LR=0.0002500 ACC=61.071 F1=65.105 Rec=80.762 Prec=72.359 UNK=2.000 OS*=96.514 HOS=3.919 AUROC=87.452 AUPR=82.869 OSCR=85.537
Test-Close [38/100] LR=0.0002500 loss=1.729 ACC=96.514 F1=96.496 Rec=96.514 Prec=96.892
Test-Virtual [38/100] CloseK->V=0.000% Open->V=2.000% OpenVEntropy=-0.000000 CloseHist=[0, 0, 0] OpenHist=[0, 21, 0]
Test-LogitMargin [38/100] CloseTrue-VMax mean=6.3539 std=1.2986 p10=4.5525 p50=6.5531 p90=7.8402 | OpenKnown-VMax mean=5.0516 std=2.5798 p10=1.2081 p50=6.1859 p90=7.6615
AnchorDiag [38/100] VNorm=[1.0000001192092896, 1.0, 0.9999999403953552] VDriftMax=0.000000 Vcos(max/mean)=(0.0000/-0.0000) KVcos(max/mean)=(0.0326/0.0073) ValK->V=0.00% CloseK->V=0.00% Open->V=2.00% OpenVEntropy=-0.0000
Saving best model . . . . . . . .

Train Client0 [39/100] LR=0.0002500 loss=0.059 (CE=0.038 VIR=0.045 wVIR=0.001 AUX=0.019 w=0.030) ACC=98.761 F1=78.745 Rec=78.721 Prec=78.771
Train Client1 [39/100] LR=0.0002500 loss=0.151 (CE=0.078 VIR=0.047 wVIR=0.001 AUX=0.071 w=0.030) ACC=96.936 F1=92.985 Rec=92.750 Prec=93.350
Train Client2 [39/100] LR=0.0002500 loss=0.150 (CE=0.081 VIR=0.048 wVIR=0.001 AUX=0.068 w=0.030) ACC=96.721 F1=88.691 Rec=88.197 Prec=89.223
Train Client3 [39/100] LR=0.0002500 loss=0.099 (CE=0.048 VIR=0.011 wVIR=0.000 AUX=0.051 w=0.030) ACC=98.674 F1=98.375 Rec=98.340 Prec=98.507
Train Client4 [39/100] LR=0.0002500 loss=0.151 (CE=0.090 VIR=0.196 wVIR=0.006 AUX=0.055 w=0.030) ACC=96.418 F1=86.863 Rec=91.896 Prec=83.904
Train Client5 [39/100] LR=0.0002500 loss=0.049 (CE=0.031 VIR=0.020 wVIR=0.001 AUX=0.017 w=0.030) ACC=98.929 F1=87.855 Rec=88.867 Prec=87.067
Train Client6 [39/100] LR=0.0002500 loss=0.146 (CE=0.092 VIR=0.333 wVIR=0.010 AUX=0.044 w=0.030) ACC=97.778 F1=96.076 Rec=96.691 Prec=95.510
Train Client7 [39/100] LR=0.0002500 loss=0.094 (CE=0.052 VIR=0.151 wVIR=0.005 AUX=0.037 w=0.030) ACC=98.333 F1=96.063 Rec=95.383 Prec=96.929

Val    [39/100] LR=0.0002500 loss=1.715 ACC=96.686 F1=96.673 Rec=96.686 Prec=96.956
Val-Known->Virtual [39/100] rate=0.000% prob_mean=0.006448 margin_mean=0.962779
Val-LogitMargin [39/100] TrueKnown-VMax mean=6.9537 std=1.5465 p10=5.0953 p50=6.9516 p90=8.9166
Stage1Diag [39/100] FeatDim=256 IntraVar=0.297283 InterDist=1.239085 Compact=0.239921 CenterNorm=2.249326
Stage1Boundary [39/100] KnownTrue-Other mean=8.7497 std=5.7836 p10=2.3333 p50=8.4864 p90=17.2171 | BoundaryRate=20.000% count=350 thr=3.2725 hist=[0, 17, 114, 3, 216]

Test-  OSR [39/100] LR=0.0002500 ACC=60.964 F1=65.088 Rec=80.873 Prec=72.740 UNK=1.238 OS*=96.800 HOS=2.445 AUROC=85.292 AUPR=80.067 OSCR=83.854
Test-Close [39/100] LR=0.0002500 loss=1.710 ACC=96.800 F1=96.788 Rec=96.800 Prec=97.059
Test-Virtual [39/100] CloseK->V=0.000% Open->V=1.238% OpenVEntropy=-0.000000 CloseHist=[0, 0, 0] OpenHist=[0, 13, 0]
Test-LogitMargin [39/100] CloseTrue-VMax mean=6.9829 std=1.5697 p10=5.0094 p50=6.9468 p90=9.0020 | OpenKnown-VMax mean=5.4316 std=2.6262 p10=1.5105 p50=6.5295 p90=8.1017
AnchorDiag [39/100] VNorm=[1.0000001192092896, 1.0, 0.9999999403953552] VDriftMax=0.000000 Vcos(max/mean)=(0.0000/-0.0000) KVcos(max/mean)=(0.0329/0.0074) ValK->V=0.00% CloseK->V=0.00% Open->V=1.24% OpenVEntropy=-0.0000
Train Client0 [40/100] LR=0.0002500 loss=0.039 (CE=0.022 VIR=0.014 wVIR=0.000 AUX=0.016 w=0.030) ACC=99.300 F1=79.219 Rec=79.204 Prec=79.236
Train Client1 [40/100] LR=0.0002500 loss=0.155 (CE=0.081 VIR=0.039 wVIR=0.001 AUX=0.072 w=0.030) ACC=97.040 F1=94.551 Rec=93.624 Prec=95.688
Train Client2 [40/100] LR=0.0002500 loss=0.161 (CE=0.085 VIR=0.051 wVIR=0.002 AUX=0.074 w=0.030) ACC=96.435 F1=86.641 Rec=85.632 Prec=88.382
Train Client3 [40/100] LR=0.0002500 loss=0.146 (CE=0.082 VIR=0.082 wVIR=0.002 AUX=0.061 w=0.030) ACC=97.538 F1=95.157 Rec=96.636 Prec=93.903
Train Client4 [40/100] LR=0.0002500 loss=0.146 (CE=0.084 VIR=0.262 wVIR=0.008 AUX=0.054 w=0.030) ACC=97.409 F1=87.657 Rec=94.215 Prec=84.467
Train Client5 [40/100] LR=0.0002500 loss=0.083 (CE=0.043 VIR=0.032 wVIR=0.001 AUX=0.039 w=0.030) ACC=98.661 F1=90.126 Rec=88.859 Prec=91.873
Train Client6 [40/100] LR=0.0002500 loss=0.190 (CE=0.117 VIR=0.445 wVIR=0.013 AUX=0.060 w=0.030) ACC=98.611 F1=97.916 Rec=98.871 Prec=97.029
Train Client7 [40/100] LR=0.0002500 loss=0.104 (CE=0.057 VIR=0.190 wVIR=0.006 AUX=0.042 w=0.030) ACC=98.182 F1=95.242 Rec=94.448 Prec=96.126

Val    [40/100] LR=0.0002500 loss=1.723 ACC=96.400 F1=96.382 Rec=96.400 Prec=96.762
Val-Known->Virtual [40/100] rate=0.000% prob_mean=0.008692 margin_mean=0.959539
Val-LogitMargin [40/100] TrueKnown-VMax mean=6.5722 std=1.4336 p10=4.7398 p50=6.6726 p90=8.3530
Stage1Diag [40/100] FeatDim=256 IntraVar=0.297033 InterDist=1.183107 Compact=0.251062 CenterNorm=2.249857
Stage1Boundary [40/100] KnownTrue-Other mean=7.7024 std=4.5032 p10=2.3290 p50=7.9995 p90=13.6413 | BoundaryRate=20.000% count=350 thr=3.2611 hist=[0, 26, 124, 2, 198]

Test-  OSR [40/100] LR=0.0002500 ACC=61.393 F1=65.699 Rec=81.000 Prec=73.012 UNK=2.571 OS*=96.686 HOS=5.010 AUROC=85.336 AUPR=81.135 OSCR=83.702
Test-Close [40/100] LR=0.0002500 loss=1.718 ACC=96.686 F1=96.669 Rec=96.686 Prec=97.052
Test-Virtual [40/100] CloseK->V=0.000% Open->V=2.571% OpenVEntropy=-0.000000 CloseHist=[0, 0, 0] OpenHist=[0, 27, 0]
Test-LogitMargin [40/100] CloseTrue-VMax mean=6.6079 std=1.4634 p10=4.7709 p50=6.7006 p90=8.3896 | OpenKnown-VMax mean=5.3331 std=2.7869 p10=1.0748 p50=6.4928 p90=8.2236
AnchorDiag [40/100] VNorm=[1.0000001192092896, 1.0, 0.9999999403953552] VDriftMax=0.000000 Vcos(max/mean)=(0.0000/-0.0000) KVcos(max/mean)=(0.0341/0.0077) ValK->V=0.00% CloseK->V=0.00% Open->V=2.57% OpenVEntropy=-0.0000
Saving model at epoch 40 . . . . . . . .

Train Client0 [41/100] LR=0.0002500 loss=0.072 (CE=0.039 VIR=0.032 wVIR=0.001 AUX=0.032 w=0.030) ACC=99.030 F1=98.563 Rec=98.585 Prec=98.540
Train Client1 [41/100] LR=0.0002500 loss=0.162 (CE=0.087 VIR=0.045 wVIR=0.001 AUX=0.074 w=0.030) ACC=96.831 F1=93.328 Rec=92.299 Prec=94.629
Train Client2 [41/100] LR=0.0002500 loss=0.158 (CE=0.086 VIR=0.048 wVIR=0.001 AUX=0.070 w=0.030) ACC=96.625 F1=87.937 Rec=86.825 Prec=89.377
Train Client3 [41/100] LR=0.0002500 loss=0.126 (CE=0.071 VIR=0.020 wVIR=0.001 AUX=0.054 w=0.030) ACC=98.106 F1=95.571 Rec=94.100 Prec=97.349
Train Client4 [41/100] LR=0.0002500 loss=0.143 (CE=0.092 VIR=0.243 wVIR=0.007 AUX=0.043 w=0.030) ACC=96.723 F1=84.860 Rec=93.927 Prec=81.690
Train Client5 [41/100] LR=0.0002500 loss=0.083 (CE=0.048 VIR=0.052 wVIR=0.002 AUX=0.033 w=0.030) ACC=98.839 F1=84.566 Rec=83.889 Prec=85.481
Train Client6 [41/100] LR=0.0002500 loss=0.102 (CE=0.074 VIR=0.374 wVIR=0.011 AUX=0.017 w=0.030) ACC=97.778 F1=96.689 Rec=98.652 Prec=94.962
Train Client7 [41/100] LR=0.0002500 loss=0.102 (CE=0.053 VIR=0.186 wVIR=0.006 AUX=0.043 w=0.030) ACC=98.182 F1=89.010 Rec=95.942 Prec=85.458

Val    [41/100] LR=0.0002500 loss=1.717 ACC=96.686 F1=96.671 Rec=96.686 Prec=96.993
Val-Known->Virtual [41/100] rate=0.000% prob_mean=0.008234 margin_mean=0.957012
Val-LogitMargin [41/100] TrueKnown-VMax mean=6.5966 std=1.3829 p10=4.8428 p50=6.6718 p90=8.2983
Stage1Diag [41/100] FeatDim=256 IntraVar=0.311357 InterDist=1.209979 Compact=0.257324 CenterNorm=2.271687
Stage1Boundary [41/100] KnownTrue-Other mean=7.7798 std=4.4443 p10=2.1238 p50=8.4721 p90=12.9799 | BoundaryRate=20.000% count=350 thr=3.1384 hist=[0, 23, 111, 0, 216]

Test-  OSR [41/100] LR=0.0002500 ACC=61.464 F1=65.697 Rec=81.032 Prec=72.848 UNK=2.762 OS*=96.686 HOS=5.370 AUROC=84.586 AUPR=81.111 OSCR=82.945
Test-Close [41/100] LR=0.0002500 loss=1.716 ACC=96.686 F1=96.672 Rec=96.686 Prec=96.984
Test-Virtual [41/100] CloseK->V=0.000% Open->V=2.762% OpenVEntropy=-0.000000 CloseHist=[0, 0, 0] OpenHist=[0, 29, 0]
Test-LogitMargin [41/100] CloseTrue-VMax mean=6.6372 std=1.4211 p10=4.8287 p50=6.7162 p90=8.3301 | OpenKnown-VMax mean=5.1814 std=2.8264 p10=0.9546 p50=6.3723 p90=8.0908
AnchorDiag [41/100] VNorm=[1.0000001192092896, 1.0, 0.9999999403953552] VDriftMax=0.000000 Vcos(max/mean)=(0.0000/-0.0000) KVcos(max/mean)=(0.0340/0.0082) ValK->V=0.00% CloseK->V=0.00% Open->V=2.76% OpenVEntropy=-0.0000
Train Client0 [42/100] LR=0.0002500 loss=0.088 (CE=0.050 VIR=0.048 wVIR=0.001 AUX=0.037 w=0.030) ACC=98.330 F1=97.524 Rec=97.524 Prec=97.524
Train Client1 [42/100] LR=0.0002500 loss=0.159 (CE=0.083 VIR=0.056 wVIR=0.002 AUX=0.074 w=0.030) ACC=97.249 F1=93.766 Rec=93.144 Prec=94.579
Train Client2 [42/100] LR=0.0002500 loss=0.159 (CE=0.085 VIR=0.057 wVIR=0.002 AUX=0.072 w=0.030) ACC=96.673 F1=87.646 Rec=86.614 Prec=89.216
Train Client3 [42/100] LR=0.0002500 loss=0.100 (CE=0.055 VIR=0.012 wVIR=0.000 AUX=0.045 w=0.030) ACC=98.295 F1=96.122 Rec=97.601 Prec=94.877
Train Client4 [42/100] LR=0.0002500 loss=0.147 (CE=0.090 VIR=0.240 wVIR=0.007 AUX=0.050 w=0.030) ACC=96.951 F1=85.927 Rec=90.481 Prec=83.504
Train Client5 [42/100] LR=0.0002500 loss=0.048 (CE=0.027 VIR=0.024 wVIR=0.001 AUX=0.021 w=0.030) ACC=98.750 F1=87.951 Rec=89.162 Prec=86.966
Train Client6 [42/100] LR=0.0002500 loss=0.129 (CE=0.084 VIR=0.393 wVIR=0.012 AUX=0.034 w=0.030) ACC=96.944 F1=95.381 Rec=96.910 Prec=94.060
Train Client7 [42/100] LR=0.0002500 loss=0.111 (CE=0.060 VIR=0.216 wVIR=0.006 AUX=0.044 w=0.030) ACC=98.030 F1=88.239 Rec=94.758 Prec=85.088

Val    [42/100] LR=0.0002500 loss=1.719 ACC=96.686 F1=96.667 Rec=96.686 Prec=97.062
Val-Known->Virtual [42/100] rate=0.000% prob_mean=0.006989 margin_mean=0.960491
Val-LogitMargin [42/100] TrueKnown-VMax mean=6.7408 std=1.3056 p10=5.0221 p50=6.8092 p90=8.3774
Stage1Diag [42/100] FeatDim=256 IntraVar=0.301208 InterDist=1.182878 Compact=0.254640 CenterNorm=2.242546
Stage1Boundary [42/100] KnownTrue-Other mean=7.9976 std=4.6794 p10=2.2995 p50=8.4473 p90=13.7500 | BoundaryRate=20.000% count=350 thr=3.2214 hist=[0, 15, 129, 1, 205]

Test-  OSR [42/100] LR=0.0002500 ACC=61.464 F1=65.831 Rec=80.968 Prec=73.025 UNK=2.952 OS*=96.571 HOS=5.730 AUROC=87.663 AUPR=83.975 OSCR=85.842
Test-Close [42/100] LR=0.0002500 loss=1.717 ACC=96.571 F1=96.552 Rec=96.571 Prec=96.965
Test-Virtual [42/100] CloseK->V=0.000% Open->V=2.952% OpenVEntropy=-0.000000 CloseHist=[0, 0, 0] OpenHist=[0, 31, 0]
Test-LogitMargin [42/100] CloseTrue-VMax mean=6.7780 std=1.3433 p10=5.0268 p50=6.8923 p90=8.3829 | OpenKnown-VMax mean=5.2846 std=2.8996 p10=0.8170 p50=6.6095 p90=8.1563
AnchorDiag [42/100] VNorm=[1.0000001192092896, 1.0, 0.9999999403953552] VDriftMax=0.000000 Vcos(max/mean)=(0.0000/-0.0000) KVcos(max/mean)=(0.0334/0.0083) ValK->V=0.00% CloseK->V=0.00% Open->V=2.95% OpenVEntropy=-0.0000
Saving best model . . . . . . . .

Train Client0 [43/100] LR=0.0002500 loss=0.048 (CE=0.031 VIR=0.029 wVIR=0.001 AUX=0.017 w=0.030) ACC=99.192 F1=98.807 Rec=98.828 Prec=98.788
Train Client1 [43/100] LR=0.0002500 loss=0.161 (CE=0.086 VIR=0.059 wVIR=0.002 AUX=0.074 w=0.030) ACC=96.797 F1=93.822 Rec=93.377 Prec=94.474
Train Client2 [43/100] LR=0.0002500 loss=0.155 (CE=0.086 VIR=0.045 wVIR=0.001 AUX=0.068 w=0.030) ACC=96.530 F1=86.747 Rec=85.547 Prec=88.667
Train Client3 [43/100] LR=0.0002500 loss=0.111 (CE=0.057 VIR=0.026 wVIR=0.001 AUX=0.053 w=0.030) ACC=98.295 F1=96.151 Rec=97.622 Prec=94.914
Train Client4 [43/100] LR=0.0002500 loss=0.159 (CE=0.099 VIR=0.328 wVIR=0.010 AUX=0.050 w=0.030) ACC=96.723 F1=86.372 Rec=95.326 Prec=82.974
Train Client5 [43/100] LR=0.0002500 loss=0.054 (CE=0.032 VIR=0.054 wVIR=0.002 AUX=0.021 w=0.030) ACC=98.750 F1=86.815 Rec=88.868 Prec=85.432
Train Client6 [43/100] LR=0.0002500 loss=0.066 (CE=0.047 VIR=0.267 wVIR=0.008 AUX=0.011 w=0.030) ACC=98.611 F1=97.772 Rec=98.113 Prec=97.445
Train Client7 [43/100] LR=0.0002500 loss=0.122 (CE=0.064 VIR=0.248 wVIR=0.007 AUX=0.051 w=0.030) ACC=98.258 F1=95.786 Rec=95.536 Prec=96.198

Val    [43/100] LR=0.0002500 loss=1.724 ACC=96.629 F1=96.613 Rec=96.629 Prec=96.951
Val-Known->Virtual [43/100] rate=0.000% prob_mean=0.009557 margin_mean=0.952916
Val-LogitMargin [43/100] TrueKnown-VMax mean=6.5833 std=1.4629 p10=4.5607 p50=6.7419 p90=8.4618
Stage1Diag [43/100] FeatDim=256 IntraVar=0.294531 InterDist=1.197391 Compact=0.245977 CenterNorm=2.238247
Stage1Boundary [43/100] KnownTrue-Other mean=7.4320 std=4.5458 p10=2.1150 p50=7.6787 p90=13.4015 | BoundaryRate=20.000% count=350 thr=2.9315 hist=[0, 23, 124, 1, 202]

Test-  OSR [43/100] LR=0.0002500 ACC=61.143 F1=64.911 Rec=80.825 Prec=71.776 UNK=2.095 OS*=96.571 HOS=4.101 AUROC=85.844 AUPR=80.902 OSCR=84.127
Test-Close [43/100] LR=0.0002500 loss=1.725 ACC=96.571 F1=96.556 Rec=96.571 Prec=96.895
Test-Virtual [43/100] CloseK->V=0.000% Open->V=2.095% OpenVEntropy=-0.000000 CloseHist=[0, 0, 0] OpenHist=[0, 22, 0]
Test-LogitMargin [43/100] CloseTrue-VMax mean=6.6221 std=1.5169 p10=4.5293 p50=6.8227 p90=8.4329 | OpenKnown-VMax mean=5.4400 std=2.8545 p10=1.0222 p50=6.6996 p90=8.3623
AnchorDiag [43/100] VNorm=[1.0000001192092896, 1.0, 0.9999999403953552] VDriftMax=0.000000 Vcos(max/mean)=(0.0000/-0.0000) KVcos(max/mean)=(0.0343/0.0085) ValK->V=0.00% CloseK->V=0.00% Open->V=2.10% OpenVEntropy=-0.0000
Train Client0 [44/100] LR=0.0002500 loss=0.057 (CE=0.035 VIR=0.064 wVIR=0.002 AUX=0.019 w=0.030) ACC=99.138 F1=79.110 Rec=79.117 Prec=79.103
Train Client1 [44/100] LR=0.0002500 loss=0.178 (CE=0.096 VIR=0.051 wVIR=0.002 AUX=0.080 w=0.030) ACC=96.866 F1=94.188 Rec=93.175 Prec=95.488
Train Client2 [44/100] LR=0.0002500 loss=0.145 (CE=0.079 VIR=0.038 wVIR=0.001 AUX=0.065 w=0.030) ACC=96.673 F1=87.867 Rec=87.004 Prec=89.117
Train Client3 [44/100] LR=0.0002500 loss=0.086 (CE=0.046 VIR=0.017 wVIR=0.001 AUX=0.039 w=0.030) ACC=98.864 F1=96.997 Rec=98.461 Prec=95.787
Train Client4 [44/100] LR=0.0002500 loss=0.192 (CE=0.111 VIR=0.319 wVIR=0.010 AUX=0.072 w=0.030) ACC=96.951 F1=84.838 Rec=91.560 Prec=82.019
Train Client5 [44/100] LR=0.0002500 loss=0.067 (CE=0.034 VIR=0.027 wVIR=0.001 AUX=0.033 w=0.030) ACC=98.929 F1=91.001 Rec=93.795 Prec=89.211
Train Client6 [44/100] LR=0.0002500 loss=0.165 (CE=0.092 VIR=0.396 wVIR=0.012 AUX=0.061 w=0.030) ACC=96.944 F1=94.902 Rec=96.150 Prec=93.775
Train Client7 [44/100] LR=0.0002500 loss=0.105 (CE=0.061 VIR=0.157 wVIR=0.005 AUX=0.039 w=0.030) ACC=98.409 F1=89.610 Rec=95.832 Prec=86.776

Val    [44/100] LR=0.0002500 loss=1.708 ACC=97.143 F1=97.136 Rec=97.143 Prec=97.317
Val-Known->Virtual [44/100] rate=0.000% prob_mean=0.005879 margin_mean=0.961519
Val-LogitMargin [44/100] TrueKnown-VMax mean=7.1247 std=1.4982 p10=5.2215 p50=7.1242 p90=9.0731
Stage1Diag [44/100] FeatDim=256 IntraVar=0.309448 InterDist=1.233077 Compact=0.250956 CenterNorm=2.253181
Stage1Boundary [44/100] KnownTrue-Other mean=8.4721 std=5.1576 p10=2.2558 p50=8.8572 p90=14.6658 | BoundaryRate=20.000% count=350 thr=3.1513 hist=[0, 6, 113, 1, 230]

Test-  OSR [44/100] LR=0.0002500 ACC=61.750 F1=66.127 Rec=81.349 Prec=73.261 UNK=2.952 OS*=97.029 HOS=5.730 AUROC=87.067 AUPR=82.841 OSCR=85.649
Test-Close [44/100] LR=0.0002500 loss=1.705 ACC=97.029 F1=97.020 Rec=97.029 Prec=97.233
Test-Virtual [44/100] CloseK->V=0.000% Open->V=2.952% OpenVEntropy=0.289399 CloseHist=[0, 0, 0] OpenHist=[3, 28, 0]
Test-LogitMargin [44/100] CloseTrue-VMax mean=7.1765 std=1.5721 p10=5.1777 p50=7.2150 p90=9.2055 | OpenKnown-VMax mean=5.5767 std=3.0960 p10=0.7836 p50=6.8953 p90=8.6842
AnchorDiag [44/100] VNorm=[1.0000001192092896, 1.0, 0.9999999403953552] VDriftMax=0.000000 Vcos(max/mean)=(0.0000/-0.0000) KVcos(max/mean)=(0.0339/0.0086) ValK->V=0.00% CloseK->V=0.00% Open->V=2.95% OpenVEntropy=0.2894
Train Client0 [45/100] LR=0.0002500 loss=0.050 (CE=0.029 VIR=0.036 wVIR=0.001 AUX=0.019 w=0.030) ACC=99.084 F1=78.964 Rec=78.970 Prec=78.958
Train Client1 [45/100] LR=0.0002500 loss=0.159 (CE=0.084 VIR=0.041 wVIR=0.001 AUX=0.073 w=0.030) ACC=97.075 F1=94.523 Rec=93.927 Prec=95.296
Train Client2 [45/100] LR=0.0002500 loss=0.168 (CE=0.085 VIR=0.060 wVIR=0.002 AUX=0.081 w=0.030) ACC=96.340 F1=87.214 Rec=86.054 Prec=88.826
Train Client3 [45/100] LR=0.0002500 loss=0.111 (CE=0.063 VIR=0.011 wVIR=0.000 AUX=0.048 w=0.030) ACC=98.485 F1=97.703 Rec=97.663 Prec=97.883
Train Client4 [45/100] LR=0.0002500 loss=0.162 (CE=0.101 VIR=0.162 wVIR=0.005 AUX=0.057 w=0.030) ACC=96.570 F1=84.465 Rec=90.456 Prec=81.710
Train Client5 [45/100] LR=0.0002500 loss=0.056 (CE=0.035 VIR=0.048 wVIR=0.001 AUX=0.020 w=0.030) ACC=99.018 F1=91.070 Rec=94.140 Prec=89.004
Train Client6 [45/100] LR=0.0002500 loss=0.098 (CE=0.061 VIR=0.330 wVIR=0.010 AUX=0.027 w=0.030) ACC=97.222 F1=95.626 Rec=96.225 Prec=95.050
Train Client7 [45/100] LR=0.0002500 loss=0.119 (CE=0.063 VIR=0.124 wVIR=0.004 AUX=0.052 w=0.030) ACC=98.106 F1=95.533 Rec=95.118 Prec=96.004

Val    [45/100] LR=0.0002500 loss=1.729 ACC=95.886 F1=95.853 Rec=95.886 Prec=96.420
Val-Known->Virtual [45/100] rate=0.000% prob_mean=0.006534 margin_mean=0.958511
Val-LogitMargin [45/100] TrueKnown-VMax mean=6.6768 std=1.2487 p10=5.0977 p50=6.6964 p90=8.2375
Stage1Diag [45/100] FeatDim=256 IntraVar=0.287537 InterDist=1.180405 Compact=0.243592 CenterNorm=2.235703
Stage1Boundary [45/100] KnownTrue-Other mean=7.5974 std=4.6676 p10=2.2024 p50=7.9083 p90=13.3821 | BoundaryRate=20.000% count=350 thr=2.9951 hist=[1, 9, 145, 3, 192]

Test-  OSR [45/100] LR=0.0002500 ACC=60.929 F1=65.226 Rec=80.603 Prec=72.841 UNK=1.905 OS*=96.343 HOS=3.736 AUROC=89.709 AUPR=85.069 OSCR=87.755
Test-Close [45/100] LR=0.0002500 loss=1.723 ACC=96.343 F1=96.317 Rec=96.343 Prec=96.841
Test-Virtual [45/100] CloseK->V=0.000% Open->V=1.905% OpenVEntropy=0.384766 CloseHist=[0, 0, 0] OpenHist=[3, 17, 0]
Test-LogitMargin [45/100] CloseTrue-VMax mean=6.7159 std=1.3113 p10=4.9821 p50=6.8253 p90=8.3179 | OpenKnown-VMax mean=5.2150 std=2.7397 p10=0.9744 p50=6.4666 p90=7.9509
AnchorDiag [45/100] VNorm=[1.0000001192092896, 1.0, 0.9999999403953552] VDriftMax=0.000000 Vcos(max/mean)=(0.0000/-0.0000) KVcos(max/mean)=(0.0340/0.0086) ValK->V=0.00% CloseK->V=0.00% Open->V=1.90% OpenVEntropy=0.3848
Saving best model . . . . . . . .

Saving model at epoch 45 . . . . . . . .

Train Client0 [46/100] LR=0.0002500 loss=0.065 (CE=0.040 VIR=0.042 wVIR=0.001 AUX=0.024 w=0.030) ACC=99.192 F1=79.137 Rec=79.169 Prec=79.106
Train Client1 [46/100] LR=0.0002500 loss=0.154 (CE=0.081 VIR=0.047 wVIR=0.001 AUX=0.072 w=0.030) ACC=96.971 F1=94.226 Rec=93.985 Prec=94.566
Train Client2 [46/100] LR=0.0002500 loss=0.142 (CE=0.079 VIR=0.047 wVIR=0.001 AUX=0.061 w=0.030) ACC=97.006 F1=89.063 Rec=87.826 Prec=90.676
Train Client3 [46/100] LR=0.0002500 loss=0.104 (CE=0.049 VIR=0.016 wVIR=0.000 AUX=0.055 w=0.030) ACC=98.106 F1=91.184 Rec=92.773 Prec=89.965
Train Client4 [46/100] LR=0.0002500 loss=0.132 (CE=0.081 VIR=0.116 wVIR=0.003 AUX=0.047 w=0.030) ACC=97.790 F1=90.312 Rec=94.586 Prec=87.255
Train Client5 [46/100] LR=0.0002500 loss=0.060 (CE=0.035 VIR=0.025 wVIR=0.001 AUX=0.024 w=0.030) ACC=98.839 F1=88.767 Rec=88.701 Prec=88.834
Train Client6 [46/100] LR=0.0002500 loss=0.121 (CE=0.077 VIR=0.361 wVIR=0.011 AUX=0.033 w=0.030) ACC=98.056 F1=97.021 Rec=97.964 Prec=96.184
Train Client7 [46/100] LR=0.0002500 loss=0.100 (CE=0.054 VIR=0.146 wVIR=0.004 AUX=0.042 w=0.030) ACC=97.955 F1=94.705 Rec=94.334 Prec=95.128

Val    [46/100] LR=0.0002500 loss=1.743 ACC=96.114 F1=96.083 Rec=96.114 Prec=96.656
Val-Known->Virtual [46/100] rate=0.000% prob_mean=0.008505 margin_mean=0.964808
Val-LogitMargin [46/100] TrueKnown-VMax mean=6.3656 std=1.2658 p10=4.8333 p50=6.3527 p90=7.9727
Stage1Diag [46/100] FeatDim=256 IntraVar=0.290362 InterDist=1.187343 Compact=0.244548 CenterNorm=2.242475
Stage1Boundary [46/100] KnownTrue-Other mean=7.6249 std=4.3271 p10=2.7235 p50=8.1590 p90=12.7894 | BoundaryRate=20.000% count=350 thr=3.6988 hist=[1, 16, 170, 3, 160]

Test-  OSR [46/100] LR=0.0002500 ACC=60.393 F1=64.269 Rec=80.333 Prec=71.989 UNK=0.571 OS*=96.286 HOS=1.136 AUROC=89.219 AUPR=84.005 OSCR=87.170
Test-Close [46/100] LR=0.0002500 loss=1.733 ACC=96.286 F1=96.258 Rec=96.286 Prec=96.800
Test-Virtual [46/100] CloseK->V=0.000% Open->V=0.571% OpenVEntropy=0.410118 CloseHist=[0, 0, 0] OpenHist=[1, 5, 0]
Test-LogitMargin [46/100] CloseTrue-VMax mean=6.3997 std=1.3177 p10=4.7657 p50=6.3989 p90=8.0526 | OpenKnown-VMax mean=5.1342 std=2.4487 p10=1.5037 p50=6.1302 p90=7.7623
AnchorDiag [46/100] VNorm=[1.0000001192092896, 1.0, 0.9999999403953552] VDriftMax=0.000000 Vcos(max/mean)=(0.0000/-0.0000) KVcos(max/mean)=(0.0349/0.0084) ValK->V=0.00% CloseK->V=0.00% Open->V=0.57% OpenVEntropy=0.4101
Train Client0 [47/100] LR=0.0002500 loss=0.056 (CE=0.033 VIR=0.037 wVIR=0.001 AUX=0.021 w=0.030) ACC=98.869 F1=98.460 Rec=98.568 Prec=98.356
Train Client1 [47/100] LR=0.0002500 loss=0.144 (CE=0.076 VIR=0.042 wVIR=0.001 AUX=0.066 w=0.030) ACC=97.737 F1=95.792 Rec=94.869 Prec=96.903
Train Client2 [47/100] LR=0.0002500 loss=0.146 (CE=0.079 VIR=0.052 wVIR=0.002 AUX=0.066 w=0.030) ACC=97.148 F1=89.866 Rec=88.954 Prec=90.997
Train Client3 [47/100] LR=0.0002500 loss=0.135 (CE=0.078 VIR=0.023 wVIR=0.001 AUX=0.057 w=0.030) ACC=97.917 F1=95.453 Rec=93.934 Prec=97.463
Train Client4 [47/100] LR=0.0002500 loss=0.121 (CE=0.067 VIR=0.192 wVIR=0.006 AUX=0.048 w=0.030) ACC=97.790 F1=87.578 Rec=92.065 Prec=85.222
Train Client5 [47/100] LR=0.0002500 loss=0.044 (CE=0.027 VIR=0.014 wVIR=0.000 AUX=0.016 w=0.030) ACC=99.107 F1=89.279 Rec=94.003 Prec=87.061
Train Client6 [47/100] LR=0.0002500 loss=0.053 (CE=0.043 VIR=0.275 wVIR=0.008 AUX=0.001 w=0.030) ACC=98.889 F1=97.662 Rec=98.278 Prec=97.071
Train Client7 [47/100] LR=0.0002500 loss=0.093 (CE=0.052 VIR=0.155 wVIR=0.005 AUX=0.036 w=0.030) ACC=98.561 F1=96.105 Rec=95.679 Prec=96.669

Val    [47/100] LR=0.0002500 loss=1.728 ACC=96.171 F1=96.149 Rec=96.171 Prec=96.589
Val-Known->Virtual [47/100] rate=0.000% prob_mean=0.007805 margin_mean=0.962085
Val-LogitMargin [47/100] TrueKnown-VMax mean=6.7913 std=1.5292 p10=4.8460 p50=6.8639 p90=8.7640
Stage1Diag [47/100] FeatDim=256 IntraVar=0.304366 InterDist=1.211220 Compact=0.251288 CenterNorm=2.254394
Stage1Boundary [47/100] KnownTrue-Other mean=8.1882 std=4.8247 p10=2.4498 p50=8.7525 p90=13.9822 | BoundaryRate=20.000% count=350 thr=3.2902 hist=[0, 19, 126, 2, 203]

Test-  OSR [47/100] LR=0.0002500 ACC=60.893 F1=64.629 Rec=80.619 Prec=71.660 UNK=1.714 OS*=96.400 HOS=3.369 AUROC=85.123 AUPR=80.342 OSCR=83.412
Test-Close [47/100] LR=0.0002500 loss=1.725 ACC=96.400 F1=96.382 Rec=96.400 Prec=96.785
Test-Virtual [47/100] CloseK->V=0.000% Open->V=1.714% OpenVEntropy=-0.000000 CloseHist=[0, 0, 0] OpenHist=[0, 18, 0]
Test-LogitMargin [47/100] CloseTrue-VMax mean=6.8269 std=1.5939 p10=4.7821 p50=6.9162 p90=8.8298 | OpenKnown-VMax mean=5.2998 std=2.6523 p10=1.4460 p50=6.3593 p90=8.0851
AnchorDiag [47/100] VNorm=[1.0000001192092896, 1.0, 0.9999999403953552] VDriftMax=0.000000 Vcos(max/mean)=(0.0000/-0.0000) KVcos(max/mean)=(0.0347/0.0085) ValK->V=0.00% CloseK->V=0.00% Open->V=1.71% OpenVEntropy=-0.0000
Train Client0 [48/100] LR=0.0002500 loss=0.068 (CE=0.039 VIR=0.022 wVIR=0.001 AUX=0.028 w=0.030) ACC=98.976 F1=78.818 Rec=78.806 Prec=78.830
Train Client1 [48/100] LR=0.0002500 loss=0.154 (CE=0.080 VIR=0.050 wVIR=0.001 AUX=0.073 w=0.030) ACC=97.075 F1=94.352 Rec=94.029 Prec=94.820
Train Client2 [48/100] LR=0.0002500 loss=0.147 (CE=0.076 VIR=0.035 wVIR=0.001 AUX=0.070 w=0.030) ACC=97.006 F1=88.930 Rec=87.487 Prec=90.908
Train Client3 [48/100] LR=0.0002500 loss=0.080 (CE=0.052 VIR=0.014 wVIR=0.000 AUX=0.028 w=0.030) ACC=98.674 F1=93.243 Rec=92.076 Prec=94.668
Train Client4 [48/100] LR=0.0002500 loss=0.131 (CE=0.075 VIR=0.231 wVIR=0.007 AUX=0.050 w=0.030) ACC=97.485 F1=88.429 Rec=93.677 Prec=85.667
Train Client5 [48/100] LR=0.0002500 loss=0.079 (CE=0.041 VIR=0.027 wVIR=0.001 AUX=0.038 w=0.030) ACC=98.750 F1=87.684 Rec=88.629 Prec=86.965
Train Client6 [48/100] LR=0.0002500 loss=0.193 (CE=0.095 VIR=0.465 wVIR=0.014 AUX=0.084 w=0.030) ACC=97.778 F1=96.733 Rec=97.891 Prec=95.661
Train Client7 [48/100] LR=0.0002500 loss=0.112 (CE=0.062 VIR=0.210 wVIR=0.006 AUX=0.044 w=0.030) ACC=98.636 F1=89.812 Rec=96.049 Prec=86.999

Val    [48/100] LR=0.0002500 loss=1.718 ACC=96.743 F1=96.729 Rec=96.743 Prec=97.038
Val-Known->Virtual [48/100] rate=0.000% prob_mean=0.005998 margin_mean=0.968024
Val-LogitMargin [48/100] TrueKnown-VMax mean=6.8397 std=1.3606 p10=5.2697 p50=6.8070 p90=8.5990
Stage1Diag [48/100] FeatDim=256 IntraVar=0.319128 InterDist=1.212447 Compact=0.263210 CenterNorm=2.250597
Stage1Boundary [48/100] KnownTrue-Other mean=8.5593 std=4.9891 p10=2.6211 p50=8.6434 p90=14.9567 | BoundaryRate=20.000% count=350 thr=3.6616 hist=[3, 11, 131, 1, 204]

Test-  OSR [48/100] LR=0.0002500 ACC=61.143 F1=65.256 Rec=81.016 Prec=72.799 UNK=1.524 OS*=96.914 HOS=3.000 AUROC=87.674 AUPR=83.122 OSCR=86.111
Test-Close [48/100] LR=0.0002500 loss=1.712 ACC=96.914 F1=96.902 Rec=96.914 Prec=97.203
Test-Virtual [48/100] CloseK->V=0.000% Open->V=1.524% OpenVEntropy=0.212806 CloseHist=[0, 0, 0] OpenHist=[1, 15, 0]
Test-LogitMargin [48/100] CloseTrue-VMax mean=6.8860 std=1.4285 p10=5.2017 p50=6.8801 p90=8.6407 | OpenKnown-VMax mean=5.4267 std=2.7551 p10=1.4760 p50=6.4912 p90=8.3358
AnchorDiag [48/100] VNorm=[1.0000001192092896, 1.0, 0.9999999403953552] VDriftMax=0.000000 Vcos(max/mean)=(0.0000/-0.0000) KVcos(max/mean)=(0.0353/0.0088) ValK->V=0.00% CloseK->V=0.00% Open->V=1.52% OpenVEntropy=0.2128
>> New learning Rate: 0.000125
Train Client0 [49/100] LR=0.0001250 loss=0.014 (CE=0.009 VIR=0.024 wVIR=0.001 AUX=0.004 w=0.030) ACC=99.623 F1=99.489 Rec=99.547 Prec=99.432
Train Client1 [49/100] LR=0.0001250 loss=0.121 (CE=0.062 VIR=0.051 wVIR=0.002 AUX=0.057 w=0.030) ACC=97.876 F1=95.749 Rec=95.205 Prec=96.575
Train Client2 [49/100] LR=0.0001250 loss=0.112 (CE=0.062 VIR=0.035 wVIR=0.001 AUX=0.049 w=0.030) ACC=97.291 F1=90.925 Rec=91.020 Prec=90.831
Train Client3 [49/100] LR=0.0001250 loss=0.062 (CE=0.032 VIR=0.011 wVIR=0.000 AUX=0.031 w=0.030) ACC=99.053 F1=98.568 Rec=98.557 Prec=98.583
Train Client4 [49/100] LR=0.0001250 loss=0.131 (CE=0.090 VIR=0.125 wVIR=0.004 AUX=0.038 w=0.030) ACC=96.646 F1=85.740 Rec=96.253 Prec=82.014
Train Client5 [49/100] LR=0.0001250 loss=0.046 (CE=0.025 VIR=0.023 wVIR=0.001 AUX=0.020 w=0.030) ACC=99.107 F1=90.129 Rec=94.177 Prec=87.838
Train Client6 [49/100] LR=0.0001250 loss=0.131 (CE=0.085 VIR=0.260 wVIR=0.008 AUX=0.038 w=0.030) ACC=98.056 F1=96.436 Rec=97.097 Prec=95.804
Train Client7 [49/100] LR=0.0001250 loss=0.088 (CE=0.048 VIR=0.232 wVIR=0.007 AUX=0.032 w=0.030) ACC=98.333 F1=86.631 Rec=97.128 Prec=82.854

Val    [49/100] LR=0.0001250 loss=1.710 ACC=97.029 F1=97.019 Rec=97.029 Prec=97.244
Val-Known->Virtual [49/100] rate=0.000% prob_mean=0.005685 margin_mean=0.967125
Val-LogitMargin [49/100] TrueKnown-VMax mean=6.9781 std=1.4731 p10=5.2620 p50=6.9162 p90=8.9754
Stage1Diag [49/100] FeatDim=256 IntraVar=0.320644 InterDist=1.210386 Compact=0.264910 CenterNorm=2.252767
Stage1Boundary [49/100] KnownTrue-Other mean=8.4857 std=4.9769 p10=2.5071 p50=8.6670 p90=14.8932 | BoundaryRate=20.000% count=350 thr=3.5055 hist=[1, 12, 120, 1, 216]

Test-  OSR [49/100] LR=0.0001250 ACC=61.250 F1=65.440 Rec=81.159 Prec=72.964 UNK=1.524 OS*=97.086 HOS=3.001 AUROC=87.118 AUPR=82.605 OSCR=85.686
Test-Close [49/100] LR=0.0001250 loss=1.709 ACC=97.086 F1=97.078 Rec=97.086 Prec=97.271
Test-Virtual [49/100] CloseK->V=0.000% Open->V=1.524% OpenVEntropy=0.756775 CloseHist=[0, 0, 0] OpenHist=[3, 11, 2]
Test-LogitMargin [49/100] CloseTrue-VMax mean=7.0310 std=1.5615 p10=5.1446 p50=6.9765 p90=9.1036 | OpenKnown-VMax mean=5.4345 std=2.7828 p10=1.3288 p50=6.4582 p90=8.4370
AnchorDiag [49/100] VNorm=[1.0000001192092896, 1.0, 0.9999999403953552] VDriftMax=0.000000 Vcos(max/mean)=(0.0000/-0.0000) KVcos(max/mean)=(0.0358/0.0089) ValK->V=0.00% CloseK->V=0.00% Open->V=1.52% OpenVEntropy=0.7568
Train Client0 [50/100] LR=0.0001250 loss=0.006 (CE=0.004 VIR=0.003 wVIR=0.000 AUX=0.002 w=0.030) ACC=99.892 F1=99.839 Rec=99.839 Prec=99.839
Train Client1 [50/100] LR=0.0001250 loss=0.104 (CE=0.054 VIR=0.033 wVIR=0.001 AUX=0.049 w=0.030) ACC=98.294 F1=96.419 Rec=95.846 Prec=97.113
Train Client2 [50/100] LR=0.0001250 loss=0.094 (CE=0.051 VIR=0.029 wVIR=0.001 AUX=0.043 w=0.030) ACC=97.909 F1=93.448 Rec=94.177 Prec=92.761
Train Client3 [50/100] LR=0.0001250 loss=0.064 (CE=0.037 VIR=0.029 wVIR=0.001 AUX=0.027 w=0.030) ACC=98.674 F1=98.358 Rec=98.336 Prec=98.416
Train Client4 [50/100] LR=0.0001250 loss=0.147 (CE=0.103 VIR=0.249 wVIR=0.007 AUX=0.037 w=0.030) ACC=97.332 F1=85.448 Rec=95.013 Prec=82.059
Train Client5 [50/100] LR=0.0001250 loss=0.042 (CE=0.025 VIR=0.017 wVIR=0.000 AUX=0.017 w=0.030) ACC=99.196 F1=86.771 Rec=89.387 Prec=85.325
Train Client6 [50/100] LR=0.0001250 loss=0.132 (CE=0.088 VIR=0.345 wVIR=0.010 AUX=0.034 w=0.030) ACC=98.056 F1=97.087 Rec=98.725 Prec=95.658
Train Client7 [50/100] LR=0.0001250 loss=0.086 (CE=0.047 VIR=0.253 wVIR=0.008 AUX=0.031 w=0.030) ACC=98.561 F1=84.912 Rec=96.368 Prec=82.553

Val    [50/100] LR=0.0001250 loss=1.712 ACC=97.029 F1=97.018 Rec=97.029 Prec=97.277
Val-Known->Virtual [50/100] rate=0.000% prob_mean=0.004639 margin_mean=0.969731
Val-LogitMargin [50/100] TrueKnown-VMax mean=7.2247 std=1.4637 p10=5.4491 p50=7.1772 p90=9.1433
Stage1Diag [50/100] FeatDim=256 IntraVar=0.322079 InterDist=1.218084 Compact=0.264414 CenterNorm=2.257598
Stage1Boundary [50/100] KnownTrue-Other mean=8.4542 std=4.7885 p10=2.5420 p50=8.9495 p90=14.4535 | BoundaryRate=20.000% count=350 thr=3.5583 hist=[0, 12, 117, 2, 219]

Test-  OSR [50/100] LR=0.0001250 ACC=61.286 F1=66.059 Rec=81.143 Prec=74.131 UNK=1.714 OS*=97.029 HOS=3.369 AUROC=86.815 AUPR=82.711 OSCR=85.347
Test-Close [50/100] LR=0.0001250 loss=1.708 ACC=97.029 F1=97.018 Rec=97.029 Prec=97.293
Test-Virtual [50/100] CloseK->V=0.000% Open->V=1.714% OpenVEntropy=0.595906 CloseHist=[0, 0, 0] OpenHist=[3, 14, 1]
Test-LogitMargin [50/100] CloseTrue-VMax mean=7.2798 std=1.5335 p10=5.3503 p50=7.2503 p90=9.1727 | OpenKnown-VMax mean=5.7726 std=3.0106 p10=1.1691 p50=6.9152 p90=8.9229
AnchorDiag [50/100] VNorm=[1.0000001192092896, 1.0, 0.9999999403953552] VDriftMax=0.000000 Vcos(max/mean)=(0.0000/-0.0000) KVcos(max/mean)=(0.0359/0.0090) ValK->V=0.00% CloseK->V=0.00% Open->V=1.71% OpenVEntropy=0.5959
Saving model at epoch 50 . . . . . . . .

Train Client0 [51/100] LR=0.0001250 loss=0.022 (CE=0.013 VIR=0.007 wVIR=0.000 AUX=0.008 w=0.030) ACC=99.731 F1=99.593 Rec=99.597 Prec=99.589
Train Client1 [51/100] LR=0.0001250 loss=0.102 (CE=0.053 VIR=0.038 wVIR=0.001 AUX=0.048 w=0.030) ACC=98.503 F1=96.822 Rec=96.488 Prec=97.198
Train Client2 [51/100] LR=0.0001250 loss=0.102 (CE=0.055 VIR=0.041 wVIR=0.001 AUX=0.047 w=0.030) ACC=97.529 F1=91.512 Rec=91.187 Prec=91.853
Train Client3 [51/100] LR=0.0001250 loss=0.074 (CE=0.037 VIR=0.002 wVIR=0.000 AUX=0.037 w=0.030) ACC=98.485 F1=97.707 Rec=97.680 Prec=97.796
Train Client4 [51/100] LR=0.0001250 loss=0.143 (CE=0.096 VIR=0.229 wVIR=0.007 AUX=0.040 w=0.030) ACC=97.256 F1=85.992 Rec=94.516 Prec=83.006
Train Client5 [51/100] LR=0.0001250 loss=0.026 (CE=0.016 VIR=0.009 wVIR=0.000 AUX=0.010 w=0.030) ACC=99.464 F1=90.601 Rec=94.651 Prec=88.307
Train Client6 [51/100] LR=0.0001250 loss=0.080 (CE=0.065 VIR=0.337 wVIR=0.010 AUX=0.005 w=0.030) ACC=98.056 F1=95.699 Rec=99.485 Prec=92.667
Train Client7 [51/100] LR=0.0001250 loss=0.057 (CE=0.027 VIR=0.130 wVIR=0.004 AUX=0.026 w=0.030) ACC=99.015 F1=97.288 Rec=97.157 Prec=97.423

Val    [51/100] LR=0.0001250 loss=1.701 ACC=97.086 F1=97.077 Rec=97.086 Prec=97.301
Val-Known->Virtual [51/100] rate=0.000% prob_mean=0.003260 margin_mean=0.971666
Val-LogitMargin [51/100] TrueKnown-VMax mean=7.5744 std=1.5232 p10=5.8162 p50=7.4453 p90=9.5676
Stage1Diag [51/100] FeatDim=256 IntraVar=0.315913 InterDist=1.223678 Compact=0.258167 CenterNorm=2.260875
Stage1Boundary [51/100] KnownTrue-Other mean=9.2192 std=5.3228 p10=2.5367 p50=9.6523 p90=15.7970 | BoundaryRate=20.000% count=350 thr=3.4726 hist=[0, 5, 106, 2, 237]

Test-  OSR [51/100] LR=0.0001250 ACC=61.250 F1=66.335 Rec=81.381 Prec=75.033 UNK=0.857 OS*=97.486 HOS=1.699 AUROC=87.213 AUPR=82.938 OSCR=85.954
Test-Close [51/100] LR=0.0001250 loss=1.698 ACC=97.486 F1=97.481 Rec=97.486 Prec=97.634
Test-Virtual [51/100] CloseK->V=0.000% Open->V=0.857% OpenVEntropy=0.317521 CloseHist=[0, 0, 0] OpenHist=[0, 8, 1]
Test-LogitMargin [51/100] CloseTrue-VMax mean=7.6420 std=1.5752 p10=5.7798 p50=7.5421 p90=9.6831 | OpenKnown-VMax mean=5.7816 std=2.8572 p10=1.3780 p50=6.7649 p90=8.8252
AnchorDiag [51/100] VNorm=[1.0000001192092896, 1.0, 0.9999999403953552] VDriftMax=0.000000 Vcos(max/mean)=(0.0000/-0.0000) KVcos(max/mean)=(0.0366/0.0092) ValK->V=0.00% CloseK->V=0.00% Open->V=0.86% OpenVEntropy=0.3175
Train Client0 [52/100] LR=0.0001250 loss=0.019 (CE=0.013 VIR=0.005 wVIR=0.000 AUX=0.006 w=0.030) ACC=99.623 F1=79.649 Rec=79.624 Prec=79.673
Train Client1 [52/100] LR=0.0001250 loss=0.106 (CE=0.056 VIR=0.040 wVIR=0.001 AUX=0.050 w=0.030) ACC=98.015 F1=96.127 Rec=95.431 Prec=96.908
Train Client2 [52/100] LR=0.0001250 loss=0.095 (CE=0.052 VIR=0.028 wVIR=0.001 AUX=0.042 w=0.030) ACC=97.338 F1=91.482 Rec=91.817 Prec=91.168
Train Client3 [52/100] LR=0.0001250 loss=0.085 (CE=0.040 VIR=0.010 wVIR=0.000 AUX=0.045 w=0.030) ACC=98.864 F1=98.291 Rec=98.255 Prec=98.389
Train Client4 [52/100] LR=0.0001250 loss=0.151 (CE=0.107 VIR=0.243 wVIR=0.007 AUX=0.036 w=0.030) ACC=96.875 F1=84.727 Rec=94.749 Prec=81.717
Train Client5 [52/100] LR=0.0001250 loss=0.062 (CE=0.034 VIR=0.018 wVIR=0.001 AUX=0.027 w=0.030) ACC=99.286 F1=88.388 Rec=89.337 Prec=87.666
Train Client6 [52/100] LR=0.0001250 loss=0.113 (CE=0.096 VIR=0.428 wVIR=0.013 AUX=0.004 w=0.030) ACC=98.611 F1=97.977 Rec=99.631 Prec=96.555
Train Client7 [52/100] LR=0.0001250 loss=0.086 (CE=0.049 VIR=0.233 wVIR=0.007 AUX=0.030 w=0.030) ACC=98.485 F1=96.378 Rec=96.775 Prec=96.018

Val    [52/100] LR=0.0001250 loss=1.735 ACC=95.943 F1=95.905 Rec=95.943 Prec=96.549
Val-Known->Virtual [52/100] rate=0.000% prob_mean=0.003830 margin_mean=0.973054
Val-LogitMargin [52/100] TrueKnown-VMax mean=7.4396 std=1.5940 p10=5.5200 p50=7.3753 p90=9.4918
Stage1Diag [52/100] FeatDim=256 IntraVar=0.309568 InterDist=1.196973 Compact=0.258626 CenterNorm=2.249737
Stage1Boundary [52/100] KnownTrue-Other mean=9.2729 std=5.6087 p10=2.7997 p50=9.5873 p90=16.3449 | BoundaryRate=20.000% count=350 thr=3.8296 hist=[1, 9, 147, 2, 191]

Test-  OSR [52/100] LR=0.0001250 ACC=60.857 F1=64.828 Rec=80.571 Prec=72.108 UNK=1.714 OS*=96.343 HOS=3.369 AUROC=89.440 AUPR=84.384 OSCR=87.458
Test-Close [52/100] LR=0.0001250 loss=1.728 ACC=96.343 F1=96.315 Rec=96.343 Prec=96.876
Test-Virtual [52/100] CloseK->V=0.000% Open->V=1.714% OpenVEntropy=0.664332 CloseHist=[0, 0, 0] OpenHist=[4, 13, 1]
Test-LogitMargin [52/100] CloseTrue-VMax mean=7.4970 std=1.6504 p10=5.4921 p50=7.4365 p90=9.6489 | OpenKnown-VMax mean=5.5571 std=2.7504 p10=1.4512 p50=6.5842 p90=8.4892
AnchorDiag [52/100] VNorm=[1.0000001192092896, 1.0, 0.9999999403953552] VDriftMax=0.000000 Vcos(max/mean)=(0.0000/-0.0000) KVcos(max/mean)=(0.0365/0.0093) ValK->V=0.00% CloseK->V=0.00% Open->V=1.71% OpenVEntropy=0.6643
Train Client0 [53/100] LR=0.0001250 loss=0.014 (CE=0.007 VIR=0.005 wVIR=0.000 AUX=0.006 w=0.030) ACC=99.838 F1=99.752 Rec=99.748 Prec=99.756
Train Client1 [53/100] LR=0.0001250 loss=0.102 (CE=0.054 VIR=0.051 wVIR=0.002 AUX=0.047 w=0.030) ACC=98.050 F1=96.348 Rec=95.855 Prec=96.948
Train Client2 [53/100] LR=0.0001250 loss=0.107 (CE=0.059 VIR=0.046 wVIR=0.001 AUX=0.047 w=0.030) ACC=97.529 F1=92.217 Rec=92.426 Prec=92.014
Train Client3 [53/100] LR=0.0001250 loss=0.076 (CE=0.039 VIR=0.015 wVIR=0.000 AUX=0.036 w=0.030) ACC=98.864 F1=94.552 Rec=95.769 Prec=93.535
Train Client4 [53/100] LR=0.0001250 loss=0.190 (CE=0.128 VIR=0.348 wVIR=0.010 AUX=0.052 w=0.030) ACC=96.265 F1=83.577 Rec=94.267 Prec=80.311
Train Client5 [53/100] LR=0.0001250 loss=0.030 (CE=0.025 VIR=0.022 wVIR=0.001 AUX=0.004 w=0.030) ACC=99.107 F1=88.611 Rec=94.263 Prec=86.168
Train Client6 [53/100] LR=0.0001250 loss=0.101 (CE=0.085 VIR=0.374 wVIR=0.011 AUX=0.005 w=0.030) ACC=97.778 F1=96.332 Rec=97.891 Prec=94.919
Train Client7 [53/100] LR=0.0001250 loss=0.066 (CE=0.036 VIR=0.271 wVIR=0.008 AUX=0.021 w=0.030) ACC=99.091 F1=97.715 Rec=97.554 Prec=98.005

Val    [53/100] LR=0.0001250 loss=1.708 ACC=96.971 F1=96.960 Rec=96.971 Prec=97.232
Val-Known->Virtual [53/100] rate=0.000% prob_mean=0.004049 margin_mean=0.971123
Val-LogitMargin [53/100] TrueKnown-VMax mean=7.2270 std=1.3758 p10=5.5921 p50=7.1706 p90=8.9724
Stage1Diag [53/100] FeatDim=256 IntraVar=0.310421 InterDist=1.191690 Compact=0.260488 CenterNorm=2.251707
Stage1Boundary [53/100] KnownTrue-Other mean=8.8811 std=5.2323 p10=2.6148 p50=9.1350 p90=15.6262 | BoundaryRate=20.000% count=350 thr=3.4918 hist=[0, 6, 120, 2, 222]

Test-  OSR [53/100] LR=0.0001250 ACC=61.286 F1=66.183 Rec=81.175 Prec=74.384 UNK=1.619 OS*=97.086 HOS=3.185 AUROC=88.553 AUPR=83.767 OSCR=87.166
Test-Close [53/100] LR=0.0001250 loss=1.702 ACC=97.086 F1=97.077 Rec=97.086 Prec=97.302
Test-Virtual [53/100] CloseK->V=0.000% Open->V=1.619% OpenVEntropy=0.685387 CloseHist=[0, 0, 0] OpenHist=[1, 12, 4]
Test-LogitMargin [53/100] CloseTrue-VMax mean=7.2900 std=1.4333 p10=5.5143 p50=7.2886 p90=9.1022 | OpenKnown-VMax mean=5.6017 std=2.8409 p10=1.2189 p50=6.5854 p90=8.6694
AnchorDiag [53/100] VNorm=[1.0000001192092896, 1.0, 0.9999999403953552] VDriftMax=0.000000 Vcos(max/mean)=(0.0000/-0.0000) KVcos(max/mean)=(0.0366/0.0095) ValK->V=0.00% CloseK->V=0.00% Open->V=1.62% OpenVEntropy=0.6854
Train Client0 [54/100] LR=0.0001250 loss=0.019 (CE=0.013 VIR=0.011 wVIR=0.000 AUX=0.006 w=0.030) ACC=99.677 F1=99.507 Rec=99.506 Prec=99.509
Train Client1 [54/100] LR=0.0001250 loss=0.094 (CE=0.050 VIR=0.033 wVIR=0.001 AUX=0.044 w=0.030) ACC=98.294 F1=96.821 Rec=96.448 Prec=97.248
Train Client2 [54/100] LR=0.0001250 loss=0.106 (CE=0.056 VIR=0.039 wVIR=0.001 AUX=0.048 w=0.030) ACC=97.576 F1=92.071 Rec=92.156 Prec=91.986
Train Client3 [54/100] LR=0.0001250 loss=0.114 (CE=0.054 VIR=0.015 wVIR=0.000 AUX=0.060 w=0.030) ACC=98.864 F1=98.296 Rec=98.296 Prec=98.296
Train Client4 [54/100] LR=0.0001250 loss=0.115 (CE=0.076 VIR=0.147 wVIR=0.004 AUX=0.035 w=0.030) ACC=97.561 F1=87.965 Rec=96.565 Prec=84.929
Train Client5 [54/100] LR=0.0001250 loss=0.035 (CE=0.021 VIR=0.018 wVIR=0.001 AUX=0.014 w=0.030) ACC=99.196 F1=91.254 Rec=94.249 Prec=89.261
Train Client6 [54/100] LR=0.0001250 loss=0.107 (CE=0.072 VIR=0.408 wVIR=0.012 AUX=0.022 w=0.030) ACC=97.778 F1=96.563 Rec=97.892 Prec=95.345
Train Client7 [54/100] LR=0.0001250 loss=0.074 (CE=0.039 VIR=0.190 wVIR=0.006 AUX=0.030 w=0.030) ACC=99.091 F1=91.214 Rec=97.620 Prec=88.156

Val    [54/100] LR=0.0001250 loss=1.713 ACC=96.800 F1=96.787 Rec=96.800 Prec=97.084
Val-Known->Virtual [54/100] rate=0.000% prob_mean=0.004120 margin_mean=0.969228
Val-LogitMargin [54/100] TrueKnown-VMax mean=7.2111 std=1.3442 p10=5.5741 p50=7.2426 p90=8.8571
Stage1Diag [54/100] FeatDim=256 IntraVar=0.309090 InterDist=1.205853 Compact=0.256325 CenterNorm=2.257565
Stage1Boundary [54/100] KnownTrue-Other mean=8.5377 std=4.9632 p10=2.5235 p50=9.2947 p90=14.8205 | BoundaryRate=20.000% count=350 thr=3.4053 hist=[0, 10, 134, 2, 204]

Test-  OSR [54/100] LR=0.0001250 ACC=61.500 F1=65.594 Rec=81.206 Prec=72.665 UNK=2.381 OS*=96.971 HOS=4.648 AUROC=89.721 AUPR=84.400 OSCR=88.246
Test-Close [54/100] LR=0.0001250 loss=1.707 ACC=96.971 F1=96.962 Rec=96.971 Prec=97.199
Test-Virtual [54/100] CloseK->V=0.000% Open->V=2.381% OpenVEntropy=0.803344 CloseHist=[0, 0, 0] OpenHist=[3, 16, 6]
Test-LogitMargin [54/100] CloseTrue-VMax mean=7.2656 std=1.4053 p10=5.5253 p50=7.2951 p90=8.9138 | OpenKnown-VMax mean=5.4212 std=2.7915 p10=1.2268 p50=6.4531 p90=8.3820
AnchorDiag [54/100] VNorm=[1.0000001192092896, 1.0, 0.9999999403953552] VDriftMax=0.000000 Vcos(max/mean)=(0.0000/-0.0000) KVcos(max/mean)=(0.0367/0.0095) ValK->V=0.00% CloseK->V=0.00% Open->V=2.38% OpenVEntropy=0.8033
Saving best model . . . . . . . .

Train Client0 [55/100] LR=0.0001250 loss=0.017 (CE=0.009 VIR=0.016 wVIR=0.000 AUX=0.007 w=0.030) ACC=99.784 F1=99.707 Rec=99.734 Prec=99.680
Train Client1 [55/100] LR=0.0001250 loss=0.110 (CE=0.056 VIR=0.044 wVIR=0.001 AUX=0.053 w=0.030) ACC=98.120 F1=96.336 Rec=96.175 Prec=96.559
Train Client2 [55/100] LR=0.0001250 loss=0.098 (CE=0.054 VIR=0.045 wVIR=0.001 AUX=0.043 w=0.030) ACC=97.671 F1=92.573 Rec=92.969 Prec=92.190
Train Client3 [55/100] LR=0.0001250 loss=0.064 (CE=0.033 VIR=0.018 wVIR=0.001 AUX=0.030 w=0.030) ACC=99.053 F1=98.767 Rec=98.767 Prec=98.768
Train Client4 [55/100] LR=0.0001250 loss=0.165 (CE=0.113 VIR=0.450 wVIR=0.014 AUX=0.039 w=0.030) ACC=96.723 F1=85.007 Rec=97.138 Prec=81.714
Train Client5 [55/100] LR=0.0001250 loss=0.026 (CE=0.021 VIR=0.009 wVIR=0.000 AUX=0.005 w=0.030) ACC=99.375 F1=90.483 Rec=94.603 Prec=88.122
Train Client6 [55/100] LR=0.0001250 loss=0.088 (CE=0.073 VIR=0.472 wVIR=0.014 AUX=0.000 w=0.030) ACC=97.778 F1=94.898 Rec=98.650 Prec=91.716
Train Client7 [55/100] LR=0.0001250 loss=0.072 (CE=0.038 VIR=0.230 wVIR=0.007 AUX=0.027 w=0.030) ACC=98.788 F1=96.935 Rec=96.837 Prec=97.112

Val    [55/100] LR=0.0001250 loss=1.717 ACC=96.743 F1=96.728 Rec=96.743 Prec=97.050
Val-Known->Virtual [55/100] rate=0.000% prob_mean=0.004234 margin_mean=0.971446
Val-LogitMargin [55/100] TrueKnown-VMax mean=7.2309 std=1.4007 p10=5.5258 p50=7.2356 p90=8.9641
Stage1Diag [55/100] FeatDim=256 IntraVar=0.303897 InterDist=1.188411 Compact=0.255717 CenterNorm=2.244110
Stage1Boundary [55/100] KnownTrue-Other mean=8.2318 std=4.6061 p10=2.6778 p50=8.7315 p90=13.8848 | BoundaryRate=20.000% count=350 thr=3.6570 hist=[0, 11, 140, 2, 197]

Test-  OSR [55/100] LR=0.0001250 ACC=61.464 F1=65.981 Rec=81.095 Prec=73.415 UNK=2.571 OS*=96.800 HOS=5.010 AUROC=89.871 AUPR=85.011 OSCR=88.271
Test-Close [55/100] LR=0.0001250 loss=1.712 ACC=96.800 F1=96.788 Rec=96.800 Prec=97.072
Test-Virtual [55/100] CloseK->V=0.000% Open->V=2.571% OpenVEntropy=0.549600 CloseHist=[0, 0, 0] OpenHist=[2, 22, 3]
Test-LogitMargin [55/100] CloseTrue-VMax mean=7.2867 std=1.4619 p10=5.4914 p50=7.2869 p90=9.0500 | OpenKnown-VMax mean=5.6178 std=2.9561 p10=1.0251 p50=6.7531 p90=8.6926
AnchorDiag [55/100] VNorm=[1.0000001192092896, 1.0, 0.9999999403953552] VDriftMax=0.000000 Vcos(max/mean)=(0.0000/-0.0000) KVcos(max/mean)=(0.0368/0.0096) ValK->V=0.00% CloseK->V=0.00% Open->V=2.57% OpenVEntropy=0.5496
Saving best model . . . . . . . .

Saving model at epoch 55 . . . . . . . .

Train Client0 [56/100] LR=0.0001250 loss=0.026 (CE=0.022 VIR=0.026 wVIR=0.001 AUX=0.003 w=0.030) ACC=99.784 F1=79.923 Rec=79.915 Prec=79.931
Train Client1 [56/100] LR=0.0001250 loss=0.113 (CE=0.056 VIR=0.044 wVIR=0.001 AUX=0.056 w=0.030) ACC=98.015 F1=95.607 Rec=94.831 Prec=96.496
Train Client2 [56/100] LR=0.0001250 loss=0.102 (CE=0.058 VIR=0.045 wVIR=0.001 AUX=0.042 w=0.030) ACC=97.909 F1=92.958 Rec=92.502 Prec=93.454
Train Client3 [56/100] LR=0.0001250 loss=0.037 (CE=0.019 VIR=0.009 wVIR=0.000 AUX=0.018 w=0.030) ACC=99.432 F1=99.136 Rec=99.146 Prec=99.130
Train Client4 [56/100] LR=0.0001250 loss=0.135 (CE=0.089 VIR=0.158 wVIR=0.005 AUX=0.042 w=0.030) ACC=97.256 F1=86.978 Rec=96.562 Prec=83.710
Train Client5 [56/100] LR=0.0001250 loss=0.062 (CE=0.030 VIR=0.019 wVIR=0.001 AUX=0.031 w=0.030) ACC=99.286 F1=90.717 Rec=89.395 Prec=92.516
Train Client6 [56/100] LR=0.0001250 loss=0.149 (CE=0.115 VIR=0.548 wVIR=0.016 AUX=0.018 w=0.030) ACC=97.500 F1=94.770 Rec=97.817 Prec=92.231
Train Client7 [56/100] LR=0.0001250 loss=0.066 (CE=0.037 VIR=0.240 wVIR=0.007 AUX=0.022 w=0.030) ACC=98.712 F1=96.766 Rec=97.333 Prec=96.226

Val    [56/100] LR=0.0001250 loss=1.704 ACC=97.371 F1=97.367 Rec=97.371 Prec=97.500
Val-Known->Virtual [56/100] rate=0.000% prob_mean=0.004506 margin_mean=0.970399
Val-LogitMargin [56/100] TrueKnown-VMax mean=7.1595 std=1.4566 p10=5.4222 p50=7.0887 p90=9.0516
Stage1Diag [56/100] FeatDim=256 IntraVar=0.308513 InterDist=1.193231 Compact=0.258552 CenterNorm=2.261230
Stage1Boundary [56/100] KnownTrue-Other mean=8.6468 std=4.9241 p10=2.5686 p50=9.2142 p90=14.8831 | BoundaryRate=20.000% count=350 thr=3.6239 hist=[0, 6, 120, 1, 223]

Test-  OSR [56/100] LR=0.0001250 ACC=62.071 F1=66.253 Rec=81.683 Prec=73.015 UNK=3.238 OS*=97.371 HOS=6.268 AUROC=88.315 AUPR=83.417 OSCR=87.027
Test-Close [56/100] LR=0.0001250 loss=1.702 ACC=97.371 F1=97.368 Rec=97.371 Prec=97.454
Test-Virtual [56/100] CloseK->V=0.000% Open->V=3.238% OpenVEntropy=0.610097 CloseHist=[0, 0, 0] OpenHist=[1, 25, 8]
Test-LogitMargin [56/100] CloseTrue-VMax mean=7.2139 std=1.5139 p10=5.4377 p50=7.1006 p90=9.2277 | OpenKnown-VMax mean=5.2728 std=2.8242 p10=0.9557 p50=6.2230 p90=8.3373
AnchorDiag [56/100] VNorm=[1.0000001192092896, 1.0, 0.9999999403953552] VDriftMax=0.000000 Vcos(max/mean)=(0.0000/-0.0000) KVcos(max/mean)=(0.0369/0.0095) ValK->V=0.00% CloseK->V=0.00% Open->V=3.24% OpenVEntropy=0.6101
Train Client0 [57/100] LR=0.0001250 loss=0.018 (CE=0.012 VIR=0.032 wVIR=0.001 AUX=0.005 w=0.030) ACC=99.623 F1=79.671 Rec=79.671 Prec=79.672
Train Client1 [57/100] LR=0.0001250 loss=0.111 (CE=0.057 VIR=0.039 wVIR=0.001 AUX=0.053 w=0.030) ACC=97.981 F1=95.756 Rec=95.626 Prec=96.107
Train Client2 [57/100] LR=0.0001250 loss=0.100 (CE=0.056 VIR=0.034 wVIR=0.001 AUX=0.043 w=0.030) ACC=97.909 F1=93.021 Rec=92.598 Prec=93.473
Train Client3 [57/100] LR=0.0001250 loss=0.087 (CE=0.045 VIR=0.010 wVIR=0.000 AUX=0.042 w=0.030) ACC=98.864 F1=98.296 Rec=98.285 Prec=98.322
Train Client4 [57/100] LR=0.0001250 loss=0.160 (CE=0.119 VIR=0.312 wVIR=0.009 AUX=0.032 w=0.030) ACC=95.884 F1=83.123 Rec=96.504 Prec=80.619
Train Client5 [57/100] LR=0.0001250 loss=0.010 (CE=0.008 VIR=0.005 wVIR=0.000 AUX=0.001 w=0.030) ACC=99.554 F1=92.117 Rec=99.623 Prec=88.889
Train Client6 [57/100] LR=0.0001250 loss=0.080 (CE=0.063 VIR=0.497 wVIR=0.015 AUX=0.002 w=0.030) ACC=98.889 F1=98.313 Rec=99.706 Prec=97.143
Train Client7 [57/100] LR=0.0001250 loss=0.057 (CE=0.035 VIR=0.216 wVIR=0.006 AUX=0.016 w=0.030) ACC=98.485 F1=89.888 Rec=97.346 Prec=85.816

Val    [57/100] LR=0.0001250 loss=1.700 ACC=97.600 F1=97.597 Rec=97.600 Prec=97.698
Val-Known->Virtual [57/100] rate=0.000% prob_mean=0.004586 margin_mean=0.964904
Val-LogitMargin [57/100] TrueKnown-VMax mean=7.1096 std=1.3769 p10=5.4628 p50=7.0536 p90=8.8710
Stage1Diag [57/100] FeatDim=256 IntraVar=0.305987 InterDist=1.185564 Compact=0.258094 CenterNorm=2.252888
Stage1Boundary [57/100] KnownTrue-Other mean=8.8885 std=5.1521 p10=2.2194 p50=9.7539 p90=15.1398 | BoundaryRate=20.000% count=350 thr=3.2437 hist=[0, 6, 100, 1, 243]

Test-  OSR [57/100] LR=0.0001250 ACC=62.464 F1=67.278 Rec=81.889 Prec=74.456 UNK=4.190 OS*=97.429 HOS=8.035 AUROC=88.500 AUPR=84.102 OSCR=87.256
Test-Close [57/100] LR=0.0001250 loss=1.698 ACC=97.429 F1=97.426 Rec=97.429 Prec=97.505
Test-Virtual [57/100] CloseK->V=0.000% Open->V=4.190% OpenVEntropy=0.524646 CloseHist=[0, 0, 0] OpenHist=[2, 36, 6]
Test-LogitMargin [57/100] CloseTrue-VMax mean=7.1635 std=1.4167 p10=5.4686 p50=7.0622 p90=8.9919 | OpenKnown-VMax mean=5.1562 std=2.9178 p10=0.7031 p50=6.1628 p90=8.3428
AnchorDiag [57/100] VNorm=[1.0000001192092896, 1.0, 0.9999999403953552] VDriftMax=0.000000 Vcos(max/mean)=(0.0000/-0.0000) KVcos(max/mean)=(0.0368/0.0096) ValK->V=0.00% CloseK->V=0.00% Open->V=4.19% OpenVEntropy=0.5246
Train Client0 [58/100] LR=0.0001250 loss=0.017 (CE=0.012 VIR=0.026 wVIR=0.001 AUX=0.004 w=0.030) ACC=99.784 F1=99.755 Rec=99.839 Prec=99.672
Train Client1 [58/100] LR=0.0001250 loss=0.104 (CE=0.054 VIR=0.038 wVIR=0.001 AUX=0.049 w=0.030) ACC=97.876 F1=95.694 Rec=95.232 Prec=96.253
Train Client2 [58/100] LR=0.0001250 loss=0.091 (CE=0.049 VIR=0.018 wVIR=0.001 AUX=0.041 w=0.030) ACC=98.099 F1=93.554 Rec=93.169 Prec=93.964
Train Client3 [58/100] LR=0.0001250 loss=0.069 (CE=0.040 VIR=0.007 wVIR=0.000 AUX=0.029 w=0.030) ACC=98.485 F1=94.412 Rec=98.244 Prec=91.949
Train Client4 [58/100] LR=0.0001250 loss=0.127 (CE=0.093 VIR=0.203 wVIR=0.006 AUX=0.028 w=0.030) ACC=97.180 F1=86.263 Rec=97.359 Prec=82.858
Train Client5 [58/100] LR=0.0001250 loss=0.047 (CE=0.029 VIR=0.037 wVIR=0.001 AUX=0.017 w=0.030) ACC=99.107 F1=84.350 Rec=84.300 Prec=84.401
Train Client6 [58/100] LR=0.0001250 loss=0.180 (CE=0.135 VIR=0.692 wVIR=0.021 AUX=0.025 w=0.030) ACC=95.000 F1=93.108 Rec=96.486 Prec=91.149
Train Client7 [58/100] LR=0.0001250 loss=0.064 (CE=0.034 VIR=0.229 wVIR=0.007 AUX=0.023 w=0.030) ACC=99.015 F1=97.555 Rec=97.826 Prec=97.334

Val    [58/100] LR=0.0001250 loss=1.716 ACC=96.686 F1=96.669 Rec=96.686 Prec=97.033
Val-Known->Virtual [58/100] rate=0.000% prob_mean=0.003476 margin_mean=0.972715
Val-LogitMargin [58/100] TrueKnown-VMax mean=7.3183 std=1.3754 p10=5.7056 p50=7.2772 p90=9.0987
Stage1Diag [58/100] FeatDim=256 IntraVar=0.306770 InterDist=1.182459 Compact=0.259434 CenterNorm=2.242816
Stage1Boundary [58/100] KnownTrue-Other mean=8.7294 std=4.9038 p10=2.7747 p50=9.5279 p90=14.8587 | BoundaryRate=20.000% count=350 thr=3.8017 hist=[0, 5, 153, 2, 190]

Test-  OSR [58/100] LR=0.0001250 ACC=61.786 F1=66.023 Rec=81.365 Prec=73.081 UNK=3.048 OS*=97.029 HOS=5.910 AUROC=90.219 AUPR=84.884 OSCR=88.695
Test-Close [58/100] LR=0.0001250 loss=1.710 ACC=97.029 F1=97.017 Rec=97.029 Prec=97.304
Test-Virtual [58/100] CloseK->V=0.000% Open->V=3.048% OpenVEntropy=0.394497 CloseHist=[0, 0, 0] OpenHist=[0, 27, 5]
Test-LogitMargin [58/100] CloseTrue-VMax mean=7.3676 std=1.4151 p10=5.7565 p50=7.3040 p90=9.1703 | OpenKnown-VMax mean=5.5445 std=2.8847 p10=1.1468 p50=6.6323 p90=8.5543
AnchorDiag [58/100] VNorm=[1.0000001192092896, 1.0, 0.9999999403953552] VDriftMax=0.000000 Vcos(max/mean)=(0.0000/-0.0000) KVcos(max/mean)=(0.0370/0.0096) ValK->V=0.00% CloseK->V=0.00% Open->V=3.05% OpenVEntropy=0.3945
Saving best model . . . . . . . .

Train Client0 [59/100] LR=0.0001250 loss=0.018 (CE=0.014 VIR=0.022 wVIR=0.001 AUX=0.004 w=0.030) ACC=99.784 F1=99.731 Rec=99.779 Prec=99.684
Train Client1 [59/100] LR=0.0001250 loss=0.104 (CE=0.055 VIR=0.021 wVIR=0.001 AUX=0.049 w=0.030) ACC=98.050 F1=95.856 Rec=95.374 Prec=96.435
Train Client2 [59/100] LR=0.0001250 loss=0.095 (CE=0.053 VIR=0.029 wVIR=0.001 AUX=0.042 w=0.030) ACC=97.766 F1=92.718 Rec=92.687 Prec=92.748
Train Client3 [59/100] LR=0.0001250 loss=0.062 (CE=0.043 VIR=0.008 wVIR=0.000 AUX=0.019 w=0.030) ACC=98.674 F1=96.679 Rec=98.147 Prec=95.446
Train Client4 [59/100] LR=0.0001250 loss=0.128 (CE=0.088 VIR=0.313 wVIR=0.009 AUX=0.031 w=0.030) ACC=96.951 F1=85.507 Rec=97.292 Prec=82.265
Train Client5 [59/100] LR=0.0001250 loss=0.030 (CE=0.019 VIR=0.016 wVIR=0.000 AUX=0.010 w=0.030) ACC=99.196 F1=88.726 Rec=94.310 Prec=86.351
Train Client6 [59/100] LR=0.0001250 loss=0.046 (CE=0.036 VIR=0.307 wVIR=0.009 AUX=0.001 w=0.030) ACC=99.444 F1=99.126 Rec=99.852 Prec=98.462
Train Client7 [59/100] LR=0.0001250 loss=0.078 (CE=0.043 VIR=0.231 wVIR=0.007 AUX=0.028 w=0.030) ACC=98.712 F1=96.800 Rec=97.606 Prec=96.046

Val    [59/100] LR=0.0001250 loss=1.713 ACC=97.029 F1=97.017 Rec=97.029 Prec=97.302
Val-Known->Virtual [59/100] rate=0.000% prob_mean=0.004123 margin_mean=0.970151
Val-LogitMargin [59/100] TrueKnown-VMax mean=7.1748 std=1.3796 p10=5.5423 p50=7.1113 p90=8.9618
Stage1Diag [59/100] FeatDim=256 IntraVar=0.303541 InterDist=1.165216 Compact=0.260502 CenterNorm=2.242234
Stage1Boundary [59/100] KnownTrue-Other mean=8.4282 std=4.7620 p10=2.6669 p50=9.1100 p90=14.2955 | BoundaryRate=20.000% count=350 thr=3.7439 hist=[0, 5, 138, 2, 205]

Test-  OSR [59/100] LR=0.0001250 ACC=61.929 F1=66.417 Rec=81.524 Prec=73.717 UNK=3.143 OS*=97.200 HOS=6.089 AUROC=89.871 AUPR=84.379 OSCR=88.470
Test-Close [59/100] LR=0.0001250 loss=1.707 ACC=97.200 F1=97.191 Rec=97.200 Prec=97.441
Test-Virtual [59/100] CloseK->V=0.000% Open->V=3.143% OpenVEntropy=0.387150 CloseHist=[0, 0, 0] OpenHist=[0, 28, 5]
Test-LogitMargin [59/100] CloseTrue-VMax mean=7.2443 std=1.4358 p10=5.5566 p50=7.1815 p90=9.0814 | OpenKnown-VMax mean=5.5263 std=2.8387 p10=1.0857 p50=6.6300 p90=8.4330
AnchorDiag [59/100] VNorm=[1.0000001192092896, 1.0, 0.9999999403953552] VDriftMax=0.000000 Vcos(max/mean)=(0.0000/-0.0000) KVcos(max/mean)=(0.0374/0.0097) ValK->V=0.00% CloseK->V=0.00% Open->V=3.14% OpenVEntropy=0.3872
Train Client0 [60/100] LR=0.0001250 loss=0.018 (CE=0.013 VIR=0.022 wVIR=0.001 AUX=0.004 w=0.030) ACC=99.677 F1=79.741 Rec=79.745 Prec=79.737
Train Client1 [60/100] LR=0.0001250 loss=0.117 (CE=0.059 VIR=0.030 wVIR=0.001 AUX=0.057 w=0.030) ACC=98.085 F1=96.237 Rec=96.092 Prec=96.458
Train Client2 [60/100] LR=0.0001250 loss=0.100 (CE=0.054 VIR=0.028 wVIR=0.001 AUX=0.045 w=0.030) ACC=97.529 F1=91.933 Rec=91.838 Prec=92.030
Train Client3 [60/100] LR=0.0001250 loss=0.096 (CE=0.049 VIR=0.034 wVIR=0.001 AUX=0.046 w=0.030) ACC=98.485 F1=96.421 Rec=97.916 Prec=95.150
Train Client4 [60/100] LR=0.0001250 loss=0.108 (CE=0.071 VIR=0.144 wVIR=0.004 AUX=0.033 w=0.030) ACC=97.637 F1=89.047 Rec=96.846 Prec=85.534
Train Client5 [60/100] LR=0.0001250 loss=0.032 (CE=0.022 VIR=0.015 wVIR=0.000 AUX=0.010 w=0.030) ACC=99.107 F1=90.187 Rec=94.035 Prec=88.098
Train Client6 [60/100] LR=0.0001250 loss=0.128 (CE=0.088 VIR=0.579 wVIR=0.017 AUX=0.022 w=0.030) ACC=97.222 F1=95.867 Rec=97.743 Prec=94.307
Train Client7 [60/100] LR=0.0001250 loss=0.084 (CE=0.046 VIR=0.238 wVIR=0.007 AUX=0.030 w=0.030) ACC=98.636 F1=96.853 Rec=97.517 Prec=96.227

Val    [60/100] LR=0.0001250 loss=1.706 ACC=97.257 F1=97.249 Rec=97.257 Prec=97.463
Val-Known->Virtual [60/100] rate=0.000% prob_mean=0.004242 margin_mean=0.964958
Val-LogitMargin [60/100] TrueKnown-VMax mean=7.1605 std=1.4146 p10=5.5093 p50=7.0090 p90=8.9878
Stage1Diag [60/100] FeatDim=256 IntraVar=0.308456 InterDist=1.158733 Compact=0.266201 CenterNorm=2.244864
Stage1Boundary [60/100] KnownTrue-Other mean=8.7474 std=5.1881 p10=2.2778 p50=9.5851 p90=15.2262 | BoundaryRate=20.000% count=350 thr=3.3090 hist=[0, 3, 123, 1, 223]

Test-  OSR [60/100] LR=0.0001250 ACC=61.393 F1=66.664 Rec=81.381 Prec=75.359 UNK=1.429 OS*=97.371 HOS=2.816 AUROC=89.597 AUPR=83.863 OSCR=88.345
Test-Close [60/100] LR=0.0001250 loss=1.701 ACC=97.371 F1=97.365 Rec=97.371 Prec=97.538
Test-Virtual [60/100] CloseK->V=0.000% Open->V=1.429% OpenVEntropy=0.357428 CloseHist=[0, 0, 0] OpenHist=[0, 13, 2]
Test-LogitMargin [60/100] CloseTrue-VMax mean=7.2290 std=1.4853 p10=5.5287 p50=7.1122 p90=9.1973 | OpenKnown-VMax mean=5.4888 std=2.6250 p10=1.4536 p50=6.3144 p90=8.3152
AnchorDiag [60/100] VNorm=[1.0000001192092896, 1.0, 0.9999999403953552] VDriftMax=0.000000 Vcos(max/mean)=(0.0000/-0.0000) KVcos(max/mean)=(0.0378/0.0098) ValK->V=0.00% CloseK->V=0.00% Open->V=1.43% OpenVEntropy=0.3574
Saving model at epoch 60 . . . . . . . .

Train Client0 [61/100] LR=0.0001250 loss=0.011 (CE=0.008 VIR=0.012 wVIR=0.000 AUX=0.003 w=0.030) ACC=99.838 F1=99.754 Rec=99.753 Prec=99.756
Train Client1 [61/100] LR=0.0001250 loss=0.104 (CE=0.053 VIR=0.022 wVIR=0.001 AUX=0.050 w=0.030) ACC=98.224 F1=96.607 Rec=96.000 Prec=97.357
Train Client2 [61/100] LR=0.0001250 loss=0.083 (CE=0.045 VIR=0.027 wVIR=0.001 AUX=0.038 w=0.030) ACC=98.241 F1=93.977 Rec=93.367 Prec=94.677
Train Client3 [61/100] LR=0.0001250 loss=0.088 (CE=0.042 VIR=0.010 wVIR=0.000 AUX=0.046 w=0.030) ACC=98.485 F1=96.435 Rec=97.914 Prec=95.179
Train Client4 [61/100] LR=0.0001250 loss=0.133 (CE=0.088 VIR=0.324 wVIR=0.010 AUX=0.035 w=0.030) ACC=96.646 F1=85.019 Rec=96.641 Prec=81.684
Train Client5 [61/100] LR=0.0001250 loss=0.016 (CE=0.014 VIR=0.009 wVIR=0.000 AUX=0.002 w=0.030) ACC=99.464 F1=87.774 Rec=89.699 Prec=86.515
Train Client6 [61/100] LR=0.0001250 loss=0.093 (CE=0.062 VIR=0.434 wVIR=0.013 AUX=0.018 w=0.030) ACC=98.889 F1=98.313 Rec=99.706 Prec=97.143
Train Client7 [61/100] LR=0.0001250 loss=0.069 (CE=0.036 VIR=0.235 wVIR=0.007 AUX=0.026 w=0.030) ACC=98.712 F1=90.578 Rec=98.384 Prec=86.204

Val    [61/100] LR=0.0001250 loss=1.707 ACC=97.257 F1=97.249 Rec=97.257 Prec=97.463
Val-Known->Virtual [61/100] rate=0.000% prob_mean=0.003668 margin_mean=0.970651
Val-LogitMargin [61/100] TrueKnown-VMax mean=7.3279 std=1.4841 p10=5.5707 p50=7.1820 p90=9.1993
Stage1Diag [61/100] FeatDim=256 IntraVar=0.295715 InterDist=1.161152 Compact=0.254674 CenterNorm=2.239614
Stage1Boundary [61/100] KnownTrue-Other mean=9.1070 std=5.3041 p10=2.6656 p50=9.8064 p90=15.6946 | BoundaryRate=20.000% count=350 thr=3.6667 hist=[0, 4, 133, 2, 211]

Test-  OSR [61/100] LR=0.0001250 ACC=61.286 F1=66.298 Rec=81.333 Prec=74.814 UNK=1.143 OS*=97.371 HOS=2.259 AUROC=90.488 AUPR=85.063 OSCR=89.172
Test-Close [61/100] LR=0.0001250 loss=1.701 ACC=97.371 F1=97.365 Rec=97.371 Prec=97.548
Test-Virtual [61/100] CloseK->V=0.000% Open->V=1.143% OpenVEntropy=0.261089 CloseHist=[0, 0, 0] OpenHist=[0, 11, 1]
Test-LogitMargin [61/100] CloseTrue-VMax mean=7.3950 std=1.5472 p10=5.6350 p50=7.2340 p90=9.4137 | OpenKnown-VMax mean=5.4997 std=2.5384 p10=1.6298 p50=6.3666 p90=8.2876
AnchorDiag [61/100] VNorm=[1.0000001192092896, 1.0, 0.9999999403953552] VDriftMax=0.000000 Vcos(max/mean)=(0.0000/-0.0000) KVcos(max/mean)=(0.0382/0.0099) ValK->V=0.00% CloseK->V=0.00% Open->V=1.14% OpenVEntropy=0.2611
Saving best model . . . . . . . .

Train Client0 [62/100] LR=0.0001250 loss=0.019 (CE=0.011 VIR=0.004 wVIR=0.000 AUX=0.008 w=0.030) ACC=99.677 F1=79.661 Rec=79.652 Prec=79.670
Train Client1 [62/100] LR=0.0001250 loss=0.108 (CE=0.056 VIR=0.024 wVIR=0.001 AUX=0.051 w=0.030) ACC=98.433 F1=96.919 Rec=96.104 Prec=97.863
Train Client2 [62/100] LR=0.0001250 loss=0.094 (CE=0.050 VIR=0.032 wVIR=0.001 AUX=0.043 w=0.030) ACC=97.956 F1=93.239 Rec=93.143 Prec=93.336
Train Client3 [62/100] LR=0.0001250 loss=0.050 (CE=0.026 VIR=0.005 wVIR=0.000 AUX=0.023 w=0.030) ACC=99.053 F1=98.590 Rec=98.582 Prec=98.601
Train Client4 [62/100] LR=0.0001250 loss=0.129 (CE=0.087 VIR=0.221 wVIR=0.007 AUX=0.035 w=0.030) ACC=97.180 F1=86.769 Rec=96.669 Prec=82.851
Train Client5 [62/100] LR=0.0001250 loss=0.019 (CE=0.014 VIR=0.013 wVIR=0.000 AUX=0.006 w=0.030) ACC=99.196 F1=86.243 Rec=89.497 Prec=84.659
Train Client6 [62/100] LR=0.0001250 loss=0.098 (CE=0.080 VIR=0.439 wVIR=0.013 AUX=0.005 w=0.030) ACC=98.056 F1=95.196 Rec=97.966 Prec=92.801
Train Client7 [62/100] LR=0.0001250 loss=0.091 (CE=0.057 VIR=0.191 wVIR=0.006 AUX=0.029 w=0.030) ACC=98.485 F1=89.360 Rec=95.833 Prec=86.326

Val    [62/100] LR=0.0001250 loss=1.708 ACC=97.086 F1=97.076 Rec=97.086 Prec=97.323
Val-Known->Virtual [62/100] rate=0.000% prob_mean=0.003050 margin_mean=0.970034
Val-LogitMargin [62/100] TrueKnown-VMax mean=7.6835 std=1.6450 p10=5.7567 p50=7.4814 p90=9.8814
Stage1Diag [62/100] FeatDim=256 IntraVar=0.303589 InterDist=1.169228 Compact=0.259649 CenterNorm=2.234005
Stage1Boundary [62/100] KnownTrue-Other mean=9.4984 std=5.7988 p10=2.5322 p50=10.0917 p90=16.8222 | BoundaryRate=20.000% count=350 thr=3.5889 hist=[0, 2, 137, 1, 210]

Test-  OSR [62/100] LR=0.0001250 ACC=61.393 F1=65.949 Rec=81.381 Prec=73.916 UNK=1.429 OS*=97.371 HOS=2.816 AUROC=90.270 AUPR=84.651 OSCR=88.956
Test-Close [62/100] LR=0.0001250 loss=1.703 ACC=97.371 F1=97.363 Rec=97.371 Prec=97.591
Test-Virtual [62/100] CloseK->V=0.000% Open->V=1.429% OpenVEntropy=0.222945 CloseHist=[0, 0, 0] OpenHist=[1, 14, 0]
Test-LogitMargin [62/100] CloseTrue-VMax mean=7.7628 std=1.7294 p10=5.7729 p50=7.5308 p90=10.0521 | OpenKnown-VMax mean=5.6567 std=2.7246 p10=1.4851 p50=6.6175 p90=8.6008
AnchorDiag [62/100] VNorm=[1.0000001192092896, 1.0, 0.9999999403953552] VDriftMax=0.000000 Vcos(max/mean)=(0.0000/-0.0000) KVcos(max/mean)=(0.0378/0.0099) ValK->V=0.00% CloseK->V=0.00% Open->V=1.43% OpenVEntropy=0.2229
Train Client0 [63/100] LR=0.0001250 loss=0.031 (CE=0.017 VIR=0.025 wVIR=0.001 AUX=0.013 w=0.030) ACC=99.731 F1=79.752 Rec=79.722 Prec=79.783
Train Client1 [63/100] LR=0.0001250 loss=0.103 (CE=0.054 VIR=0.027 wVIR=0.001 AUX=0.048 w=0.030) ACC=98.364 F1=96.520 Rec=96.037 Prec=97.093
Train Client2 [63/100] LR=0.0001250 loss=0.106 (CE=0.054 VIR=0.015 wVIR=0.000 AUX=0.051 w=0.030) ACC=97.671 F1=92.161 Rec=91.902 Prec=92.433
Train Client3 [63/100] LR=0.0001250 loss=0.057 (CE=0.039 VIR=0.005 wVIR=0.000 AUX=0.018 w=0.030) ACC=98.864 F1=98.294 Rec=98.276 Prec=98.327
Train Client4 [63/100] LR=0.0001250 loss=0.135 (CE=0.095 VIR=0.311 wVIR=0.009 AUX=0.031 w=0.030) ACC=96.646 F1=84.933 Rec=96.124 Prec=81.970
Train Client5 [63/100] LR=0.0001250 loss=0.008 (CE=0.006 VIR=0.005 wVIR=0.000 AUX=0.002 w=0.030) ACC=99.554 F1=91.732 Rec=94.727 Prec=89.738
Train Client6 [63/100] LR=0.0001250 loss=0.123 (CE=0.091 VIR=0.505 wVIR=0.015 AUX=0.018 w=0.030) ACC=97.500 F1=95.788 Rec=97.057 Prec=94.625
Train Client7 [63/100] LR=0.0001250 loss=0.054 (CE=0.032 VIR=0.150 wVIR=0.004 AUX=0.017 w=0.030) ACC=99.318 F1=98.204 Rec=98.311 Prec=98.106

Val    [63/100] LR=0.0001250 loss=1.708 ACC=97.143 F1=97.133 Rec=97.143 Prec=97.393
Val-Known->Virtual [63/100] rate=0.000% prob_mean=0.003153 margin_mean=0.970884
Val-LogitMargin [63/100] TrueKnown-VMax mean=7.5105 std=1.5598 p10=5.7822 p50=7.3021 p90=9.5429
Stage1Diag [63/100] FeatDim=256 IntraVar=0.297108 InterDist=1.174327 Compact=0.253003 CenterNorm=2.252339
Stage1Boundary [63/100] KnownTrue-Other mean=8.9661 std=5.3911 p10=2.6087 p50=9.2999 p90=15.4511 | BoundaryRate=20.000% count=350 thr=3.6345 hist=[0, 2, 128, 2, 218]

Test-  OSR [63/100] LR=0.0001250 ACC=61.179 F1=65.477 Rec=81.317 Prec=73.459 UNK=0.762 OS*=97.429 HOS=1.512 AUROC=89.273 AUPR=83.380 OSCR=88.080
Test-Close [63/100] LR=0.0001250 loss=1.700 ACC=97.429 F1=97.421 Rec=97.429 Prec=97.648
Test-Virtual [63/100] CloseK->V=0.000% Open->V=0.762% OpenVEntropy=0.342951 CloseHist=[0, 0, 0] OpenHist=[1, 7, 0]
Test-LogitMargin [63/100] CloseTrue-VMax mean=7.5813 std=1.6359 p10=5.7593 p50=7.3656 p90=9.7705 | OpenKnown-VMax mean=5.6797 std=2.6052 p10=1.7115 p50=6.5798 p90=8.5330
AnchorDiag [63/100] VNorm=[1.0000001192092896, 1.0, 0.9999999403953552] VDriftMax=0.000000 Vcos(max/mean)=(0.0000/-0.0000) KVcos(max/mean)=(0.0382/0.0097) ValK->V=0.00% CloseK->V=0.00% Open->V=0.76% OpenVEntropy=0.3430
Train Client0 [64/100] LR=0.0001250 loss=0.011 (CE=0.008 VIR=0.006 wVIR=0.000 AUX=0.003 w=0.030) ACC=99.784 F1=99.675 Rec=99.664 Prec=99.689
Train Client1 [64/100] LR=0.0001250 loss=0.100 (CE=0.053 VIR=0.013 wVIR=0.000 AUX=0.048 w=0.030) ACC=98.259 F1=96.512 Rec=95.841 Prec=97.251
Train Client2 [64/100] LR=0.0001250 loss=0.095 (CE=0.051 VIR=0.030 wVIR=0.001 AUX=0.043 w=0.030) ACC=98.004 F1=93.278 Rec=92.885 Prec=93.699
Train Client3 [64/100] LR=0.0001250 loss=0.083 (CE=0.044 VIR=0.017 wVIR=0.000 AUX=0.039 w=0.030) ACC=98.674 F1=96.702 Rec=98.170 Prec=95.470
Train Client4 [64/100] LR=0.0001250 loss=0.132 (CE=0.087 VIR=0.319 wVIR=0.010 AUX=0.036 w=0.030) ACC=97.409 F1=86.466 Rec=94.776 Prec=83.376
Train Client5 [64/100] LR=0.0001250 loss=0.027 (CE=0.018 VIR=0.004 wVIR=0.000 AUX=0.008 w=0.030) ACC=99.375 F1=89.652 Rec=94.432 Prec=87.375
Train Client6 [64/100] LR=0.0001250 loss=0.118 (CE=0.082 VIR=0.617 wVIR=0.019 AUX=0.018 w=0.030) ACC=97.500 F1=96.259 Rec=97.819 Prec=94.844
Train Client7 [64/100] LR=0.0001250 loss=0.087 (CE=0.044 VIR=0.142 wVIR=0.004 AUX=0.038 w=0.030) ACC=98.636 F1=96.519 Rec=96.997 Prec=96.057

Val    [64/100] LR=0.0001250 loss=1.720 ACC=96.514 F1=96.494 Rec=96.514 Prec=96.902
Val-Known->Virtual [64/100] rate=0.000% prob_mean=0.003827 margin_mean=0.969801
Val-LogitMargin [64/100] TrueKnown-VMax mean=7.4703 std=1.6298 p10=5.5685 p50=7.3120 p90=9.6359
Stage1Diag [64/100] FeatDim=256 IntraVar=0.300198 InterDist=1.166309 Compact=0.257391 CenterNorm=2.240590
Stage1Boundary [64/100] KnownTrue-Other mean=8.9888 std=5.3865 p10=2.5687 p50=9.5617 p90=15.6498 | BoundaryRate=20.000% count=350 thr=3.5702 hist=[0, 7, 136, 1, 206]

Test-  OSR [64/100] LR=0.0001250 ACC=61.464 F1=66.105 Rec=81.127 Prec=73.790 UNK=2.476 OS*=96.857 HOS=4.829 AUROC=89.461 AUPR=83.919 OSCR=87.953
Test-Close [64/100] LR=0.0001250 loss=1.711 ACC=96.857 F1=96.843 Rec=96.857 Prec=97.169
Test-Virtual [64/100] CloseK->V=0.000% Open->V=2.476% OpenVEntropy=0.563417 CloseHist=[0, 0, 0] OpenHist=[2, 21, 3]
Test-LogitMargin [64/100] CloseTrue-VMax mean=7.5594 std=1.7138 p10=5.4845 p50=7.4094 p90=9.8479 | OpenKnown-VMax mean=5.6394 std=2.8371 p10=1.2543 p50=6.7351 p90=8.5637
AnchorDiag [64/100] VNorm=[1.0000001192092896, 1.0, 0.9999999403953552] VDriftMax=0.000000 Vcos(max/mean)=(0.0000/-0.0000) KVcos(max/mean)=(0.0381/0.0098) ValK->V=0.00% CloseK->V=0.00% Open->V=2.48% OpenVEntropy=0.5634
Train Client0 [65/100] LR=0.0001250 loss=0.012 (CE=0.009 VIR=0.031 wVIR=0.001 AUX=0.002 w=0.030) ACC=99.677 F1=99.596 Rec=99.616 Prec=99.578
Train Client1 [65/100] LR=0.0001250 loss=0.101 (CE=0.053 VIR=0.044 wVIR=0.001 AUX=0.046 w=0.030) ACC=98.398 F1=96.905 Rec=96.211 Prec=97.686
Train Client2 [65/100] LR=0.0001250 loss=0.084 (CE=0.047 VIR=0.034 wVIR=0.001 AUX=0.036 w=0.030) ACC=98.051 F1=93.630 Rec=93.777 Prec=93.485
Train Client3 [65/100] LR=0.0001250 loss=0.058 (CE=0.030 VIR=0.013 wVIR=0.000 AUX=0.028 w=0.030) ACC=99.432 F1=99.136 Rec=99.130 Prec=99.146
Train Client4 [65/100] LR=0.0001250 loss=0.137 (CE=0.092 VIR=0.348 wVIR=0.010 AUX=0.035 w=0.030) ACC=96.646 F1=84.872 Rec=97.073 Prec=81.530
Train Client5 [65/100] LR=0.0001250 loss=0.049 (CE=0.021 VIR=0.011 wVIR=0.000 AUX=0.027 w=0.030) ACC=99.375 F1=88.463 Rec=89.537 Prec=87.612
Train Client6 [65/100] LR=0.0001250 loss=0.087 (CE=0.058 VIR=0.267 wVIR=0.008 AUX=0.021 w=0.030) ACC=98.333 F1=95.786 Rec=99.025 Prec=93.095
Train Client7 [65/100] LR=0.0001250 loss=0.067 (CE=0.038 VIR=0.155 wVIR=0.005 AUX=0.025 w=0.030) ACC=98.485 F1=89.703 Rec=96.332 Prec=86.417

Val    [65/100] LR=0.0001250 loss=1.720 ACC=96.686 F1=96.669 Rec=96.686 Prec=97.033
Val-Known->Virtual [65/100] rate=0.000% prob_mean=0.003666 margin_mean=0.972649
Val-LogitMargin [65/100] TrueKnown-VMax mean=7.5820 std=1.8322 p10=5.5025 p50=7.3166 p90=9.9936
Stage1Diag [65/100] FeatDim=256 IntraVar=0.304736 InterDist=1.182291 Compact=0.257750 CenterNorm=2.249357
Stage1Boundary [65/100] KnownTrue-Other mean=9.4993 std=5.8577 p10=2.7721 p50=9.5700 p90=17.2678 | BoundaryRate=20.000% count=350 thr=3.8424 hist=[1, 6, 145, 1, 197]

Test-  OSR [65/100] LR=0.0001250 ACC=61.643 F1=66.111 Rec=81.365 Prec=73.731 UNK=2.476 OS*=97.143 HOS=4.829 AUROC=89.656 AUPR=83.532 OSCR=88.256
Test-Close [65/100] LR=0.0001250 loss=1.709 ACC=97.143 F1=97.133 Rec=97.143 Prec=97.395
Test-Virtual [65/100] CloseK->V=0.000% Open->V=2.476% OpenVEntropy=0.392378 CloseHist=[0, 0, 0] OpenHist=[1, 23, 2]
Test-LogitMargin [65/100] CloseTrue-VMax mean=7.6783 std=1.9230 p10=5.5895 p50=7.3577 p90=10.3400 | OpenKnown-VMax mean=5.4137 std=2.5899 p10=1.4713 p50=6.3214 p90=8.1665
AnchorDiag [65/100] VNorm=[1.0000001192092896, 1.0, 0.9999999403953552] VDriftMax=0.000000 Vcos(max/mean)=(0.0000/-0.0000) KVcos(max/mean)=(0.0383/0.0100) ValK->V=0.00% CloseK->V=0.00% Open->V=2.48% OpenVEntropy=0.3924
Saving model at epoch 65 . . . . . . . .

Train Client0 [66/100] LR=0.0001250 loss=0.024 (CE=0.019 VIR=0.025 wVIR=0.001 AUX=0.005 w=0.030) ACC=99.677 F1=79.743 Rec=79.743 Prec=79.744
Train Client1 [66/100] LR=0.0001250 loss=0.097 (CE=0.052 VIR=0.032 wVIR=0.001 AUX=0.044 w=0.030) ACC=98.503 F1=96.987 Rec=96.878 Prec=97.158
Train Client2 [66/100] LR=0.0001250 loss=0.105 (CE=0.060 VIR=0.037 wVIR=0.001 AUX=0.044 w=0.030) ACC=98.099 F1=93.553 Rec=92.864 Prec=94.331
Train Client3 [66/100] LR=0.0001250 loss=0.061 (CE=0.039 VIR=0.006 wVIR=0.000 AUX=0.023 w=0.030) ACC=99.053 F1=98.568 Rec=98.546 Prec=98.626
Train Client4 [66/100] LR=0.0001250 loss=0.130 (CE=0.081 VIR=0.257 wVIR=0.008 AUX=0.041 w=0.030) ACC=97.485 F1=88.444 Rec=96.758 Prec=84.869
Train Client5 [66/100] LR=0.0001250 loss=0.036 (CE=0.027 VIR=0.010 wVIR=0.000 AUX=0.009 w=0.030) ACC=99.018 F1=89.155 Rec=94.071 Prec=86.744
Train Client6 [66/100] LR=0.0001250 loss=0.068 (CE=0.053 VIR=0.436 wVIR=0.013 AUX=0.001 w=0.030) ACC=98.611 F1=97.977 Rec=99.631 Prec=96.555
Train Client7 [66/100] LR=0.0001250 loss=0.046 (CE=0.024 VIR=0.209 wVIR=0.006 AUX=0.016 w=0.030) ACC=99.470 F1=92.077 Rec=98.703 Prec=88.790

Val    [66/100] LR=0.0001250 loss=1.706 ACC=97.086 F1=97.080 Rec=97.086 Prec=97.221
Val-Known->Virtual [66/100] rate=0.000% prob_mean=0.005047 margin_mean=0.966171
Val-LogitMargin [66/100] TrueKnown-VMax mean=7.0370 std=1.5441 p10=5.3307 p50=6.8460 p90=8.9649
Stage1Diag [66/100] FeatDim=256 IntraVar=0.311302 InterDist=1.185458 Compact=0.262600 CenterNorm=2.267498
Stage1Boundary [66/100] KnownTrue-Other mean=9.3241 std=5.5761 p10=2.4427 p50=9.9370 p90=16.2225 | BoundaryRate=20.000% count=350 thr=3.4457 hist=[0, 1, 129, 1, 219]

Test-  OSR [66/100] LR=0.0001250 ACC=62.107 F1=66.765 Rec=81.889 Prec=74.396 UNK=2.762 OS*=97.714 HOS=5.372 AUROC=89.357 AUPR=84.031 OSCR=88.247
Test-Close [66/100] LR=0.0001250 loss=1.696 ACC=97.714 F1=97.711 Rec=97.714 Prec=97.828
Test-Virtual [66/100] CloseK->V=0.000% Open->V=2.762% OpenVEntropy=0.464054 CloseHist=[0, 0, 0] OpenHist=[0, 23, 6]
Test-LogitMargin [66/100] CloseTrue-VMax mean=7.1134 std=1.6089 p10=5.3198 p50=6.9142 p90=9.3430 | OpenKnown-VMax mean=4.9984 std=2.4731 p10=1.1260 p50=5.7987 p90=7.6695
AnchorDiag [66/100] VNorm=[1.0000001192092896, 1.0, 0.9999999403953552] VDriftMax=0.000000 Vcos(max/mean)=(0.0000/-0.0000) KVcos(max/mean)=(0.0388/0.0099) ValK->V=0.00% CloseK->V=0.00% Open->V=2.76% OpenVEntropy=0.4641
Train Client0 [67/100] LR=0.0001250 loss=0.012 (CE=0.007 VIR=0.005 wVIR=0.000 AUX=0.005 w=0.030) ACC=99.731 F1=79.734 Rec=79.723 Prec=79.744
Train Client1 [67/100] LR=0.0001250 loss=0.080 (CE=0.042 VIR=0.019 wVIR=0.001 AUX=0.038 w=0.030) ACC=98.503 F1=97.190 Rec=96.854 Prec=97.573
Train Client2 [67/100] LR=0.0001250 loss=0.102 (CE=0.056 VIR=0.036 wVIR=0.001 AUX=0.045 w=0.030) ACC=97.624 F1=92.299 Rec=92.670 Prec=91.940
Train Client3 [67/100] LR=0.0001250 loss=0.030 (CE=0.020 VIR=0.006 wVIR=0.000 AUX=0.010 w=0.030) ACC=99.432 F1=99.147 Rec=99.130 Prec=99.200
Train Client4 [67/100] LR=0.0001250 loss=0.113 (CE=0.071 VIR=0.257 wVIR=0.008 AUX=0.034 w=0.030) ACC=98.095 F1=90.089 Rec=95.021 Prec=87.215
Train Client5 [67/100] LR=0.0001250 loss=0.055 (CE=0.034 VIR=0.019 wVIR=0.001 AUX=0.020 w=0.030) ACC=99.375 F1=88.528 Rec=89.538 Prec=87.741
Train Client6 [67/100] LR=0.0001250 loss=0.102 (CE=0.067 VIR=0.449 wVIR=0.013 AUX=0.021 w=0.030) ACC=98.333 F1=97.378 Rec=98.038 Prec=96.774
Train Client7 [67/100] LR=0.0001250 loss=0.053 (CE=0.032 VIR=0.215 wVIR=0.006 AUX=0.015 w=0.030) ACC=99.091 F1=97.800 Rec=98.047 Prec=97.557

Val    [67/100] LR=0.0001250 loss=1.719 ACC=96.514 F1=96.496 Rec=96.514 Prec=96.873
Val-Known->Virtual [67/100] rate=0.000% prob_mean=0.003571 margin_mean=0.970379
Val-LogitMargin [67/100] TrueKnown-VMax mean=7.2899 std=1.4063 p10=5.6927 p50=7.1988 p90=9.0736
Stage1Diag [67/100] FeatDim=256 IntraVar=0.310130 InterDist=1.185122 Compact=0.261686 CenterNorm=2.250958
Stage1Boundary [67/100] KnownTrue-Other mean=9.4029 std=5.5521 p10=2.6083 p50=10.0021 p90=16.4125 | BoundaryRate=20.000% count=350 thr=3.7374 hist=[1, 1, 146, 1, 201]

Test-  OSR [67/100] LR=0.0001250 ACC=61.321 F1=66.590 Rec=81.159 Prec=75.213 UNK=1.810 OS*=97.029 HOS=3.553 AUROC=88.992 AUPR=83.303 OSCR=87.635
Test-Close [67/100] LR=0.0001250 loss=1.705 ACC=97.029 F1=97.016 Rec=97.029 Prec=97.316
Test-Virtual [67/100] CloseK->V=0.000% Open->V=1.810% OpenVEntropy=0.306292 CloseHist=[0, 0, 0] OpenHist=[0, 17, 2]
Test-LogitMargin [67/100] CloseTrue-VMax mean=7.3699 std=1.4780 p10=5.7022 p50=7.2314 p90=9.2929 | OpenKnown-VMax mean=5.6313 std=2.6606 p10=1.4930 p50=6.6004 p90=8.3620
AnchorDiag [67/100] VNorm=[1.0000001192092896, 1.0, 0.9999999403953552] VDriftMax=0.000000 Vcos(max/mean)=(0.0000/-0.0000) KVcos(max/mean)=(0.0389/0.0098) ValK->V=0.00% CloseK->V=0.00% Open->V=1.81% OpenVEntropy=0.3063
Train Client0 [68/100] LR=0.0001250 loss=0.003 (CE=0.002 VIR=0.016 wVIR=0.000 AUX=0.000 w=0.030) ACC=99.946 F1=99.947 Rec=99.973 Prec=99.921
Train Client1 [68/100] LR=0.0001250 loss=0.100 (CE=0.051 VIR=0.037 wVIR=0.001 AUX=0.047 w=0.030) ACC=98.398 F1=97.055 Rec=96.696 Prec=97.469
Train Client2 [68/100] LR=0.0001250 loss=0.110 (CE=0.058 VIR=0.028 wVIR=0.001 AUX=0.051 w=0.030) ACC=97.624 F1=91.890 Rec=91.360 Prec=92.478
Train Client3 [68/100] LR=0.0001250 loss=0.065 (CE=0.034 VIR=0.022 wVIR=0.001 AUX=0.030 w=0.030) ACC=98.485 F1=95.331 Rec=98.066 Prec=93.327
Train Client4 [68/100] LR=0.0001250 loss=0.091 (CE=0.060 VIR=0.143 wVIR=0.004 AUX=0.028 w=0.030) ACC=97.942 F1=89.378 Rec=98.014 Prec=85.543
Train Client5 [68/100] LR=0.0001250 loss=0.034 (CE=0.021 VIR=0.030 wVIR=0.001 AUX=0.012 w=0.030) ACC=99.286 F1=88.406 Rec=89.474 Prec=87.560
Train Client6 [68/100] LR=0.0001250 loss=0.095 (CE=0.066 VIR=0.483 wVIR=0.014 AUX=0.014 w=0.030) ACC=99.167 F1=98.692 Rec=99.019 Prec=98.378
Train Client7 [68/100] LR=0.0001250 loss=0.061 (CE=0.031 VIR=0.242 wVIR=0.007 AUX=0.023 w=0.030) ACC=99.091 F1=97.849 Rec=97.569 Prec=98.142

Val    [68/100] LR=0.0001250 loss=1.711 ACC=96.857 F1=96.846 Rec=96.857 Prec=97.092
Val-Known->Virtual [68/100] rate=0.000% prob_mean=0.002989 margin_mean=0.973350
Val-LogitMargin [68/100] TrueKnown-VMax mean=7.5049 std=1.5194 p10=5.7978 p50=7.3498 p90=9.4587
Stage1Diag [68/100] FeatDim=256 IntraVar=0.315651 InterDist=1.191436 Compact=0.264934 CenterNorm=2.262129
Stage1Boundary [68/100] KnownTrue-Other mean=9.7678 std=5.6864 p10=2.7435 p50=10.4203 p90=16.7968 | BoundaryRate=20.000% count=350 thr=3.8492 hist=[0, 2, 130, 1, 217]

Test-  OSR [68/100] LR=0.0001250 ACC=61.571 F1=66.792 Rec=81.556 Prec=75.363 UNK=1.619 OS*=97.543 HOS=3.185 AUROC=88.829 AUPR=83.433 OSCR=87.615
Test-Close [68/100] LR=0.0001250 loss=1.699 ACC=97.543 F1=97.537 Rec=97.543 Prec=97.711
Test-Virtual [68/100] CloseK->V=0.000% Open->V=1.619% OpenVEntropy=0.329698 CloseHist=[0, 0, 0] OpenHist=[0, 15, 2]
Test-LogitMargin [68/100] CloseTrue-VMax mean=7.5893 std=1.6087 p10=5.8282 p50=7.3647 p90=9.7093 | OpenKnown-VMax mean=5.6052 std=2.6238 p10=1.4028 p50=6.4958 p90=8.3159
AnchorDiag [68/100] VNorm=[1.0000001192092896, 1.0, 0.9999999403953552] VDriftMax=0.000000 Vcos(max/mean)=(0.0000/-0.0000) KVcos(max/mean)=(0.0395/0.0099) ValK->V=0.00% CloseK->V=0.00% Open->V=1.62% OpenVEntropy=0.3297
Train Client0 [69/100] LR=0.0001250 loss=0.011 (CE=0.008 VIR=0.030 wVIR=0.001 AUX=0.003 w=0.030) ACC=99.784 F1=99.728 Rec=99.782 Prec=99.675
Train Client1 [69/100] LR=0.0001250 loss=0.096 (CE=0.049 VIR=0.019 wVIR=0.001 AUX=0.047 w=0.030) ACC=98.398 F1=96.999 Rec=96.496 Prec=97.601
Train Client2 [69/100] LR=0.0001250 loss=0.098 (CE=0.053 VIR=0.026 wVIR=0.001 AUX=0.044 w=0.030) ACC=97.719 F1=92.294 Rec=91.937 Prec=92.675
Train Client3 [69/100] LR=0.0001250 loss=0.089 (CE=0.047 VIR=0.007 wVIR=0.000 AUX=0.042 w=0.030) ACC=98.864 F1=98.304 Rec=98.277 Prec=98.394
Train Client4 [69/100] LR=0.0001250 loss=0.100 (CE=0.065 VIR=0.210 wVIR=0.006 AUX=0.029 w=0.030) ACC=97.713 F1=87.717 Rec=95.254 Prec=84.373
Train Client5 [69/100] LR=0.0001250 loss=0.021 (CE=0.015 VIR=0.019 wVIR=0.001 AUX=0.006 w=0.030) ACC=99.107 F1=83.444 Rec=84.357 Prec=82.866
Train Client6 [69/100] LR=0.0001250 loss=0.120 (CE=0.080 VIR=0.327 wVIR=0.010 AUX=0.030 w=0.030) ACC=96.667 F1=94.412 Rec=95.317 Prec=93.567
Train Client7 [69/100] LR=0.0001250 loss=0.076 (CE=0.039 VIR=0.187 wVIR=0.006 AUX=0.031 w=0.030) ACC=98.636 F1=96.401 Rec=96.424 Prec=96.378

Val    [69/100] LR=0.0001250 loss=1.704 ACC=97.314 F1=97.310 Rec=97.314 Prec=97.434
Val-Known->Virtual [69/100] rate=0.000% prob_mean=0.002749 margin_mean=0.973099
Val-LogitMargin [69/100] TrueKnown-VMax mean=7.6555 std=1.5615 p10=5.8848 p50=7.4613 p90=9.7292
Stage1Diag [69/100] FeatDim=256 IntraVar=0.309919 InterDist=1.181641 Compact=0.262279 CenterNorm=2.249223
Stage1Boundary [69/100] KnownTrue-Other mean=9.8579 std=5.7890 p10=2.6328 p50=10.5246 p90=17.2650 | BoundaryRate=20.000% count=350 thr=3.6703 hist=[0, 2, 118, 1, 229]

Test-  OSR [69/100] LR=0.0001250 ACC=61.571 F1=66.275 Rec=81.651 Prec=74.381 UNK=1.333 OS*=97.714 HOS=2.631 AUROC=88.492 AUPR=83.563 OSCR=87.378
Test-Close [69/100] LR=0.0001250 loss=1.694 ACC=97.714 F1=97.710 Rec=97.714 Prec=97.837
Test-Virtual [69/100] CloseK->V=0.000% Open->V=1.333% OpenVEntropy=0.472942 CloseHist=[0, 0, 0] OpenHist=[0, 11, 3]
Test-LogitMargin [69/100] CloseTrue-VMax mean=7.7304 std=1.6524 p10=5.8987 p50=7.4999 p90=9.9800 | OpenKnown-VMax mean=5.6403 std=2.6655 p10=1.6042 p50=6.5063 p90=8.4796
AnchorDiag [69/100] VNorm=[1.0000001192092896, 1.0, 0.9999999403953552] VDriftMax=0.000000 Vcos(max/mean)=(0.0000/-0.0000) KVcos(max/mean)=(0.0409/0.0102) ValK->V=0.00% CloseK->V=0.00% Open->V=1.33% OpenVEntropy=0.4729
Train Client0 [70/100] LR=0.0001250 loss=0.035 (CE=0.024 VIR=0.059 wVIR=0.002 AUX=0.010 w=0.030) ACC=99.569 F1=79.672 Rec=79.740 Prec=79.604
Train Client1 [70/100] LR=0.0001250 loss=0.096 (CE=0.051 VIR=0.047 wVIR=0.001 AUX=0.044 w=0.030) ACC=98.329 F1=96.888 Rec=96.877 Prec=96.922
Train Client2 [70/100] LR=0.0001250 loss=0.091 (CE=0.050 VIR=0.029 wVIR=0.001 AUX=0.041 w=0.030) ACC=97.766 F1=92.481 Rec=92.215 Prec=92.760
Train Client3 [70/100] LR=0.0001250 loss=0.074 (CE=0.036 VIR=0.029 wVIR=0.001 AUX=0.037 w=0.030) ACC=98.674 F1=96.706 Rec=98.191 Prec=95.440
Train Client4 [70/100] LR=0.0001250 loss=0.104 (CE=0.068 VIR=0.258 wVIR=0.008 AUX=0.028 w=0.030) ACC=97.866 F1=88.676 Rec=98.035 Prec=84.933
Train Client5 [70/100] LR=0.0001250 loss=0.022 (CE=0.012 VIR=0.008 wVIR=0.000 AUX=0.010 w=0.030) ACC=99.643 F1=91.198 Rec=89.877 Prec=92.997
Train Client6 [70/100] LR=0.0001250 loss=0.116 (CE=0.096 VIR=0.676 wVIR=0.020 AUX=0.000 w=0.030) ACC=97.778 F1=96.843 Rec=99.410 Prec=95.000
Train Client7 [70/100] LR=0.0001250 loss=0.063 (CE=0.035 VIR=0.281 wVIR=0.008 AUX=0.020 w=0.030) ACC=98.864 F1=97.301 Rec=97.733 Prec=96.908

Val    [70/100] LR=0.0001250 loss=1.717 ACC=97.029 F1=97.016 Rec=97.029 Prec=97.328
Val-Known->Virtual [70/100] rate=0.000% prob_mean=0.003609 margin_mean=0.973432
Val-LogitMargin [70/100] TrueKnown-VMax mean=7.3781 std=1.5545 p10=5.5524 p50=7.2411 p90=9.3891
Stage1Diag [70/100] FeatDim=256 IntraVar=0.312674 InterDist=1.173774 Compact=0.266384 CenterNorm=2.248887
Stage1Boundary [70/100] KnownTrue-Other mean=9.2915 std=5.2742 p10=2.9670 p50=9.9492 p90=15.8624 | BoundaryRate=20.000% count=350 thr=4.0713 hist=[0, 4, 157, 1, 188]

Test-  OSR [70/100] LR=0.0001250 ACC=62.179 F1=67.259 Rec=81.667 Prec=74.942 UNK=3.714 OS*=97.257 HOS=7.155 AUROC=89.073 AUPR=84.205 OSCR=87.698
Test-Close [70/100] LR=0.0001250 loss=1.706 ACC=97.257 F1=97.248 Rec=97.257 Prec=97.498
Test-Virtual [70/100] CloseK->V=0.000% Open->V=3.714% OpenVEntropy=0.495375 CloseHist=[0, 0, 0] OpenHist=[1, 32, 6]
Test-LogitMargin [70/100] CloseTrue-VMax mean=7.4653 std=1.6360 p10=5.5737 p50=7.2886 p90=9.6407 | OpenKnown-VMax mean=5.5220 std=2.8377 p10=1.1106 p50=6.4837 p90=8.4254
AnchorDiag [70/100] VNorm=[1.0000001192092896, 1.0, 0.9999999403953552] VDriftMax=0.000000 Vcos(max/mean)=(0.0000/-0.0000) KVcos(max/mean)=(0.0412/0.0103) ValK->V=0.00% CloseK->V=0.00% Open->V=3.71% OpenVEntropy=0.4954
Saving model at epoch 70 . . . . . . . .

Train Client0 [71/100] LR=0.0001250 loss=0.014 (CE=0.007 VIR=0.007 wVIR=0.000 AUX=0.007 w=0.030) ACC=99.784 F1=99.704 Rec=99.674 Prec=99.734
Train Client1 [71/100] LR=0.0001250 loss=0.089 (CE=0.047 VIR=0.040 wVIR=0.001 AUX=0.041 w=0.030) ACC=98.503 F1=97.141 Rec=96.712 Prec=97.641
Train Client2 [71/100] LR=0.0001250 loss=0.114 (CE=0.047 VIR=0.024 wVIR=0.001 AUX=0.067 w=0.030) ACC=98.099 F1=93.554 Rec=93.169 Prec=93.964
Train Client3 [71/100] LR=0.0001250 loss=0.062 (CE=0.034 VIR=0.010 wVIR=0.000 AUX=0.028 w=0.030) ACC=99.053 F1=97.263 Rec=98.727 Prec=96.035
Train Client4 [71/100] LR=0.0001250 loss=0.103 (CE=0.067 VIR=0.232 wVIR=0.007 AUX=0.029 w=0.030) ACC=97.409 F1=86.158 Rec=95.035 Prec=83.139
Train Client5 [71/100] LR=0.0001250 loss=0.029 (CE=0.016 VIR=0.008 wVIR=0.000 AUX=0.012 w=0.030) ACC=99.643 F1=93.101 Rec=94.660 Prec=91.876
Train Client6 [71/100] LR=0.0001250 loss=0.067 (CE=0.036 VIR=0.389 wVIR=0.012 AUX=0.019 w=0.030) ACC=99.444 F1=98.730 Rec=98.333 Prec=99.212
Train Client7 [71/100] LR=0.0001250 loss=0.061 (CE=0.033 VIR=0.304 wVIR=0.009 AUX=0.019 w=0.030) ACC=98.788 F1=90.482 Rec=97.513 Prec=86.797

Val    [71/100] LR=0.0001250 loss=1.709 ACC=97.143 F1=97.133 Rec=97.143 Prec=97.393
Val-Known->Virtual [71/100] rate=0.000% prob_mean=0.002735 margin_mean=0.973548
Val-LogitMargin [71/100] TrueKnown-VMax mean=7.7729 std=1.6905 p10=5.8865 p50=7.5628 p90=9.9280
Stage1Diag [71/100] FeatDim=256 IntraVar=0.311244 InterDist=1.186495 Compact=0.262322 CenterNorm=2.261751
Stage1Boundary [71/100] KnownTrue-Other mean=10.0639 std=6.1259 p10=2.8132 p50=10.6864 p90=17.6805 | BoundaryRate=20.000% count=350 thr=3.7436 hist=[0, 2, 145, 1, 202]

Test-  OSR [71/100] LR=0.0001250 ACC=61.643 F1=66.092 Rec=81.683 Prec=73.868 UNK=1.524 OS*=97.714 HOS=3.001 AUROC=90.076 AUPR=83.977 OSCR=88.944
Test-Close [71/100] LR=0.0001250 loss=1.697 ACC=97.714 F1=97.709 Rec=97.714 Prec=97.874
Test-Virtual [71/100] CloseK->V=0.000% Open->V=1.524% OpenVEntropy=0.212806 CloseHist=[0, 0, 0] OpenHist=[0, 15, 1]
Test-LogitMargin [71/100] CloseTrue-VMax mean=7.8662 std=1.7630 p10=5.9883 p50=7.5971 p90=10.2575 | OpenKnown-VMax mean=5.4760 std=2.5899 p10=1.4653 p50=6.2842 p90=8.2017
AnchorDiag [71/100] VNorm=[1.0000001192092896, 1.0, 0.9999999403953552] VDriftMax=0.000000 Vcos(max/mean)=(0.0000/-0.0000) KVcos(max/mean)=(0.0418/0.0104) ValK->V=0.00% CloseK->V=0.00% Open->V=1.52% OpenVEntropy=0.2128
Train Client0 [72/100] LR=0.0001250 loss=0.006 (CE=0.004 VIR=0.030 wVIR=0.001 AUX=0.000 w=0.030) ACC=99.892 F1=99.835 Rec=99.835 Prec=99.835
Train Client1 [72/100] LR=0.0001250 loss=0.098 (CE=0.051 VIR=0.026 wVIR=0.001 AUX=0.047 w=0.030) ACC=98.120 F1=96.210 Rec=95.362 Prec=97.205
Train Client2 [72/100] LR=0.0001250 loss=0.105 (CE=0.055 VIR=0.028 wVIR=0.001 AUX=0.049 w=0.030) ACC=97.861 F1=92.469 Rec=91.731 Prec=93.315
Train Client3 [72/100] LR=0.0001250 loss=0.079 (CE=0.041 VIR=0.013 wVIR=0.000 AUX=0.037 w=0.030) ACC=98.674 F1=96.692 Rec=98.164 Prec=95.456
Train Client4 [72/100] LR=0.0001250 loss=0.109 (CE=0.069 VIR=0.211 wVIR=0.006 AUX=0.034 w=0.030) ACC=97.637 F1=88.175 Rec=96.976 Prec=84.927
Train Client5 [72/100] LR=0.0001250 loss=0.016 (CE=0.013 VIR=0.004 wVIR=0.000 AUX=0.003 w=0.030) ACC=99.554 F1=89.724 Rec=89.660 Prec=89.788
Train Client6 [72/100] LR=0.0001250 loss=0.117 (CE=0.083 VIR=0.543 wVIR=0.016 AUX=0.018 w=0.030) ACC=98.611 F1=97.923 Rec=99.631 Prec=96.398
Train Client7 [72/100] LR=0.0001250 loss=0.060 (CE=0.033 VIR=0.107 wVIR=0.003 AUX=0.023 w=0.030) ACC=99.242 F1=97.860 Rec=97.593 Prec=98.160

Val    [72/100] LR=0.0001250 loss=1.709 ACC=97.086 F1=97.076 Rec=97.086 Prec=97.323
Val-Known->Virtual [72/100] rate=0.000% prob_mean=0.002426 margin_mean=0.972152
Val-LogitMargin [72/100] TrueKnown-VMax mean=7.7794 std=1.5560 p10=6.0369 p50=7.5924 p90=9.7504
Stage1Diag [72/100] FeatDim=256 IntraVar=0.316346 InterDist=1.189449 Compact=0.265960 CenterNorm=2.251455
Stage1Boundary [72/100] KnownTrue-Other mean=9.7725 std=5.9028 p10=2.5661 p50=10.5238 p90=17.1485 | BoundaryRate=20.000% count=350 thr=3.6791 hist=[0, 1, 138, 0, 211]

Test-  OSR [72/100] LR=0.0001250 ACC=61.607 F1=66.982 Rec=81.603 Prec=75.752 UNK=1.619 OS*=97.600 HOS=3.185 AUROC=89.568 AUPR=83.766 OSCR=88.403
Test-Close [72/100] LR=0.0001250 loss=1.697 ACC=97.600 F1=97.594 Rec=97.600 Prec=97.779
Test-Virtual [72/100] CloseK->V=0.000% Open->V=1.619% OpenVEntropy=0.526414 CloseHist=[0, 0, 0] OpenHist=[1, 14, 2]
Test-LogitMargin [72/100] CloseTrue-VMax mean=7.8701 std=1.6232 p10=6.1162 p50=7.6229 p90=10.0498 | OpenKnown-VMax mean=6.0060 std=2.7478 p10=1.5997 p50=6.9408 p90=8.7200
AnchorDiag [72/100] VNorm=[1.0000001192092896, 1.0, 0.9999999403953552] VDriftMax=0.000000 Vcos(max/mean)=(0.0000/-0.0000) KVcos(max/mean)=(0.0421/0.0105) ValK->V=0.00% CloseK->V=0.00% Open->V=1.62% OpenVEntropy=0.5264
Train Client0 [73/100] LR=0.0001250 loss=0.010 (CE=0.006 VIR=0.017 wVIR=0.001 AUX=0.003 w=0.030) ACC=99.838 F1=99.751 Rec=99.754 Prec=99.749
Train Client1 [73/100] LR=0.0001250 loss=0.095 (CE=0.050 VIR=0.034 wVIR=0.001 AUX=0.044 w=0.030) ACC=98.398 F1=97.038 Rec=96.578 Prec=97.587
Train Client2 [73/100] LR=0.0001250 loss=0.108 (CE=0.058 VIR=0.036 wVIR=0.001 AUX=0.049 w=0.030) ACC=97.671 F1=92.074 Rec=91.636 Prec=92.551
Train Client3 [73/100] LR=0.0001250 loss=0.038 (CE=0.021 VIR=0.006 wVIR=0.000 AUX=0.017 w=0.030) ACC=99.242 F1=98.847 Rec=98.836 Prec=98.875
Train Client4 [73/100] LR=0.0001250 loss=0.105 (CE=0.065 VIR=0.206 wVIR=0.006 AUX=0.034 w=0.030) ACC=97.790 F1=89.785 Rec=97.624 Prec=85.881
Train Client5 [73/100] LR=0.0001250 loss=0.056 (CE=0.023 VIR=0.008 wVIR=0.000 AUX=0.033 w=0.030) ACC=99.375 F1=84.654 Rec=84.583 Prec=84.726
Train Client6 [73/100] LR=0.0001250 loss=0.041 (CE=0.033 VIR=0.288 wVIR=0.009 AUX=0.000 w=0.030) ACC=99.444 F1=99.093 Rec=99.093 Prec=99.093
Train Client7 [73/100] LR=0.0001250 loss=0.062 (CE=0.034 VIR=0.143 wVIR=0.004 AUX=0.024 w=0.030) ACC=99.015 F1=97.385 Rec=97.478 Prec=97.321

Val    [73/100] LR=0.0001250 loss=1.708 ACC=97.143 F1=97.133 Rec=97.143 Prec=97.370
Val-Known->Virtual [73/100] rate=0.000% prob_mean=0.003572 margin_mean=0.970992
Val-LogitMargin [73/100] TrueKnown-VMax mean=7.5768 std=1.7980 p10=5.5948 p50=7.2681 p90=9.9754
Stage1Diag [73/100] FeatDim=256 IntraVar=0.323276 InterDist=1.159991 Compact=0.278689 CenterNorm=2.250009
Stage1Boundary [73/100] KnownTrue-Other mean=9.8727 std=5.9506 p10=2.6324 p50=10.5422 p90=17.2312 | BoundaryRate=20.000% count=350 thr=3.6882 hist=[0, 2, 135, 1, 212]

Test-  OSR [73/100] LR=0.0001250 ACC=62.071 F1=66.848 Rec=81.968 Prec=74.680 UNK=2.381 OS*=97.886 HOS=4.649 AUROC=89.295 AUPR=84.195 OSCR=88.198
Test-Close [73/100] LR=0.0001250 loss=1.695 ACC=97.886 F1=97.882 Rec=97.886 Prec=98.019
Test-Virtual [73/100] CloseK->V=0.000% Open->V=2.381% OpenVEntropy=0.400205 CloseHist=[0, 0, 0] OpenHist=[0, 21, 4]
Test-LogitMargin [73/100] CloseTrue-VMax mean=7.6756 std=1.8724 p10=5.6189 p50=7.3084 p90=10.3000 | OpenKnown-VMax mean=5.3261 std=2.6932 p10=1.2932 p50=6.1828 p90=8.1526
AnchorDiag [73/100] VNorm=[1.0000001192092896, 1.0, 0.9999999403953552] VDriftMax=0.000000 Vcos(max/mean)=(0.0000/-0.0000) KVcos(max/mean)=(0.0420/0.0105) ValK->V=0.00% CloseK->V=0.00% Open->V=2.38% OpenVEntropy=0.4002
>> New learning Rate: 6.25e-05
Train Client0 [74/100] LR=0.0000625 loss=0.009 (CE=0.008 VIR=0.017 wVIR=0.000 AUX=0.000 w=0.030) ACC=99.838 F1=79.905 Rec=79.894 Prec=79.916
Train Client1 [74/100] LR=0.0000625 loss=0.092 (CE=0.042 VIR=0.038 wVIR=0.001 AUX=0.048 w=0.030) ACC=98.538 F1=97.295 Rec=97.187 Prec=97.409
Train Client2 [74/100] LR=0.0000625 loss=0.090 (CE=0.050 VIR=0.023 wVIR=0.001 AUX=0.039 w=0.030) ACC=97.814 F1=93.016 Rec=93.417 Prec=92.653
Train Client3 [74/100] LR=0.0000625 loss=0.045 (CE=0.021 VIR=0.005 wVIR=0.000 AUX=0.024 w=0.030) ACC=99.432 F1=99.154 Rec=99.146 Prec=99.165
Train Client4 [74/100] LR=0.0000625 loss=0.102 (CE=0.064 VIR=0.239 wVIR=0.007 AUX=0.031 w=0.030) ACC=98.095 F1=90.290 Rec=97.542 Prec=86.857
Train Client5 [74/100] LR=0.0000625 loss=0.007 (CE=0.006 VIR=0.007 wVIR=0.000 AUX=0.001 w=0.030) ACC=99.821 F1=94.925 Rec=94.925 Prec=94.925
Train Client6 [74/100] LR=0.0000625 loss=0.042 (CE=0.034 VIR=0.258 wVIR=0.008 AUX=0.000 w=0.030) ACC=99.722 F1=99.555 Rec=99.926 Prec=99.200
Train Client7 [74/100] LR=0.0000625 loss=0.044 (CE=0.021 VIR=0.183 wVIR=0.005 AUX=0.018 w=0.030) ACC=99.242 F1=98.084 Rec=98.612 Prec=97.587

Val    [74/100] LR=0.0000625 loss=1.700 ACC=97.486 F1=97.482 Rec=97.486 Prec=97.583
Val-Known->Virtual [74/100] rate=0.000% prob_mean=0.002570 margin_mean=0.973524
Val-LogitMargin [74/100] TrueKnown-VMax mean=7.9383 std=1.8538 p10=5.8927 p50=7.5793 p90=10.4205
Stage1Diag [74/100] FeatDim=256 IntraVar=0.327266 InterDist=1.200667 Compact=0.272570 CenterNorm=2.272499
Stage1Boundary [74/100] KnownTrue-Other mean=10.5077 std=6.2812 p10=2.6139 p50=11.1618 p90=18.3656 | BoundaryRate=20.000% count=350 thr=3.7745 hist=[0, 1, 125, 1, 223]

Test-  OSR [74/100] LR=0.0000625 ACC=61.821 F1=66.586 Rec=81.794 Prec=74.625 UNK=1.905 OS*=97.771 HOS=3.737 AUROC=88.696 AUPR=83.732 OSCR=87.664
Test-Close [74/100] LR=0.0000625 loss=1.690 ACC=97.771 F1=97.769 Rec=97.771 Prec=97.856
Test-Virtual [74/100] CloseK->V=0.000% Open->V=1.905% OpenVEntropy=0.384766 CloseHist=[0, 0, 0] OpenHist=[0, 17, 3]
Test-LogitMargin [74/100] CloseTrue-VMax mean=8.0188 std=1.9178 p10=5.9927 p50=7.6177 p90=10.7141 | OpenKnown-VMax mean=5.5936 std=2.7411 p10=1.4869 p50=6.3577 p90=8.5728
AnchorDiag [74/100] VNorm=[1.0000001192092896, 1.0, 0.9999999403953552] VDriftMax=0.000000 Vcos(max/mean)=(0.0000/-0.0000) KVcos(max/mean)=(0.0425/0.0106) ValK->V=0.00% CloseK->V=0.00% Open->V=1.90% OpenVEntropy=0.3848
Train Client0 [75/100] LR=0.0000625 loss=0.004 (CE=0.003 VIR=0.017 wVIR=0.001 AUX=0.000 w=0.030) ACC=100.000 F1=100.000 Rec=100.000 Prec=100.000
Train Client1 [75/100] LR=0.0000625 loss=0.079 (CE=0.041 VIR=0.016 wVIR=0.000 AUX=0.038 w=0.030) ACC=98.677 F1=97.471 Rec=97.007 Prec=98.015
Train Client2 [75/100] LR=0.0000625 loss=0.080 (CE=0.044 VIR=0.037 wVIR=0.001 AUX=0.035 w=0.030) ACC=98.051 F1=93.696 Rec=94.006 Prec=93.393
Train Client3 [75/100] LR=0.0000625 loss=0.041 (CE=0.018 VIR=0.003 wVIR=0.000 AUX=0.023 w=0.030) ACC=99.432 F1=99.146 Rec=99.118 Prec=99.211
Train Client4 [75/100] LR=0.0000625 loss=0.119 (CE=0.080 VIR=0.304 wVIR=0.009 AUX=0.029 w=0.030) ACC=97.104 F1=85.924 Rec=97.725 Prec=82.451
Train Client5 [75/100] LR=0.0000625 loss=0.020 (CE=0.010 VIR=0.006 wVIR=0.000 AUX=0.009 w=0.030) ACC=99.821 F1=94.925 Rec=94.925 Prec=94.925
Train Client6 [75/100] LR=0.0000625 loss=0.126 (CE=0.076 VIR=0.438 wVIR=0.013 AUX=0.036 w=0.030) ACC=98.333 F1=97.469 Rec=98.798 Prec=96.354
Train Client7 [75/100] LR=0.0000625 loss=0.063 (CE=0.034 VIR=0.234 wVIR=0.007 AUX=0.022 w=0.030) ACC=98.864 F1=97.024 Rec=97.377 Prec=96.679

Val    [75/100] LR=0.0000625 loss=1.705 ACC=97.257 F1=97.251 Rec=97.257 Prec=97.403
Val-Known->Virtual [75/100] rate=0.000% prob_mean=0.003247 margin_mean=0.969894
Val-LogitMargin [75/100] TrueKnown-VMax mean=7.6390 std=1.8159 p10=5.6941 p50=7.2776 p90=10.0824
Stage1Diag [75/100] FeatDim=256 IntraVar=0.325642 InterDist=1.201103 Compact=0.271119 CenterNorm=2.280069
Stage1Boundary [75/100] KnownTrue-Other mean=10.0391 std=6.1890 p10=2.5036 p50=10.5192 p90=17.9915 | BoundaryRate=20.000% count=350 thr=3.6218 hist=[0, 1, 131, 1, 217]

Test-  OSR [75/100] LR=0.0000625 ACC=61.857 F1=66.756 Rec=81.810 Prec=74.906 UNK=2.000 OS*=97.771 HOS=3.920 AUROC=89.293 AUPR=84.016 OSCR=88.207
Test-Close [75/100] LR=0.0000625 loss=1.694 ACC=97.771 F1=97.768 Rec=97.771 Prec=97.886
Test-Virtual [75/100] CloseK->V=0.000% Open->V=2.000% OpenVEntropy=0.608056 CloseHist=[0, 0, 0] OpenHist=[1, 16, 4]
Test-LogitMargin [75/100] CloseTrue-VMax mean=7.7183 std=1.8648 p10=5.7742 p50=7.3084 p90=10.2721 | OpenKnown-VMax mean=5.4716 std=2.7140 p10=1.4507 p50=6.2717 p90=8.4266
AnchorDiag [75/100] VNorm=[1.0000001192092896, 1.0, 0.9999999403953552] VDriftMax=0.000000 Vcos(max/mean)=(0.0000/-0.0000) KVcos(max/mean)=(0.0425/0.0106) ValK->V=0.00% CloseK->V=0.00% Open->V=2.00% OpenVEntropy=0.6081
Saving model at epoch 75 . . . . . . . .

Train Client0 [76/100] LR=0.0000625 loss=0.005 (CE=0.004 VIR=0.016 wVIR=0.000 AUX=0.000 w=0.030) ACC=99.892 F1=99.894 Rec=99.947 Prec=99.842
Train Client1 [76/100] LR=0.0000625 loss=0.080 (CE=0.041 VIR=0.028 wVIR=0.001 AUX=0.038 w=0.030) ACC=98.642 F1=97.025 Rec=96.790 Prec=97.280
Train Client2 [76/100] LR=0.0000625 loss=0.079 (CE=0.043 VIR=0.031 wVIR=0.001 AUX=0.035 w=0.030) ACC=98.622 F1=95.376 Rec=95.222 Prec=95.540
Train Client3 [76/100] LR=0.0000625 loss=0.058 (CE=0.031 VIR=0.009 wVIR=0.000 AUX=0.026 w=0.030) ACC=99.242 F1=99.037 Rec=99.028 Prec=99.050
Train Client4 [76/100] LR=0.0000625 loss=0.088 (CE=0.058 VIR=0.219 wVIR=0.007 AUX=0.024 w=0.030) ACC=97.790 F1=88.580 Rec=98.185 Prec=84.650
Train Client5 [76/100] LR=0.0000625 loss=0.018 (CE=0.013 VIR=0.015 wVIR=0.000 AUX=0.005 w=0.030) ACC=99.554 F1=91.732 Rec=94.727 Prec=89.738
Train Client6 [76/100] LR=0.0000625 loss=0.069 (CE=0.057 VIR=0.393 wVIR=0.012 AUX=0.000 w=0.030) ACC=98.056 F1=97.068 Rec=98.724 Prec=95.639
Train Client7 [76/100] LR=0.0000625 loss=0.091 (CE=0.038 VIR=0.296 wVIR=0.009 AUX=0.045 w=0.030) ACC=98.636 F1=96.817 Rec=97.367 Prec=96.405

Val    [76/100] LR=0.0000625 loss=1.706 ACC=97.257 F1=97.251 Rec=97.257 Prec=97.403
Val-Known->Virtual [76/100] rate=0.000% prob_mean=0.002766 margin_mean=0.971152
Val-LogitMargin [76/100] TrueKnown-VMax mean=7.8589 std=1.8860 p10=5.8471 p50=7.4659 p90=10.4193
Stage1Diag [76/100] FeatDim=256 IntraVar=0.318702 InterDist=1.175857 Compact=0.271038 CenterNorm=2.264979
Stage1Boundary [76/100] KnownTrue-Other mean=10.0471 std=6.2919 p10=2.6068 p50=10.3672 p90=18.1940 | BoundaryRate=20.000% count=350 thr=3.6574 hist=[0, 1, 146, 1, 202]

Test-  OSR [76/100] LR=0.0000625 ACC=61.964 F1=66.736 Rec=81.857 Prec=74.641 UNK=2.286 OS*=97.771 HOS=4.467 AUROC=90.115 AUPR=84.844 OSCR=88.995
Test-Close [76/100] LR=0.0000625 loss=1.694 ACC=97.771 F1=97.768 Rec=97.771 Prec=97.886
Test-Virtual [76/100] CloseK->V=0.000% Open->V=2.286% OpenVEntropy=0.560699 CloseHist=[0, 0, 0] OpenHist=[1, 19, 4]
Test-LogitMargin [76/100] CloseTrue-VMax mean=7.9513 std=1.9458 p10=5.8887 p50=7.5181 p90=10.6129 | OpenKnown-VMax mean=5.5697 std=2.8233 p10=1.4022 p50=6.4319 p90=8.7104
AnchorDiag [76/100] VNorm=[1.0000001192092896, 1.0, 0.9999999403953552] VDriftMax=0.000000 Vcos(max/mean)=(0.0000/-0.0000) KVcos(max/mean)=(0.0427/0.0106) ValK->V=0.00% CloseK->V=0.00% Open->V=2.29% OpenVEntropy=0.5607
Train Client0 [77/100] LR=0.0000625 loss=0.006 (CE=0.005 VIR=0.030 wVIR=0.001 AUX=0.000 w=0.030) ACC=99.838 F1=79.968 Rec=79.936 Prec=80.000
Train Client1 [77/100] LR=0.0000625 loss=0.067 (CE=0.036 VIR=0.040 wVIR=0.001 AUX=0.030 w=0.030) ACC=98.955 F1=97.863 Rec=97.868 Prec=97.889
Train Client2 [77/100] LR=0.0000625 loss=0.076 (CE=0.041 VIR=0.021 wVIR=0.001 AUX=0.035 w=0.030) ACC=98.432 F1=94.940 Rec=95.259 Prec=94.637
Train Client3 [77/100] LR=0.0000625 loss=0.067 (CE=0.039 VIR=0.008 wVIR=0.000 AUX=0.027 w=0.030) ACC=99.432 F1=99.147 Rec=99.138 Prec=99.161
Train Client4 [77/100] LR=0.0000625 loss=0.102 (CE=0.068 VIR=0.190 wVIR=0.006 AUX=0.029 w=0.030) ACC=97.713 F1=89.281 Rec=97.602 Prec=85.358
Train Client5 [77/100] LR=0.0000625 loss=0.020 (CE=0.016 VIR=0.003 wVIR=0.000 AUX=0.004 w=0.030) ACC=99.464 F1=91.612 Rec=94.537 Prec=89.687
Train Client6 [77/100] LR=0.0000625 loss=0.052 (CE=0.044 VIR=0.277 wVIR=0.008 AUX=0.001 w=0.030) ACC=98.611 F1=97.471 Rec=98.112 Prec=96.880
Train Client7 [77/100] LR=0.0000625 loss=0.036 (CE=0.020 VIR=0.125 wVIR=0.004 AUX=0.012 w=0.030) ACC=99.167 F1=97.866 Rec=98.470 Prec=97.287

Val    [77/100] LR=0.0000625 loss=1.702 ACC=97.371 F1=97.368 Rec=97.371 Prec=97.468
Val-Known->Virtual [77/100] rate=0.000% prob_mean=0.002192 margin_mean=0.973757
Val-LogitMargin [77/100] TrueKnown-VMax mean=8.0967 std=1.8659 p10=6.0599 p50=7.7537 p90=10.5931
Stage1Diag [77/100] FeatDim=256 IntraVar=0.316241 InterDist=1.179637 Compact=0.268083 CenterNorm=2.267199
Stage1Boundary [77/100] KnownTrue-Other mean=10.2398 std=6.3017 p10=2.6925 p50=10.5765 p90=18.2417 | BoundaryRate=20.000% count=350 thr=3.7743 hist=[0, 1, 131, 1, 217]

Test-  OSR [77/100] LR=0.0000625 ACC=61.750 F1=66.514 Rec=81.730 Prec=74.547 UNK=1.810 OS*=97.714 HOS=3.553 AUROC=89.830 AUPR=84.698 OSCR=88.738
Test-Close [77/100] LR=0.0000625 loss=1.692 ACC=97.714 F1=97.711 Rec=97.714 Prec=97.806
Test-Virtual [77/100] CloseK->V=0.000% Open->V=1.810% OpenVEntropy=0.306292 CloseHist=[0, 0, 0] OpenHist=[0, 17, 2]
Test-LogitMargin [77/100] CloseTrue-VMax mean=8.1860 std=1.9350 p10=6.1351 p50=7.7885 p90=10.8339 | OpenKnown-VMax mean=5.7256 std=2.8459 p10=1.4743 p50=6.5846 p90=8.8421
AnchorDiag [77/100] VNorm=[1.0000001192092896, 1.0, 0.9999999403953552] VDriftMax=0.000000 Vcos(max/mean)=(0.0000/-0.0000) KVcos(max/mean)=(0.0431/0.0106) ValK->V=0.00% CloseK->V=0.00% Open->V=1.81% OpenVEntropy=0.3063
Train Client0 [78/100] LR=0.0000625 loss=0.017 (CE=0.010 VIR=0.040 wVIR=0.001 AUX=0.005 w=0.030) ACC=99.838 F1=79.858 Rec=79.847 Prec=79.868
Train Client1 [78/100] LR=0.0000625 loss=0.076 (CE=0.039 VIR=0.027 wVIR=0.001 AUX=0.036 w=0.030) ACC=98.851 F1=97.871 Rec=97.679 Prec=98.078
Train Client2 [78/100] LR=0.0000625 loss=0.084 (CE=0.046 VIR=0.030 wVIR=0.001 AUX=0.038 w=0.030) ACC=98.004 F1=93.516 Rec=93.708 Prec=93.330
Train Client3 [78/100] LR=0.0000625 loss=0.048 (CE=0.029 VIR=0.005 wVIR=0.000 AUX=0.018 w=0.030) ACC=99.242 F1=98.864 Rec=98.853 Prec=98.891
Train Client4 [78/100] LR=0.0000625 loss=0.080 (CE=0.054 VIR=0.157 wVIR=0.005 AUX=0.021 w=0.030) ACC=98.399 F1=92.813 Rec=97.976 Prec=89.529
Train Client5 [78/100] LR=0.0000625 loss=0.018 (CE=0.012 VIR=0.007 wVIR=0.000 AUX=0.006 w=0.030) ACC=99.464 F1=91.999 Rec=99.435 Prec=88.840
Train Client6 [78/100] LR=0.0000625 loss=0.071 (CE=0.053 VIR=0.303 wVIR=0.009 AUX=0.009 w=0.030) ACC=98.889 F1=98.313 Rec=99.705 Prec=97.143
Train Client7 [78/100] LR=0.0000625 loss=0.061 (CE=0.033 VIR=0.262 wVIR=0.008 AUX=0.020 w=0.030) ACC=98.864 F1=90.586 Rec=97.808 Prec=86.723

Val    [78/100] LR=0.0000625 loss=1.705 ACC=97.257 F1=97.252 Rec=97.257 Prec=97.385
Val-Known->Virtual [78/100] rate=0.000% prob_mean=0.002364 margin_mean=0.970610
Val-LogitMargin [78/100] TrueKnown-VMax mean=8.0261 std=1.9273 p10=6.0088 p50=7.6230 p90=10.5704
Stage1Diag [78/100] FeatDim=256 IntraVar=0.320063 InterDist=1.194341 Compact=0.267983 CenterNorm=2.277503
Stage1Boundary [78/100] KnownTrue-Other mean=10.1711 std=6.5008 p10=2.5121 p50=10.5486 p90=18.4207 | BoundaryRate=20.000% count=350 thr=3.5977 hist=[0, 0, 142, 0, 208]

Test-  OSR [78/100] LR=0.0000625 ACC=61.643 F1=66.652 Rec=81.651 Prec=75.098 UNK=1.619 OS*=97.657 HOS=3.185 AUROC=90.154 AUPR=84.695 OSCR=89.031
Test-Close [78/100] LR=0.0000625 loss=1.695 ACC=97.657 F1=97.653 Rec=97.657 Prec=97.771
Test-Virtual [78/100] CloseK->V=0.000% Open->V=1.619% OpenVEntropy=0.645076 CloseHist=[0, 0, 0] OpenHist=[2, 13, 2]
Test-LogitMargin [78/100] CloseTrue-VMax mean=8.1186 std=2.0069 p10=6.0349 p50=7.6997 p90=10.8804 | OpenKnown-VMax mean=5.6565 std=2.7802 p10=1.5021 p50=6.4797 p90=8.7073
AnchorDiag [78/100] VNorm=[1.0000001192092896, 1.0, 0.9999999403953552] VDriftMax=0.000000 Vcos(max/mean)=(0.0000/-0.0000) KVcos(max/mean)=(0.0436/0.0107) ValK->V=0.00% CloseK->V=0.00% Open->V=1.62% OpenVEntropy=0.6451
Train Client0 [79/100] LR=0.0000625 loss=0.005 (CE=0.002 VIR=0.027 wVIR=0.001 AUX=0.002 w=0.030) ACC=99.892 F1=99.835 Rec=99.835 Prec=99.835
Train Client1 [79/100] LR=0.0000625 loss=0.075 (CE=0.038 VIR=0.030 wVIR=0.001 AUX=0.036 w=0.030) ACC=98.677 F1=97.532 Rec=97.267 Prec=97.827
Train Client2 [79/100] LR=0.0000625 loss=0.071 (CE=0.040 VIR=0.018 wVIR=0.001 AUX=0.030 w=0.030) ACC=98.384 F1=94.600 Rec=94.392 Prec=94.814
Train Client3 [79/100] LR=0.0000625 loss=0.048 (CE=0.028 VIR=0.014 wVIR=0.000 AUX=0.019 w=0.030) ACC=99.053 F1=98.588 Rec=98.567 Prec=98.644
Train Client4 [79/100] LR=0.0000625 loss=0.115 (CE=0.075 VIR=0.228 wVIR=0.007 AUX=0.034 w=0.030) ACC=97.332 F1=86.995 Rec=97.188 Prec=83.503
Train Client5 [79/100] LR=0.0000625 loss=0.027 (CE=0.019 VIR=0.005 wVIR=0.000 AUX=0.008 w=0.030) ACC=99.464 F1=91.611 Rec=94.536 Prec=89.687
Train Client6 [79/100] LR=0.0000625 loss=0.105 (CE=0.064 VIR=0.381 wVIR=0.011 AUX=0.029 w=0.030) ACC=99.167 F1=98.748 Rec=99.020 Prec=98.487
Train Client7 [79/100] LR=0.0000625 loss=0.053 (CE=0.034 VIR=0.197 wVIR=0.006 AUX=0.013 w=0.030) ACC=99.091 F1=88.352 Rec=99.289 Prec=84.145

Val    [79/100] LR=0.0000625 loss=1.717 ACC=96.857 F1=96.844 Rec=96.857 Prec=97.140
Val-Known->Virtual [79/100] rate=0.000% prob_mean=0.002387 margin_mean=0.972521
Val-LogitMargin [79/100] TrueKnown-VMax mean=7.7986 std=1.6192 p10=6.0544 p50=7.5956 p90=9.8753
Stage1Diag [79/100] FeatDim=256 IntraVar=0.311909 InterDist=1.181723 Compact=0.263945 CenterNorm=2.265394
Stage1Boundary [79/100] KnownTrue-Other mean=9.5711 std=5.7957 p10=2.7462 p50=9.9880 p90=16.8538 | BoundaryRate=20.000% count=350 thr=3.8556 hist=[2, 1, 168, 1, 178]

Test-  OSR [79/100] LR=0.0000625 ACC=61.643 F1=66.410 Rec=81.651 Prec=74.620 UNK=1.619 OS*=97.657 HOS=3.185 AUROC=90.055 AUPR=84.114 OSCR=88.821
Test-Close [79/100] LR=0.0000625 loss=1.702 ACC=97.657 F1=97.652 Rec=97.657 Prec=97.826
Test-Virtual [79/100] CloseK->V=0.000% Open->V=1.619% OpenVEntropy=0.403925 CloseHist=[0, 0, 0] OpenHist=[1, 15, 1]
Test-LogitMargin [79/100] CloseTrue-VMax mean=7.8773 std=1.6575 p10=6.1329 p50=7.6491 p90=10.0777 | OpenKnown-VMax mean=5.7620 std=2.7259 p10=1.6122 p50=6.6319 p90=8.6690
AnchorDiag [79/100] VNorm=[1.0000001192092896, 1.0, 0.9999999403953552] VDriftMax=0.000000 Vcos(max/mean)=(0.0000/-0.0000) KVcos(max/mean)=(0.0435/0.0107) ValK->V=0.00% CloseK->V=0.00% Open->V=1.62% OpenVEntropy=0.4039
Train Client0 [80/100] LR=0.0000625 loss=0.002 (CE=0.002 VIR=0.015 wVIR=0.000 AUX=0.000 w=0.030) ACC=100.000 F1=100.000 Rec=100.000 Prec=100.000
Train Client1 [80/100] LR=0.0000625 loss=0.078 (CE=0.040 VIR=0.021 wVIR=0.001 AUX=0.038 w=0.030) ACC=98.781 F1=97.699 Rec=97.155 Prec=98.344
Train Client2 [80/100] LR=0.0000625 loss=0.097 (CE=0.055 VIR=0.035 wVIR=0.001 AUX=0.041 w=0.030) ACC=98.384 F1=94.851 Rec=95.148 Prec=94.562
Train Client3 [80/100] LR=0.0000625 loss=0.054 (CE=0.032 VIR=0.013 wVIR=0.000 AUX=0.022 w=0.030) ACC=99.242 F1=97.554 Rec=99.011 Prec=96.353
Train Client4 [80/100] LR=0.0000625 loss=0.106 (CE=0.074 VIR=0.284 wVIR=0.009 AUX=0.023 w=0.030) ACC=97.409 F1=86.247 Rec=98.462 Prec=83.088
Train Client5 [80/100] LR=0.0000625 loss=0.017 (CE=0.013 VIR=0.003 wVIR=0.000 AUX=0.004 w=0.030) ACC=99.732 F1=93.220 Rec=94.849 Prec=91.924
Train Client6 [80/100] LR=0.0000625 loss=0.066 (CE=0.053 VIR=0.394 wVIR=0.012 AUX=0.001 w=0.030) ACC=98.889 F1=98.043 Rec=98.945 Prec=97.199
Train Client7 [80/100] LR=0.0000625 loss=0.061 (CE=0.032 VIR=0.239 wVIR=0.007 AUX=0.022 w=0.030) ACC=99.091 F1=91.106 Rec=97.548 Prec=88.068

Val    [80/100] LR=0.0000625 loss=1.704 ACC=97.371 F1=97.368 Rec=97.371 Prec=97.453
Val-Known->Virtual [80/100] rate=0.000% prob_mean=0.002825 margin_mean=0.973295
Val-LogitMargin [80/100] TrueKnown-VMax mean=7.9319 std=2.0007 p10=5.8086 p50=7.5077 p90=10.5740
Stage1Diag [80/100] FeatDim=256 IntraVar=0.314381 InterDist=1.186604 Compact=0.264942 CenterNorm=2.267248
Stage1Boundary [80/100] KnownTrue-Other mean=10.1875 std=6.3061 p10=2.6816 p50=10.4576 p90=18.3260 | BoundaryRate=20.000% count=350 thr=3.8253 hist=[0, 1, 119, 1, 229]

Test-  OSR [80/100] LR=0.0000625 ACC=61.929 F1=66.748 Rec=81.810 Prec=74.676 UNK=2.286 OS*=97.714 HOS=4.467 AUROC=88.135 AUPR=83.404 OSCR=87.082
Test-Close [80/100] LR=0.0000625 loss=1.691 ACC=97.714 F1=97.711 Rec=97.714 Prec=97.806
Test-Virtual [80/100] CloseK->V=0.000% Open->V=2.286% OpenVEntropy=0.410118 CloseHist=[0, 0, 0] OpenHist=[0, 20, 4]
Test-LogitMargin [80/100] CloseTrue-VMax mean=8.0073 std=2.0469 p10=5.8802 p50=7.5917 p90=10.8343 | OpenKnown-VMax mean=5.5942 std=2.7986 p10=1.4155 p50=6.4566 p90=8.6445
AnchorDiag [80/100] VNorm=[1.0000001192092896, 1.0, 0.9999999403953552] VDriftMax=0.000000 Vcos(max/mean)=(0.0000/-0.0000) KVcos(max/mean)=(0.0437/0.0108) ValK->V=0.00% CloseK->V=0.00% Open->V=2.29% OpenVEntropy=0.4101
Saving model at epoch 80 . . . . . . . .

Train Client0 [81/100] LR=0.0000625 loss=0.006 (CE=0.004 VIR=0.015 wVIR=0.000 AUX=0.001 w=0.030) ACC=99.838 F1=79.913 Rec=79.895 Prec=79.931
Train Client1 [81/100] LR=0.0000625 loss=0.073 (CE=0.038 VIR=0.027 wVIR=0.001 AUX=0.034 w=0.030) ACC=98.886 F1=97.891 Rec=97.574 Prec=98.244
Train Client2 [81/100] LR=0.0000625 loss=0.083 (CE=0.046 VIR=0.030 wVIR=0.001 AUX=0.037 w=0.030) ACC=98.146 F1=94.182 Rec=94.887 Prec=93.548
Train Client3 [81/100] LR=0.0000625 loss=0.057 (CE=0.039 VIR=0.010 wVIR=0.000 AUX=0.017 w=0.030) ACC=99.053 F1=98.571 Rec=98.567 Prec=98.578
Train Client4 [81/100] LR=0.0000625 loss=0.091 (CE=0.058 VIR=0.257 wVIR=0.008 AUX=0.025 w=0.030) ACC=97.942 F1=89.063 Rec=97.885 Prec=85.419
Train Client5 [81/100] LR=0.0000625 loss=0.026 (CE=0.018 VIR=0.008 wVIR=0.000 AUX=0.008 w=0.030) ACC=99.375 F1=89.719 Rec=94.577 Prec=87.364
Train Client6 [81/100] LR=0.0000625 loss=0.076 (CE=0.063 VIR=0.402 wVIR=0.012 AUX=0.001 w=0.030) ACC=98.056 F1=97.193 Rec=99.483 Prec=95.484
Train Client7 [81/100] LR=0.0000625 loss=0.075 (CE=0.044 VIR=0.219 wVIR=0.007 AUX=0.025 w=0.030) ACC=98.939 F1=90.647 Rec=97.656 Prec=86.980

Val    [81/100] LR=0.0000625 loss=1.707 ACC=97.200 F1=97.193 Rec=97.200 Prec=97.374
Val-Known->Virtual [81/100] rate=0.000% prob_mean=0.002631 margin_mean=0.973088
Val-LogitMargin [81/100] TrueKnown-VMax mean=7.8221 std=1.8150 p10=5.9500 p50=7.5195 p90=10.2036
Stage1Diag [81/100] FeatDim=256 IntraVar=0.313104 InterDist=1.199816 Compact=0.260960 CenterNorm=2.279225
Stage1Boundary [81/100] KnownTrue-Other mean=10.0244 std=6.2619 p10=2.6665 p50=10.2892 p90=18.0571 | BoundaryRate=20.000% count=350 thr=3.7749 hist=[0, 0, 139, 1, 210]

Test-  OSR [81/100] LR=0.0000625 ACC=61.571 F1=66.023 Rec=81.714 Prec=74.129 UNK=1.143 OS*=97.829 HOS=2.259 AUROC=89.209 AUPR=83.318 OSCR=88.183
Test-Close [81/100] LR=0.0000625 loss=1.693 ACC=97.829 F1=97.825 Rec=97.829 Prec=97.952
Test-Virtual [81/100] CloseK->V=0.000% Open->V=1.143% OpenVEntropy=0.261089 CloseHist=[0, 0, 0] OpenHist=[1, 11, 0]
Test-LogitMargin [81/100] CloseTrue-VMax mean=7.8893 std=1.8419 p10=5.9831 p50=7.5328 p90=10.3353 | OpenKnown-VMax mean=5.5781 std=2.5595 p10=1.7338 p50=6.2705 p90=8.4681
AnchorDiag [81/100] VNorm=[1.0000001192092896, 1.0, 0.9999999403953552] VDriftMax=0.000000 Vcos(max/mean)=(0.0000/-0.0000) KVcos(max/mean)=(0.0443/0.0109) ValK->V=0.00% CloseK->V=0.00% Open->V=1.14% OpenVEntropy=0.2611
Train Client0 [82/100] LR=0.0000625 loss=0.007 (CE=0.006 VIR=0.030 wVIR=0.001 AUX=0.000 w=0.030) ACC=99.838 F1=79.937 Rec=79.936 Prec=79.937
Train Client1 [82/100] LR=0.0000625 loss=0.072 (CE=0.038 VIR=0.038 wVIR=0.001 AUX=0.034 w=0.030) ACC=98.955 F1=98.016 Rec=97.643 Prec=98.437
Train Client2 [82/100] LR=0.0000625 loss=0.063 (CE=0.033 VIR=0.027 wVIR=0.001 AUX=0.028 w=0.030) ACC=98.669 F1=95.420 Rec=94.764 Prec=96.145
Train Client3 [82/100] LR=0.0000625 loss=0.048 (CE=0.020 VIR=0.009 wVIR=0.000 AUX=0.028 w=0.030) ACC=99.621 F1=99.431 Rec=99.412 Prec=99.467
Train Client4 [82/100] LR=0.0000625 loss=0.126 (CE=0.082 VIR=0.339 wVIR=0.010 AUX=0.033 w=0.030) ACC=96.951 F1=85.725 Rec=97.205 Prec=82.267
Train Client5 [82/100] LR=0.0000625 loss=0.021 (CE=0.017 VIR=0.008 wVIR=0.000 AUX=0.004 w=0.030) ACC=99.375 F1=89.655 Rec=94.576 Prec=87.237
Train Client6 [82/100] LR=0.0000625 loss=0.097 (CE=0.083 VIR=0.459 wVIR=0.014 AUX=0.000 w=0.030) ACC=98.333 F1=97.469 Rec=99.559 Prec=95.862
Train Client7 [82/100] LR=0.0000625 loss=0.055 (CE=0.034 VIR=0.199 wVIR=0.006 AUX=0.014 w=0.030) ACC=99.091 F1=97.495 Rec=97.717 Prec=97.279

Val    [82/100] LR=0.0000625 loss=1.706 ACC=97.371 F1=97.367 Rec=97.371 Prec=97.483
Val-Known->Virtual [82/100] rate=0.000% prob_mean=0.001972 margin_mean=0.977944
Val-LogitMargin [82/100] TrueKnown-VMax mean=8.3430 std=2.1047 p10=6.2301 p50=7.9014 p90=11.1925
Stage1Diag [82/100] FeatDim=256 IntraVar=0.313757 InterDist=1.187686 Compact=0.264175 CenterNorm=2.274069
Stage1Boundary [82/100] KnownTrue-Other mean=10.9246 std=6.8555 p10=3.0220 p50=11.1237 p90=19.5852 | BoundaryRate=20.000% count=350 thr=4.1470 hist=[0, 1, 135, 1, 213]

Test-  OSR [82/100] LR=0.0000625 ACC=61.429 F1=65.922 Rec=81.587 Prec=74.133 UNK=0.952 OS*=97.714 HOS=1.886 AUROC=89.576 AUPR=83.957 OSCR=88.533
Test-Close [82/100] LR=0.0000625 loss=1.692 ACC=97.714 F1=97.711 Rec=97.714 Prec=97.821
Test-Virtual [82/100] CloseK->V=0.000% Open->V=0.952% OpenVEntropy=0.581672 CloseHist=[0, 0, 0] OpenHist=[1, 8, 1]
Test-LogitMargin [82/100] CloseTrue-VMax mean=8.4137 std=2.1387 p10=6.2812 p50=7.9452 p90=11.3271 | OpenKnown-VMax mean=5.8268 std=2.6806 p10=1.8377 p50=6.5461 p90=8.8111
AnchorDiag [82/100] VNorm=[1.0000001192092896, 1.0, 0.9999999403953552] VDriftMax=0.000000 Vcos(max/mean)=(0.0000/-0.0000) KVcos(max/mean)=(0.0443/0.0110) ValK->V=0.00% CloseK->V=0.00% Open->V=0.95% OpenVEntropy=0.5817
Train Client0 [83/100] LR=0.0000625 loss=0.001 (CE=0.001 VIR=0.001 wVIR=0.000 AUX=0.000 w=0.030) ACC=100.000 F1=100.000 Rec=100.000 Prec=100.000
Train Client1 [83/100] LR=0.0000625 loss=0.071 (CE=0.037 VIR=0.018 wVIR=0.001 AUX=0.034 w=0.030) ACC=98.781 F1=97.508 Rec=96.881 Prec=98.199
Train Client2 [83/100] LR=0.0000625 loss=0.065 (CE=0.035 VIR=0.025 wVIR=0.001 AUX=0.029 w=0.030) ACC=98.432 F1=94.941 Rec=95.259 Prec=94.637
Train Client3 [83/100] LR=0.0000625 loss=0.033 (CE=0.020 VIR=0.004 wVIR=0.000 AUX=0.013 w=0.030) ACC=99.242 F1=98.871 Rec=98.856 Prec=98.901
Train Client4 [83/100] LR=0.0000625 loss=0.100 (CE=0.070 VIR=0.251 wVIR=0.008 AUX=0.023 w=0.030) ACC=97.637 F1=87.981 Rec=97.537 Prec=84.401
Train Client5 [83/100] LR=0.0000625 loss=0.023 (CE=0.015 VIR=0.008 wVIR=0.000 AUX=0.008 w=0.030) ACC=99.554 F1=90.721 Rec=94.700 Prec=88.496
Train Client6 [83/100] LR=0.0000625 loss=0.189 (CE=0.142 VIR=0.375 wVIR=0.011 AUX=0.036 w=0.030) ACC=96.667 F1=95.263 Rec=99.118 Prec=92.407
Train Client7 [83/100] LR=0.0000625 loss=0.068 (CE=0.039 VIR=0.296 wVIR=0.009 AUX=0.021 w=0.030) ACC=98.636 F1=96.835 Rec=97.714 Prec=96.025

Val    [83/100] LR=0.0000625 loss=1.707 ACC=97.314 F1=97.310 Rec=97.314 Prec=97.434
Val-Known->Virtual [83/100] rate=0.000% prob_mean=0.001761 margin_mean=0.977957
Val-LogitMargin [83/100] TrueKnown-VMax mean=8.5501 std=2.1346 p10=6.2739 p50=8.1460 p90=11.2996
Stage1Diag [83/100] FeatDim=256 IntraVar=0.316911 InterDist=1.203566 Compact=0.263310 CenterNorm=2.277007
Stage1Boundary [83/100] KnownTrue-Other mean=11.2649 std=6.8922 p10=2.9861 p50=11.7640 p90=19.9859 | BoundaryRate=20.000% count=350 thr=4.1946 hist=[0, 1, 136, 0, 213]

Test-  OSR [83/100] LR=0.0000625 ACC=61.607 F1=66.141 Rec=81.698 Prec=74.247 UNK=1.333 OS*=97.771 HOS=2.631 AUROC=89.646 AUPR=83.949 OSCR=88.578
Test-Close [83/100] LR=0.0000625 loss=1.694 ACC=97.771 F1=97.768 Rec=97.771 Prec=97.871
Test-Virtual [83/100] CloseK->V=0.000% Open->V=1.333% OpenVEntropy=0.373304 CloseHist=[0, 0, 0] OpenHist=[0, 12, 2]
Test-LogitMargin [83/100] CloseTrue-VMax mean=8.6272 std=2.1781 p10=6.4284 p50=8.1999 p90=11.6818 | OpenKnown-VMax mean=5.8771 std=2.7211 p10=1.8947 p50=6.5420 p90=8.9388
AnchorDiag [83/100] VNorm=[1.0000001192092896, 1.0, 0.9999999403953552] VDriftMax=0.000000 Vcos(max/mean)=(0.0000/-0.0000) KVcos(max/mean)=(0.0444/0.0111) ValK->V=0.00% CloseK->V=0.00% Open->V=1.33% OpenVEntropy=0.3733
Train Client0 [84/100] LR=0.0000625 loss=0.010 (CE=0.009 VIR=0.032 wVIR=0.001 AUX=0.000 w=0.030) ACC=99.892 F1=79.946 Rec=79.958 Prec=79.935
Train Client1 [84/100] LR=0.0000625 loss=0.075 (CE=0.039 VIR=0.024 wVIR=0.001 AUX=0.036 w=0.030) ACC=98.538 F1=97.231 Rec=96.926 Prec=97.571
Train Client2 [84/100] LR=0.0000625 loss=0.067 (CE=0.039 VIR=0.024 wVIR=0.001 AUX=0.026 w=0.030) ACC=98.146 F1=94.233 Rec=95.325 Prec=93.265
Train Client3 [84/100] LR=0.0000625 loss=0.043 (CE=0.024 VIR=0.004 wVIR=0.000 AUX=0.019 w=0.030) ACC=99.242 F1=98.853 Rec=98.831 Prec=98.892
Train Client4 [84/100] LR=0.0000625 loss=0.100 (CE=0.062 VIR=0.147 wVIR=0.004 AUX=0.033 w=0.030) ACC=97.713 F1=88.880 Rec=97.128 Prec=85.363
Train Client5 [84/100] LR=0.0000625 loss=0.025 (CE=0.019 VIR=0.012 wVIR=0.000 AUX=0.005 w=0.030) ACC=99.375 F1=90.542 Rec=94.590 Prec=88.248
Train Client6 [84/100] LR=0.0000625 loss=0.112 (CE=0.092 VIR=0.648 wVIR=0.019 AUX=0.000 w=0.030) ACC=97.500 F1=94.936 Rec=99.338 Prec=91.436
Train Client7 [84/100] LR=0.0000625 loss=0.072 (CE=0.040 VIR=0.400 wVIR=0.012 AUX=0.020 w=0.030) ACC=98.788 F1=97.244 Rec=97.931 Prec=96.607

Val    [84/100] LR=0.0000625 loss=1.709 ACC=97.429 F1=97.422 Rec=97.429 Prec=97.605
Val-Known->Virtual [84/100] rate=0.000% prob_mean=0.002219 margin_mean=0.973397
Val-LogitMargin [84/100] TrueKnown-VMax mean=8.2214 std=2.0456 p10=6.0828 p50=7.8345 p90=10.8356
Stage1Diag [84/100] FeatDim=256 IntraVar=0.303558 InterDist=1.172019 Compact=0.259004 CenterNorm=2.258810
Stage1Boundary [84/100] KnownTrue-Other mean=10.5636 std=6.7542 p10=2.7671 p50=11.3183 p90=18.9145 | BoundaryRate=20.000% count=350 thr=3.7242 hist=[0, 1, 155, 0, 194]

Test-  OSR [84/100] LR=0.0000625 ACC=61.643 F1=66.450 Rec=81.651 Prec=74.678 UNK=1.619 OS*=97.657 HOS=3.185 AUROC=90.574 AUPR=84.989 OSCR=89.393
Test-Close [84/100] LR=0.0000625 loss=1.697 ACC=97.657 F1=97.653 Rec=97.657 Prec=97.788
Test-Virtual [84/100] CloseK->V=0.000% Open->V=1.619% OpenVEntropy=0.617059 CloseHist=[0, 0, 0] OpenHist=[1, 13, 3]
Test-LogitMargin [84/100] CloseTrue-VMax mean=8.2943 std=2.1092 p10=6.1657 p50=7.8333 p90=11.2255 | OpenKnown-VMax mean=5.6160 std=2.6855 p10=1.5746 p50=6.4198 p90=8.5530
AnchorDiag [84/100] VNorm=[1.0000001192092896, 1.0, 0.9999999403953552] VDriftMax=0.000000 Vcos(max/mean)=(0.0000/-0.0000) KVcos(max/mean)=(0.0445/0.0111) ValK->V=0.00% CloseK->V=0.00% Open->V=1.62% OpenVEntropy=0.6171
Saving best model . . . . . . . .

Train Client0 [85/100] LR=0.0000625 loss=0.003 (CE=0.002 VIR=0.001 wVIR=0.000 AUX=0.001 w=0.030) ACC=99.892 F1=99.835 Rec=99.843 Prec=99.828
Train Client1 [85/100] LR=0.0000625 loss=0.068 (CE=0.036 VIR=0.035 wVIR=0.001 AUX=0.031 w=0.030) ACC=98.851 F1=97.994 Rec=97.743 Prec=98.269
Train Client2 [85/100] LR=0.0000625 loss=0.066 (CE=0.035 VIR=0.023 wVIR=0.001 AUX=0.030 w=0.030) ACC=98.764 F1=95.870 Rec=95.645 Prec=96.103
Train Client3 [85/100] LR=0.0000625 loss=0.055 (CE=0.033 VIR=0.005 wVIR=0.000 AUX=0.022 w=0.030) ACC=98.864 F1=98.284 Rec=98.277 Prec=98.307
Train Client4 [85/100] LR=0.0000625 loss=0.123 (CE=0.078 VIR=0.338 wVIR=0.010 AUX=0.035 w=0.030) ACC=97.332 F1=86.559 Rec=97.663 Prec=83.147
Train Client5 [85/100] LR=0.0000625 loss=0.028 (CE=0.018 VIR=0.050 wVIR=0.001 AUX=0.008 w=0.030) ACC=99.286 F1=91.763 Rec=99.338 Prec=88.466
Train Client6 [85/100] LR=0.0000625 loss=0.143 (CE=0.127 VIR=0.558 wVIR=0.017 AUX=0.000 w=0.030) ACC=97.778 F1=96.779 Rec=99.412 Prec=94.743
Train Client7 [85/100] LR=0.0000625 loss=0.060 (CE=0.032 VIR=0.283 wVIR=0.008 AUX=0.019 w=0.030) ACC=98.788 F1=96.980 Rec=97.362 Prec=96.661

Val    [85/100] LR=0.0000625 loss=1.710 ACC=97.257 F1=97.250 Rec=97.257 Prec=97.442
Val-Known->Virtual [85/100] rate=0.000% prob_mean=0.002398 margin_mean=0.974625
Val-LogitMargin [85/100] TrueKnown-VMax mean=8.2735 std=2.2004 p10=6.0728 p50=7.8247 p90=11.1753
Stage1Diag [85/100] FeatDim=256 IntraVar=0.313435 InterDist=1.186980 Compact=0.264061 CenterNorm=2.270850
Stage1Boundary [85/100] KnownTrue-Other mean=10.9689 std=7.0929 p10=2.9437 p50=11.4335 p90=19.6690 | BoundaryRate=20.000% count=350 thr=3.9888 hist=[0, 2, 157, 1, 190]

Test-  OSR [85/100] LR=0.0000625 ACC=61.714 F1=66.573 Rec=81.778 Prec=74.876 UNK=1.524 OS*=97.829 HOS=3.001 AUROC=90.583 AUPR=85.000 OSCR=89.468
Test-Close [85/100] LR=0.0000625 loss=1.696 ACC=97.829 F1=97.825 Rec=97.829 Prec=97.962
Test-Virtual [85/100] CloseK->V=0.000% Open->V=1.524% OpenVEntropy=0.819448 CloseHist=[0, 0, 0] OpenHist=[2, 10, 4]
Test-LogitMargin [85/100] CloseTrue-VMax mean=8.3656 std=2.2611 p10=6.1308 p50=7.8434 p90=11.5450 | OpenKnown-VMax mean=5.5544 std=2.6201 p10=1.6489 p50=6.2801 p90=8.4475
AnchorDiag [85/100] VNorm=[1.0000001192092896, 1.0, 0.9999999403953552] VDriftMax=0.000000 Vcos(max/mean)=(0.0000/-0.0000) KVcos(max/mean)=(0.0444/0.0111) ValK->V=0.00% CloseK->V=0.00% Open->V=1.52% OpenVEntropy=0.8194
Saving best model . . . . . . . .

Saving model at epoch 85 . . . . . . . .

Train Client0 [86/100] LR=0.0000625 loss=0.001 (CE=0.001 VIR=0.002 wVIR=0.000 AUX=0.000 w=0.030) ACC=100.000 F1=100.000 Rec=100.000 Prec=100.000
Train Client1 [86/100] LR=0.0000625 loss=0.069 (CE=0.036 VIR=0.025 wVIR=0.001 AUX=0.033 w=0.030) ACC=98.886 F1=97.933 Rec=97.715 Prec=98.172
Train Client2 [86/100] LR=0.0000625 loss=0.066 (CE=0.035 VIR=0.024 wVIR=0.001 AUX=0.030 w=0.030) ACC=98.622 F1=95.470 Rec=95.567 Prec=95.375
Train Client3 [86/100] LR=0.0000625 loss=0.049 (CE=0.030 VIR=0.008 wVIR=0.000 AUX=0.018 w=0.030) ACC=99.432 F1=99.147 Rec=99.138 Prec=99.161
Train Client4 [86/100] LR=0.0000625 loss=0.105 (CE=0.071 VIR=0.270 wVIR=0.008 AUX=0.026 w=0.030) ACC=97.409 F1=86.590 Rec=97.944 Prec=83.225
Train Client5 [86/100] LR=0.0000625 loss=0.017 (CE=0.015 VIR=0.002 wVIR=0.000 AUX=0.002 w=0.030) ACC=99.554 F1=90.720 Rec=94.699 Prec=88.495
Train Client6 [86/100] LR=0.0000625 loss=0.077 (CE=0.059 VIR=0.472 wVIR=0.014 AUX=0.004 w=0.030) ACC=98.056 F1=97.068 Rec=98.724 Prec=95.639
Train Client7 [86/100] LR=0.0000625 loss=0.043 (CE=0.025 VIR=0.217 wVIR=0.007 AUX=0.011 w=0.030) ACC=99.242 F1=98.427 Rec=99.326 Prec=97.597

Val    [86/100] LR=0.0000625 loss=1.708 ACC=97.257 F1=97.250 Rec=97.257 Prec=97.442
Val-Known->Virtual [86/100] rate=0.000% prob_mean=0.002223 margin_mean=0.975941
Val-LogitMargin [86/100] TrueKnown-VMax mean=8.3263 std=2.1672 p10=6.1073 p50=7.9140 p90=11.1558
Stage1Diag [86/100] FeatDim=256 IntraVar=0.302415 InterDist=1.160440 Compact=0.260604 CenterNorm=2.257683
Stage1Boundary [86/100] KnownTrue-Other mean=10.8665 std=6.8096 p10=2.9509 p50=11.2583 p90=19.1730 | BoundaryRate=20.000% count=350 thr=4.0766 hist=[0, 3, 141, 0, 206]

Test-  OSR [86/100] LR=0.0000625 ACC=61.536 F1=66.321 Rec=81.635 Prec=74.628 UNK=1.238 OS*=97.714 HOS=2.445 AUROC=90.008 AUPR=84.754 OSCR=88.882
Test-Close [86/100] LR=0.0000625 loss=1.695 ACC=97.714 F1=97.711 Rec=97.714 Prec=97.829
Test-Virtual [86/100] CloseK->V=0.000% Open->V=1.238% OpenVEntropy=0.390787 CloseHist=[0, 0, 0] OpenHist=[0, 11, 2]
Test-LogitMargin [86/100] CloseTrue-VMax mean=8.4132 std=2.2146 p10=6.2165 p50=7.9363 p90=11.4106 | OpenKnown-VMax mean=5.6066 std=2.6502 p10=1.6907 p50=6.3169 p90=8.5767
AnchorDiag [86/100] VNorm=[1.0000001192092896, 1.0, 0.9999999403953552] VDriftMax=0.000000 Vcos(max/mean)=(0.0000/-0.0000) KVcos(max/mean)=(0.0444/0.0111) ValK->V=0.00% CloseK->V=0.00% Open->V=1.24% OpenVEntropy=0.3908
Train Client0 [87/100] LR=0.0000625 loss=0.002 (CE=0.002 VIR=0.019 wVIR=0.001 AUX=0.000 w=0.030) ACC=100.000 F1=100.000 Rec=100.000 Prec=100.000
Train Client1 [87/100] LR=0.0000625 loss=0.084 (CE=0.044 VIR=0.049 wVIR=0.001 AUX=0.039 w=0.030) ACC=98.781 F1=97.510 Rec=97.337 Prec=97.763
Train Client2 [87/100] LR=0.0000625 loss=0.071 (CE=0.039 VIR=0.025 wVIR=0.001 AUX=0.031 w=0.030) ACC=98.432 F1=94.869 Rec=94.975 Prec=94.765
Train Client3 [87/100] LR=0.0000625 loss=0.056 (CE=0.035 VIR=0.017 wVIR=0.001 AUX=0.020 w=0.030) ACC=98.674 F1=96.691 Rec=98.162 Prec=95.456
Train Client4 [87/100] LR=0.0000625 loss=0.104 (CE=0.068 VIR=0.238 wVIR=0.007 AUX=0.029 w=0.030) ACC=97.561 F1=88.402 Rec=97.600 Prec=84.471
Train Client5 [87/100] LR=0.0000625 loss=0.018 (CE=0.013 VIR=0.012 wVIR=0.000 AUX=0.005 w=0.030) ACC=99.643 F1=93.102 Rec=94.801 Prec=91.738
Train Client6 [87/100] LR=0.0000625 loss=0.102 (CE=0.080 VIR=0.540 wVIR=0.016 AUX=0.006 w=0.030) ACC=96.944 F1=95.728 Rec=98.429 Prec=93.863
Train Client7 [87/100] LR=0.0000625 loss=0.058 (CE=0.025 VIR=0.263 wVIR=0.008 AUX=0.025 w=0.030) ACC=99.015 F1=97.664 Rec=98.174 Prec=97.208

Val    [87/100] LR=0.0000625 loss=1.713 ACC=97.029 F1=97.020 Rec=97.029 Prec=97.232
Val-Known->Virtual [87/100] rate=0.000% prob_mean=0.002555 margin_mean=0.976189
Val-LogitMargin [87/100] TrueKnown-VMax mean=8.1589 std=2.1165 p10=5.9623 p50=7.7748 p90=10.9043
Stage1Diag [87/100] FeatDim=256 IntraVar=0.307433 InterDist=1.159061 Compact=0.265243 CenterNorm=2.254379
Stage1Boundary [87/100] KnownTrue-Other mean=10.7103 std=6.5774 p10=3.0221 p50=11.1188 p90=18.8720 | BoundaryRate=20.000% count=350 thr=4.1121 hist=[0, 3, 140, 1, 206]

Test-  OSR [87/100] LR=0.0000625 ACC=61.464 F1=66.261 Rec=81.571 Prec=74.647 UNK=1.143 OS*=97.657 HOS=2.259 AUROC=89.543 AUPR=83.923 OSCR=88.408
Test-Close [87/100] LR=0.0000625 loss=1.698 ACC=97.657 F1=97.653 Rec=97.657 Prec=97.798
Test-Virtual [87/100] CloseK->V=0.000% Open->V=1.143% OpenVEntropy=0.261089 CloseHist=[0, 0, 0] OpenHist=[0, 11, 1]
Test-LogitMargin [87/100] CloseTrue-VMax mean=8.2440 std=2.1695 p10=6.0366 p50=7.8229 p90=11.2046 | OpenKnown-VMax mean=5.5901 std=2.5585 p10=1.8477 p50=6.1992 p90=8.5168
AnchorDiag [87/100] VNorm=[1.0000001192092896, 1.0, 0.9999999403953552] VDriftMax=0.000000 Vcos(max/mean)=(0.0000/-0.0000) KVcos(max/mean)=(0.0445/0.0111) ValK->V=0.00% CloseK->V=0.00% Open->V=1.14% OpenVEntropy=0.2611
Train Client0 [88/100] LR=0.0000625 loss=0.014 (CE=0.010 VIR=0.030 wVIR=0.001 AUX=0.004 w=0.030) ACC=99.677 F1=79.818 Rec=79.825 Prec=79.812
Train Client1 [88/100] LR=0.0000625 loss=0.060 (CE=0.030 VIR=0.010 wVIR=0.000 AUX=0.030 w=0.030) ACC=99.025 F1=98.141 Rec=97.713 Prec=98.634
Train Client2 [88/100] LR=0.0000625 loss=0.072 (CE=0.040 VIR=0.021 wVIR=0.001 AUX=0.031 w=0.030) ACC=98.384 F1=94.823 Rec=95.244 Prec=94.427
Train Client3 [88/100] LR=0.0000625 loss=0.051 (CE=0.027 VIR=0.013 wVIR=0.000 AUX=0.024 w=0.030) ACC=99.621 F1=99.428 Rec=99.412 Prec=99.459
Train Client4 [88/100] LR=0.0000625 loss=0.102 (CE=0.058 VIR=0.308 wVIR=0.009 AUX=0.034 w=0.030) ACC=97.790 F1=89.041 Rec=97.366 Prec=85.456
Train Client5 [88/100] LR=0.0000625 loss=0.017 (CE=0.014 VIR=0.004 wVIR=0.000 AUX=0.002 w=0.030) ACC=99.643 F1=89.850 Rec=89.850 Prec=89.850
Train Client6 [88/100] LR=0.0000625 loss=0.082 (CE=0.068 VIR=0.417 wVIR=0.013 AUX=0.001 w=0.030) ACC=98.611 F1=97.320 Rec=97.962 Prec=96.729
Train Client7 [88/100] LR=0.0000625 loss=0.065 (CE=0.038 VIR=0.201 wVIR=0.006 AUX=0.020 w=0.030) ACC=98.561 F1=96.261 Rec=96.599 Prec=95.972

Val    [88/100] LR=0.0000625 loss=1.701 ACC=97.486 F1=97.485 Rec=97.486 Prec=97.500
Val-Known->Virtual [88/100] rate=0.000% prob_mean=0.002243 margin_mean=0.975580
Val-LogitMargin [88/100] TrueKnown-VMax mean=8.3200 std=2.1541 p10=6.0605 p50=7.8419 p90=11.2619
Stage1Diag [88/100] FeatDim=256 IntraVar=0.310104 InterDist=1.184407 Compact=0.261822 CenterNorm=2.262485
Stage1Boundary [88/100] KnownTrue-Other mean=10.8846 std=6.6799 p10=2.7820 p50=11.3589 p90=19.1646 | BoundaryRate=20.000% count=350 thr=3.8371 hist=[0, 1, 101, 0, 248]

Test-  OSR [88/100] LR=0.0000625 ACC=61.536 F1=66.641 Rec=81.794 Prec=75.428 UNK=0.762 OS*=98.000 HOS=1.512 AUROC=87.742 AUPR=81.531 OSCR=86.896
Test-Close [88/100] LR=0.0000625 loss=1.687 ACC=98.000 F1=97.999 Rec=98.000 Prec=98.029
Test-Virtual [88/100] CloseK->V=0.000% Open->V=0.762% OpenVEntropy=0.342951 CloseHist=[0, 0, 0] OpenHist=[0, 7, 1]
Test-LogitMargin [88/100] CloseTrue-VMax mean=8.4076 std=2.2069 p10=6.1118 p50=7.9686 p90=11.4778 | OpenKnown-VMax mean=5.7852 std=2.6866 p10=1.8731 p50=6.3720 p90=8.8747
AnchorDiag [88/100] VNorm=[1.0000001192092896, 1.0, 0.9999999403953552] VDriftMax=0.000000 Vcos(max/mean)=(0.0000/-0.0000) KVcos(max/mean)=(0.0447/0.0111) ValK->V=0.00% CloseK->V=0.00% Open->V=0.76% OpenVEntropy=0.3430
Train Client0 [89/100] LR=0.0000625 loss=0.004 (CE=0.003 VIR=0.017 wVIR=0.001 AUX=0.000 w=0.030) ACC=99.892 F1=79.947 Rec=79.957 Prec=79.937
Train Client1 [89/100] LR=0.0000625 loss=0.084 (CE=0.042 VIR=0.032 wVIR=0.001 AUX=0.041 w=0.030) ACC=98.642 F1=97.399 Rec=96.959 Prec=97.910
Train Client2 [89/100] LR=0.0000625 loss=0.078 (CE=0.043 VIR=0.017 wVIR=0.001 AUX=0.035 w=0.030) ACC=98.146 F1=94.038 Rec=94.507 Prec=93.594
Train Client3 [89/100] LR=0.0000625 loss=0.038 (CE=0.018 VIR=0.004 wVIR=0.000 AUX=0.019 w=0.030) ACC=99.621 F1=99.436 Rec=99.420 Prec=99.467
Train Client4 [89/100] LR=0.0000625 loss=0.089 (CE=0.056 VIR=0.197 wVIR=0.006 AUX=0.027 w=0.030) ACC=98.247 F1=90.626 Rec=98.190 Prec=86.922
Train Client5 [89/100] LR=0.0000625 loss=0.015 (CE=0.014 VIR=0.004 wVIR=0.000 AUX=0.001 w=0.030) ACC=99.643 F1=93.101 Rec=94.800 Prec=91.737
Train Client6 [89/100] LR=0.0000625 loss=0.133 (CE=0.099 VIR=0.463 wVIR=0.014 AUX=0.021 w=0.030) ACC=98.056 F1=97.042 Rec=97.964 Prec=96.186
Train Client7 [89/100] LR=0.0000625 loss=0.067 (CE=0.042 VIR=0.233 wVIR=0.007 AUX=0.018 w=0.030) ACC=98.636 F1=96.551 Rec=97.569 Prec=95.601

Val    [89/100] LR=0.0000625 loss=1.709 ACC=96.971 F1=96.963 Rec=96.971 Prec=97.163
Val-Known->Virtual [89/100] rate=0.000% prob_mean=0.002434 margin_mean=0.973398
Val-LogitMargin [89/100] TrueKnown-VMax mean=8.2382 std=2.1712 p10=5.9733 p50=7.8104 p90=11.0666
Stage1Diag [89/100] FeatDim=256 IntraVar=0.309690 InterDist=1.185556 Compact=0.261219 CenterNorm=2.278624
Stage1Boundary [89/100] KnownTrue-Other mean=10.7635 std=6.9036 p10=2.7912 p50=11.1975 p90=19.4808 | BoundaryRate=20.000% count=350 thr=3.7753 hist=[0, 1, 139, 0, 210]

Test-  OSR [89/100] LR=0.0000625 ACC=61.393 F1=66.008 Rec=81.603 Prec=74.334 UNK=0.762 OS*=97.771 HOS=1.512 AUROC=90.190 AUPR=84.129 OSCR=89.101
Test-Close [89/100] LR=0.0000625 loss=1.695 ACC=97.771 F1=97.767 Rec=97.771 Prec=97.922
Test-Virtual [89/100] CloseK->V=0.000% Open->V=0.762% OpenVEntropy=0.511860 CloseHist=[0, 0, 0] OpenHist=[0, 6, 2]
Test-LogitMargin [89/100] CloseTrue-VMax mean=8.3133 std=2.2033 p10=6.0630 p50=7.8454 p90=11.3270 | OpenKnown-VMax mean=5.5490 std=2.5264 p10=1.7949 p50=6.2217 p90=8.3423
AnchorDiag [89/100] VNorm=[1.0000001192092896, 1.0, 0.9999999403953552] VDriftMax=0.000000 Vcos(max/mean)=(0.0000/-0.0000) KVcos(max/mean)=(0.0449/0.0112) ValK->V=0.00% CloseK->V=0.00% Open->V=0.76% OpenVEntropy=0.5119
Train Client0 [90/100] LR=0.0000625 loss=0.002 (CE=0.001 VIR=0.014 wVIR=0.000 AUX=0.000 w=0.030) ACC=100.000 F1=100.000 Rec=100.000 Prec=100.000
Train Client1 [90/100] LR=0.0000625 loss=0.072 (CE=0.037 VIR=0.018 wVIR=0.001 AUX=0.034 w=0.030) ACC=98.677 F1=97.292 Rec=96.753 Prec=97.867
Train Client2 [90/100] LR=0.0000625 loss=0.081 (CE=0.045 VIR=0.024 wVIR=0.001 AUX=0.035 w=0.030) ACC=98.337 F1=94.605 Rec=94.912 Prec=94.307
Train Client3 [90/100] LR=0.0000625 loss=0.058 (CE=0.036 VIR=0.003 wVIR=0.000 AUX=0.021 w=0.030) ACC=99.242 F1=98.864 Rec=98.853 Prec=98.891
Train Client4 [90/100] LR=0.0000625 loss=0.104 (CE=0.066 VIR=0.253 wVIR=0.008 AUX=0.030 w=0.030) ACC=97.866 F1=90.258 Rec=97.129 Prec=86.741
Train Client5 [90/100] LR=0.0000625 loss=0.018 (CE=0.015 VIR=0.011 wVIR=0.000 AUX=0.003 w=0.030) ACC=99.643 F1=91.848 Rec=94.773 Prec=89.924
Train Client6 [90/100] LR=0.0000625 loss=0.052 (CE=0.043 VIR=0.316 wVIR=0.009 AUX=0.000 w=0.030) ACC=99.167 F1=97.271 Rec=99.780 Prec=95.128
Train Client7 [90/100] LR=0.0000625 loss=0.045 (CE=0.024 VIR=0.121 wVIR=0.004 AUX=0.017 w=0.030) ACC=99.242 F1=97.943 Rec=98.164 Prec=97.727

Val    [90/100] LR=0.0000625 loss=1.718 ACC=96.971 F1=96.958 Rec=96.971 Prec=97.283
Val-Known->Virtual [90/100] rate=0.000% prob_mean=0.002239 margin_mean=0.974647
Val-LogitMargin [90/100] TrueKnown-VMax mean=8.3374 std=2.1600 p10=6.0701 p50=7.9630 p90=11.2370
Stage1Diag [90/100] FeatDim=256 IntraVar=0.308852 InterDist=1.176797 Compact=0.262451 CenterNorm=2.266855
Stage1Boundary [90/100] KnownTrue-Other mean=11.0242 std=6.9558 p10=2.8909 p50=11.9310 p90=19.7622 | BoundaryRate=20.000% count=350 thr=3.8910 hist=[0, 0, 153, 1, 196]

Test-  OSR [90/100] LR=0.0000625 ACC=61.214 F1=65.727 Rec=81.333 Prec=73.983 UNK=0.857 OS*=97.429 HOS=1.699 AUROC=90.125 AUPR=83.285 OSCR=88.931
Test-Close [90/100] LR=0.0000625 loss=1.702 ACC=97.429 F1=97.420 Rec=97.429 Prec=97.660
Test-Virtual [90/100] CloseK->V=0.000% Open->V=0.857% OpenVEntropy=0.482159 CloseHist=[0, 0, 0] OpenHist=[0, 7, 2]
Test-LogitMargin [90/100] CloseTrue-VMax mean=8.4210 std=2.1963 p10=6.2083 p50=7.9443 p90=11.4850 | OpenKnown-VMax mean=5.6217 std=2.4530 p10=1.9916 p50=6.3022 p90=8.3062
AnchorDiag [90/100] VNorm=[1.0000001192092896, 1.0, 0.9999999403953552] VDriftMax=0.000000 Vcos(max/mean)=(0.0000/-0.0000) KVcos(max/mean)=(0.0450/0.0113) ValK->V=0.00% CloseK->V=0.00% Open->V=0.86% OpenVEntropy=0.4822
Saving model at epoch 90 . . . . . . . .

Train Client0 [91/100] LR=0.0000625 loss=0.005 (CE=0.003 VIR=0.003 wVIR=0.000 AUX=0.002 w=0.030) ACC=99.892 F1=99.835 Rec=99.835 Prec=99.835
Train Client1 [91/100] LR=0.0000625 loss=0.084 (CE=0.044 VIR=0.026 wVIR=0.001 AUX=0.039 w=0.030) ACC=98.747 F1=97.627 Rec=97.315 Prec=97.975
Train Client2 [91/100] LR=0.0000625 loss=0.076 (CE=0.041 VIR=0.032 wVIR=0.001 AUX=0.034 w=0.030) ACC=98.241 F1=94.296 Rec=94.598 Prec=94.003
Train Client3 [91/100] LR=0.0000625 loss=0.050 (CE=0.029 VIR=0.006 wVIR=0.000 AUX=0.021 w=0.030) ACC=99.432 F1=99.154 Rec=99.146 Prec=99.165
Train Client4 [91/100] LR=0.0000625 loss=0.086 (CE=0.052 VIR=0.250 wVIR=0.008 AUX=0.026 w=0.030) ACC=98.095 F1=91.653 Rec=97.412 Prec=88.265
Train Client5 [91/100] LR=0.0000625 loss=0.016 (CE=0.013 VIR=0.004 wVIR=0.000 AUX=0.003 w=0.030) ACC=99.732 F1=93.220 Rec=94.849 Prec=91.924
Train Client6 [91/100] LR=0.0000625 loss=0.137 (CE=0.072 VIR=0.449 wVIR=0.013 AUX=0.052 w=0.030) ACC=97.778 F1=94.638 Rec=98.020 Prec=92.078
Train Client7 [91/100] LR=0.0000625 loss=0.060 (CE=0.035 VIR=0.260 wVIR=0.008 AUX=0.018 w=0.030) ACC=98.864 F1=97.329 Rec=98.080 Prec=96.644

Val    [91/100] LR=0.0000625 loss=1.707 ACC=97.371 F1=97.368 Rec=97.371 Prec=97.468
Val-Known->Virtual [91/100] rate=0.000% prob_mean=0.002400 margin_mean=0.976542
Val-LogitMargin [91/100] TrueKnown-VMax mean=8.4245 std=2.2823 p10=6.0168 p50=8.0857 p90=11.4201
Stage1Diag [91/100] FeatDim=256 IntraVar=0.317387 InterDist=1.180236 Compact=0.268918 CenterNorm=2.277721
Stage1Boundary [91/100] KnownTrue-Other mean=11.4140 std=6.9674 p10=3.0409 p50=11.9190 p90=20.2620 | BoundaryRate=20.000% count=350 thr=4.1830 hist=[0, 0, 133, 1, 216]

Test-  OSR [91/100] LR=0.0000625 ACC=61.571 F1=66.079 Rec=81.778 Prec=74.316 UNK=0.952 OS*=97.943 HOS=1.886 AUROC=89.029 AUPR=81.993 OSCR=88.137
Test-Close [91/100] LR=0.0000625 loss=1.690 ACC=97.943 F1=97.939 Rec=97.943 Prec=98.076
Test-Virtual [91/100] CloseK->V=0.000% Open->V=0.952% OpenVEntropy=0.556033 CloseHist=[0, 0, 0] OpenHist=[0, 7, 3]
Test-LogitMargin [91/100] CloseTrue-VMax mean=8.5039 std=2.3004 p10=6.2098 p50=8.0524 p90=11.6380 | OpenKnown-VMax mean=5.5437 std=2.3674 p10=2.1081 p50=5.9609 p90=8.2161
AnchorDiag [91/100] VNorm=[1.0000001192092896, 1.0, 0.9999999403953552] VDriftMax=0.000000 Vcos(max/mean)=(0.0000/-0.0000) KVcos(max/mean)=(0.0451/0.0114) ValK->V=0.00% CloseK->V=0.00% Open->V=0.95% OpenVEntropy=0.5560
Train Client0 [92/100] LR=0.0000625 loss=0.003 (CE=0.002 VIR=0.001 wVIR=0.000 AUX=0.001 w=0.030) ACC=99.946 F1=79.989 Rec=79.979 Prec=80.000
Train Client1 [92/100] LR=0.0000625 loss=0.064 (CE=0.033 VIR=0.031 wVIR=0.001 AUX=0.030 w=0.030) ACC=99.025 F1=98.153 Rec=97.883 Prec=98.448
Train Client2 [92/100] LR=0.0000625 loss=0.066 (CE=0.035 VIR=0.018 wVIR=0.001 AUX=0.030 w=0.030) ACC=98.337 F1=94.559 Rec=94.662 Prec=94.457
Train Client3 [92/100] LR=0.0000625 loss=0.036 (CE=0.025 VIR=0.012 wVIR=0.000 AUX=0.011 w=0.030) ACC=99.242 F1=98.846 Rec=98.846 Prec=98.846
Train Client4 [92/100] LR=0.0000625 loss=0.088 (CE=0.056 VIR=0.229 wVIR=0.007 AUX=0.025 w=0.030) ACC=98.018 F1=88.955 Rec=98.166 Prec=85.330
Train Client5 [92/100] LR=0.0000625 loss=0.025 (CE=0.015 VIR=0.010 wVIR=0.000 AUX=0.010 w=0.030) ACC=99.643 F1=91.849 Rec=94.774 Prec=89.924
Train Client6 [92/100] LR=0.0000625 loss=0.084 (CE=0.073 VIR=0.353 wVIR=0.011 AUX=0.000 w=0.030) ACC=98.889 F1=97.950 Rec=98.945 Prec=97.021
Train Client7 [92/100] LR=0.0000625 loss=0.054 (CE=0.029 VIR=0.314 wVIR=0.009 AUX=0.015 w=0.030) ACC=99.091 F1=97.655 Rec=97.548 Prec=97.842

Val    [92/100] LR=0.0000625 loss=1.708 ACC=97.314 F1=97.310 Rec=97.314 Prec=97.418
Val-Known->Virtual [92/100] rate=0.000% prob_mean=0.001827 margin_mean=0.978348
Val-LogitMargin [92/100] TrueKnown-VMax mean=8.5981 std=2.2539 p10=6.2320 p50=8.2255 p90=11.5424
Stage1Diag [92/100] FeatDim=256 IntraVar=0.313829 InterDist=1.198573 Compact=0.261836 CenterNorm=2.270759
Stage1Boundary [92/100] KnownTrue-Other mean=11.3060 std=6.8138 p10=3.0836 p50=11.8811 p90=19.8901 | BoundaryRate=20.000% count=350 thr=4.2131 hist=[0, 0, 123, 1, 226]

Test-  OSR [92/100] LR=0.0000625 ACC=61.500 F1=66.083 Rec=81.714 Prec=74.401 UNK=0.857 OS*=97.886 HOS=1.699 AUROC=89.459 AUPR=83.161 OSCR=88.504
Test-Close [92/100] LR=0.0000625 loss=1.691 ACC=97.886 F1=97.882 Rec=97.886 Prec=98.001
Test-Virtual [92/100] CloseK->V=0.000% Open->V=0.857% OpenVEntropy=-0.000000 CloseHist=[0, 0, 0] OpenHist=[0, 9, 0]
Test-LogitMargin [92/100] CloseTrue-VMax mean=8.6841 std=2.2816 p10=6.3951 p50=8.2505 p90=11.8435 | OpenKnown-VMax mean=5.7831 std=2.5008 p10=2.1011 p50=6.3387 p90=8.5568
AnchorDiag [92/100] VNorm=[1.0000001192092896, 1.0, 0.9999999403953552] VDriftMax=0.000000 Vcos(max/mean)=(0.0000/-0.0000) KVcos(max/mean)=(0.0450/0.0114) ValK->V=0.00% CloseK->V=0.00% Open->V=0.86% OpenVEntropy=-0.0000
Train Client0 [93/100] LR=0.0000625 loss=0.009 (CE=0.006 VIR=0.041 wVIR=0.001 AUX=0.002 w=0.030) ACC=99.946 F1=99.917 Rec=99.913 Prec=99.921
Train Client1 [93/100] LR=0.0000625 loss=0.084 (CE=0.042 VIR=0.013 wVIR=0.000 AUX=0.041 w=0.030) ACC=98.468 F1=97.110 Rec=96.701 Prec=97.591
Train Client2 [93/100] LR=0.0000625 loss=0.068 (CE=0.038 VIR=0.020 wVIR=0.001 AUX=0.030 w=0.030) ACC=98.479 F1=95.071 Rec=95.461 Prec=94.697
Train Client3 [93/100] LR=0.0000625 loss=0.046 (CE=0.020 VIR=0.005 wVIR=0.000 AUX=0.026 w=0.030) ACC=99.242 F1=97.551 Rec=99.033 Prec=96.293
Train Client4 [93/100] LR=0.0000625 loss=0.083 (CE=0.050 VIR=0.247 wVIR=0.007 AUX=0.026 w=0.030) ACC=98.323 F1=90.766 Rec=98.256 Prec=87.123
Train Client5 [93/100] LR=0.0000625 loss=0.015 (CE=0.012 VIR=0.003 wVIR=0.000 AUX=0.003 w=0.030) ACC=99.732 F1=93.221 Rec=94.850 Prec=91.925
Train Client6 [93/100] LR=0.0000625 loss=0.088 (CE=0.076 VIR=0.383 wVIR=0.011 AUX=0.000 w=0.030) ACC=98.056 F1=97.068 Rec=98.724 Prec=95.639
Train Client7 [93/100] LR=0.0000625 loss=0.067 (CE=0.031 VIR=0.227 wVIR=0.007 AUX=0.029 w=0.030) ACC=99.242 F1=98.024 Rec=97.941 Prec=98.153

Val    [93/100] LR=0.0000625 loss=1.705 ACC=97.257 F1=97.253 Rec=97.257 Prec=97.353
Val-Known->Virtual [93/100] rate=0.000% prob_mean=0.001889 margin_mean=0.976776
Val-LogitMargin [93/100] TrueKnown-VMax mean=8.3975 std=2.0305 p10=6.2353 p50=7.9808 p90=11.0194
Stage1Diag [93/100] FeatDim=256 IntraVar=0.312989 InterDist=1.197226 Compact=0.261428 CenterNorm=2.279364
Stage1Boundary [93/100] KnownTrue-Other mean=10.5972 std=6.3106 p10=2.8588 p50=11.1557 p90=18.4415 | BoundaryRate=20.000% count=350 thr=3.9996 hist=[0, 2, 124, 0, 224]

Test-  OSR [93/100] LR=0.0000625 ACC=61.464 F1=66.335 Rec=81.698 Prec=74.926 UNK=0.762 OS*=97.886 HOS=1.512 AUROC=89.581 AUPR=83.766 OSCR=88.589
Test-Close [93/100] LR=0.0000625 loss=1.691 ACC=97.886 F1=97.883 Rec=97.886 Prec=97.971
Test-Virtual [93/100] CloseK->V=0.000% Open->V=0.762% OpenVEntropy=0.342951 CloseHist=[0, 0, 0] OpenHist=[0, 7, 1]
Test-LogitMargin [93/100] CloseTrue-VMax mean=8.4704 std=2.0753 p10=6.2637 p50=8.0582 p90=11.3947 | OpenKnown-VMax mean=5.9226 std=2.6564 p10=1.8752 p50=6.6683 p90=8.7743
AnchorDiag [93/100] VNorm=[1.0000001192092896, 1.0, 0.9999999403953552] VDriftMax=0.000000 Vcos(max/mean)=(0.0000/-0.0000) KVcos(max/mean)=(0.0451/0.0114) ValK->V=0.00% CloseK->V=0.00% Open->V=0.76% OpenVEntropy=0.3430
Train Client0 [94/100] LR=0.0000625 loss=0.007 (CE=0.005 VIR=0.002 wVIR=0.000 AUX=0.002 w=0.030) ACC=99.838 F1=79.913 Rec=79.894 Prec=79.931
Train Client1 [94/100] LR=0.0000625 loss=0.084 (CE=0.044 VIR=0.036 wVIR=0.001 AUX=0.039 w=0.030) ACC=98.607 F1=97.212 Rec=97.239 Prec=97.207
Train Client2 [94/100] LR=0.0000625 loss=0.070 (CE=0.038 VIR=0.029 wVIR=0.001 AUX=0.031 w=0.030) ACC=98.622 F1=95.514 Rec=95.615 Prec=95.421
Train Client3 [94/100] LR=0.0000625 loss=0.070 (CE=0.041 VIR=0.002 wVIR=0.000 AUX=0.029 w=0.030) ACC=98.864 F1=98.296 Rec=98.296 Prec=98.296
Train Client4 [94/100] LR=0.0000625 loss=0.095 (CE=0.060 VIR=0.239 wVIR=0.007 AUX=0.028 w=0.030) ACC=97.942 F1=89.688 Rec=97.799 Prec=85.916
Train Client5 [94/100] LR=0.0000625 loss=0.013 (CE=0.013 VIR=0.003 wVIR=0.000 AUX=0.001 w=0.030) ACC=99.464 F1=90.600 Rec=94.649 Prec=88.308
Train Client6 [94/100] LR=0.0000625 loss=0.065 (CE=0.044 VIR=0.307 wVIR=0.009 AUX=0.012 w=0.030) ACC=99.444 F1=99.126 Rec=99.853 Prec=98.462
Train Client7 [94/100] LR=0.0000625 loss=0.053 (CE=0.030 VIR=0.182 wVIR=0.005 AUX=0.018 w=0.030) ACC=99.091 F1=97.603 Rec=97.799 Prec=97.424

Val    [94/100] LR=0.0000625 loss=1.705 ACC=97.200 F1=97.196 Rec=97.200 Prec=97.288
Val-Known->Virtual [94/100] rate=0.000% prob_mean=0.001954 margin_mean=0.975899
Val-LogitMargin [94/100] TrueKnown-VMax mean=8.6659 std=2.3385 p10=6.1423 p50=8.2544 p90=11.9562
Stage1Diag [94/100] FeatDim=256 IntraVar=0.318905 InterDist=1.192505 Compact=0.267424 CenterNorm=2.288590
Stage1Boundary [94/100] KnownTrue-Other mean=11.2667 std=6.9819 p10=2.8615 p50=11.6410 p90=20.1379 | BoundaryRate=20.000% count=350 thr=3.9563 hist=[0, 0, 122, 1, 227]

Test-  OSR [94/100] LR=0.0000625 ACC=61.536 F1=65.975 Rec=81.667 Prec=73.960 UNK=1.143 OS*=97.771 HOS=2.259 AUROC=89.239 AUPR=82.496 OSCR=88.286
Test-Close [94/100] LR=0.0000625 loss=1.692 ACC=97.771 F1=97.768 Rec=97.771 Prec=97.871
Test-Virtual [94/100] CloseK->V=0.000% Open->V=1.143% OpenVEntropy=0.511860 CloseHist=[0, 0, 0] OpenHist=[0, 9, 3]
Test-LogitMargin [94/100] CloseTrue-VMax mean=8.7337 std=2.3854 p10=6.2798 p50=8.2012 p90=12.1087 | OpenKnown-VMax mean=5.7242 std=2.5428 p10=2.0129 p50=6.2351 p90=8.6019
AnchorDiag [94/100] VNorm=[1.0000001192092896, 1.0, 0.9999999403953552] VDriftMax=0.000000 Vcos(max/mean)=(0.0000/-0.0000) KVcos(max/mean)=(0.0453/0.0114) ValK->V=0.00% CloseK->V=0.00% Open->V=1.14% OpenVEntropy=0.5119
Train Client0 [95/100] LR=0.0000625 loss=0.004 (CE=0.002 VIR=0.027 wVIR=0.001 AUX=0.001 w=0.030) ACC=100.000 F1=100.000 Rec=100.000 Prec=100.000
Train Client1 [95/100] LR=0.0000625 loss=0.075 (CE=0.039 VIR=0.014 wVIR=0.000 AUX=0.036 w=0.030) ACC=98.816 F1=97.765 Rec=97.503 Prec=98.052
Train Client2 [95/100] LR=0.0000625 loss=0.066 (CE=0.036 VIR=0.027 wVIR=0.001 AUX=0.029 w=0.030) ACC=98.622 F1=95.561 Rec=96.074 Prec=95.076
Train Client3 [95/100] LR=0.0000625 loss=0.087 (CE=0.042 VIR=0.016 wVIR=0.000 AUX=0.045 w=0.030) ACC=99.053 F1=97.271 Rec=98.734 Prec=96.090
Train Client4 [95/100] LR=0.0000625 loss=0.088 (CE=0.058 VIR=0.302 wVIR=0.009 AUX=0.021 w=0.030) ACC=98.399 F1=90.787 Rec=95.671 Prec=87.955
Train Client5 [95/100] LR=0.0000625 loss=0.012 (CE=0.011 VIR=0.001 wVIR=0.000 AUX=0.001 w=0.030) ACC=99.643 F1=91.850 Rec=94.775 Prec=89.925
Train Client6 [95/100] LR=0.0000625 loss=0.119 (CE=0.105 VIR=0.444 wVIR=0.013 AUX=0.001 w=0.030) ACC=98.056 F1=97.209 Rec=99.485 Prec=95.394
Train Client7 [95/100] LR=0.0000625 loss=0.068 (CE=0.039 VIR=0.378 wVIR=0.011 AUX=0.018 w=0.030) ACC=98.409 F1=96.153 Rec=96.976 Prec=95.383

Val    [95/100] LR=0.0000625 loss=1.703 ACC=97.371 F1=97.369 Rec=97.371 Prec=97.440
Val-Known->Virtual [95/100] rate=0.000% prob_mean=0.002605 margin_mean=0.972680
Val-LogitMargin [95/100] TrueKnown-VMax mean=8.2816 std=2.2338 p10=5.8468 p50=7.8900 p90=11.2601
Stage1Diag [95/100] FeatDim=256 IntraVar=0.309009 InterDist=1.177894 Compact=0.262340 CenterNorm=2.267477
Stage1Boundary [95/100] KnownTrue-Other mean=10.6483 std=6.5825 p10=2.5976 p50=11.1042 p90=18.9222 | BoundaryRate=20.000% count=350 thr=3.7579 hist=[0, 0, 121, 1, 228]

Test-  OSR [95/100] LR=0.0000625 ACC=61.607 F1=66.276 Rec=81.730 Prec=74.451 UNK=1.238 OS*=97.829 HOS=2.445 AUROC=89.498 AUPR=82.995 OSCR=88.529
Test-Close [95/100] LR=0.0000625 loss=1.692 ACC=97.829 F1=97.826 Rec=97.829 Prec=97.920
Test-Virtual [95/100] CloseK->V=0.000% Open->V=1.238% OpenVEntropy=0.390787 CloseHist=[0, 0, 0] OpenHist=[0, 11, 2]
Test-LogitMargin [95/100] CloseTrue-VMax mean=8.3472 std=2.2732 p10=5.9826 p50=7.8536 p90=11.6496 | OpenKnown-VMax mean=5.4352 std=2.4668 p10=1.8120 p50=5.9040 p90=8.2598
AnchorDiag [95/100] VNorm=[1.0000001192092896, 1.0, 0.9999999403953552] VDriftMax=0.000000 Vcos(max/mean)=(0.0000/-0.0000) KVcos(max/mean)=(0.0455/0.0114) ValK->V=0.00% CloseK->V=0.00% Open->V=1.24% OpenVEntropy=0.3908
Saving model at epoch 95 . . . . . . . .

Train Client0 [96/100] LR=0.0000625 loss=0.001 (CE=0.001 VIR=0.002 wVIR=0.000 AUX=0.000 w=0.030) ACC=100.000 F1=100.000 Rec=100.000 Prec=100.000
Train Client1 [96/100] LR=0.0000625 loss=0.065 (CE=0.034 VIR=0.028 wVIR=0.001 AUX=0.030 w=0.030) ACC=98.851 F1=97.828 Rec=97.538 Prec=98.147
Train Client2 [96/100] LR=0.0000625 loss=0.075 (CE=0.038 VIR=0.024 wVIR=0.001 AUX=0.037 w=0.030) ACC=98.384 F1=94.521 Rec=94.109 Prec=94.961
Train Client3 [96/100] LR=0.0000625 loss=0.058 (CE=0.037 VIR=0.009 wVIR=0.000 AUX=0.020 w=0.030) ACC=98.485 F1=97.697 Rec=97.697 Prec=97.697
Train Client4 [96/100] LR=0.0000625 loss=0.082 (CE=0.051 VIR=0.263 wVIR=0.008 AUX=0.024 w=0.030) ACC=98.476 F1=91.917 Rec=98.473 Prec=88.268
Train Client5 [96/100] LR=0.0000625 loss=0.010 (CE=0.009 VIR=0.004 wVIR=0.000 AUX=0.001 w=0.030) ACC=99.732 F1=93.221 Rec=94.850 Prec=91.925
Train Client6 [96/100] LR=0.0000625 loss=0.086 (CE=0.052 VIR=0.348 wVIR=0.010 AUX=0.024 w=0.030) ACC=98.056 F1=96.670 Rec=97.967 Prec=95.508
Train Client7 [96/100] LR=0.0000625 loss=0.071 (CE=0.049 VIR=0.217 wVIR=0.007 AUX=0.015 w=0.030) ACC=98.636 F1=96.680 Rec=97.270 Prec=96.125

Val    [96/100] LR=0.0000625 loss=1.714 ACC=97.029 F1=97.019 Rec=97.029 Prec=97.254
Val-Known->Virtual [96/100] rate=0.000% prob_mean=0.002071 margin_mean=0.975702
Val-LogitMargin [96/100] TrueKnown-VMax mean=8.5233 std=2.2318 p10=6.1749 p50=8.1603 p90=11.5704
Stage1Diag [96/100] FeatDim=256 IntraVar=0.306875 InterDist=1.169604 Compact=0.262375 CenterNorm=2.273990
Stage1Boundary [96/100] KnownTrue-Other mean=10.9907 std=6.8452 p10=2.8946 p50=11.3484 p90=19.6701 | BoundaryRate=20.000% count=350 thr=4.0745 hist=[0, 0, 153, 1, 196]

Test-  OSR [96/100] LR=0.0000625 ACC=61.393 F1=65.781 Rec=81.508 Prec=73.840 UNK=1.048 OS*=97.600 HOS=2.073 AUROC=89.935 AUPR=82.639 OSCR=88.842
Test-Close [96/100] LR=0.0000625 loss=1.700 ACC=97.600 F1=97.595 Rec=97.600 Prec=97.759
Test-Virtual [96/100] CloseK->V=0.000% Open->V=1.048% OpenVEntropy=0.533357 CloseHist=[0, 0, 0] OpenHist=[0, 8, 3]
Test-LogitMargin [96/100] CloseTrue-VMax mean=8.5896 std=2.2620 p10=6.2581 p50=8.1091 p90=11.7535 | OpenKnown-VMax mean=5.7193 std=2.4350 p10=2.0670 p50=6.2835 p90=8.4239
AnchorDiag [96/100] VNorm=[1.0000001192092896, 1.0, 0.9999999403953552] VDriftMax=0.000000 Vcos(max/mean)=(0.0000/-0.0000) KVcos(max/mean)=(0.0456/0.0114) ValK->V=0.00% CloseK->V=0.00% Open->V=1.05% OpenVEntropy=0.5334
Train Client0 [97/100] LR=0.0000625 loss=0.003 (CE=0.002 VIR=0.018 wVIR=0.001 AUX=0.000 w=0.030) ACC=99.946 F1=79.989 Rec=79.979 Prec=80.000
Train Client1 [97/100] LR=0.0000625 loss=0.067 (CE=0.037 VIR=0.021 wVIR=0.001 AUX=0.030 w=0.030) ACC=98.747 F1=97.641 Rec=97.432 Prec=97.865
Train Client2 [97/100] LR=0.0000625 loss=0.067 (CE=0.038 VIR=0.021 wVIR=0.001 AUX=0.028 w=0.030) ACC=98.479 F1=95.060 Rec=95.274 Prec=94.853
Train Client3 [97/100] LR=0.0000625 loss=0.050 (CE=0.028 VIR=0.005 wVIR=0.000 AUX=0.022 w=0.030) ACC=99.053 F1=97.255 Rec=98.721 Prec=96.024
Train Client4 [97/100] LR=0.0000625 loss=0.087 (CE=0.055 VIR=0.197 wVIR=0.006 AUX=0.026 w=0.030) ACC=97.637 F1=88.172 Rec=97.493 Prec=84.062
Train Client5 [97/100] LR=0.0000625 loss=0.031 (CE=0.020 VIR=0.012 wVIR=0.000 AUX=0.011 w=0.030) ACC=99.554 F1=91.795 Rec=94.726 Prec=89.864
Train Client6 [97/100] LR=0.0000625 loss=0.113 (CE=0.099 VIR=0.446 wVIR=0.013 AUX=0.000 w=0.030) ACC=98.611 F1=96.397 Rec=98.873 Prec=94.285
Train Client7 [97/100] LR=0.0000625 loss=0.061 (CE=0.039 VIR=0.279 wVIR=0.008 AUX=0.014 w=0.030) ACC=99.091 F1=97.873 Rec=98.196 Prec=97.577

Val    [97/100] LR=0.0000625 loss=1.714 ACC=97.029 F1=97.018 Rec=97.029 Prec=97.277
Val-Known->Virtual [97/100] rate=0.000% prob_mean=0.002205 margin_mean=0.976606
Val-LogitMargin [97/100] TrueKnown-VMax mean=8.2257 std=2.0124 p10=6.0935 p50=7.9446 p90=10.8205
Stage1Diag [97/100] FeatDim=256 IntraVar=0.306994 InterDist=1.164629 Compact=0.263598 CenterNorm=2.267259
Stage1Boundary [97/100] KnownTrue-Other mean=10.7146 std=6.3713 p10=3.0832 p50=11.1998 p90=18.6481 | BoundaryRate=20.000% count=350 thr=4.2041 hist=[1, 1, 149, 1, 198]

Test-  OSR [97/100] LR=0.0000625 ACC=61.321 F1=65.884 Rec=81.444 Prec=74.162 UNK=0.952 OS*=97.543 HOS=1.886 AUROC=90.146 AUPR=83.514 OSCR=88.960
Test-Close [97/100] LR=0.0000625 loss=1.702 ACC=97.543 F1=97.537 Rec=97.543 Prec=97.711
Test-Virtual [97/100] CloseK->V=0.000% Open->V=0.952% OpenVEntropy=0.455486 CloseHist=[0, 0, 0] OpenHist=[0, 8, 2]
Test-LogitMargin [97/100] CloseTrue-VMax mean=8.2951 std=2.0397 p10=6.1749 p50=7.9408 p90=11.1127 | OpenKnown-VMax mean=5.6291 std=2.3899 p10=2.0985 p50=6.1698 p90=8.2466
AnchorDiag [97/100] VNorm=[1.0000001192092896, 1.0, 0.9999999403953552] VDriftMax=0.000000 Vcos(max/mean)=(0.0000/-0.0000) KVcos(max/mean)=(0.0459/0.0115) ValK->V=0.00% CloseK->V=0.00% Open->V=0.95% OpenVEntropy=0.4555
Train Client0 [98/100] LR=0.0000625 loss=0.002 (CE=0.000 VIR=0.001 wVIR=0.000 AUX=0.001 w=0.030) ACC=100.000 F1=100.000 Rec=100.000 Prec=100.000
Train Client1 [98/100] LR=0.0000625 loss=0.075 (CE=0.038 VIR=0.015 wVIR=0.000 AUX=0.036 w=0.030) ACC=98.677 F1=97.488 Rec=97.126 Prec=97.897
Train Client2 [98/100] LR=0.0000625 loss=0.070 (CE=0.038 VIR=0.028 wVIR=0.001 AUX=0.031 w=0.030) ACC=98.574 F1=95.469 Rec=96.120 Prec=94.860
Train Client3 [98/100] LR=0.0000625 loss=0.055 (CE=0.037 VIR=0.005 wVIR=0.000 AUX=0.018 w=0.030) ACC=98.864 F1=98.280 Rec=98.258 Prec=98.318
Train Client4 [98/100] LR=0.0000625 loss=0.080 (CE=0.055 VIR=0.175 wVIR=0.005 AUX=0.020 w=0.030) ACC=97.790 F1=88.241 Rec=97.495 Prec=84.930
Train Client5 [98/100] LR=0.0000625 loss=0.007 (CE=0.005 VIR=0.001 wVIR=0.000 AUX=0.001 w=0.030) ACC=99.732 F1=93.221 Rec=94.850 Prec=91.925
Train Client6 [98/100] LR=0.0000625 loss=0.130 (CE=0.093 VIR=0.386 wVIR=0.012 AUX=0.026 w=0.030) ACC=98.333 F1=97.513 Rec=99.559 Prec=95.811
Train Client7 [98/100] LR=0.0000625 loss=0.050 (CE=0.025 VIR=0.159 wVIR=0.005 AUX=0.020 w=0.030) ACC=99.167 F1=97.735 Rec=97.822 Prec=97.658

Val    [98/100] LR=0.0000625 loss=1.705 ACC=97.429 F1=97.425 Rec=97.429 Prec=97.518
Val-Known->Virtual [98/100] rate=0.000% prob_mean=0.001526 margin_mean=0.978814
Val-LogitMargin [98/100] TrueKnown-VMax mean=8.9038 std=2.2849 p10=6.3909 p50=8.6113 p90=11.8583
Stage1Diag [98/100] FeatDim=256 IntraVar=0.318629 InterDist=1.182947 Compact=0.269352 CenterNorm=2.277017
Stage1Boundary [98/100] KnownTrue-Other mean=11.3256 std=6.8141 p10=3.0033 p50=11.7435 p90=19.9461 | BoundaryRate=20.000% count=350 thr=4.3132 hist=[0, 2, 131, 1, 216]

Test-  OSR [98/100] LR=0.0000625 ACC=61.393 F1=65.971 Rec=81.698 Prec=74.373 UNK=0.476 OS*=97.943 HOS=0.948 AUROC=88.907 AUPR=82.084 OSCR=87.980
Test-Close [98/100] LR=0.0000625 loss=1.692 ACC=97.943 F1=97.940 Rec=97.943 Prec=98.042
Test-Virtual [98/100] CloseK->V=0.000% Open->V=0.476% OpenVEntropy=0.455486 CloseHist=[0, 0, 0] OpenHist=[0, 4, 1]
Test-LogitMargin [98/100] CloseTrue-VMax mean=8.9902 std=2.3114 p10=6.6201 p50=8.5941 p90=12.1788 | OpenKnown-VMax mean=6.1375 std=2.5477 p10=2.4313 p50=6.6164 p90=9.1160
AnchorDiag [98/100] VNorm=[1.0000001192092896, 1.0, 0.9999999403953552] VDriftMax=0.000000 Vcos(max/mean)=(0.0000/-0.0000) KVcos(max/mean)=(0.0459/0.0114) ValK->V=0.00% CloseK->V=0.00% Open->V=0.48% OpenVEntropy=0.4555
Train Client0 [99/100] LR=0.0000625 loss=0.010 (CE=0.006 VIR=0.003 wVIR=0.000 AUX=0.004 w=0.030) ACC=99.892 F1=79.923 Rec=79.916 Prec=79.931
Train Client1 [99/100] LR=0.0000625 loss=0.065 (CE=0.034 VIR=0.024 wVIR=0.001 AUX=0.030 w=0.030) ACC=99.060 F1=98.216 Rec=97.867 Prec=98.608
Train Client2 [99/100] LR=0.0000625 loss=0.070 (CE=0.038 VIR=0.015 wVIR=0.000 AUX=0.031 w=0.030) ACC=98.384 F1=94.521 Rec=94.109 Prec=94.961
Train Client3 [99/100] LR=0.0000625 loss=0.055 (CE=0.035 VIR=0.006 wVIR=0.000 AUX=0.020 w=0.030) ACC=99.053 F1=98.560 Rec=98.570 Prec=98.554
Train Client4 [99/100] LR=0.0000625 loss=0.088 (CE=0.058 VIR=0.266 wVIR=0.008 AUX=0.022 w=0.030) ACC=98.095 F1=89.927 Rec=97.585 Prec=86.546
Train Client5 [99/100] LR=0.0000625 loss=0.019 (CE=0.014 VIR=0.009 wVIR=0.000 AUX=0.005 w=0.030) ACC=99.554 F1=90.721 Rec=94.700 Prec=88.496
Train Client6 [99/100] LR=0.0000625 loss=0.181 (CE=0.164 VIR=0.565 wVIR=0.017 AUX=0.000 w=0.030) ACC=97.778 F1=96.808 Rec=99.412 Prec=94.680
Train Client7 [99/100] LR=0.0000625 loss=0.059 (CE=0.033 VIR=0.229 wVIR=0.007 AUX=0.019 w=0.030) ACC=99.091 F1=91.161 Rec=98.147 Prec=87.522

Val    [99/100] LR=0.0000625 loss=1.710 ACC=97.143 F1=97.135 Rec=97.143 Prec=97.326
Val-Known->Virtual [99/100] rate=0.000% prob_mean=0.001842 margin_mean=0.974462
Val-LogitMargin [99/100] TrueKnown-VMax mean=8.5450 std=2.0942 p10=6.2792 p50=8.2068 p90=11.2780
Stage1Diag [99/100] FeatDim=256 IntraVar=0.314523 InterDist=1.191406 Compact=0.263993 CenterNorm=2.280029
Stage1Boundary [99/100] KnownTrue-Other mean=10.7150 std=6.5807 p10=2.7389 p50=11.0702 p90=18.9388 | BoundaryRate=20.000% count=350 thr=3.8451 hist=[0, 2, 130, 1, 217]

Test-  OSR [99/100] LR=0.0000625 ACC=61.250 F1=65.896 Rec=81.508 Prec=74.368 UNK=0.476 OS*=97.714 HOS=0.948 AUROC=88.998 AUPR=81.656 OSCR=87.972
Test-Close [99/100] LR=0.0000625 loss=1.696 ACC=97.714 F1=97.709 Rec=97.714 Prec=97.864
Test-Virtual [99/100] CloseK->V=0.000% Open->V=0.476% OpenVEntropy=-0.000000 CloseHist=[0, 0, 0] OpenHist=[0, 5, 0]
Test-LogitMargin [99/100] CloseTrue-VMax mean=8.6257 std=2.1238 p10=6.3950 p50=8.2045 p90=11.5734 | OpenKnown-VMax mean=6.0425 std=2.5363 p10=2.3017 p50=6.6713 p90=8.8427
AnchorDiag [99/100] VNorm=[1.0000001192092896, 1.0, 0.9999999403953552] VDriftMax=0.000000 Vcos(max/mean)=(0.0000/-0.0000) KVcos(max/mean)=(0.0460/0.0115) ValK->V=0.00% CloseK->V=0.00% Open->V=0.48% OpenVEntropy=-0.0000
------>Best performance (by OSCR)--->>>>>>>

Test-  OSR [85/100] ACC=61.714 F1=66.573 Rec=81.778 Prec=74.876 UNK=1.524 OS*=97.829 HOS=3.001 AUROC=90.583 AUPR=85.000 OSCR=89.468
=====================================================================================================================================
The ending time ：2026-06-21 00:20:17
