Logging to: ./logs/RetinalOCT_Pretrain_K5_U3_seed0_20260618_201630.log
==> Preparing data..
Protocol mode: hard
Fixed known classes: ['CSR', 'DR', 'DRUSEN', 'MH', 'NORMAL']
Fixed unknown classes: ['AMD', 'CNV', 'DME']
Known class list: [2 4 5 6 7] Unknown class list [0 1 3]
Total images — Train: 18400, Val: 2800, Test: 2800
{2: 0, 4: 1, 5: 2, 6: 3, 7: 4} {0: 5, 1: 6, 3: 7}
Known origin: [2 4 5 6 7] , new: [0 1 2 3 4]
Unknown origin: [0 1 3] , new: [5 6 7]
Known/Unknown in Train: 11500/6900
Known/Unknown in Val:   1750/1050
Known/Unknown in Test:  1750/1050
Client0 sample num: 1861
Client1 sample num: 2876
Client2 sample num: 2109
Client3 sample num: 533
Client4 sample num: 1312
Client5 sample num: 1125
Client6 sample num: 362
Client7 sample num: 1322

>>> Setting up
==> Using device: cuda:0
==> Building [Resnet18] model..
154
120
Train Client0 [0/50] LR=0.0005000 loss=1.454 (CE=0.762 VIR=0.076 wVIR=0.038 AUX=0.654 w=0.500) ACC=72.360 F1=48.155 Rec=48.154 Prec=48.205
Train Client1 [0/50] LR=0.0005000 loss=1.333 (CE=0.690 VIR=0.066 wVIR=0.033 AUX=0.610 w=0.500) ACC=75.174 F1=45.648 Rec=45.813 Prec=46.943
Train Client2 [0/50] LR=0.0005000 loss=1.271 (CE=0.676 VIR=0.104 wVIR=0.052 AUX=0.543 w=0.500) ACC=80.086 F1=45.164 Rec=45.388 Prec=46.128
Train Client3 [0/50] LR=0.0005000 loss=2.416 (CE=1.353 VIR=0.346 wVIR=0.173 AUX=0.890 w=0.500) ACC=58.333 F1=45.824 Rec=47.117 Prec=45.338
Train Client4 [0/50] LR=0.0005000 loss=1.179 (CE=0.623 VIR=0.145 wVIR=0.072 AUX=0.484 w=0.500) ACC=82.546 F1=37.800 Rec=39.296 Prec=37.568
Train Client5 [0/50] LR=0.0005000 loss=2.014 (CE=1.095 VIR=0.207 wVIR=0.104 AUX=0.815 w=0.500) ACC=64.643 F1=45.900 Rec=45.947 Prec=46.026
Train Client6 [0/50] LR=0.0005000 loss=2.464 (CE=1.291 VIR=0.547 wVIR=0.274 AUX=0.899 w=0.500) ACC=65.278 F1=27.544 Rec=27.993 Prec=27.677
Train Client7 [0/50] LR=0.0005000 loss=1.383 (CE=0.738 VIR=0.176 wVIR=0.088 AUX=0.557 w=0.500) ACC=78.409 F1=34.586 Rec=35.098 Prec=35.379

Val    [0/50] LR=0.0005000 loss=2.904 ACC=45.314 F1=33.242 Rec=45.314 Prec=51.631
Val-Known->Virtual [0/50] rate=0.000% prob_mean=0.024957 margin_mean=0.338922
Val-LogitMargin [0/50] TrueKnown-VMax mean=3.4483 std=0.2848 p10=3.1090 p50=3.3973 p90=3.8683

Test-  OSR [0/50] LR=0.0005000 ACC=28.750 F1=22.421 Rec=38.333 Prec=37.247 UNK=0.000 OS*=46.000 HOS=0.000 AUROC=41.305 AUPR=32.526 OSCR=21.217
Test-Close [0/50] LR=0.0005000 loss=2.902 ACC=46.000 F1=34.437 Rec=46.000 Prec=51.557
Test-Virtual [0/50] CloseK->V=0.000% Open->V=0.000% OpenVEntropy=0.000000 CloseHist=[0, 0, 0] OpenHist=[0, 0, 0]
Test-LogitMargin [0/50] CloseTrue-VMax mean=3.4492 std=0.2890 p10=3.0975 p50=3.4070 p90=3.8724 | OpenKnown-VMax mean=3.6760 std=0.3093 p10=3.2292 p50=3.8076 p90=4.0038
AnchorDiag [0/50] VNorm=[1.0000001192092896, 0.9999999403953552, 0.9999999403953552] VDriftMax=0.000000 Vcos(max/mean)=(0.0000/-0.0000) KVcos(max/mean)=(0.0018/-0.0007) ValK->V=0.00% CloseK->V=0.00% Open->V=0.00% OpenVEntropy=0.0000
Saving best model . . . . . . . .

Saving model at epoch 0 . . . . . . . .

Train Client0 [1/50] LR=0.0005000 loss=1.025 (CE=0.550 VIR=0.029 wVIR=0.015 AUX=0.460 w=0.500) ACC=80.819 F1=72.631 Rec=72.400 Prec=72.980
Train Client1 [1/50] LR=0.0005000 loss=1.174 (CE=0.620 VIR=0.030 wVIR=0.015 AUX=0.539 w=0.500) ACC=76.845 F1=46.015 Rec=46.590 Prec=47.560
Train Client2 [1/50] LR=0.0005000 loss=0.951 (CE=0.531 VIR=0.036 wVIR=0.018 AUX=0.403 w=0.500) ACC=82.985 F1=47.997 Rec=48.600 Prec=48.339
Train Client3 [1/50] LR=0.0005000 loss=1.588 (CE=0.849 VIR=0.090 wVIR=0.045 AUX=0.694 w=0.500) ACC=67.803 F1=47.541 Rec=47.599 Prec=47.546
Train Client4 [1/50] LR=0.0005000 loss=0.803 (CE=0.419 VIR=0.047 wVIR=0.023 AUX=0.361 w=0.500) ACC=85.976 F1=37.504 Rec=38.129 Prec=37.540
Train Client5 [1/50] LR=0.0005000 loss=1.426 (CE=0.760 VIR=0.071 wVIR=0.035 AUX=0.631 w=0.500) ACC=72.857 F1=51.345 Rec=51.350 Prec=52.708
Train Client6 [1/50] LR=0.0005000 loss=1.319 (CE=0.724 VIR=0.122 wVIR=0.061 AUX=0.535 w=0.500) ACC=76.944 F1=40.089 Rec=40.598 Prec=41.087
Train Client7 [1/50] LR=0.0005000 loss=1.053 (CE=0.576 VIR=0.069 wVIR=0.035 AUX=0.443 w=0.500) ACC=83.030 F1=38.676 Rec=38.508 Prec=41.140

Val    [1/50] LR=0.0005000 loss=2.583 ACC=64.343 F1=56.703 Rec=64.343 Prec=59.310
Val-Known->Virtual [1/50] rate=0.000% prob_mean=0.012051 margin_mean=0.473991
Val-LogitMargin [1/50] TrueKnown-VMax mean=4.6050 std=0.9288 p10=3.5927 p50=4.2681 p90=5.9897

Test-  OSR [1/50] LR=0.0005000 ACC=40.107 F1=40.332 Rec=53.476 Prec=41.979 UNK=0.000 OS*=64.171 HOS=0.000 AUROC=45.246 AUPR=44.952 OSCR=27.394
Test-Close [1/50] LR=0.0005000 loss=2.581 ACC=64.171 F1=56.413 Rec=64.171 Prec=58.748
Test-Virtual [1/50] CloseK->V=0.000% Open->V=0.000% OpenVEntropy=0.000000 CloseHist=[0, 0, 0] OpenHist=[0, 0, 0]
Test-LogitMargin [1/50] CloseTrue-VMax mean=4.6080 std=0.9287 p10=3.5928 p50=4.2831 p90=6.0050 | OpenKnown-VMax mean=5.2800 std=1.0204 p10=3.6204 p50=5.8836 p90=6.1433
AnchorDiag [1/50] VNorm=[1.0000001192092896, 0.9999999403953552, 0.9999999403953552] VDriftMax=0.000000 Vcos(max/mean)=(0.0000/-0.0000) KVcos(max/mean)=(0.0021/-0.0016) ValK->V=0.00% CloseK->V=0.00% Open->V=0.00% OpenVEntropy=0.0000
Saving best model . . . . . . . .

Train Client0 [2/50] LR=0.0005000 loss=0.890 (CE=0.486 VIR=0.015 wVIR=0.008 AUX=0.396 w=0.500) ACC=82.381 F1=59.653 Rec=59.604 Prec=59.729
Train Client1 [2/50] LR=0.0005000 loss=0.981 (CE=0.522 VIR=0.015 wVIR=0.008 AUX=0.452 w=0.500) ACC=79.701 F1=50.441 Rec=50.546 Prec=59.104
Train Client2 [2/50] LR=0.0005000 loss=0.858 (CE=0.461 VIR=0.030 wVIR=0.015 AUX=0.382 w=0.500) ACC=85.741 F1=52.448 Rec=52.680 Prec=53.259
Train Client3 [2/50] LR=0.0005000 loss=1.276 (CE=0.644 VIR=0.033 wVIR=0.016 AUX=0.615 w=0.500) ACC=71.212 F1=50.350 Rec=50.534 Prec=50.186
Train Client4 [2/50] LR=0.0005000 loss=0.730 (CE=0.396 VIR=0.024 wVIR=0.012 AUX=0.322 w=0.500) ACC=87.500 F1=39.647 Rec=40.049 Prec=45.517
Train Client5 [2/50] LR=0.0005000 loss=1.236 (CE=0.658 VIR=0.029 wVIR=0.014 AUX=0.564 w=0.500) ACC=76.786 F1=54.703 Rec=54.845 Prec=55.609
Train Client6 [2/50] LR=0.0005000 loss=1.530 (CE=0.877 VIR=0.258 wVIR=0.129 AUX=0.523 w=0.500) ACC=80.556 F1=37.834 Rec=39.121 Prec=36.699
Train Client7 [2/50] LR=0.0005000 loss=0.803 (CE=0.419 VIR=0.015 wVIR=0.008 AUX=0.376 w=0.500) ACC=85.076 F1=39.023 Rec=39.911 Prec=40.558

Val    [2/50] LR=0.0005000 loss=2.363 ACC=63.257 F1=55.935 Rec=63.257 Prec=59.930
Val-Known->Virtual [2/50] rate=0.000% prob_mean=0.006390 margin_mean=0.574762
Val-LogitMargin [2/50] TrueKnown-VMax mean=5.5558 std=0.9357 p10=4.3435 p50=5.4611 p90=6.8272

Test-  OSR [2/50] LR=0.0005000 ACC=39.500 F1=39.114 Rec=52.667 Prec=42.103 UNK=0.000 OS*=63.200 HOS=0.000 AUROC=64.152 AUPR=45.225 OSCR=45.929
Test-Close [2/50] LR=0.0005000 loss=2.370 ACC=63.200 F1=56.066 Rec=63.200 Prec=60.084
Test-Virtual [2/50] CloseK->V=0.000% Open->V=0.000% OpenVEntropy=0.000000 CloseHist=[0, 0, 0] OpenHist=[0, 0, 0]
Test-LogitMargin [2/50] CloseTrue-VMax mean=5.5594 std=0.9397 p10=4.3399 p50=5.4645 p90=6.8633 | OpenKnown-VMax mean=5.9156 std=1.2298 p10=4.0978 p50=6.6312 p90=7.0276
AnchorDiag [2/50] VNorm=[1.0000001192092896, 0.9999999403953552, 0.9999999403953552] VDriftMax=0.000000 Vcos(max/mean)=(0.0000/-0.0000) KVcos(max/mean)=(0.0015/-0.0034) ValK->V=0.00% CloseK->V=0.00% Open->V=0.00% OpenVEntropy=0.0000
Saving best model . . . . . . . .

Train Client0 [3/50] LR=0.0005000 loss=0.748 (CE=0.409 VIR=0.010 wVIR=0.005 AUX=0.334 w=0.500) ACC=85.237 F1=78.791 Rec=78.813 Prec=78.896
Train Client1 [3/50] LR=0.0005000 loss=0.881 (CE=0.465 VIR=0.011 wVIR=0.005 AUX=0.410 w=0.500) ACC=81.790 F1=54.501 Rec=53.780 Prec=63.380
Train Client2 [3/50] LR=0.0005000 loss=0.745 (CE=0.417 VIR=0.031 wVIR=0.016 AUX=0.312 w=0.500) ACC=87.405 F1=56.280 Rec=56.239 Prec=61.522
Train Client3 [3/50] LR=0.0005000 loss=1.095 (CE=0.550 VIR=0.028 wVIR=0.014 AUX=0.531 w=0.500) ACC=80.682 F1=60.957 Rec=61.226 Prec=60.919
Train Client4 [3/50] LR=0.0005000 loss=0.648 (CE=0.342 VIR=0.015 wVIR=0.007 AUX=0.299 w=0.500) ACC=88.338 F1=40.681 Rec=41.072 Prec=45.929
Train Client5 [3/50] LR=0.0005000 loss=0.894 (CE=0.479 VIR=0.017 wVIR=0.009 AUX=0.406 w=0.500) ACC=84.018 F1=62.036 Rec=61.623 Prec=63.224
Train Client6 [3/50] LR=0.0005000 loss=1.026 (CE=0.586 VIR=0.074 wVIR=0.037 AUX=0.403 w=0.500) ACC=83.889 F1=45.551 Rec=45.773 Prec=63.059
Train Client7 [3/50] LR=0.0005000 loss=0.655 (CE=0.341 VIR=0.012 wVIR=0.006 AUX=0.309 w=0.500) ACC=88.561 F1=45.379 Rec=45.442 Prec=47.291

Val    [3/50] LR=0.0005000 loss=2.165 ACC=77.543 F1=72.470 Rec=77.543 Prec=86.692
Val-Known->Virtual [3/50] rate=0.000% prob_mean=0.005259 margin_mean=0.642382
Val-LogitMargin [3/50] TrueKnown-VMax mean=6.1830 std=1.1834 p10=4.6930 p50=6.0516 p90=7.7111

Test-  OSR [3/50] LR=0.0005000 ACC=47.393 F1=48.445 Rec=63.190 Prec=44.450 UNK=0.000 OS*=75.829 HOS=0.000 AUROC=78.472 AUPR=68.064 OSCR=62.746
Test-Close [3/50] LR=0.0005000 loss=2.186 ACC=75.829 F1=69.857 Rec=75.829 Prec=85.651
Test-Virtual [3/50] CloseK->V=0.000% Open->V=0.000% OpenVEntropy=0.000000 CloseHist=[0, 0, 0] OpenHist=[0, 0, 0]
Test-LogitMargin [3/50] CloseTrue-VMax mean=6.1825 std=1.1956 p10=4.7067 p50=6.0598 p90=7.7000 | OpenKnown-VMax mean=6.0874 std=1.8860 p10=3.2581 p50=7.1970 p90=7.7813
AnchorDiag [3/50] VNorm=[1.0000001192092896, 0.9999999403953552, 0.9999999403953552] VDriftMax=0.000000 Vcos(max/mean)=(0.0000/-0.0000) KVcos(max/mean)=(0.0027/-0.0048) ValK->V=0.00% CloseK->V=0.00% Open->V=0.00% OpenVEntropy=0.0000
Saving best model . . . . . . . .

Train Client0 [4/50] LR=0.0005000 loss=0.639 (CE=0.345 VIR=0.013 wVIR=0.000 AUX=0.293 w=0.010) ACC=88.147 F1=83.114 Rec=82.957 Prec=83.334
Train Client1 [4/50] LR=0.0005000 loss=0.774 (CE=0.412 VIR=0.011 wVIR=0.000 AUX=0.361 w=0.010) ACC=84.331 F1=60.555 Rec=58.600 Prec=68.502
Train Client2 [4/50] LR=0.0005000 loss=0.654 (CE=0.374 VIR=0.040 wVIR=0.000 AUX=0.280 w=0.010) ACC=89.449 F1=62.447 Rec=62.046 Prec=66.024
Train Client3 [4/50] LR=0.0005000 loss=0.913 (CE=0.460 VIR=0.018 wVIR=0.000 AUX=0.453 w=0.010) ACC=79.735 F1=59.137 Rec=59.212 Prec=59.093
Train Client4 [4/50] LR=0.0005000 loss=0.556 (CE=0.302 VIR=0.013 wVIR=0.000 AUX=0.254 w=0.010) ACC=89.177 F1=43.847 Rec=43.436 Prec=47.976
Train Client5 [4/50] LR=0.0005000 loss=0.734 (CE=0.390 VIR=0.017 wVIR=0.000 AUX=0.344 w=0.010) ACC=86.696 F1=66.019 Rec=65.439 Prec=66.907
Train Client6 [4/50] LR=0.0005000 loss=0.985 (CE=0.578 VIR=0.102 wVIR=0.001 AUX=0.407 w=0.010) ACC=82.500 F1=48.762 Rec=50.898 Prec=51.813
Train Client7 [4/50] LR=0.0005000 loss=0.609 (CE=0.325 VIR=0.020 wVIR=0.000 AUX=0.284 w=0.010) ACC=89.545 F1=46.323 Rec=46.455 Prec=47.924

Val    [4/50] LR=0.0005000 loss=2.089 ACC=80.514 F1=78.495 Rec=80.514 Prec=86.190
Val-Known->Virtual [4/50] rate=0.000% prob_mean=0.006685 margin_mean=0.704297
Val-LogitMargin [4/50] TrueKnown-VMax mean=5.9474 std=1.1694 p10=4.3798 p50=5.9551 p90=7.3947

Test-  OSR [4/50] LR=0.0005000 ACC=49.357 F1=51.884 Rec=65.810 Prec=46.204 UNK=0.000 OS*=78.971 HOS=0.000 AUROC=80.701 AUPR=65.141 OSCR=68.364
Test-Close [4/50] LR=0.0005000 loss=2.110 ACC=78.971 F1=76.859 Rec=78.971 Prec=84.737
Test-Virtual [4/50] CloseK->V=0.000% Open->V=0.000% OpenVEntropy=0.000000 CloseHist=[0, 0, 0] OpenHist=[0, 0, 0]
Test-LogitMargin [4/50] CloseTrue-VMax mean=5.9434 std=1.1857 p10=4.3515 p50=5.9449 p90=7.4232 | OpenKnown-VMax mean=5.7559 std=1.6269 p10=3.3632 p50=6.5747 p90=7.3366
AnchorDiag [4/50] VNorm=[1.0000001192092896, 1.0, 0.9999999403953552] VDriftMax=0.000000 Vcos(max/mean)=(0.0000/-0.0000) KVcos(max/mean)=(0.0055/-0.0054) ValK->V=0.00% CloseK->V=0.00% Open->V=0.00% OpenVEntropy=0.0000
Saving best model . . . . . . . .

Train Client0 [5/50] LR=0.0005000 loss=0.517 (CE=0.279 VIR=0.016 wVIR=0.000 AUX=0.238 w=0.010) ACC=90.894 F1=69.321 Rec=69.231 Prec=69.458
Train Client1 [5/50] LR=0.0005000 loss=0.710 (CE=0.374 VIR=0.016 wVIR=0.000 AUX=0.335 w=0.010) ACC=84.401 F1=64.329 Rec=62.112 Prec=71.698
Train Client2 [5/50] LR=0.0005000 loss=0.613 (CE=0.353 VIR=0.058 wVIR=0.001 AUX=0.260 w=0.010) ACC=90.162 F1=64.213 Rec=63.944 Prec=66.773
Train Client3 [5/50] LR=0.0005000 loss=0.891 (CE=0.463 VIR=0.026 wVIR=0.000 AUX=0.427 w=0.010) ACC=81.818 F1=66.131 Rec=65.481 Prec=67.519
Train Client4 [5/50] LR=0.0005000 loss=0.502 (CE=0.276 VIR=0.024 wVIR=0.000 AUX=0.226 w=0.010) ACC=90.701 F1=54.230 Rec=52.181 Prec=58.765
Train Client5 [5/50] LR=0.0005000 loss=0.691 (CE=0.368 VIR=0.030 wVIR=0.000 AUX=0.323 w=0.010) ACC=88.125 F1=67.322 Rec=66.764 Prec=68.208
Train Client6 [5/50] LR=0.0005000 loss=0.971 (CE=0.560 VIR=0.250 wVIR=0.003 AUX=0.409 w=0.010) ACC=83.889 F1=58.611 Rec=61.343 Prec=64.600
Train Client7 [5/50] LR=0.0005000 loss=0.553 (CE=0.288 VIR=0.016 wVIR=0.000 AUX=0.264 w=0.010) ACC=89.697 F1=47.312 Rec=47.429 Prec=48.202

Val    [5/50] LR=0.0005000 loss=2.072 ACC=83.886 F1=83.459 Rec=83.886 Prec=87.361
Val-Known->Virtual [5/50] rate=0.000% prob_mean=0.010313 margin_mean=0.721055
Val-LogitMargin [5/50] TrueKnown-VMax mean=5.7026 std=1.3468 p10=3.9392 p50=5.6962 p90=7.3971

Test-  OSR [5/50] LR=0.0005000 ACC=51.571 F1=54.495 Rec=68.762 Prec=48.175 UNK=0.000 OS*=82.514 HOS=0.000 AUROC=75.779 AUPR=53.845 OSCR=67.780
Test-Close [5/50] LR=0.0005000 loss=2.097 ACC=82.514 F1=82.031 Rec=82.514 Prec=86.067
Test-Virtual [5/50] CloseK->V=0.000% Open->V=0.000% OpenVEntropy=0.000000 CloseHist=[0, 0, 0] OpenHist=[0, 0, 0]
Test-LogitMargin [5/50] CloseTrue-VMax mean=5.6945 std=1.3797 p10=3.8571 p50=5.6778 p90=7.4439 | OpenKnown-VMax mean=5.8120 std=1.6417 p10=3.4552 p50=6.6399 p90=7.5109
AnchorDiag [5/50] VNorm=[1.0000001192092896, 1.0, 0.9999999403953552] VDriftMax=0.000000 Vcos(max/mean)=(0.0000/-0.0000) KVcos(max/mean)=(0.0080/-0.0064) ValK->V=0.00% CloseK->V=0.00% Open->V=0.00% OpenVEntropy=0.0000
Saving model at epoch 5 . . . . . . . .

Train Client0 [6/50] LR=0.0005000 loss=0.452 (CE=0.252 VIR=0.027 wVIR=0.000 AUX=0.200 w=0.010) ACC=91.595 F1=70.215 Rec=70.123 Prec=70.340
Train Client1 [6/50] LR=0.0005000 loss=0.636 (CE=0.338 VIR=0.030 wVIR=0.000 AUX=0.298 w=0.010) ACC=86.873 F1=69.176 Rec=66.245 Prec=76.159
Train Client2 [6/50] LR=0.0005000 loss=0.582 (CE=0.333 VIR=0.079 wVIR=0.001 AUX=0.248 w=0.010) ACC=89.686 F1=62.435 Rec=62.686 Prec=62.434
Train Client3 [6/50] LR=0.0005000 loss=0.686 (CE=0.349 VIR=0.040 wVIR=0.000 AUX=0.337 w=0.010) ACC=89.205 F1=78.516 Rec=78.444 Prec=78.659
Train Client4 [6/50] LR=0.0005000 loss=0.467 (CE=0.243 VIR=0.024 wVIR=0.000 AUX=0.225 w=0.010) ACC=91.616 F1=57.485 Rec=55.930 Prec=62.061
Train Client5 [6/50] LR=0.0005000 loss=0.648 (CE=0.340 VIR=0.046 wVIR=0.000 AUX=0.307 w=0.010) ACC=89.375 F1=68.755 Rec=68.433 Prec=69.212
Train Client6 [6/50] LR=0.0005000 loss=0.958 (CE=0.602 VIR=0.341 wVIR=0.003 AUX=0.353 w=0.010) ACC=85.556 F1=56.586 Rec=58.878 Prec=61.611
Train Client7 [6/50] LR=0.0005000 loss=0.534 (CE=0.285 VIR=0.031 wVIR=0.000 AUX=0.248 w=0.010) ACC=90.758 F1=53.280 Rec=51.478 Prec=61.689

Val    [6/50] LR=0.0005000 loss=2.054 ACC=81.314 F1=79.466 Rec=81.314 Prec=87.103
Val-Known->Virtual [6/50] rate=0.000% prob_mean=0.011815 margin_mean=0.799530
Val-LogitMargin [6/50] TrueKnown-VMax mean=5.6450 std=1.4274 p10=3.7826 p50=5.6967 p90=7.5062

Test-  OSR [6/50] LR=0.0005000 ACC=49.929 F1=52.882 Rec=66.571 Prec=48.172 UNK=0.000 OS*=79.886 HOS=0.000 AUROC=78.843 AUPR=58.284 OSCR=67.966
Test-Close [6/50] LR=0.0005000 loss=2.076 ACC=79.886 F1=77.805 Rec=79.886 Prec=86.403
Test-Virtual [6/50] CloseK->V=0.000% Open->V=0.000% OpenVEntropy=0.000000 CloseHist=[0, 0, 0] OpenHist=[0, 0, 0]
Test-LogitMargin [6/50] CloseTrue-VMax mean=5.6217 std=1.4473 p10=3.6467 p50=5.6969 p90=7.5589 | OpenKnown-VMax mean=5.6517 std=1.7040 p10=3.3002 p50=6.3267 p90=7.5531
AnchorDiag [6/50] VNorm=[1.0000001192092896, 1.0, 0.9999999403953552] VDriftMax=0.000000 Vcos(max/mean)=(0.0000/-0.0000) KVcos(max/mean)=(0.0116/-0.0067) ValK->V=0.00% CloseK->V=0.00% Open->V=0.00% OpenVEntropy=0.0000
Train Client0 [7/50] LR=0.0005000 loss=0.415 (CE=0.228 VIR=0.035 wVIR=0.000 AUX=0.187 w=0.010) ACC=91.595 F1=87.728 Rec=87.690 Prec=87.786
Train Client1 [7/50] LR=0.0005000 loss=0.608 (CE=0.323 VIR=0.035 wVIR=0.000 AUX=0.284 w=0.010) ACC=87.117 F1=71.383 Rec=68.345 Prec=77.148
Train Client2 [7/50] LR=0.0005000 loss=0.541 (CE=0.309 VIR=0.122 wVIR=0.001 AUX=0.231 w=0.010) ACC=91.255 F1=68.100 Rec=66.817 Prec=72.907
Train Client3 [7/50] LR=0.0005000 loss=0.647 (CE=0.326 VIR=0.039 wVIR=0.000 AUX=0.321 w=0.010) ACC=86.932 F1=64.997 Rec=65.217 Prec=65.241
Train Client4 [7/50] LR=0.0005000 loss=0.463 (CE=0.246 VIR=0.044 wVIR=0.000 AUX=0.216 w=0.010) ACC=90.930 F1=57.902 Rec=56.293 Prec=61.304
Train Client5 [7/50] LR=0.0005000 loss=0.567 (CE=0.304 VIR=0.059 wVIR=0.001 AUX=0.262 w=0.010) ACC=90.446 F1=69.845 Rec=69.195 Prec=70.688
Train Client6 [7/50] LR=0.0005000 loss=0.656 (CE=0.434 VIR=0.362 wVIR=0.004 AUX=0.218 w=0.010) ACC=86.389 F1=64.561 Rec=68.771 Prec=65.166
Train Client7 [7/50] LR=0.0005000 loss=0.399 (CE=0.212 VIR=0.039 wVIR=0.000 AUX=0.186 w=0.010) ACC=93.030 F1=61.975 Rec=59.661 Prec=66.212

Val    [7/50] LR=0.0005000 loss=1.939 ACC=87.829 F1=87.577 Rec=87.829 Prec=90.077
Val-Known->Virtual [7/50] rate=0.000% prob_mean=0.010038 margin_mean=0.820405
Val-LogitMargin [7/50] TrueKnown-VMax mean=6.1291 std=1.5133 p10=4.0453 p50=6.2704 p90=7.9852

Test-  OSR [7/50] LR=0.0005000 ACC=54.821 F1=57.946 Rec=73.095 Prec=49.991 UNK=0.000 OS*=87.714 HOS=0.000 AUROC=82.100 AUPR=64.538 OSCR=76.093
Test-Close [7/50] LR=0.0005000 loss=1.965 ACC=87.714 F1=87.532 Rec=87.714 Prec=89.764
Test-Virtual [7/50] CloseK->V=0.000% Open->V=0.000% OpenVEntropy=0.000000 CloseHist=[0, 0, 0] OpenHist=[0, 0, 0]
Test-LogitMargin [7/50] CloseTrue-VMax mean=6.0929 std=1.5485 p10=3.8952 p50=6.2860 p90=7.9561 | OpenKnown-VMax mean=5.9500 std=1.9524 p10=3.1326 p50=6.8883 p90=7.9363
AnchorDiag [7/50] VNorm=[1.0000001192092896, 1.0, 0.9999999403953552] VDriftMax=0.000000 Vcos(max/mean)=(0.0000/-0.0000) KVcos(max/mean)=(0.0146/-0.0064) ValK->V=0.00% CloseK->V=0.00% Open->V=0.00% OpenVEntropy=0.0000
Saving best model . . . . . . . .

Train Client0 [8/50] LR=0.0005000 loss=0.369 (CE=0.210 VIR=0.065 wVIR=0.001 AUX=0.158 w=0.010) ACC=93.157 F1=71.981 Rec=72.035 Prec=71.934
Train Client1 [8/50] LR=0.0005000 loss=0.542 (CE=0.289 VIR=0.050 wVIR=0.000 AUX=0.253 w=0.010) ACC=89.032 F1=75.936 Rec=73.100 Prec=80.818
Train Client2 [8/50] LR=0.0005000 loss=0.471 (CE=0.265 VIR=0.140 wVIR=0.001 AUX=0.205 w=0.010) ACC=91.635 F1=70.099 Rec=69.549 Prec=73.636
Train Client3 [8/50] LR=0.0005000 loss=0.513 (CE=0.259 VIR=0.040 wVIR=0.000 AUX=0.253 w=0.010) ACC=90.152 F1=69.984 Rec=70.221 Prec=69.783
Train Client4 [8/50] LR=0.0005000 loss=0.357 (CE=0.195 VIR=0.051 wVIR=0.001 AUX=0.161 w=0.010) ACC=92.835 F1=67.246 Rec=66.003 Prec=69.301
Train Client5 [8/50] LR=0.0005000 loss=0.486 (CE=0.263 VIR=0.087 wVIR=0.001 AUX=0.222 w=0.010) ACC=91.786 F1=70.262 Rec=69.808 Prec=70.867
Train Client6 [8/50] LR=0.0005000 loss=0.789 (CE=0.528 VIR=0.528 wVIR=0.005 AUX=0.255 w=0.010) ACC=84.722 F1=59.442 Rec=61.860 Prec=58.952
Train Client7 [8/50] LR=0.0005000 loss=0.454 (CE=0.237 VIR=0.057 wVIR=0.001 AUX=0.216 w=0.010) ACC=92.273 F1=60.636 Rec=58.054 Prec=65.291

Val    [8/50] LR=0.0005000 loss=1.911 ACC=91.143 F1=91.015 Rec=91.143 Prec=92.429
Val-Known->Virtual [8/50] rate=0.000% prob_mean=0.025343 margin_mean=0.816756
Val-LogitMargin [8/50] TrueKnown-VMax mean=5.5450 std=1.9201 p10=3.2217 p50=5.1829 p90=8.1048

Test-  OSR [8/50] LR=0.0005000 ACC=56.786 F1=61.472 Rec=75.714 Prec=54.685 UNK=0.000 OS*=90.857 HOS=0.000 AUROC=82.783 AUPR=71.082 OSCR=78.299
Test-Close [8/50] LR=0.0005000 loss=1.927 ACC=90.857 F1=90.753 Rec=90.857 Prec=92.072
Test-Virtual [8/50] CloseK->V=0.000% Open->V=0.000% OpenVEntropy=0.000000 CloseHist=[0, 0, 0] OpenHist=[0, 0, 0]
Test-LogitMargin [8/50] CloseTrue-VMax mean=5.5274 std=1.9477 p10=3.1521 p50=5.1585 p90=8.0797 | OpenKnown-VMax mean=5.8972 std=2.3824 p10=2.4307 p50=6.9406 p90=8.4177
AnchorDiag [8/50] VNorm=[1.0000001192092896, 1.0, 0.9999999403953552] VDriftMax=0.000000 Vcos(max/mean)=(0.0000/-0.0000) KVcos(max/mean)=(0.0154/-0.0061) ValK->V=0.00% CloseK->V=0.00% Open->V=0.00% OpenVEntropy=0.0000
Saving best model . . . . . . . .

Train Client0 [9/50] LR=0.0005000 loss=0.380 (CE=0.207 VIR=0.077 wVIR=0.001 AUX=0.172 w=0.010) ACC=93.481 F1=90.337 Rec=90.301 Prec=90.394
Train Client1 [9/50] LR=0.0005000 loss=0.526 (CE=0.282 VIR=0.072 wVIR=0.001 AUX=0.244 w=0.010) ACC=90.007 F1=77.104 Rec=74.169 Prec=82.049
Train Client2 [9/50] LR=0.0005000 loss=0.431 (CE=0.242 VIR=0.138 wVIR=0.001 AUX=0.188 w=0.010) ACC=92.158 F1=71.428 Rec=70.669 Prec=73.974
Train Client3 [9/50] LR=0.0005000 loss=0.553 (CE=0.273 VIR=0.097 wVIR=0.001 AUX=0.278 w=0.010) ACC=90.530 F1=71.614 Rec=71.757 Prec=71.556
Train Client4 [9/50] LR=0.0005000 loss=0.331 (CE=0.173 VIR=0.062 wVIR=0.001 AUX=0.158 w=0.010) ACC=93.598 F1=71.523 Rec=67.468 Prec=79.850
Train Client5 [9/50] LR=0.0005000 loss=0.480 (CE=0.258 VIR=0.126 wVIR=0.001 AUX=0.220 w=0.010) ACC=91.607 F1=70.750 Rec=70.410 Prec=71.190
Train Client6 [9/50] LR=0.0005000 loss=0.580 (CE=0.359 VIR=0.384 wVIR=0.004 AUX=0.218 w=0.010) ACC=87.778 F1=70.742 Rec=71.816 Prec=71.534
Train Client7 [9/50] LR=0.0005000 loss=0.341 (CE=0.183 VIR=0.068 wVIR=0.001 AUX=0.158 w=0.010) ACC=93.030 F1=75.604 Rec=80.797 Prec=74.184

Val    [9/50] LR=0.0005000 loss=1.888 ACC=90.857 F1=90.673 Rec=90.857 Prec=92.627
Val-Known->Virtual [9/50] rate=0.000% prob_mean=0.026422 margin_mean=0.839777
Val-LogitMargin [9/50] TrueKnown-VMax mean=5.5592 std=1.9009 p10=3.2843 p50=5.2531 p90=8.1216

Test-  OSR [9/50] LR=0.0005000 ACC=57.179 F1=61.539 Rec=76.238 Prec=54.687 UNK=0.000 OS*=91.486 HOS=0.000 AUROC=79.369 AUPR=61.816 OSCR=75.696
Test-Close [9/50] LR=0.0005000 loss=1.902 ACC=91.486 F1=91.355 Rec=91.486 Prec=92.834
Test-Virtual [9/50] CloseK->V=0.000% Open->V=0.000% OpenVEntropy=0.000000 CloseHist=[0, 0, 0] OpenHist=[0, 0, 0]
Test-LogitMargin [9/50] CloseTrue-VMax mean=5.5418 std=1.9439 p10=3.1991 p50=5.2681 p90=8.1543 | OpenKnown-VMax mean=5.6396 std=2.3899 p10=2.2224 p50=6.8219 p90=8.0864
AnchorDiag [9/50] VNorm=[1.0000001192092896, 1.0, 0.9999999403953552] VDriftMax=0.000000 Vcos(max/mean)=(0.0000/-0.0000) KVcos(max/mean)=(0.0178/-0.0060) ValK->V=0.00% CloseK->V=0.00% Open->V=0.00% OpenVEntropy=0.0000
Train Client0 [10/50] LR=0.0005000 loss=0.348 (CE=0.190 VIR=0.096 wVIR=0.001 AUX=0.158 w=0.010) ACC=94.127 F1=91.444 Rec=91.487 Prec=91.406
Train Client1 [10/50] LR=0.0005000 loss=0.492 (CE=0.266 VIR=0.091 wVIR=0.001 AUX=0.225 w=0.010) ACC=89.903 F1=78.419 Rec=75.703 Prec=82.586
Train Client2 [10/50] LR=0.0005000 loss=0.452 (CE=0.249 VIR=0.231 wVIR=0.002 AUX=0.200 w=0.010) ACC=92.300 F1=69.185 Rec=69.194 Prec=70.929
Train Client3 [10/50] LR=0.0005000 loss=0.515 (CE=0.258 VIR=0.067 wVIR=0.001 AUX=0.257 w=0.010) ACC=92.045 F1=75.856 Rec=75.255 Prec=76.978
Train Client4 [10/50] LR=0.0005000 loss=0.292 (CE=0.163 VIR=0.087 wVIR=0.001 AUX=0.128 w=0.010) ACC=93.826 F1=69.772 Rec=69.314 Prec=70.359
Train Client5 [10/50] LR=0.0005000 loss=0.462 (CE=0.246 VIR=0.153 wVIR=0.002 AUX=0.214 w=0.010) ACC=92.054 F1=71.262 Rec=70.799 Prec=71.883
Train Client6 [10/50] LR=0.0005000 loss=0.580 (CE=0.356 VIR=0.576 wVIR=0.006 AUX=0.219 w=0.010) ACC=90.278 F1=82.637 Rec=85.877 Prec=80.425
Train Client7 [10/50] LR=0.0005000 loss=0.369 (CE=0.205 VIR=0.096 wVIR=0.001 AUX=0.162 w=0.010) ACC=93.030 F1=62.771 Rec=60.027 Prec=67.407

Val    [10/50] LR=0.0005000 loss=1.925 ACC=89.657 F1=89.349 Rec=89.657 Prec=91.874
Val-Known->Virtual [10/50] rate=0.000% prob_mean=0.033553 margin_mean=0.834074
Val-LogitMargin [10/50] TrueKnown-VMax mean=5.4624 std=2.1171 p10=2.9986 p50=4.9338 p90=8.4342

Test-  OSR [10/50] LR=0.0005000 ACC=56.214 F1=60.175 Rec=74.952 Prec=52.861 UNK=0.000 OS*=89.943 HOS=0.000 AUROC=79.248 AUPR=65.177 OSCR=74.213
Test-Close [10/50] LR=0.0005000 loss=1.929 ACC=89.943 F1=89.711 Rec=89.943 Prec=91.915
Test-Virtual [10/50] CloseK->V=0.000% Open->V=0.000% OpenVEntropy=0.000000 CloseHist=[0, 0, 0] OpenHist=[0, 0, 0]
Test-LogitMargin [10/50] CloseTrue-VMax mean=5.4523 std=2.1461 p10=2.9431 p50=4.9265 p90=8.4758 | OpenKnown-VMax mean=5.6634 std=2.4908 p10=2.1005 p50=6.8856 p90=8.2078
AnchorDiag [10/50] VNorm=[1.0000001192092896, 1.0, 0.9999999403953552] VDriftMax=0.000000 Vcos(max/mean)=(0.0000/-0.0000) KVcos(max/mean)=(0.0201/-0.0053) ValK->V=0.00% CloseK->V=0.00% Open->V=0.00% OpenVEntropy=0.0000
Saving model at epoch 10 . . . . . . . .

>> New learning Rate: 0.00025
Train Client0 [11/50] LR=0.0002500 loss=0.166 (CE=0.093 VIR=0.054 wVIR=0.001 AUX=0.072 w=0.010) ACC=97.252 F1=76.723 Rec=76.723 Prec=76.729
Train Client1 [11/50] LR=0.0002500 loss=0.334 (CE=0.177 VIR=0.090 wVIR=0.001 AUX=0.155 w=0.010) ACC=93.315 F1=87.120 Rec=85.257 Prec=89.884
Train Client2 [11/50] LR=0.0002500 loss=0.323 (CE=0.185 VIR=0.119 wVIR=0.001 AUX=0.138 w=0.010) ACC=94.011 F1=76.064 Rec=75.350 Prec=78.827
Train Client3 [11/50] LR=0.0002500 loss=0.367 (CE=0.185 VIR=0.102 wVIR=0.001 AUX=0.181 w=0.010) ACC=94.886 F1=84.407 Rec=84.319 Prec=84.773
Train Client4 [11/50] LR=0.0002500 loss=0.249 (CE=0.144 VIR=0.101 wVIR=0.001 AUX=0.104 w=0.010) ACC=94.512 F1=72.175 Rec=72.473 Prec=72.315
Train Client5 [11/50] LR=0.0002500 loss=0.312 (CE=0.171 VIR=0.114 wVIR=0.001 AUX=0.140 w=0.010) ACC=94.464 F1=83.978 Rec=83.636 Prec=84.360
Train Client6 [11/50] LR=0.0002500 loss=0.477 (CE=0.353 VIR=0.595 wVIR=0.006 AUX=0.118 w=0.010) ACC=90.833 F1=81.188 Rec=88.520 Prec=77.481
Train Client7 [11/50] LR=0.0002500 loss=0.235 (CE=0.130 VIR=0.095 wVIR=0.001 AUX=0.104 w=0.010) ACC=95.455 F1=68.883 Rec=67.847 Prec=70.365

Val    [11/50] LR=0.0002500 loss=1.872 ACC=91.257 F1=91.037 Rec=91.257 Prec=93.070
Val-Known->Virtual [11/50] rate=0.000% prob_mean=0.029116 margin_mean=0.890609
Val-LogitMargin [11/50] TrueKnown-VMax mean=5.6929 std=2.0287 p10=3.2022 p50=5.3781 p90=8.5481

Test-  OSR [11/50] LR=0.0002500 ACC=57.036 F1=60.710 Rec=76.048 Prec=52.421 UNK=0.000 OS*=91.257 HOS=0.000 AUROC=80.932 AUPR=73.497 OSCR=76.221
Test-Close [11/50] LR=0.0002500 loss=1.876 ACC=91.257 F1=91.102 Rec=91.257 Prec=92.764
Test-Virtual [11/50] CloseK->V=0.000% Open->V=0.000% OpenVEntropy=0.000000 CloseHist=[0, 0, 0] OpenHist=[0, 0, 0]
Test-LogitMargin [11/50] CloseTrue-VMax mean=5.6823 std=2.0643 p10=3.0760 p50=5.4270 p90=8.5361 | OpenKnown-VMax mean=5.5044 std=2.8304 p10=1.4087 p50=6.8329 p90=8.4230
AnchorDiag [11/50] VNorm=[1.0000001192092896, 1.0, 0.9999999403953552] VDriftMax=0.000000 Vcos(max/mean)=(0.0000/-0.0000) KVcos(max/mean)=(0.0219/-0.0049) ValK->V=0.00% CloseK->V=0.00% Open->V=0.00% OpenVEntropy=0.0000
Train Client0 [12/50] LR=0.0002500 loss=0.160 (CE=0.090 VIR=0.059 wVIR=0.001 AUX=0.069 w=0.010) ACC=97.091 F1=95.632 Rec=95.617 Prec=95.651
Train Client1 [12/50] LR=0.0002500 loss=0.309 (CE=0.166 VIR=0.113 wVIR=0.001 AUX=0.142 w=0.010) ACC=93.524 F1=85.644 Rec=83.826 Prec=88.053
Train Client2 [12/50] LR=0.0002500 loss=0.313 (CE=0.178 VIR=0.186 wVIR=0.002 AUX=0.133 w=0.010) ACC=94.059 F1=77.716 Rec=77.320 Prec=79.389
Train Client3 [12/50] LR=0.0002500 loss=0.289 (CE=0.146 VIR=0.088 wVIR=0.001 AUX=0.141 w=0.010) ACC=94.697 F1=80.438 Rec=81.616 Prec=79.707
Train Client4 [12/50] LR=0.0002500 loss=0.216 (CE=0.126 VIR=0.107 wVIR=0.001 AUX=0.088 w=0.010) ACC=95.046 F1=76.317 Rec=75.975 Prec=76.731
Train Client5 [12/50] LR=0.0002500 loss=0.251 (CE=0.134 VIR=0.136 wVIR=0.001 AUX=0.115 w=0.010) ACC=95.625 F1=75.693 Rec=75.449 Prec=75.945
Train Client6 [12/50] LR=0.0002500 loss=0.399 (CE=0.330 VIR=0.591 wVIR=0.006 AUX=0.063 w=0.010) ACC=89.167 F1=78.618 Rec=89.075 Prec=73.174
Train Client7 [12/50] LR=0.0002500 loss=0.201 (CE=0.117 VIR=0.136 wVIR=0.001 AUX=0.083 w=0.010) ACC=96.818 F1=82.614 Rec=91.580 Prec=80.666

Val    [12/50] LR=0.0002500 loss=1.842 ACC=92.914 F1=92.786 Rec=92.914 Prec=94.224
Val-Known->Virtual [12/50] rate=0.000% prob_mean=0.036276 margin_mean=0.891192
Val-LogitMargin [12/50] TrueKnown-VMax mean=5.3831 std=1.9328 p10=3.0512 p50=5.0420 p90=8.0945

Test-  OSR [12/50] LR=0.0002500 ACC=58.607 F1=62.243 Rec=77.984 Prec=70.113 UNK=0.476 OS*=93.486 HOS=0.948 AUROC=78.507 AUPR=72.357 OSCR=75.214
Test-Close [12/50] LR=0.0002500 loss=1.840 ACC=93.486 F1=93.414 Rec=93.486 Prec=94.433
Test-Virtual [12/50] CloseK->V=0.000% Open->V=0.476% OpenVEntropy=-0.000000 CloseHist=[0, 0, 0] OpenHist=[0, 5, 0]
Test-LogitMargin [12/50] CloseTrue-VMax mean=5.3803 std=1.9722 p10=2.9278 p50=5.0373 p90=8.1060 | OpenKnown-VMax mean=5.2766 std=2.7653 p10=1.2235 p50=6.5889 p90=8.0609
AnchorDiag [12/50] VNorm=[1.0000001192092896, 1.0, 0.9999999403953552] VDriftMax=0.000000 Vcos(max/mean)=(0.0000/-0.0000) KVcos(max/mean)=(0.0229/-0.0044) ValK->V=0.00% CloseK->V=0.00% Open->V=0.48% OpenVEntropy=-0.0000
Train Client0 [13/50] LR=0.0002500 loss=0.139 (CE=0.078 VIR=0.080 wVIR=0.001 AUX=0.060 w=0.010) ACC=97.198 F1=95.801 Rec=95.799 Prec=95.803
Train Client1 [13/50] LR=0.0002500 loss=0.302 (CE=0.161 VIR=0.136 wVIR=0.001 AUX=0.139 w=0.010) ACC=94.220 F1=88.089 Rec=86.730 Prec=89.814
Train Client2 [13/50] LR=0.0002500 loss=0.297 (CE=0.163 VIR=0.151 wVIR=0.002 AUX=0.132 w=0.010) ACC=94.249 F1=76.036 Rec=75.720 Prec=79.890
Train Client3 [13/50] LR=0.0002500 loss=0.239 (CE=0.120 VIR=0.079 wVIR=0.001 AUX=0.118 w=0.010) ACC=95.265 F1=87.046 Rec=88.008 Prec=86.245
Train Client4 [13/50] LR=0.0002500 loss=0.246 (CE=0.148 VIR=0.196 wVIR=0.002 AUX=0.096 w=0.010) ACC=94.284 F1=74.360 Rec=76.398 Prec=72.951
Train Client5 [13/50] LR=0.0002500 loss=0.248 (CE=0.138 VIR=0.198 wVIR=0.002 AUX=0.108 w=0.010) ACC=95.000 F1=82.015 Rec=84.430 Prec=80.783
Train Client6 [13/50] LR=0.0002500 loss=0.290 (CE=0.212 VIR=0.384 wVIR=0.004 AUX=0.074 w=0.010) ACC=93.056 F1=85.020 Rec=91.824 Prec=80.322
Train Client7 [13/50] LR=0.0002500 loss=0.217 (CE=0.118 VIR=0.172 wVIR=0.002 AUX=0.097 w=0.010) ACC=95.682 F1=79.274 Rec=88.842 Prec=76.702

Val    [13/50] LR=0.0002500 loss=1.839 ACC=93.714 F1=93.619 Rec=93.714 Prec=94.790
Val-Known->Virtual [13/50] rate=0.000% prob_mean=0.044415 margin_mean=0.884778
Val-LogitMargin [13/50] TrueKnown-VMax mean=5.2086 std=2.0041 p10=2.8917 p50=4.7478 p90=8.0529

Test-  OSR [13/50] LR=0.0002500 ACC=59.036 F1=62.840 Rec=78.619 Prec=70.849 UNK=0.286 OS*=94.286 HOS=0.570 AUROC=77.363 AUPR=70.923 OSCR=74.382
Test-Close [13/50] LR=0.0002500 loss=1.834 ACC=94.286 F1=94.227 Rec=94.286 Prec=95.124
Test-Virtual [13/50] CloseK->V=0.000% Open->V=0.286% OpenVEntropy=-0.000000 CloseHist=[0, 0, 0] OpenHist=[0, 3, 0]
Test-LogitMargin [13/50] CloseTrue-VMax mean=5.2043 std=2.0110 p10=2.7731 p50=4.7901 p90=8.0326 | OpenKnown-VMax mean=5.1984 std=2.7228 p10=1.2557 p50=6.4610 p90=7.9718
AnchorDiag [13/50] VNorm=[1.0000001192092896, 1.0, 0.9999999403953552] VDriftMax=0.000000 Vcos(max/mean)=(0.0000/-0.0000) KVcos(max/mean)=(0.0241/-0.0040) ValK->V=0.00% CloseK->V=0.00% Open->V=0.29% OpenVEntropy=-0.0000
Train Client0 [14/50] LR=0.0002500 loss=0.145 (CE=0.085 VIR=0.109 wVIR=0.001 AUX=0.059 w=0.010) ACC=97.198 F1=95.904 Rec=95.988 Prec=95.822
Train Client1 [14/50] LR=0.0002500 loss=0.277 (CE=0.146 VIR=0.133 wVIR=0.001 AUX=0.130 w=0.010) ACC=94.777 F1=89.794 Rec=87.779 Prec=92.829
Train Client2 [14/50] LR=0.0002500 loss=0.268 (CE=0.149 VIR=0.186 wVIR=0.002 AUX=0.118 w=0.010) ACC=94.867 F1=79.514 Rec=78.693 Prec=81.889
Train Client3 [14/50] LR=0.0002500 loss=0.284 (CE=0.158 VIR=0.141 wVIR=0.001 AUX=0.125 w=0.010) ACC=93.939 F1=79.399 Rec=79.871 Prec=79.293
Train Client4 [14/50] LR=0.0002500 loss=0.214 (CE=0.128 VIR=0.193 wVIR=0.002 AUX=0.084 w=0.010) ACC=95.046 F1=76.855 Rec=79.359 Prec=75.440
Train Client5 [14/50] LR=0.0002500 loss=0.214 (CE=0.121 VIR=0.198 wVIR=0.002 AUX=0.091 w=0.010) ACC=96.071 F1=75.824 Rec=75.628 Prec=76.034
Train Client6 [14/50] LR=0.0002500 loss=0.285 (CE=0.225 VIR=0.689 wVIR=0.007 AUX=0.053 w=0.010) ACC=93.056 F1=82.291 Rec=87.713 Prec=79.831
Train Client7 [14/50] LR=0.0002500 loss=0.195 (CE=0.108 VIR=0.210 wVIR=0.002 AUX=0.085 w=0.010) ACC=96.364 F1=84.917 Rec=90.125 Prec=83.308

Val    [14/50] LR=0.0002500 loss=1.805 ACC=95.257 F1=95.229 Rec=95.257 Prec=95.677
Val-Known->Virtual [14/50] rate=0.000% prob_mean=0.045832 margin_mean=0.883092
Val-LogitMargin [14/50] TrueKnown-VMax mean=4.9634 std=1.7592 p10=2.9506 p50=4.5284 p90=7.4792

Test-  OSR [14/50] LR=0.0002500 ACC=59.929 F1=64.295 Rec=79.683 Prec=72.691 UNK=0.667 OS*=95.486 HOS=1.324 AUROC=73.538 AUPR=67.847 OSCR=71.571
Test-Close [14/50] LR=0.0002500 loss=1.803 ACC=95.486 F1=95.468 Rec=95.486 Prec=95.827
Test-Virtual [14/50] CloseK->V=0.000% Open->V=0.667% OpenVEntropy=-0.000000 CloseHist=[0, 0, 0] OpenHist=[0, 7, 0]
Test-LogitMargin [14/50] CloseTrue-VMax mean=4.9636 std=1.7787 p10=2.8598 p50=4.5280 p90=7.5108 | OpenKnown-VMax mean=4.9287 std=2.4507 p10=1.4309 p50=6.1278 p90=7.4126
AnchorDiag [14/50] VNorm=[1.0000001192092896, 1.0, 0.9999999403953552] VDriftMax=0.000000 Vcos(max/mean)=(0.0000/-0.0000) KVcos(max/mean)=(0.0250/-0.0037) ValK->V=0.00% CloseK->V=0.00% Open->V=0.67% OpenVEntropy=-0.0000
Train Client0 [15/50] LR=0.0002500 loss=0.151 (CE=0.086 VIR=0.187 wVIR=0.002 AUX=0.063 w=0.010) ACC=97.037 F1=76.766 Rec=76.849 Prec=76.693
Train Client1 [15/50] LR=0.0002500 loss=0.264 (CE=0.140 VIR=0.161 wVIR=0.002 AUX=0.123 w=0.010) ACC=95.056 F1=88.761 Rec=86.905 Prec=91.283
Train Client2 [15/50] LR=0.0002500 loss=0.263 (CE=0.146 VIR=0.249 wVIR=0.002 AUX=0.115 w=0.010) ACC=94.914 F1=79.928 Rec=78.917 Prec=82.634
Train Client3 [15/50] LR=0.0002500 loss=0.259 (CE=0.136 VIR=0.140 wVIR=0.001 AUX=0.121 w=0.010) ACC=95.265 F1=85.892 Rec=88.377 Prec=84.433
Train Client4 [15/50] LR=0.0002500 loss=0.194 (CE=0.117 VIR=0.182 wVIR=0.002 AUX=0.075 w=0.010) ACC=95.808 F1=83.085 Rec=87.533 Prec=80.771
Train Client5 [15/50] LR=0.0002500 loss=0.194 (CE=0.106 VIR=0.245 wVIR=0.002 AUX=0.085 w=0.010) ACC=96.607 F1=89.841 Rec=91.481 Prec=88.535
Train Client6 [15/50] LR=0.0002500 loss=0.301 (CE=0.206 VIR=0.619 wVIR=0.006 AUX=0.089 w=0.010) ACC=93.611 F1=90.080 Rec=93.306 Prec=87.526
Train Client7 [15/50] LR=0.0002500 loss=0.178 (CE=0.099 VIR=0.240 wVIR=0.002 AUX=0.077 w=0.010) ACC=96.970 F1=83.260 Rec=92.268 Prec=81.142

Val    [15/50] LR=0.0002500 loss=1.815 ACC=95.029 F1=94.981 Rec=95.029 Prec=95.709
Val-Known->Virtual [15/50] rate=0.000% prob_mean=0.047092 margin_mean=0.886266
Val-LogitMargin [15/50] TrueKnown-VMax mean=5.0574 std=1.8497 p10=2.8987 p50=4.7541 p90=7.7537

Test-  OSR [15/50] LR=0.0002500 ACC=59.750 F1=64.090 Rec=79.381 Prec=72.363 UNK=0.857 OS*=95.086 HOS=1.699 AUROC=76.609 AUPR=72.859 OSCR=74.083
Test-Close [15/50] LR=0.0002500 loss=1.811 ACC=95.086 F1=95.050 Rec=95.086 Prec=95.648
Test-Virtual [15/50] CloseK->V=0.000% Open->V=0.857% OpenVEntropy=0.482159 CloseHist=[0, 0, 0] OpenHist=[0, 7, 2]
Test-LogitMargin [15/50] CloseTrue-VMax mean=5.0514 std=1.8598 p10=2.7474 p50=4.7795 p90=7.7655 | OpenKnown-VMax mean=4.9208 std=2.5854 p10=1.1234 p50=6.0098 p90=7.5803
AnchorDiag [15/50] VNorm=[1.0000001192092896, 1.0, 0.9999999403953552] VDriftMax=0.000000 Vcos(max/mean)=(0.0000/-0.0000) KVcos(max/mean)=(0.0260/-0.0035) ValK->V=0.00% CloseK->V=0.00% Open->V=0.86% OpenVEntropy=0.4822
Saving model at epoch 15 . . . . . . . .

Train Client0 [16/50] LR=0.0002500 loss=0.116 (CE=0.068 VIR=0.101 wVIR=0.001 AUX=0.047 w=0.010) ACC=97.575 F1=96.361 Rec=96.387 Prec=96.335
Train Client1 [16/50] LR=0.0002500 loss=0.265 (CE=0.142 VIR=0.190 wVIR=0.002 AUX=0.121 w=0.010) ACC=94.916 F1=88.534 Rec=86.985 Prec=90.504
Train Client2 [16/50] LR=0.0002500 loss=0.245 (CE=0.125 VIR=0.202 wVIR=0.002 AUX=0.117 w=0.010) ACC=94.867 F1=81.431 Rec=80.703 Prec=83.074
Train Client3 [16/50] LR=0.0002500 loss=0.206 (CE=0.107 VIR=0.130 wVIR=0.001 AUX=0.097 w=0.010) ACC=96.970 F1=88.624 Rec=86.627 Prec=91.786
Train Client4 [16/50] LR=0.0002500 loss=0.192 (CE=0.114 VIR=0.174 wVIR=0.002 AUX=0.077 w=0.010) ACC=96.265 F1=79.252 Rec=80.326 Prec=78.360
Train Client5 [16/50] LR=0.0002500 loss=0.228 (CE=0.131 VIR=0.243 wVIR=0.002 AUX=0.095 w=0.010) ACC=97.054 F1=77.049 Rec=77.204 Prec=76.897
Train Client6 [16/50] LR=0.0002500 loss=0.251 (CE=0.184 VIR=0.693 wVIR=0.007 AUX=0.060 w=0.010) ACC=94.444 F1=88.428 Rec=93.566 Prec=84.659
Train Client7 [16/50] LR=0.0002500 loss=0.182 (CE=0.100 VIR=0.236 wVIR=0.002 AUX=0.079 w=0.010) ACC=96.894 F1=72.757 Rec=72.027 Prec=73.772

Val    [16/50] LR=0.0002500 loss=1.819 ACC=94.457 F1=94.380 Rec=94.457 Prec=95.398
Val-Known->Virtual [16/50] rate=0.000% prob_mean=0.045758 margin_mean=0.896476
Val-LogitMargin [16/50] TrueKnown-VMax mean=4.9848 std=1.8104 p10=3.0034 p50=4.5061 p90=7.7309

Test-  OSR [16/50] LR=0.0002500 ACC=59.643 F1=63.787 Rec=79.206 Prec=71.952 UNK=0.952 OS*=94.857 HOS=1.886 AUROC=73.576 AUPR=69.267 OSCR=71.031
Test-Close [16/50] LR=0.0002500 loss=1.814 ACC=94.857 F1=94.811 Rec=94.857 Prec=95.542
Test-Virtual [16/50] CloseK->V=0.000% Open->V=0.952% OpenVEntropy=0.556033 CloseHist=[0, 0, 0] OpenHist=[0, 3, 7]
Test-LogitMargin [16/50] CloseTrue-VMax mean=4.9736 std=1.8124 p10=2.9195 p50=4.5522 p90=7.6887 | OpenKnown-VMax mean=4.9537 std=2.5507 p10=1.3522 p50=6.0037 p90=7.6259
AnchorDiag [16/50] VNorm=[1.0000001192092896, 1.0, 0.9999999403953552] VDriftMax=0.000000 Vcos(max/mean)=(0.0000/-0.0000) KVcos(max/mean)=(0.0263/-0.0031) ValK->V=0.00% CloseK->V=0.00% Open->V=0.95% OpenVEntropy=0.5560
Train Client0 [17/50] LR=0.0002500 loss=0.101 (CE=0.061 VIR=0.154 wVIR=0.002 AUX=0.039 w=0.010) ACC=98.006 F1=77.851 Rec=77.882 Prec=77.823
Train Client1 [17/50] LR=0.0002500 loss=0.245 (CE=0.131 VIR=0.198 wVIR=0.002 AUX=0.112 w=0.010) ACC=94.916 F1=88.476 Rec=87.469 Prec=89.807
Train Client2 [17/50] LR=0.0002500 loss=0.235 (CE=0.129 VIR=0.236 wVIR=0.002 AUX=0.104 w=0.010) ACC=95.342 F1=81.632 Rec=80.639 Prec=84.317
Train Client3 [17/50] LR=0.0002500 loss=0.228 (CE=0.122 VIR=0.141 wVIR=0.001 AUX=0.105 w=0.010) ACC=96.591 F1=88.323 Rec=86.395 Prec=91.348
Train Client4 [17/50] LR=0.0002500 loss=0.202 (CE=0.119 VIR=0.250 wVIR=0.003 AUX=0.081 w=0.010) ACC=95.960 F1=82.022 Rec=83.313 Prec=80.959
Train Client5 [17/50] LR=0.0002500 loss=0.205 (CE=0.114 VIR=0.212 wVIR=0.002 AUX=0.089 w=0.010) ACC=96.429 F1=82.573 Rec=80.433 Prec=86.469
Train Client6 [17/50] LR=0.0002500 loss=0.265 (CE=0.178 VIR=0.775 wVIR=0.008 AUX=0.080 w=0.010) ACC=95.278 F1=89.378 Rec=93.082 Prec=87.025
Train Client7 [17/50] LR=0.0002500 loss=0.196 (CE=0.112 VIR=0.310 wVIR=0.003 AUX=0.081 w=0.010) ACC=96.894 F1=82.373 Rec=90.758 Prec=81.028

Val    [17/50] LR=0.0002500 loss=1.798 ACC=95.771 F1=95.738 Rec=95.771 Prec=96.328
Val-Known->Virtual [17/50] rate=0.000% prob_mean=0.048487 margin_mean=0.893975
Val-LogitMargin [17/50] TrueKnown-VMax mean=5.0432 std=1.9359 p10=3.0181 p50=4.2831 p90=7.9880

Test-  OSR [17/50] LR=0.0002500 ACC=60.250 F1=65.179 Rec=80.111 Prec=74.070 UNK=0.667 OS*=96.000 HOS=1.324 AUROC=74.383 AUPR=71.936 OSCR=72.255
Test-Close [17/50] LR=0.0002500 loss=1.796 ACC=96.000 F1=95.975 Rec=96.000 Prec=96.428
Test-Virtual [17/50] CloseK->V=0.000% Open->V=0.667% OpenVEntropy=-0.000000 CloseHist=[0, 0, 0] OpenHist=[0, 0, 7]
Test-LogitMargin [17/50] CloseTrue-VMax mean=5.0340 std=1.9318 p10=2.9242 p50=4.3591 p90=8.0222 | OpenKnown-VMax mean=5.3214 std=2.5334 p10=1.5359 p50=6.4218 p90=7.9232
AnchorDiag [17/50] VNorm=[1.0000001192092896, 1.0, 0.9999999403953552] VDriftMax=0.000000 Vcos(max/mean)=(0.0000/-0.0000) KVcos(max/mean)=(0.0264/-0.0027) ValK->V=0.00% CloseK->V=0.00% Open->V=0.67% OpenVEntropy=-0.0000
Train Client0 [18/50] LR=0.0002500 loss=0.127 (CE=0.070 VIR=0.125 wVIR=0.001 AUX=0.056 w=0.010) ACC=97.683 F1=77.367 Rec=77.339 Prec=77.395
Train Client1 [18/50] LR=0.0002500 loss=0.262 (CE=0.139 VIR=0.203 wVIR=0.002 AUX=0.122 w=0.010) ACC=94.812 F1=88.609 Rec=87.228 Prec=90.298
Train Client2 [18/50] LR=0.0002500 loss=0.221 (CE=0.117 VIR=0.269 wVIR=0.003 AUX=0.101 w=0.010) ACC=95.532 F1=83.420 Rec=81.886 Prec=86.363
Train Client3 [18/50] LR=0.0002500 loss=0.231 (CE=0.119 VIR=0.138 wVIR=0.001 AUX=0.110 w=0.010) ACC=96.970 F1=88.717 Rec=86.798 Prec=91.655
Train Client4 [18/50] LR=0.0002500 loss=0.175 (CE=0.106 VIR=0.212 wVIR=0.002 AUX=0.066 w=0.010) ACC=96.570 F1=83.848 Rec=87.633 Prec=81.052
Train Client5 [18/50] LR=0.0002500 loss=0.186 (CE=0.104 VIR=0.271 wVIR=0.003 AUX=0.079 w=0.010) ACC=96.161 F1=80.942 Rec=80.876 Prec=81.009
Train Client6 [18/50] LR=0.0002500 loss=0.277 (CE=0.204 VIR=0.671 wVIR=0.007 AUX=0.066 w=0.010) ACC=94.167 F1=85.270 Rec=91.614 Prec=81.775
Train Client7 [18/50] LR=0.0002500 loss=0.219 (CE=0.115 VIR=0.328 wVIR=0.003 AUX=0.100 w=0.010) ACC=95.985 F1=70.039 Rec=68.474 Prec=72.028

Val    [18/50] LR=0.0002500 loss=1.810 ACC=95.314 F1=95.275 Rec=95.314 Prec=95.926
Val-Known->Virtual [18/50] rate=0.000% prob_mean=0.045950 margin_mean=0.887694
Val-LogitMargin [18/50] TrueKnown-VMax mean=5.0733 std=1.8642 p10=2.9847 p50=4.5981 p90=7.8413

Test-  OSR [18/50] LR=0.0002500 ACC=59.643 F1=64.080 Rec=79.397 Prec=72.499 UNK=0.381 OS*=95.200 HOS=0.759 AUROC=77.319 AUPR=72.242 OSCR=74.954
Test-Close [18/50] LR=0.0002500 loss=1.807 ACC=95.200 F1=95.165 Rec=95.200 Prec=95.793
Test-Virtual [18/50] CloseK->V=0.000% Open->V=0.381% OpenVEntropy=-0.000000 CloseHist=[0, 0, 0] OpenHist=[0, 0, 4]
Test-LogitMargin [18/50] CloseTrue-VMax mean=5.0687 std=1.8593 p10=2.8434 p50=4.6475 p90=7.8268 | OpenKnown-VMax mean=5.3288 std=2.4237 p10=1.7758 p50=6.3518 p90=7.8496
AnchorDiag [18/50] VNorm=[1.0000001192092896, 1.0, 0.9999999403953552] VDriftMax=0.000000 Vcos(max/mean)=(0.0000/-0.0000) KVcos(max/mean)=(0.0266/-0.0025) ValK->V=0.00% CloseK->V=0.00% Open->V=0.38% OpenVEntropy=-0.0000
Train Client0 [19/50] LR=0.0002500 loss=0.099 (CE=0.056 VIR=0.126 wVIR=0.001 AUX=0.042 w=0.010) ACC=98.276 F1=78.037 Rec=78.020 Prec=78.061
Train Client1 [19/50] LR=0.0002500 loss=0.225 (CE=0.120 VIR=0.160 wVIR=0.002 AUX=0.103 w=0.010) ACC=95.439 F1=89.814 Rec=89.015 Prec=91.077
Train Client2 [19/50] LR=0.0002500 loss=0.232 (CE=0.120 VIR=0.270 wVIR=0.003 AUX=0.109 w=0.010) ACC=95.342 F1=81.521 Rec=80.811 Prec=83.923
Train Client3 [19/50] LR=0.0002500 loss=0.296 (CE=0.150 VIR=0.182 wVIR=0.002 AUX=0.144 w=0.010) ACC=94.697 F1=81.159 Rec=81.579 Prec=80.946
Train Client4 [19/50] LR=0.0002500 loss=0.190 (CE=0.122 VIR=0.284 wVIR=0.003 AUX=0.065 w=0.010) ACC=96.341 F1=81.718 Rec=85.606 Prec=79.328
Train Client5 [19/50] LR=0.0002500 loss=0.140 (CE=0.079 VIR=0.218 wVIR=0.002 AUX=0.059 w=0.010) ACC=97.679 F1=86.457 Rec=87.432 Prec=85.711
Train Client6 [19/50] LR=0.0002500 loss=0.206 (CE=0.149 VIR=0.753 wVIR=0.008 AUX=0.049 w=0.010) ACC=95.000 F1=85.876 Rec=91.800 Prec=81.758
Train Client7 [19/50] LR=0.0002500 loss=0.191 (CE=0.109 VIR=0.319 wVIR=0.003 AUX=0.079 w=0.010) ACC=96.364 F1=71.758 Rec=71.272 Prec=72.415

Val    [19/50] LR=0.0002500 loss=1.801 ACC=95.886 F1=95.859 Rec=95.886 Prec=96.365
Val-Known->Virtual [19/50] rate=0.000% prob_mean=0.053747 margin_mean=0.884243
Val-LogitMargin [19/50] TrueKnown-VMax mean=4.7824 std=1.7396 p10=2.8473 p50=4.3312 p90=7.4055

Test-  OSR [19/50] LR=0.0002500 ACC=60.429 F1=65.366 Rec=80.317 Prec=74.159 UNK=0.762 OS*=96.229 HOS=1.512 AUROC=74.328 AUPR=71.708 OSCR=72.387
Test-Close [19/50] LR=0.0002500 loss=1.797 ACC=96.229 F1=96.208 Rec=96.229 Prec=96.623
Test-Virtual [19/50] CloseK->V=0.000% Open->V=0.762% OpenVEntropy=-0.000000 CloseHist=[0, 0, 0] OpenHist=[0, 0, 8]
Test-LogitMargin [19/50] CloseTrue-VMax mean=4.7752 std=1.7349 p10=2.7846 p50=4.3867 p90=7.3195 | OpenKnown-VMax mean=4.9480 std=2.3309 p10=1.4637 p50=5.7477 p90=7.4430
AnchorDiag [19/50] VNorm=[1.0000001192092896, 1.0, 0.9999999403953552] VDriftMax=0.000000 Vcos(max/mean)=(0.0000/-0.0000) KVcos(max/mean)=(0.0267/-0.0021) ValK->V=0.00% CloseK->V=0.00% Open->V=0.76% OpenVEntropy=-0.0000
Train Client0 [20/50] LR=0.0002500 loss=0.091 (CE=0.057 VIR=0.140 wVIR=0.001 AUX=0.033 w=0.010) ACC=98.222 F1=78.081 Rec=78.119 Prec=78.044
Train Client1 [20/50] LR=0.0002500 loss=0.230 (CE=0.123 VIR=0.196 wVIR=0.002 AUX=0.105 w=0.010) ACC=95.508 F1=90.945 Rec=90.149 Prec=92.157
Train Client2 [20/50] LR=0.0002500 loss=0.228 (CE=0.126 VIR=0.237 wVIR=0.002 AUX=0.099 w=0.010) ACC=95.580 F1=84.122 Rec=82.595 Prec=86.344
Train Client3 [20/50] LR=0.0002500 loss=0.177 (CE=0.092 VIR=0.144 wVIR=0.001 AUX=0.083 w=0.010) ACC=96.780 F1=89.606 Rec=89.589 Prec=89.638
Train Client4 [20/50] LR=0.0002500 loss=0.188 (CE=0.116 VIR=0.267 wVIR=0.003 AUX=0.070 w=0.010) ACC=95.960 F1=80.328 Rec=83.227 Prec=79.370
Train Client5 [20/50] LR=0.0002500 loss=0.137 (CE=0.074 VIR=0.212 wVIR=0.002 AUX=0.061 w=0.010) ACC=97.679 F1=77.706 Rec=77.604 Prec=77.809
Train Client6 [20/50] LR=0.0002500 loss=0.267 (CE=0.167 VIR=0.861 wVIR=0.009 AUX=0.092 w=0.010) ACC=95.000 F1=90.298 Rec=93.481 Prec=87.788
Train Client7 [20/50] LR=0.0002500 loss=0.133 (CE=0.068 VIR=0.191 wVIR=0.002 AUX=0.063 w=0.010) ACC=97.955 F1=94.775 Rec=94.382 Prec=95.255

Val    [20/50] LR=0.0002500 loss=1.818 ACC=95.143 F1=95.102 Rec=95.143 Prec=95.745
Val-Known->Virtual [20/50] rate=0.000% prob_mean=0.053469 margin_mean=0.888748
Val-LogitMargin [20/50] TrueKnown-VMax mean=4.9560 std=1.9495 p10=2.8104 p50=4.3938 p90=7.8829

Test-  OSR [20/50] LR=0.0002500 ACC=60.357 F1=65.023 Rec=79.905 Prec=73.145 UNK=1.714 OS*=95.543 HOS=3.368 AUROC=77.250 AUPR=73.137 OSCR=74.745
Test-Close [20/50] LR=0.0002500 loss=1.813 ACC=95.543 F1=95.508 Rec=95.543 Prec=96.109
Test-Virtual [20/50] CloseK->V=0.000% Open->V=1.714% OpenVEntropy=0.625299 CloseHist=[0, 0, 0] OpenHist=[0, 8, 10]
Test-LogitMargin [20/50] CloseTrue-VMax mean=4.9407 std=1.9391 p10=2.7216 p50=4.4490 p90=7.8334 | OpenKnown-VMax mean=5.0714 std=2.6855 p10=1.0540 p50=6.1670 p90=7.9387
AnchorDiag [20/50] VNorm=[1.0000001192092896, 1.0, 0.9999999403953552] VDriftMax=0.000000 Vcos(max/mean)=(0.0000/-0.0000) KVcos(max/mean)=(0.0271/-0.0019) ValK->V=0.00% CloseK->V=0.00% Open->V=1.71% OpenVEntropy=0.6253
Saving model at epoch 20 . . . . . . . .

Train Client0 [21/50] LR=0.0002500 loss=0.089 (CE=0.050 VIR=0.125 wVIR=0.001 AUX=0.038 w=0.010) ACC=98.438 F1=78.314 Rec=78.322 Prec=78.307
Train Client1 [21/50] LR=0.0002500 loss=0.223 (CE=0.118 VIR=0.193 wVIR=0.002 AUX=0.102 w=0.010) ACC=95.787 F1=92.016 Rec=91.180 Prec=93.258
Train Client2 [21/50] LR=0.0002500 loss=0.249 (CE=0.136 VIR=0.244 wVIR=0.002 AUX=0.111 w=0.010) ACC=95.390 F1=80.409 Rec=79.221 Prec=84.149
Train Client3 [21/50] LR=0.0002500 loss=0.138 (CE=0.071 VIR=0.157 wVIR=0.002 AUX=0.065 w=0.010) ACC=97.348 F1=93.021 Rec=92.995 Prec=93.081
Train Client4 [21/50] LR=0.0002500 loss=0.187 (CE=0.109 VIR=0.272 wVIR=0.003 AUX=0.075 w=0.010) ACC=96.265 F1=79.969 Rec=81.227 Prec=78.830
Train Client5 [21/50] LR=0.0002500 loss=0.155 (CE=0.089 VIR=0.250 wVIR=0.003 AUX=0.064 w=0.010) ACC=97.500 F1=87.333 Rec=87.351 Prec=87.316
Train Client6 [21/50] LR=0.0002500 loss=0.195 (CE=0.132 VIR=0.795 wVIR=0.008 AUX=0.055 w=0.010) ACC=96.389 F1=91.383 Rec=96.095 Prec=87.884
Train Client7 [21/50] LR=0.0002500 loss=0.160 (CE=0.087 VIR=0.417 wVIR=0.004 AUX=0.068 w=0.010) ACC=97.424 F1=74.168 Rec=74.098 Prec=74.279

Val    [21/50] LR=0.0002500 loss=1.819 ACC=95.143 F1=95.100 Rec=95.143 Prec=95.757
Val-Known->Virtual [21/50] rate=0.000% prob_mean=0.055181 margin_mean=0.882310
Val-LogitMargin [21/50] TrueKnown-VMax mean=4.8315 std=1.7908 p10=2.7054 p50=4.5989 p90=7.5117

Test-  OSR [21/50] LR=0.0002500 ACC=60.679 F1=65.233 Rec=79.889 Prec=72.770 UNK=3.048 OS*=95.257 HOS=5.906 AUROC=77.559 AUPR=73.871 OSCR=75.053
Test-Close [21/50] LR=0.0002500 loss=1.814 ACC=95.257 F1=95.222 Rec=95.257 Prec=95.842
Test-Virtual [21/50] CloseK->V=0.000% Open->V=3.048% OpenVEntropy=0.892981 CloseHist=[0, 0, 0] OpenHist=[4, 13, 15]
Test-LogitMargin [21/50] CloseTrue-VMax mean=4.8062 std=1.7747 p10=2.6240 p50=4.6246 p90=7.3800 | OpenKnown-VMax mean=4.5368 std=2.5637 p10=0.8418 p50=5.4914 p90=7.3369
AnchorDiag [21/50] VNorm=[1.0000001192092896, 1.0, 0.9999999403953552] VDriftMax=0.000000 Vcos(max/mean)=(0.0000/-0.0000) KVcos(max/mean)=(0.0276/-0.0016) ValK->V=0.00% CloseK->V=0.00% Open->V=3.05% OpenVEntropy=0.8930
Train Client0 [22/50] LR=0.0002500 loss=0.095 (CE=0.051 VIR=0.106 wVIR=0.001 AUX=0.042 w=0.010) ACC=98.114 F1=77.841 Rec=77.889 Prec=77.795
Train Client1 [22/50] LR=0.0002500 loss=0.211 (CE=0.113 VIR=0.181 wVIR=0.002 AUX=0.096 w=0.010) ACC=96.170 F1=91.608 Rec=90.832 Prec=92.574
Train Client2 [22/50] LR=0.0002500 loss=0.205 (CE=0.109 VIR=0.205 wVIR=0.002 AUX=0.093 w=0.010) ACC=95.437 F1=82.136 Rec=80.750 Prec=84.544
Train Client3 [22/50] LR=0.0002500 loss=0.201 (CE=0.111 VIR=0.222 wVIR=0.002 AUX=0.088 w=0.010) ACC=96.780 F1=89.769 Rec=89.777 Prec=89.766
Train Client4 [22/50] LR=0.0002500 loss=0.172 (CE=0.103 VIR=0.328 wVIR=0.003 AUX=0.067 w=0.010) ACC=96.418 F1=85.335 Rec=89.505 Prec=82.923
Train Client5 [22/50] LR=0.0002500 loss=0.119 (CE=0.066 VIR=0.180 wVIR=0.002 AUX=0.051 w=0.010) ACC=98.036 F1=93.761 Rec=97.828 Prec=91.031
Train Client6 [22/50] LR=0.0002500 loss=0.169 (CE=0.111 VIR=0.650 wVIR=0.007 AUX=0.052 w=0.010) ACC=97.222 F1=93.498 Rec=94.890 Prec=92.484
Train Client7 [22/50] LR=0.0002500 loss=0.137 (CE=0.074 VIR=0.241 wVIR=0.002 AUX=0.060 w=0.010) ACC=97.879 F1=88.355 Rec=94.060 Prec=86.118

Val    [22/50] LR=0.0002500 loss=1.811 ACC=94.514 F1=94.441 Rec=94.514 Prec=95.405
Val-Known->Virtual [22/50] rate=0.000% prob_mean=0.044981 margin_mean=0.895489
Val-LogitMargin [22/50] TrueKnown-VMax mean=5.1527 std=1.8564 p10=3.0468 p50=4.7167 p90=7.8734

Test-  OSR [22/50] LR=0.0002500 ACC=59.929 F1=65.374 Rec=79.429 Prec=74.426 UNK=1.429 OS*=95.029 HOS=2.815 AUROC=77.513 AUPR=75.244 OSCR=74.775
Test-Close [22/50] LR=0.0002500 loss=1.800 ACC=95.029 F1=94.969 Rec=95.029 Prec=95.830
Test-Virtual [22/50] CloseK->V=0.000% Open->V=1.429% OpenVEntropy=0.455486 CloseHist=[0, 0, 0] OpenHist=[0, 3, 12]
Test-LogitMargin [22/50] CloseTrue-VMax mean=5.1474 std=1.8506 p10=2.9849 p50=4.7486 p90=7.8792 | OpenKnown-VMax mean=5.4663 std=2.6242 p10=1.5191 p50=6.5348 p90=8.1159
AnchorDiag [22/50] VNorm=[1.0000001192092896, 1.0, 0.9999999403953552] VDriftMax=0.000000 Vcos(max/mean)=(0.0000/-0.0000) KVcos(max/mean)=(0.0268/-0.0014) ValK->V=0.00% CloseK->V=0.00% Open->V=1.43% OpenVEntropy=0.4555
>> New learning Rate: 0.000125
Train Client0 [23/50] LR=0.0001250 loss=0.046 (CE=0.030 VIR=0.091 wVIR=0.001 AUX=0.015 w=0.010) ACC=99.030 F1=98.645 Rec=98.741 Prec=98.553
Train Client1 [23/50] LR=0.0001250 loss=0.169 (CE=0.089 VIR=0.188 wVIR=0.002 AUX=0.078 w=0.010) ACC=96.518 F1=93.117 Rec=92.095 Prec=94.407
Train Client2 [23/50] LR=0.0001250 loss=0.172 (CE=0.097 VIR=0.212 wVIR=0.002 AUX=0.073 w=0.010) ACC=95.722 F1=84.508 Rec=83.803 Prec=85.405
Train Client3 [23/50] LR=0.0001250 loss=0.155 (CE=0.084 VIR=0.143 wVIR=0.001 AUX=0.070 w=0.010) ACC=97.538 F1=91.736 Rec=97.313 Prec=89.032
Train Client4 [23/50] LR=0.0001250 loss=0.150 (CE=0.095 VIR=0.236 wVIR=0.002 AUX=0.052 w=0.010) ACC=96.875 F1=85.146 Rec=91.624 Prec=81.663
Train Client5 [23/50] LR=0.0001250 loss=0.092 (CE=0.054 VIR=0.182 wVIR=0.002 AUX=0.037 w=0.010) ACC=98.125 F1=82.275 Rec=83.398 Prec=81.492
Train Client6 [23/50] LR=0.0001250 loss=0.124 (CE=0.106 VIR=0.590 wVIR=0.006 AUX=0.012 w=0.010) ACC=96.944 F1=95.494 Rec=97.669 Prec=93.647
Train Client7 [23/50] LR=0.0001250 loss=0.115 (CE=0.067 VIR=0.310 wVIR=0.003 AUX=0.045 w=0.010) ACC=98.182 F1=88.825 Rec=94.320 Prec=86.849

Val    [23/50] LR=0.0001250 loss=1.793 ACC=95.086 F1=95.031 Rec=95.086 Prec=95.850
Val-Known->Virtual [23/50] rate=0.000% prob_mean=0.038088 margin_mean=0.912571
Val-LogitMargin [23/50] TrueKnown-VMax mean=5.2116 std=1.7528 p10=3.2894 p50=4.7068 p90=7.8962

Test-  OSR [23/50] LR=0.0001250 ACC=60.643 F1=64.636 Rec=80.000 Prec=71.695 UNK=2.571 OS*=95.486 HOS=5.008 AUROC=79.542 AUPR=77.268 OSCR=77.027
Test-Close [23/50] LR=0.0001250 loss=1.786 ACC=95.486 F1=95.446 Rec=95.486 Prec=96.113
Test-Virtual [23/50] CloseK->V=0.000% Open->V=2.571% OpenVEntropy=0.287086 CloseHist=[0, 0, 0] OpenHist=[1, 1, 25]
Test-LogitMargin [23/50] CloseTrue-VMax mean=5.1948 std=1.7384 p10=3.2667 p50=4.7133 p90=7.8860 | OpenKnown-VMax mean=5.1327 std=2.8030 p10=0.9963 p50=6.3403 p90=8.0163
AnchorDiag [23/50] VNorm=[1.0000001192092896, 1.0, 0.9999999403953552] VDriftMax=0.000000 Vcos(max/mean)=(0.0000/-0.0000) KVcos(max/mean)=(0.0274/-0.0011) ValK->V=0.00% CloseK->V=0.00% Open->V=2.57% OpenVEntropy=0.2871
Train Client0 [24/50] LR=0.0001250 loss=0.048 (CE=0.033 VIR=0.070 wVIR=0.001 AUX=0.015 w=0.010) ACC=99.353 F1=79.340 Rec=79.397 Prec=79.284
Train Client1 [24/50] LR=0.0001250 loss=0.156 (CE=0.082 VIR=0.204 wVIR=0.002 AUX=0.072 w=0.010) ACC=97.110 F1=93.920 Rec=93.217 Prec=94.857
Train Client2 [24/50] LR=0.0001250 loss=0.176 (CE=0.093 VIR=0.154 wVIR=0.002 AUX=0.081 w=0.010) ACC=96.340 F1=86.470 Rec=85.509 Prec=87.971
Train Client3 [24/50] LR=0.0001250 loss=0.109 (CE=0.063 VIR=0.123 wVIR=0.001 AUX=0.045 w=0.010) ACC=97.727 F1=95.262 Rec=96.741 Prec=94.006
Train Client4 [24/50] LR=0.0001250 loss=0.151 (CE=0.093 VIR=0.252 wVIR=0.003 AUX=0.055 w=0.010) ACC=97.180 F1=86.806 Rec=90.851 Prec=84.516
Train Client5 [24/50] LR=0.0001250 loss=0.069 (CE=0.039 VIR=0.146 wVIR=0.001 AUX=0.028 w=0.010) ACC=98.661 F1=85.599 Rec=88.791 Prec=84.076
Train Client6 [24/50] LR=0.0001250 loss=0.179 (CE=0.130 VIR=0.693 wVIR=0.007 AUX=0.042 w=0.010) ACC=95.278 F1=89.622 Rec=94.492 Prec=86.307
Train Client7 [24/50] LR=0.0001250 loss=0.127 (CE=0.076 VIR=0.403 wVIR=0.004 AUX=0.047 w=0.010) ACC=97.424 F1=82.559 Rec=94.522 Prec=79.682

Val    [24/50] LR=0.0001250 loss=1.762 ACC=96.114 F1=96.089 Rec=96.114 Prec=96.558
Val-Known->Virtual [24/50] rate=0.000% prob_mean=0.027418 margin_mean=0.931092
Val-LogitMargin [24/50] TrueKnown-VMax mean=5.3656 std=1.5066 p10=3.7114 p50=4.9859 p90=7.5681

Test-  OSR [24/50] LR=0.0001250 ACC=61.143 F1=65.361 Rec=80.762 Prec=72.800 UNK=2.286 OS*=96.457 HOS=4.466 AUROC=77.117 AUPR=76.083 OSCR=75.365
Test-Close [24/50] LR=0.0001250 loss=1.752 ACC=96.457 F1=96.440 Rec=96.457 Prec=96.806
Test-Virtual [24/50] CloseK->V=0.000% Open->V=2.286% OpenVEntropy=0.157658 CloseHist=[0, 0, 0] OpenHist=[1, 0, 23]
Test-LogitMargin [24/50] CloseTrue-VMax mean=5.3603 std=1.4912 p10=3.6802 p50=5.0260 p90=7.5952 | OpenKnown-VMax mean=5.1667 std=2.7576 p10=1.1979 p50=6.2941 p90=7.9782
AnchorDiag [24/50] VNorm=[1.0000001192092896, 1.0, 0.9999999403953552] VDriftMax=0.000000 Vcos(max/mean)=(0.0000/-0.0000) KVcos(max/mean)=(0.0271/-0.0009) ValK->V=0.00% CloseK->V=0.00% Open->V=2.29% OpenVEntropy=0.1577
Train Client0 [25/50] LR=0.0001250 loss=0.033 (CE=0.020 VIR=0.049 wVIR=0.000 AUX=0.012 w=0.010) ACC=99.246 F1=98.883 Rec=98.856 Prec=98.911
Train Client1 [25/50] LR=0.0001250 loss=0.172 (CE=0.090 VIR=0.218 wVIR=0.002 AUX=0.080 w=0.010) ACC=96.901 F1=93.478 Rec=92.808 Prec=94.360
Train Client2 [25/50] LR=0.0001250 loss=0.154 (CE=0.085 VIR=0.194 wVIR=0.002 AUX=0.067 w=0.010) ACC=96.958 F1=89.654 Rec=89.284 Prec=90.061
Train Client3 [25/50] LR=0.0001250 loss=0.145 (CE=0.078 VIR=0.099 wVIR=0.001 AUX=0.065 w=0.010) ACC=97.917 F1=95.444 Rec=93.947 Prec=97.279
Train Client4 [25/50] LR=0.0001250 loss=0.139 (CE=0.087 VIR=0.197 wVIR=0.002 AUX=0.050 w=0.010) ACC=97.332 F1=85.054 Rec=89.496 Prec=82.728
Train Client5 [25/50] LR=0.0001250 loss=0.079 (CE=0.047 VIR=0.172 wVIR=0.002 AUX=0.030 w=0.010) ACC=98.571 F1=92.916 Rec=98.115 Prec=90.061
Train Client6 [25/50] LR=0.0001250 loss=0.225 (CE=0.166 VIR=0.992 wVIR=0.010 AUX=0.048 w=0.010) ACC=94.722 F1=90.438 Rec=95.652 Prec=86.126
Train Client7 [25/50] LR=0.0001250 loss=0.126 (CE=0.062 VIR=0.320 wVIR=0.003 AUX=0.061 w=0.010) ACC=97.727 F1=74.866 Rec=75.195 Prec=74.631

Val    [25/50] LR=0.0001250 loss=1.751 ACC=96.400 F1=96.382 Rec=96.400 Prec=96.745
Val-Known->Virtual [25/50] rate=0.000% prob_mean=0.025251 margin_mean=0.933210
Val-LogitMargin [25/50] TrueKnown-VMax mean=5.4771 std=1.4982 p10=3.7641 p50=5.1745 p90=7.6809

Test-  OSR [25/50] LR=0.0001250 ACC=61.393 F1=66.149 Rec=81.095 Prec=74.034 UNK=2.286 OS*=96.857 HOS=4.466 AUROC=78.140 AUPR=77.545 OSCR=76.470
Test-Close [25/50] LR=0.0001250 loss=1.744 ACC=96.857 F1=96.846 Rec=96.857 Prec=97.107
Test-Virtual [25/50] CloseK->V=0.000% Open->V=2.286% OpenVEntropy=0.157658 CloseHist=[0, 0, 0] OpenHist=[0, 1, 23]
Test-LogitMargin [25/50] CloseTrue-VMax mean=5.4655 std=1.4762 p10=3.7196 p50=5.1978 p90=7.6348 | OpenKnown-VMax mean=5.1895 std=2.7748 p10=1.0181 p50=6.3201 p90=8.0026
AnchorDiag [25/50] VNorm=[1.0000001192092896, 1.0, 0.9999999403953552] VDriftMax=0.000000 Vcos(max/mean)=(0.0000/-0.0000) KVcos(max/mean)=(0.0274/-0.0007) ValK->V=0.00% CloseK->V=0.00% Open->V=2.29% OpenVEntropy=0.1577
Saving model at epoch 25 . . . . . . . .

Train Client0 [26/50] LR=0.0001250 loss=0.076 (CE=0.048 VIR=0.148 wVIR=0.001 AUX=0.026 w=0.010) ACC=98.922 F1=78.844 Rec=78.863 Prec=78.828
Train Client1 [26/50] LR=0.0001250 loss=0.157 (CE=0.083 VIR=0.168 wVIR=0.002 AUX=0.072 w=0.010) ACC=97.110 F1=93.739 Rec=93.023 Prec=94.669
Train Client2 [26/50] LR=0.0001250 loss=0.166 (CE=0.095 VIR=0.201 wVIR=0.002 AUX=0.069 w=0.010) ACC=96.008 F1=87.159 Rec=87.616 Prec=86.740
Train Client3 [26/50] LR=0.0001250 loss=0.127 (CE=0.067 VIR=0.130 wVIR=0.001 AUX=0.058 w=0.010) ACC=98.106 F1=94.780 Rec=97.518 Prec=92.771
Train Client4 [26/50] LR=0.0001250 loss=0.147 (CE=0.098 VIR=0.238 wVIR=0.002 AUX=0.047 w=0.010) ACC=96.723 F1=82.957 Rec=89.274 Prec=80.633
Train Client5 [26/50] LR=0.0001250 loss=0.061 (CE=0.037 VIR=0.114 wVIR=0.001 AUX=0.022 w=0.010) ACC=98.661 F1=83.054 Rec=83.980 Prec=82.462
Train Client6 [26/50] LR=0.0001250 loss=0.179 (CE=0.139 VIR=0.467 wVIR=0.005 AUX=0.035 w=0.010) ACC=95.000 F1=88.205 Rec=92.741 Prec=85.344
Train Client7 [26/50] LR=0.0001250 loss=0.111 (CE=0.066 VIR=0.419 wVIR=0.004 AUX=0.041 w=0.010) ACC=97.879 F1=85.407 Rec=95.977 Prec=81.571

Val    [26/50] LR=0.0001250 loss=1.751 ACC=96.571 F1=96.558 Rec=96.571 Prec=96.853
Val-Known->Virtual [26/50] rate=0.000% prob_mean=0.031083 margin_mean=0.921251
Val-LogitMargin [26/50] TrueKnown-VMax mean=5.1471 std=1.4071 p10=3.5535 p50=4.8459 p90=7.2228

Test-  OSR [26/50] LR=0.0001250 ACC=61.250 F1=66.207 Rec=80.968 Prec=74.262 UNK=2.095 OS*=96.743 HOS=4.102 AUROC=76.993 AUPR=76.941 OSCR=75.331
Test-Close [26/50] LR=0.0001250 loss=1.751 ACC=96.743 F1=96.731 Rec=96.743 Prec=97.005
Test-Virtual [26/50] CloseK->V=0.000% Open->V=2.095% OpenVEntropy=0.569347 CloseHist=[0, 0, 0] OpenHist=[0, 7, 15]
Test-LogitMargin [26/50] CloseTrue-VMax mean=5.1293 std=1.3906 p10=3.5316 p50=4.8903 p90=7.1524 | OpenKnown-VMax mean=4.8979 std=2.5474 p10=1.1497 p50=5.9057 p90=7.5516
AnchorDiag [26/50] VNorm=[1.0000001192092896, 1.0, 0.9999999403953552] VDriftMax=0.000000 Vcos(max/mean)=(0.0000/-0.0000) KVcos(max/mean)=(0.0273/-0.0004) ValK->V=0.00% CloseK->V=0.00% Open->V=2.10% OpenVEntropy=0.5693
Train Client0 [27/50] LR=0.0001250 loss=0.041 (CE=0.023 VIR=0.066 wVIR=0.001 AUX=0.017 w=0.010) ACC=99.192 F1=98.833 Rec=98.878 Prec=98.791
Train Client1 [27/50] LR=0.0001250 loss=0.157 (CE=0.081 VIR=0.204 wVIR=0.002 AUX=0.075 w=0.010) ACC=97.180 F1=93.701 Rec=92.651 Prec=95.082
Train Client2 [27/50] LR=0.0001250 loss=0.148 (CE=0.080 VIR=0.166 wVIR=0.002 AUX=0.066 w=0.010) ACC=96.958 F1=88.992 Rec=87.726 Prec=90.731
Train Client3 [27/50] LR=0.0001250 loss=0.116 (CE=0.057 VIR=0.121 wVIR=0.001 AUX=0.058 w=0.010) ACC=98.674 F1=95.626 Rec=98.358 Prec=93.644
Train Client4 [27/50] LR=0.0001250 loss=0.160 (CE=0.103 VIR=0.296 wVIR=0.003 AUX=0.054 w=0.010) ACC=96.570 F1=84.197 Rec=91.146 Prec=80.864
Train Client5 [27/50] LR=0.0001250 loss=0.068 (CE=0.040 VIR=0.139 wVIR=0.001 AUX=0.026 w=0.010) ACC=98.571 F1=84.187 Rec=83.571 Prec=85.044
Train Client6 [27/50] LR=0.0001250 loss=0.178 (CE=0.137 VIR=0.722 wVIR=0.007 AUX=0.033 w=0.010) ACC=96.389 F1=94.908 Rec=98.281 Prec=92.234
Train Client7 [27/50] LR=0.0001250 loss=0.107 (CE=0.060 VIR=0.442 wVIR=0.004 AUX=0.042 w=0.010) ACC=98.182 F1=95.307 Rec=95.244 Prec=95.444

Val    [27/50] LR=0.0001250 loss=1.764 ACC=96.057 F1=96.030 Rec=96.057 Prec=96.530
Val-Known->Virtual [27/50] rate=0.000% prob_mean=0.032812 margin_mean=0.920840
Val-LogitMargin [27/50] TrueKnown-VMax mean=5.0841 std=1.4065 p10=3.4593 p50=4.8293 p90=7.1281

Test-  OSR [27/50] LR=0.0001250 ACC=61.714 F1=66.261 Rec=81.016 Prec=73.372 UNK=3.810 OS*=96.457 HOS=7.330 AUROC=79.428 AUPR=78.524 OSCR=77.479
Test-Close [27/50] LR=0.0001250 loss=1.760 ACC=96.457 F1=96.437 Rec=96.457 Prec=96.865
Test-Virtual [27/50] CloseK->V=0.000% Open->V=3.810% OpenVEntropy=0.556749 CloseHist=[0, 0, 0] OpenHist=[1, 8, 31]
Test-LogitMargin [27/50] CloseTrue-VMax mean=5.0709 std=1.4005 p10=3.4419 p50=4.8987 p90=7.0452 | OpenKnown-VMax mean=4.8026 std=2.6676 p10=0.7743 p50=5.9326 p90=7.4993
AnchorDiag [27/50] VNorm=[1.0000001192092896, 1.0, 0.9999999403953552] VDriftMax=0.000000 Vcos(max/mean)=(0.0000/-0.0000) KVcos(max/mean)=(0.0278/-0.0002) ValK->V=0.00% CloseK->V=0.00% Open->V=3.81% OpenVEntropy=0.5567
Train Client0 [28/50] LR=0.0001250 loss=0.030 (CE=0.018 VIR=0.032 wVIR=0.000 AUX=0.012 w=0.010) ACC=99.461 F1=99.184 Rec=99.183 Prec=99.186
Train Client1 [28/50] LR=0.0001250 loss=0.153 (CE=0.079 VIR=0.155 wVIR=0.002 AUX=0.072 w=0.010) ACC=97.040 F1=93.648 Rec=93.017 Prec=94.478
Train Client2 [28/50] LR=0.0001250 loss=0.145 (CE=0.079 VIR=0.144 wVIR=0.001 AUX=0.064 w=0.010) ACC=96.435 F1=87.891 Rec=87.701 Prec=88.130
Train Client3 [28/50] LR=0.0001250 loss=0.118 (CE=0.071 VIR=0.076 wVIR=0.001 AUX=0.047 w=0.010) ACC=97.917 F1=94.182 Rec=94.161 Prec=94.219
Train Client4 [28/50] LR=0.0001250 loss=0.120 (CE=0.074 VIR=0.204 wVIR=0.002 AUX=0.044 w=0.010) ACC=97.409 F1=89.012 Rec=96.132 Prec=85.705
Train Client5 [28/50] LR=0.0001250 loss=0.052 (CE=0.031 VIR=0.149 wVIR=0.001 AUX=0.019 w=0.010) ACC=98.929 F1=89.154 Rec=94.143 Prec=86.670
Train Client6 [28/50] LR=0.0001250 loss=0.121 (CE=0.089 VIR=0.589 wVIR=0.006 AUX=0.026 w=0.010) ACC=97.778 F1=95.280 Rec=98.650 Prec=92.411
Train Client7 [28/50] LR=0.0001250 loss=0.098 (CE=0.057 VIR=0.278 wVIR=0.003 AUX=0.038 w=0.010) ACC=98.030 F1=85.368 Rec=95.317 Prec=82.129

Val    [28/50] LR=0.0001250 loss=1.744 ACC=96.343 F1=96.323 Rec=96.343 Prec=96.714
Val-Known->Virtual [28/50] rate=0.000% prob_mean=0.020030 margin_mean=0.937543
Val-LogitMargin [28/50] TrueKnown-VMax mean=5.6394 std=1.4287 p10=4.0431 p50=5.3106 p90=7.7062

Test-  OSR [28/50] LR=0.0001250 ACC=60.643 F1=65.860 Rec=80.571 Prec=74.696 UNK=0.857 OS*=96.514 HOS=1.699 AUROC=80.921 AUPR=79.294 OSCR=79.182
Test-Close [28/50] LR=0.0001250 loss=1.740 ACC=96.514 F1=96.497 Rec=96.514 Prec=96.879
Test-Virtual [28/50] CloseK->V=0.000% Open->V=0.857% OpenVEntropy=0.482159 CloseHist=[0, 0, 0] OpenHist=[0, 2, 7]
Test-LogitMargin [28/50] CloseTrue-VMax mean=5.6363 std=1.4126 p10=4.0210 p50=5.3522 p90=7.6414 | OpenKnown-VMax mean=5.4980 std=2.5919 p10=1.5649 p50=6.5837 p90=8.1322
AnchorDiag [28/50] VNorm=[1.0000001192092896, 1.0, 0.9999999403953552] VDriftMax=0.000000 Vcos(max/mean)=(0.0000/-0.0000) KVcos(max/mean)=(0.0284/0.0000) ValK->V=0.00% CloseK->V=0.00% Open->V=0.86% OpenVEntropy=0.4822
Saving best model . . . . . . . .

Train Client0 [29/50] LR=0.0001250 loss=0.029 (CE=0.017 VIR=0.048 wVIR=0.000 AUX=0.012 w=0.010) ACC=99.246 F1=79.138 Rec=79.136 Prec=79.143
Train Client1 [29/50] LR=0.0001250 loss=0.152 (CE=0.078 VIR=0.170 wVIR=0.002 AUX=0.072 w=0.010) ACC=97.075 F1=94.539 Rec=93.502 Prec=95.924
Train Client2 [29/50] LR=0.0001250 loss=0.143 (CE=0.077 VIR=0.150 wVIR=0.002 AUX=0.065 w=0.010) ACC=96.530 F1=87.325 Rec=86.540 Prec=88.445
Train Client3 [29/50] LR=0.0001250 loss=0.105 (CE=0.062 VIR=0.081 wVIR=0.001 AUX=0.042 w=0.010) ACC=98.674 F1=96.412 Rec=94.935 Prec=98.208
Train Client4 [29/50] LR=0.0001250 loss=0.147 (CE=0.099 VIR=0.348 wVIR=0.003 AUX=0.045 w=0.010) ACC=97.256 F1=86.525 Rec=95.675 Prec=83.710
Train Client5 [29/50] LR=0.0001250 loss=0.030 (CE=0.020 VIR=0.114 wVIR=0.001 AUX=0.009 w=0.010) ACC=99.196 F1=90.231 Rec=94.342 Prec=87.879
Train Client6 [29/50] LR=0.0001250 loss=0.154 (CE=0.139 VIR=0.814 wVIR=0.008 AUX=0.007 w=0.010) ACC=96.389 F1=94.521 Rec=97.522 Prec=91.952
Train Client7 [29/50] LR=0.0001250 loss=0.114 (CE=0.066 VIR=0.306 wVIR=0.003 AUX=0.045 w=0.010) ACC=97.652 F1=94.147 Rec=94.113 Prec=94.297

Val    [29/50] LR=0.0001250 loss=1.760 ACC=95.771 F1=95.739 Rec=95.771 Prec=96.286
Val-Known->Virtual [29/50] rate=0.000% prob_mean=0.024620 margin_mean=0.936869
Val-LogitMargin [29/50] TrueKnown-VMax mean=5.4682 std=1.4478 p10=3.7869 p50=5.2464 p90=7.4974

Test-  OSR [29/50] LR=0.0001250 ACC=61.536 F1=66.264 Rec=80.810 Prec=73.584 UNK=3.714 OS*=96.229 HOS=7.152 AUROC=83.176 AUPR=80.555 OSCR=81.043
Test-Close [29/50] LR=0.0001250 loss=1.758 ACC=96.229 F1=96.205 Rec=96.229 Prec=96.681
Test-Virtual [29/50] CloseK->V=0.000% Open->V=3.714% OpenVEntropy=0.491715 CloseHist=[0, 0, 0] OpenHist=[0, 9, 30]
Test-LogitMargin [29/50] CloseTrue-VMax mean=5.4607 std=1.4484 p10=3.7720 p50=5.3479 p90=7.4150 | OpenKnown-VMax mean=5.1039 std=2.7687 p10=0.8159 p50=6.3194 p90=7.8035
AnchorDiag [29/50] VNorm=[1.0000001192092896, 1.0, 0.9999999403953552] VDriftMax=0.000000 Vcos(max/mean)=(0.0000/-0.0000) KVcos(max/mean)=(0.0289/0.0004) ValK->V=0.00% CloseK->V=0.00% Open->V=3.71% OpenVEntropy=0.4917
Saving best model . . . . . . . .

Train Client0 [30/50] LR=0.0001250 loss=0.043 (CE=0.026 VIR=0.105 wVIR=0.001 AUX=0.015 w=0.010) ACC=98.869 F1=78.957 Rec=78.975 Prec=78.940
Train Client1 [30/50] LR=0.0001250 loss=0.144 (CE=0.074 VIR=0.170 wVIR=0.002 AUX=0.068 w=0.010) ACC=97.493 F1=95.398 Rec=94.616 Prec=96.454
Train Client2 [30/50] LR=0.0001250 loss=0.148 (CE=0.082 VIR=0.140 wVIR=0.001 AUX=0.065 w=0.010) ACC=96.721 F1=88.013 Rec=87.067 Prec=89.265
Train Client3 [30/50] LR=0.0001250 loss=0.142 (CE=0.081 VIR=0.149 wVIR=0.001 AUX=0.060 w=0.010) ACC=98.106 F1=93.775 Rec=91.196 Prec=97.723
Train Client4 [30/50] LR=0.0001250 loss=0.109 (CE=0.062 VIR=0.138 wVIR=0.001 AUX=0.045 w=0.010) ACC=97.637 F1=89.803 Rec=94.023 Prec=86.802
Train Client5 [30/50] LR=0.0001250 loss=0.087 (CE=0.047 VIR=0.127 wVIR=0.001 AUX=0.038 w=0.010) ACC=98.571 F1=91.696 Rec=93.319 Prec=90.405
Train Client6 [30/50] LR=0.0001250 loss=0.182 (CE=0.142 VIR=0.869 wVIR=0.009 AUX=0.031 w=0.010) ACC=96.111 F1=90.542 Rec=97.515 Prec=85.656
Train Client7 [30/50] LR=0.0001250 loss=0.104 (CE=0.067 VIR=0.382 wVIR=0.004 AUX=0.033 w=0.010) ACC=98.030 F1=75.641 Rec=76.091 Prec=75.268

Val    [30/50] LR=0.0001250 loss=1.757 ACC=96.057 F1=96.031 Rec=96.057 Prec=96.516
Val-Known->Virtual [30/50] rate=0.000% prob_mean=0.028499 margin_mean=0.926939
Val-LogitMargin [30/50] TrueKnown-VMax mean=5.4311 std=1.5509 p10=3.6749 p50=5.0996 p90=7.6180

Test-  OSR [30/50] LR=0.0001250 ACC=60.750 F1=66.995 Rec=80.460 Prec=76.861 UNK=1.619 OS*=96.229 HOS=3.185 AUROC=81.843 AUPR=77.681 OSCR=79.961
Test-Close [30/50] LR=0.0001250 loss=1.756 ACC=96.229 F1=96.206 Rec=96.229 Prec=96.649
Test-Virtual [30/50] CloseK->V=0.000% Open->V=1.619% OpenVEntropy=0.551421 CloseHist=[0, 0, 0] OpenHist=[0, 5, 12]
Test-LogitMargin [30/50] CloseTrue-VMax mean=5.4369 std=1.5416 p10=3.6376 p50=5.1832 p90=7.5533 | OpenKnown-VMax mean=5.5575 std=2.5127 p10=1.5964 p50=6.4961 p90=8.0784
AnchorDiag [30/50] VNorm=[1.0000001192092896, 1.0, 0.9999999403953552] VDriftMax=0.000000 Vcos(max/mean)=(0.0000/-0.0000) KVcos(max/mean)=(0.0291/0.0005) ValK->V=0.00% CloseK->V=0.00% Open->V=1.62% OpenVEntropy=0.5514
Saving model at epoch 30 . . . . . . . .

Train Client0 [31/50] LR=0.0001250 loss=0.050 (CE=0.033 VIR=0.107 wVIR=0.001 AUX=0.016 w=0.010) ACC=99.084 F1=79.084 Rec=79.159 Prec=79.009
Train Client1 [31/50] LR=0.0001250 loss=0.150 (CE=0.078 VIR=0.141 wVIR=0.001 AUX=0.070 w=0.010) ACC=97.214 F1=94.343 Rec=93.733 Prec=95.112
Train Client2 [31/50] LR=0.0001250 loss=0.132 (CE=0.070 VIR=0.147 wVIR=0.001 AUX=0.061 w=0.010) ACC=97.291 F1=89.969 Rec=88.833 Prec=91.471
Train Client3 [31/50] LR=0.0001250 loss=0.102 (CE=0.050 VIR=0.079 wVIR=0.001 AUX=0.051 w=0.010) ACC=98.485 F1=96.432 Rec=97.896 Prec=95.221
Train Client4 [31/50] LR=0.0001250 loss=0.149 (CE=0.095 VIR=0.250 wVIR=0.003 AUX=0.051 w=0.010) ACC=96.951 F1=85.508 Rec=91.172 Prec=82.384
Train Client5 [31/50] LR=0.0001250 loss=0.048 (CE=0.032 VIR=0.152 wVIR=0.002 AUX=0.014 w=0.010) ACC=98.929 F1=93.424 Rec=99.031 Prec=90.169
Train Client6 [31/50] LR=0.0001250 loss=0.099 (CE=0.080 VIR=0.545 wVIR=0.005 AUX=0.014 w=0.010) ACC=97.500 F1=96.335 Rec=98.578 Prec=94.368
Train Client7 [31/50] LR=0.0001250 loss=0.113 (CE=0.062 VIR=0.441 wVIR=0.004 AUX=0.047 w=0.010) ACC=98.182 F1=85.633 Rec=94.770 Prec=83.335

Val    [31/50] LR=0.0001250 loss=1.752 ACC=96.114 F1=96.091 Rec=96.114 Prec=96.527
Val-Known->Virtual [31/50] rate=0.000% prob_mean=0.028171 margin_mean=0.929254
Val-LogitMargin [31/50] TrueKnown-VMax mean=5.3643 std=1.4978 p10=3.6564 p50=5.0787 p90=7.4173

Test-  OSR [31/50] LR=0.0001250 ACC=60.679 F1=66.593 Rec=80.492 Prec=76.165 UNK=1.238 OS*=96.343 HOS=2.445 AUROC=81.121 AUPR=77.956 OSCR=79.355
Test-Close [31/50] LR=0.0001250 loss=1.751 ACC=96.343 F1=96.324 Rec=96.343 Prec=96.706
Test-Virtual [31/50] CloseK->V=0.000% Open->V=1.238% OpenVEntropy=0.561838 CloseHist=[0, 0, 0] OpenHist=[0, 4, 9]
Test-LogitMargin [31/50] CloseTrue-VMax mean=5.3653 std=1.5019 p10=3.6278 p50=5.1624 p90=7.4048 | OpenKnown-VMax mean=5.4322 std=2.5008 p10=1.4708 p50=6.3750 p90=8.0163
AnchorDiag [31/50] VNorm=[1.0000001192092896, 1.0, 0.9999999403953552] VDriftMax=0.000000 Vcos(max/mean)=(0.0000/-0.0000) KVcos(max/mean)=(0.0295/0.0007) ValK->V=0.00% CloseK->V=0.00% Open->V=1.24% OpenVEntropy=0.5618
Train Client0 [32/50] LR=0.0001250 loss=0.025 (CE=0.015 VIR=0.052 wVIR=0.001 AUX=0.010 w=0.010) ACC=99.407 F1=79.415 Rec=79.414 Prec=79.415
Train Client1 [32/50] LR=0.0001250 loss=0.139 (CE=0.072 VIR=0.199 wVIR=0.002 AUX=0.065 w=0.010) ACC=97.528 F1=94.915 Rec=94.559 Prec=95.416
Train Client2 [32/50] LR=0.0001250 loss=0.142 (CE=0.075 VIR=0.163 wVIR=0.002 AUX=0.065 w=0.010) ACC=96.863 F1=88.594 Rec=87.188 Prec=90.464
Train Client3 [32/50] LR=0.0001250 loss=0.072 (CE=0.036 VIR=0.091 wVIR=0.001 AUX=0.035 w=0.010) ACC=98.864 F1=98.283 Rec=98.268 Prec=98.313
Train Client4 [32/50] LR=0.0001250 loss=0.134 (CE=0.087 VIR=0.283 wVIR=0.003 AUX=0.044 w=0.010) ACC=97.027 F1=87.703 Rec=95.718 Prec=83.983
Train Client5 [32/50] LR=0.0001250 loss=0.070 (CE=0.039 VIR=0.112 wVIR=0.001 AUX=0.030 w=0.010) ACC=98.482 F1=85.878 Rec=88.566 Prec=84.361
Train Client6 [32/50] LR=0.0001250 loss=0.151 (CE=0.091 VIR=0.742 wVIR=0.007 AUX=0.053 w=0.010) ACC=97.778 F1=96.120 Rec=96.371 Prec=95.992
Train Client7 [32/50] LR=0.0001250 loss=0.096 (CE=0.052 VIR=0.428 wVIR=0.004 AUX=0.040 w=0.010) ACC=98.333 F1=85.983 Rec=96.162 Prec=82.487

Val    [32/50] LR=0.0001250 loss=1.743 ACC=96.514 F1=96.494 Rec=96.514 Prec=96.919
Val-Known->Virtual [32/50] rate=0.000% prob_mean=0.024460 margin_mean=0.935861
Val-LogitMargin [32/50] TrueKnown-VMax mean=5.5798 std=1.5369 p10=3.7296 p50=5.3651 p90=7.7131

Test-  OSR [32/50] LR=0.0001250 ACC=60.857 F1=66.437 Rec=80.825 Prec=75.620 UNK=0.952 OS*=96.800 HOS=1.886 AUROC=80.071 AUPR=78.168 OSCR=78.443
Test-Close [32/50] LR=0.0001250 loss=1.740 ACC=96.800 F1=96.787 Rec=96.800 Prec=97.098
Test-Virtual [32/50] CloseK->V=0.000% Open->V=0.952% OpenVEntropy=0.295903 CloseHist=[0, 0, 0] OpenHist=[0, 1, 9]
Test-LogitMargin [32/50] CloseTrue-VMax mean=5.5807 std=1.5305 p10=3.7313 p50=5.4371 p90=7.7016 | OpenKnown-VMax mean=5.6117 std=2.6095 p10=1.5172 p50=6.6593 p90=8.2542
AnchorDiag [32/50] VNorm=[1.0000001192092896, 1.0, 0.9999999403953552] VDriftMax=0.000000 Vcos(max/mean)=(0.0000/-0.0000) KVcos(max/mean)=(0.0299/0.0010) ValK->V=0.00% CloseK->V=0.00% Open->V=0.95% OpenVEntropy=0.2959
Train Client0 [33/50] LR=0.0001250 loss=0.058 (CE=0.038 VIR=0.120 wVIR=0.001 AUX=0.019 w=0.010) ACC=99.030 F1=79.079 Rec=79.094 Prec=79.064
Train Client1 [33/50] LR=0.0001250 loss=0.127 (CE=0.066 VIR=0.258 wVIR=0.003 AUX=0.058 w=0.010) ACC=97.597 F1=95.364 Rec=94.633 Prec=96.205
Train Client2 [33/50] LR=0.0001250 loss=0.121 (CE=0.064 VIR=0.196 wVIR=0.002 AUX=0.055 w=0.010) ACC=97.481 F1=90.906 Rec=89.993 Prec=92.158
Train Client3 [33/50] LR=0.0001250 loss=0.099 (CE=0.047 VIR=0.061 wVIR=0.001 AUX=0.052 w=0.010) ACC=98.485 F1=97.707 Rec=97.680 Prec=97.796
Train Client4 [33/50] LR=0.0001250 loss=0.133 (CE=0.085 VIR=0.257 wVIR=0.003 AUX=0.046 w=0.010) ACC=97.180 F1=86.641 Rec=93.932 Prec=83.499
Train Client5 [33/50] LR=0.0001250 loss=0.050 (CE=0.030 VIR=0.103 wVIR=0.001 AUX=0.019 w=0.010) ACC=99.018 F1=89.974 Rec=93.817 Prec=87.890
Train Client6 [33/50] LR=0.0001250 loss=0.153 (CE=0.118 VIR=0.698 wVIR=0.007 AUX=0.029 w=0.010) ACC=95.833 F1=92.459 Rec=93.229 Prec=91.927
Train Client7 [33/50] LR=0.0001250 loss=0.110 (CE=0.063 VIR=0.529 wVIR=0.005 AUX=0.042 w=0.010) ACC=98.106 F1=88.756 Rec=95.471 Prec=85.399

Val    [33/50] LR=0.0001250 loss=1.741 ACC=96.800 F1=96.786 Rec=96.800 Prec=97.095
Val-Known->Virtual [33/50] rate=0.000% prob_mean=0.027864 margin_mean=0.931353
Val-LogitMargin [33/50] TrueKnown-VMax mean=5.4037 std=1.5543 p10=3.6549 p50=5.0454 p90=7.5810

Test-  OSR [33/50] LR=0.0001250 ACC=61.107 F1=67.091 Rec=81.032 Prec=76.648 UNK=1.333 OS*=96.971 HOS=2.630 AUROC=79.572 AUPR=77.619 OSCR=78.031
Test-Close [33/50] LR=0.0001250 loss=1.740 ACC=96.971 F1=96.960 Rec=96.971 Prec=97.234
Test-Virtual [33/50] CloseK->V=0.000% Open->V=1.333% OpenVEntropy=0.593254 CloseHist=[0, 0, 0] OpenHist=[0, 5, 9]
Test-LogitMargin [33/50] CloseTrue-VMax mean=5.4063 std=1.5367 p10=3.6473 p50=5.0486 p90=7.5013 | OpenKnown-VMax mean=5.4583 std=2.5500 p10=1.4906 p50=6.4733 p90=8.1025
AnchorDiag [33/50] VNorm=[1.0000001192092896, 1.0, 0.9999999403953552] VDriftMax=0.000000 Vcos(max/mean)=(0.0000/-0.0000) KVcos(max/mean)=(0.0295/0.0011) ValK->V=0.00% CloseK->V=0.00% Open->V=1.33% OpenVEntropy=0.5933
Train Client0 [34/50] LR=0.0001250 loss=0.036 (CE=0.022 VIR=0.067 wVIR=0.001 AUX=0.014 w=0.010) ACC=99.246 F1=79.247 Rec=79.214 Prec=79.280
Train Client1 [34/50] LR=0.0001250 loss=0.133 (CE=0.069 VIR=0.123 wVIR=0.001 AUX=0.063 w=0.010) ACC=97.563 F1=94.961 Rec=94.414 Prec=95.646
Train Client2 [34/50] LR=0.0001250 loss=0.156 (CE=0.086 VIR=0.180 wVIR=0.002 AUX=0.068 w=0.010) ACC=96.578 F1=88.554 Rec=88.219 Prec=88.912
Train Client3 [34/50] LR=0.0001250 loss=0.097 (CE=0.052 VIR=0.064 wVIR=0.001 AUX=0.044 w=0.010) ACC=98.485 F1=97.730 Rec=97.742 Prec=97.734
Train Client4 [34/50] LR=0.0001250 loss=0.124 (CE=0.071 VIR=0.221 wVIR=0.002 AUX=0.051 w=0.010) ACC=97.561 F1=86.576 Rec=89.175 Prec=84.815
Train Client5 [34/50] LR=0.0001250 loss=0.048 (CE=0.027 VIR=0.115 wVIR=0.001 AUX=0.020 w=0.010) ACC=98.750 F1=89.826 Rec=93.806 Prec=87.599
Train Client6 [34/50] LR=0.0001250 loss=0.141 (CE=0.088 VIR=0.732 wVIR=0.007 AUX=0.046 w=0.010) ACC=97.500 F1=96.095 Rec=97.057 Prec=95.197
Train Client7 [34/50] LR=0.0001250 loss=0.078 (CE=0.046 VIR=0.544 wVIR=0.005 AUX=0.026 w=0.010) ACC=99.091 F1=87.998 Rec=97.896 Prec=84.811

Val    [34/50] LR=0.0001250 loss=1.748 ACC=95.943 F1=95.909 Rec=95.943 Prec=96.497
Val-Known->Virtual [34/50] rate=0.000% prob_mean=0.020083 margin_mean=0.945046
Val-LogitMargin [34/50] TrueKnown-VMax mean=5.5211 std=1.3036 p10=4.0184 p50=5.2862 p90=7.3688

Test-  OSR [34/50] LR=0.0001250 ACC=60.929 F1=66.353 Rec=80.603 Prec=75.068 UNK=1.905 OS*=96.343 HOS=3.736 AUROC=83.518 AUPR=81.145 OSCR=81.600
Test-Close [34/50] LR=0.0001250 loss=1.741 ACC=96.343 F1=96.320 Rec=96.343 Prec=96.758
Test-Virtual [34/50] CloseK->V=0.000% Open->V=1.905% OpenVEntropy=0.455486 CloseHist=[0, 0, 0] OpenHist=[0, 4, 16]
Test-LogitMargin [34/50] CloseTrue-VMax mean=5.5231 std=1.2781 p10=3.9983 p50=5.3368 p90=7.3378 | OpenKnown-VMax mean=5.1998 std=2.5414 p10=1.2071 p50=6.2260 p90=7.7343
AnchorDiag [34/50] VNorm=[1.0000001192092896, 1.0, 0.9999999403953552] VDriftMax=0.000000 Vcos(max/mean)=(0.0000/-0.0000) KVcos(max/mean)=(0.0298/0.0013) ValK->V=0.00% CloseK->V=0.00% Open->V=1.90% OpenVEntropy=0.4555
Saving best model . . . . . . . .

>> New learning Rate: 6.25e-05
Train Client0 [35/50] LR=0.0000625 loss=0.019 (CE=0.012 VIR=0.062 wVIR=0.001 AUX=0.006 w=0.010) ACC=99.623 F1=79.676 Rec=79.682 Prec=79.671
Train Client1 [35/50] LR=0.0000625 loss=0.102 (CE=0.053 VIR=0.179 wVIR=0.002 AUX=0.048 w=0.010) ACC=98.329 F1=96.823 Rec=96.368 Prec=97.367
Train Client2 [35/50] LR=0.0000625 loss=0.130 (CE=0.072 VIR=0.174 wVIR=0.002 AUX=0.056 w=0.010) ACC=97.196 F1=90.869 Rec=91.112 Prec=90.633
Train Client3 [35/50] LR=0.0000625 loss=0.072 (CE=0.040 VIR=0.134 wVIR=0.001 AUX=0.031 w=0.010) ACC=98.674 F1=94.704 Rec=98.527 Prec=92.230
Train Client4 [35/50] LR=0.0000625 loss=0.188 (CE=0.136 VIR=0.485 wVIR=0.005 AUX=0.047 w=0.010) ACC=95.808 F1=81.946 Rec=93.141 Prec=79.259
Train Client5 [35/50] LR=0.0000625 loss=0.046 (CE=0.030 VIR=0.122 wVIR=0.001 AUX=0.015 w=0.010) ACC=98.929 F1=87.297 Rec=94.101 Prec=84.955
Train Client6 [35/50] LR=0.0000625 loss=0.147 (CE=0.115 VIR=0.713 wVIR=0.007 AUX=0.025 w=0.010) ACC=97.222 F1=95.888 Rec=97.743 Prec=94.261
Train Client7 [35/50] LR=0.0000625 loss=0.075 (CE=0.047 VIR=0.490 wVIR=0.005 AUX=0.023 w=0.010) ACC=98.485 F1=90.107 Rec=97.443 Prec=86.227

Val    [35/50] LR=0.0000625 loss=1.738 ACC=96.229 F1=96.203 Rec=96.229 Prec=96.687
Val-Known->Virtual [35/50] rate=0.000% prob_mean=0.020175 margin_mean=0.942665
Val-LogitMargin [35/50] TrueKnown-VMax mean=5.6372 std=1.4183 p10=4.0029 p50=5.3116 p90=7.6541

Test-  OSR [35/50] LR=0.0000625 ACC=60.679 F1=66.562 Rec=80.714 Prec=76.280 UNK=0.571 OS*=96.743 HOS=1.136 AUROC=82.517 AUPR=79.957 OSCR=80.921
Test-Close [35/50] LR=0.0000625 loss=1.733 ACC=96.743 F1=96.728 Rec=96.743 Prec=97.065
Test-Virtual [35/50] CloseK->V=0.000% Open->V=0.571% OpenVEntropy=0.410118 CloseHist=[0, 0, 0] OpenHist=[1, 0, 5]
Test-LogitMargin [35/50] CloseTrue-VMax mean=5.6502 std=1.3992 p10=3.9897 p50=5.4043 p90=7.5741 | OpenKnown-VMax mean=5.6228 std=2.4141 p10=1.8181 p50=6.5643 p90=8.0657
AnchorDiag [35/50] VNorm=[1.0000001192092896, 1.0, 0.9999999403953552] VDriftMax=0.000000 Vcos(max/mean)=(0.0000/-0.0000) KVcos(max/mean)=(0.0301/0.0014) ValK->V=0.00% CloseK->V=0.00% Open->V=0.57% OpenVEntropy=0.4101
Saving model at epoch 35 . . . . . . . .

Train Client0 [36/50] LR=0.0000625 loss=0.027 (CE=0.016 VIR=0.028 wVIR=0.000 AUX=0.011 w=0.010) ACC=99.784 F1=79.794 Rec=79.787 Prec=79.802
Train Client1 [36/50] LR=0.0000625 loss=0.107 (CE=0.055 VIR=0.174 wVIR=0.002 AUX=0.051 w=0.010) ACC=97.946 F1=95.943 Rec=95.766 Prec=96.204
Train Client2 [36/50] LR=0.0000625 loss=0.120 (CE=0.069 VIR=0.163 wVIR=0.002 AUX=0.050 w=0.010) ACC=97.006 F1=90.102 Rec=90.264 Prec=89.948
Train Client3 [36/50] LR=0.0000625 loss=0.077 (CE=0.038 VIR=0.074 wVIR=0.001 AUX=0.038 w=0.010) ACC=99.053 F1=97.273 Rec=98.748 Prec=96.034
Train Client4 [36/50] LR=0.0000625 loss=0.140 (CE=0.097 VIR=0.306 wVIR=0.003 AUX=0.040 w=0.010) ACC=96.723 F1=84.346 Rec=94.488 Prec=81.448
Train Client5 [36/50] LR=0.0000625 loss=0.031 (CE=0.020 VIR=0.108 wVIR=0.001 AUX=0.010 w=0.010) ACC=99.286 F1=90.360 Rec=94.403 Prec=88.073
Train Client6 [36/50] LR=0.0000625 loss=0.194 (CE=0.167 VIR=0.788 wVIR=0.008 AUX=0.019 w=0.010) ACC=97.222 F1=95.670 Rec=98.502 Prec=93.274
Train Client7 [36/50] LR=0.0000625 loss=0.091 (CE=0.058 VIR=0.634 wVIR=0.006 AUX=0.027 w=0.010) ACC=98.485 F1=96.829 Rec=97.269 Prec=96.506

Val    [36/50] LR=0.0000625 loss=1.727 ACC=97.029 F1=97.017 Rec=97.029 Prec=97.302
Val-Known->Virtual [36/50] rate=0.000% prob_mean=0.016882 margin_mean=0.949956
Val-LogitMargin [36/50] TrueKnown-VMax mean=5.6654 std=1.2417 p10=4.1833 p50=5.5360 p90=7.3589

Test-  OSR [36/50] LR=0.0000625 ACC=61.143 F1=66.535 Rec=81.302 Prec=75.598 UNK=0.667 OS*=97.429 HOS=1.324 AUROC=81.839 AUPR=79.740 OSCR=80.470
Test-Close [36/50] LR=0.0000625 loss=1.724 ACC=97.429 F1=97.422 Rec=97.429 Prec=97.606
Test-Virtual [36/50] CloseK->V=0.000% Open->V=0.667% OpenVEntropy=-0.000000 CloseHist=[0, 0, 0] OpenHist=[0, 0, 7]
Test-LogitMargin [36/50] CloseTrue-VMax mean=5.6710 std=1.2222 p10=4.1607 p50=5.6358 p90=7.2424 | OpenKnown-VMax mean=5.3298 std=2.3555 p10=1.6709 p50=6.2176 p90=7.7920
AnchorDiag [36/50] VNorm=[1.0000001192092896, 1.0, 0.9999999403953552] VDriftMax=0.000000 Vcos(max/mean)=(0.0000/-0.0000) KVcos(max/mean)=(0.0305/0.0016) ValK->V=0.00% CloseK->V=0.00% Open->V=0.67% OpenVEntropy=-0.0000
Train Client0 [37/50] LR=0.0000625 loss=0.014 (CE=0.010 VIR=0.027 wVIR=0.000 AUX=0.003 w=0.010) ACC=99.677 F1=79.664 Rec=79.653 Prec=79.676
Train Client1 [37/50] LR=0.0000625 loss=0.108 (CE=0.055 VIR=0.142 wVIR=0.001 AUX=0.051 w=0.010) ACC=97.981 F1=96.045 Rec=95.274 Prec=96.952
Train Client2 [37/50] LR=0.0000625 loss=0.102 (CE=0.055 VIR=0.161 wVIR=0.002 AUX=0.045 w=0.010) ACC=97.671 F1=92.161 Rec=91.902 Prec=92.432
Train Client3 [37/50] LR=0.0000625 loss=0.159 (CE=0.101 VIR=0.211 wVIR=0.002 AUX=0.056 w=0.010) ACC=96.780 F1=89.578 Rec=96.571 Prec=86.602
Train Client4 [37/50] LR=0.0000625 loss=0.136 (CE=0.091 VIR=0.337 wVIR=0.003 AUX=0.041 w=0.010) ACC=97.409 F1=87.571 Rec=97.340 Prec=83.825
Train Client5 [37/50] LR=0.0000625 loss=0.042 (CE=0.026 VIR=0.094 wVIR=0.001 AUX=0.016 w=0.010) ACC=99.286 F1=91.375 Rec=94.300 Prec=89.450
Train Client6 [37/50] LR=0.0000625 loss=0.184 (CE=0.148 VIR=0.834 wVIR=0.008 AUX=0.028 w=0.010) ACC=95.556 F1=90.395 Rec=97.360 Prec=85.216
Train Client7 [37/50] LR=0.0000625 loss=0.081 (CE=0.049 VIR=0.409 wVIR=0.004 AUX=0.028 w=0.010) ACC=98.485 F1=86.410 Rec=96.780 Prec=82.745

Val    [37/50] LR=0.0000625 loss=1.732 ACC=96.629 F1=96.611 Rec=96.629 Prec=96.989
Val-Known->Virtual [37/50] rate=0.000% prob_mean=0.017508 margin_mean=0.950488
Val-LogitMargin [37/50] TrueKnown-VMax mean=5.5881 std=1.1975 p10=4.1041 p50=5.5450 p90=7.1387

Test-  OSR [37/50] LR=0.0000625 ACC=61.071 F1=66.580 Rec=81.079 Prec=75.663 UNK=1.048 OS*=97.086 HOS=2.073 AUROC=82.676 AUPR=80.069 OSCR=81.161
Test-Close [37/50] LR=0.0000625 loss=1.729 ACC=97.086 F1=97.076 Rec=97.086 Prec=97.325
Test-Virtual [37/50] CloseK->V=0.000% Open->V=1.048% OpenVEntropy=0.277292 CloseHist=[0, 0, 0] OpenHist=[0, 1, 10]
Test-LogitMargin [37/50] CloseTrue-VMax mean=5.6011 std=1.1955 p10=4.1521 p50=5.5979 p90=7.0887 | OpenKnown-VMax mean=5.2040 std=2.3479 p10=1.4786 p50=6.1233 p90=7.6396
AnchorDiag [37/50] VNorm=[1.0000001192092896, 1.0, 0.9999999403953552] VDriftMax=0.000000 Vcos(max/mean)=(0.0000/-0.0000) KVcos(max/mean)=(0.0307/0.0016) ValK->V=0.00% CloseK->V=0.00% Open->V=1.05% OpenVEntropy=0.2773
Train Client0 [38/50] LR=0.0000625 loss=0.015 (CE=0.012 VIR=0.057 wVIR=0.001 AUX=0.003 w=0.010) ACC=99.623 F1=99.507 Rec=99.590 Prec=99.425
Train Client1 [38/50] LR=0.0000625 loss=0.097 (CE=0.049 VIR=0.171 wVIR=0.002 AUX=0.046 w=0.010) ACC=98.294 F1=96.598 Rec=96.354 Prec=96.948
Train Client2 [38/50] LR=0.0000625 loss=0.108 (CE=0.062 VIR=0.139 wVIR=0.001 AUX=0.045 w=0.010) ACC=97.719 F1=92.731 Rec=93.455 Prec=92.056
Train Client3 [38/50] LR=0.0000625 loss=0.078 (CE=0.037 VIR=0.064 wVIR=0.001 AUX=0.040 w=0.010) ACC=99.053 F1=98.568 Rec=98.546 Prec=98.626
Train Client4 [38/50] LR=0.0000625 loss=0.133 (CE=0.092 VIR=0.434 wVIR=0.004 AUX=0.036 w=0.010) ACC=97.104 F1=85.904 Rec=97.552 Prec=82.544
Train Client5 [38/50] LR=0.0000625 loss=0.029 (CE=0.016 VIR=0.086 wVIR=0.001 AUX=0.012 w=0.010) ACC=99.375 F1=88.451 Rec=89.525 Prec=87.599
Train Client6 [38/50] LR=0.0000625 loss=0.151 (CE=0.141 VIR=0.875 wVIR=0.009 AUX=0.002 w=0.010) ACC=95.278 F1=90.867 Rec=98.745 Prec=85.168
Train Client7 [38/50] LR=0.0000625 loss=0.100 (CE=0.065 VIR=0.553 wVIR=0.006 AUX=0.029 w=0.010) ACC=98.409 F1=89.793 Rec=97.102 Prec=85.866

Val    [38/50] LR=0.0000625 loss=1.742 ACC=96.400 F1=96.378 Rec=96.400 Prec=96.818
Val-Known->Virtual [38/50] rate=0.000% prob_mean=0.018217 margin_mean=0.951389
Val-LogitMargin [38/50] TrueKnown-VMax mean=5.6024 std=1.2633 p10=4.0412 p50=5.5450 p90=7.2677

Test-  OSR [38/50] LR=0.0000625 ACC=60.786 F1=65.845 Rec=80.635 Prec=74.376 UNK=1.238 OS*=96.514 HOS=2.445 AUROC=83.013 AUPR=80.215 OSCR=81.221
Test-Close [38/50] LR=0.0000625 loss=1.739 ACC=96.514 F1=96.498 Rec=96.514 Prec=96.851
Test-Virtual [38/50] CloseK->V=0.000% Open->V=1.238% OpenVEntropy=-0.000000 CloseHist=[0, 0, 0] OpenHist=[0, 0, 13]
Test-LogitMargin [38/50] CloseTrue-VMax mean=5.6117 std=1.2657 p10=4.0828 p50=5.6010 p90=7.1974 | OpenKnown-VMax mean=5.2326 std=2.4856 p10=1.3199 p50=6.2263 p90=7.7512
AnchorDiag [38/50] VNorm=[1.0000001192092896, 1.0, 0.9999999403953552] VDriftMax=0.000000 Vcos(max/mean)=(0.0000/-0.0000) KVcos(max/mean)=(0.0306/0.0017) ValK->V=0.00% CloseK->V=0.00% Open->V=1.24% OpenVEntropy=-0.0000
Train Client0 [39/50] LR=0.0000625 loss=0.019 (CE=0.015 VIR=0.057 wVIR=0.001 AUX=0.004 w=0.010) ACC=99.569 F1=79.666 Rec=79.655 Prec=79.678
Train Client1 [39/50] LR=0.0000625 loss=0.101 (CE=0.053 VIR=0.198 wVIR=0.002 AUX=0.046 w=0.010) ACC=98.155 F1=96.713 Rec=96.244 Prec=97.261
Train Client2 [39/50] LR=0.0000625 loss=0.108 (CE=0.061 VIR=0.126 wVIR=0.001 AUX=0.047 w=0.010) ACC=97.671 F1=92.400 Rec=92.445 Prec=92.358
Train Client3 [39/50] LR=0.0000625 loss=0.070 (CE=0.036 VIR=0.086 wVIR=0.001 AUX=0.034 w=0.010) ACC=99.053 F1=98.588 Rec=98.567 Prec=98.644
Train Client4 [39/50] LR=0.0000625 loss=0.123 (CE=0.078 VIR=0.284 wVIR=0.003 AUX=0.042 w=0.010) ACC=97.485 F1=89.202 Rec=97.017 Prec=85.320
Train Client5 [39/50] LR=0.0000625 loss=0.024 (CE=0.018 VIR=0.089 wVIR=0.001 AUX=0.005 w=0.010) ACC=99.286 F1=91.371 Rec=94.297 Prec=89.446
Train Client6 [39/50] LR=0.0000625 loss=0.108 (CE=0.091 VIR=0.535 wVIR=0.005 AUX=0.012 w=0.010) ACC=97.500 F1=94.882 Rec=98.576 Prec=91.924
Train Client7 [39/50] LR=0.0000625 loss=0.085 (CE=0.051 VIR=0.408 wVIR=0.004 AUX=0.029 w=0.010) ACC=98.030 F1=88.878 Rec=96.375 Prec=84.799

Val    [39/50] LR=0.0000625 loss=1.729 ACC=97.200 F1=97.192 Rec=97.200 Prec=97.394
Val-Known->Virtual [39/50] rate=0.000% prob_mean=0.021503 margin_mean=0.938945
Val-LogitMargin [39/50] TrueKnown-VMax mean=5.5125 std=1.3354 p10=3.8942 p50=5.3752 p90=7.3004

Test-  OSR [39/50] LR=0.0000625 ACC=61.357 F1=66.525 Rec=81.333 Prec=75.014 UNK=1.429 OS*=97.314 HOS=2.816 AUROC=79.806 AUPR=78.742 OSCR=78.452
Test-Close [39/50] LR=0.0000625 loss=1.726 ACC=97.314 F1=97.308 Rec=97.314 Prec=97.491
Test-Virtual [39/50] CloseK->V=0.000% Open->V=1.429% OpenVEntropy=0.222945 CloseHist=[0, 0, 0] OpenHist=[0, 1, 14]
Test-LogitMargin [39/50] CloseTrue-VMax mean=5.5188 std=1.3180 p10=3.8865 p50=5.4633 p90=7.2242 | OpenKnown-VMax mean=5.1499 std=2.5224 p10=1.2413 p50=6.1448 p90=7.7425
AnchorDiag [39/50] VNorm=[1.0000001192092896, 1.0, 0.9999999403953552] VDriftMax=0.000000 Vcos(max/mean)=(0.0000/-0.0000) KVcos(max/mean)=(0.0309/0.0018) ValK->V=0.00% CloseK->V=0.00% Open->V=1.43% OpenVEntropy=0.2229
Train Client0 [40/50] LR=0.0000625 loss=0.006 (CE=0.005 VIR=0.023 wVIR=0.000 AUX=0.001 w=0.010) ACC=99.946 F1=79.989 Rec=79.979 Prec=80.000
Train Client1 [40/50] LR=0.0000625 loss=0.102 (CE=0.052 VIR=0.188 wVIR=0.002 AUX=0.048 w=0.010) ACC=98.259 F1=96.564 Rec=96.386 Prec=96.828
Train Client2 [40/50] LR=0.0000625 loss=0.126 (CE=0.065 VIR=0.184 wVIR=0.002 AUX=0.059 w=0.010) ACC=97.481 F1=91.352 Rec=90.748 Prec=92.058
Train Client3 [40/50] LR=0.0000625 loss=0.095 (CE=0.062 VIR=0.234 wVIR=0.002 AUX=0.031 w=0.010) ACC=98.106 F1=94.015 Rec=97.831 Prec=91.601
Train Client4 [40/50] LR=0.0000625 loss=0.126 (CE=0.087 VIR=0.392 wVIR=0.004 AUX=0.036 w=0.010) ACC=96.799 F1=84.666 Rec=94.467 Prec=81.616
Train Client5 [40/50] LR=0.0000625 loss=0.028 (CE=0.016 VIR=0.094 wVIR=0.001 AUX=0.011 w=0.010) ACC=99.554 F1=93.046 Rec=94.611 Prec=91.816
Train Client6 [40/50] LR=0.0000625 loss=0.161 (CE=0.139 VIR=0.677 wVIR=0.007 AUX=0.016 w=0.010) ACC=95.278 F1=93.569 Rec=97.986 Prec=90.484
Train Client7 [40/50] LR=0.0000625 loss=0.093 (CE=0.061 VIR=0.524 wVIR=0.005 AUX=0.027 w=0.010) ACC=98.106 F1=88.873 Rec=96.395 Prec=84.754

Val    [40/50] LR=0.0000625 loss=1.731 ACC=96.857 F1=96.843 Rec=96.857 Prec=97.167
Val-Known->Virtual [40/50] rate=0.000% prob_mean=0.018463 margin_mean=0.947147
Val-LogitMargin [40/50] TrueKnown-VMax mean=5.6363 std=1.3423 p10=4.0762 p50=5.4421 p90=7.4433

Test-  OSR [40/50] LR=0.0000625 ACC=60.964 F1=66.648 Rec=81.095 Prec=76.112 UNK=0.571 OS*=97.200 HOS=1.136 AUROC=80.575 AUPR=79.015 OSCR=79.231
Test-Close [40/50] LR=0.0000625 loss=1.723 ACC=97.200 F1=97.192 Rec=97.200 Prec=97.406
Test-Virtual [40/50] CloseK->V=0.000% Open->V=0.571% OpenVEntropy=0.410118 CloseHist=[0, 0, 0] OpenHist=[1, 0, 5]
Test-LogitMargin [40/50] CloseTrue-VMax mean=5.6453 std=1.3182 p10=4.0538 p50=5.5480 p90=7.3727 | OpenKnown-VMax mean=5.4371 std=2.4467 p10=1.5681 p50=6.3339 p90=8.0025
AnchorDiag [40/50] VNorm=[1.0000001192092896, 1.0, 0.9999999403953552] VDriftMax=0.000000 Vcos(max/mean)=(0.0000/-0.0000) KVcos(max/mean)=(0.0309/0.0019) ValK->V=0.00% CloseK->V=0.00% Open->V=0.57% OpenVEntropy=0.4101
Saving model at epoch 40 . . . . . . . .

Train Client0 [41/50] LR=0.0000625 loss=0.020 (CE=0.013 VIR=0.052 wVIR=0.001 AUX=0.007 w=0.010) ACC=99.569 F1=79.635 Rec=79.651 Prec=79.620
Train Client1 [41/50] LR=0.0000625 loss=0.104 (CE=0.054 VIR=0.134 wVIR=0.001 AUX=0.048 w=0.010) ACC=98.120 F1=96.400 Rec=95.776 Prec=97.178
Train Client2 [41/50] LR=0.0000625 loss=0.093 (CE=0.050 VIR=0.116 wVIR=0.001 AUX=0.041 w=0.010) ACC=97.624 F1=92.236 Rec=92.421 Prec=92.054
Train Client3 [41/50] LR=0.0000625 loss=0.077 (CE=0.042 VIR=0.119 wVIR=0.001 AUX=0.034 w=0.010) ACC=99.242 F1=98.864 Rec=98.864 Prec=98.864
Train Client4 [41/50] LR=0.0000625 loss=0.122 (CE=0.087 VIR=0.326 wVIR=0.003 AUX=0.032 w=0.010) ACC=96.646 F1=84.062 Rec=94.768 Prec=81.285
Train Client5 [41/50] LR=0.0000625 loss=0.028 (CE=0.019 VIR=0.078 wVIR=0.001 AUX=0.009 w=0.010) ACC=99.107 F1=83.453 Rec=84.247 Prec=82.998
Train Client6 [41/50] LR=0.0000625 loss=0.162 (CE=0.137 VIR=0.898 wVIR=0.009 AUX=0.015 w=0.010) ACC=95.833 F1=94.325 Rec=98.897 Prec=91.134
Train Client7 [41/50] LR=0.0000625 loss=0.086 (CE=0.051 VIR=0.443 wVIR=0.004 AUX=0.030 w=0.010) ACC=98.409 F1=96.424 Rec=96.850 Prec=96.112

Val    [41/50] LR=0.0000625 loss=1.725 ACC=96.914 F1=96.902 Rec=96.914 Prec=97.200
Val-Known->Virtual [41/50] rate=0.000% prob_mean=0.014477 margin_mean=0.950299
Val-LogitMargin [41/50] TrueKnown-VMax mean=5.8479 std=1.2749 p10=4.3677 p50=5.7147 p90=7.5327

Test-  OSR [41/50] LR=0.0000625 ACC=61.143 F1=66.483 Rec=81.206 Prec=75.386 UNK=0.952 OS*=97.257 HOS=1.886 AUROC=82.902 AUPR=81.210 OSCR=81.531
Test-Close [41/50] LR=0.0000625 loss=1.719 ACC=97.257 F1=97.250 Rec=97.257 Prec=97.443
Test-Virtual [41/50] CloseK->V=0.000% Open->V=0.952% OpenVEntropy=0.295903 CloseHist=[0, 0, 0] OpenHist=[0, 1, 9]
Test-LogitMargin [41/50] CloseTrue-VMax mean=5.8531 std=1.2508 p10=4.3321 p50=5.8083 p90=7.4210 | OpenKnown-VMax mean=5.3858 std=2.5877 p10=1.3254 p50=6.4037 p90=8.0220
AnchorDiag [41/50] VNorm=[1.0000001192092896, 1.0, 0.9999999403953552] VDriftMax=0.000000 Vcos(max/mean)=(0.0000/-0.0000) KVcos(max/mean)=(0.0308/0.0021) ValK->V=0.00% CloseK->V=0.00% Open->V=0.95% OpenVEntropy=0.2959
Train Client0 [42/50] LR=0.0000625 loss=0.027 (CE=0.015 VIR=0.057 wVIR=0.001 AUX=0.012 w=0.010) ACC=99.677 F1=79.661 Rec=79.651 Prec=79.674
Train Client1 [42/50] LR=0.0000625 loss=0.106 (CE=0.054 VIR=0.140 wVIR=0.001 AUX=0.051 w=0.010) ACC=98.155 F1=96.568 Rec=96.249 Prec=96.927
Train Client2 [42/50] LR=0.0000625 loss=0.111 (CE=0.059 VIR=0.176 wVIR=0.002 AUX=0.051 w=0.010) ACC=97.386 F1=90.371 Rec=89.380 Prec=91.683
Train Client3 [42/50] LR=0.0000625 loss=0.051 (CE=0.031 VIR=0.076 wVIR=0.001 AUX=0.020 w=0.010) ACC=99.242 F1=98.856 Rec=98.849 Prec=98.880
Train Client4 [42/50] LR=0.0000625 loss=0.127 (CE=0.089 VIR=0.345 wVIR=0.003 AUX=0.035 w=0.010) ACC=96.799 F1=84.591 Rec=94.683 Prec=81.530
Train Client5 [42/50] LR=0.0000625 loss=0.037 (CE=0.018 VIR=0.097 wVIR=0.001 AUX=0.018 w=0.010) ACC=99.107 F1=87.280 Rec=89.200 Prec=86.028
Train Client6 [42/50] LR=0.0000625 loss=0.197 (CE=0.161 VIR=0.852 wVIR=0.009 AUX=0.028 w=0.010) ACC=93.889 F1=89.999 Rec=96.857 Prec=85.041
Train Client7 [42/50] LR=0.0000625 loss=0.081 (CE=0.047 VIR=0.426 wVIR=0.004 AUX=0.030 w=0.010) ACC=98.561 F1=96.408 Rec=96.900 Prec=95.997

Val    [42/50] LR=0.0000625 loss=1.722 ACC=96.914 F1=96.902 Rec=96.914 Prec=97.200
Val-Known->Virtual [42/50] rate=0.000% prob_mean=0.011165 margin_mean=0.955002
Val-LogitMargin [42/50] TrueKnown-VMax mean=6.0907 std=1.2104 p10=4.6107 p50=6.0389 p90=7.6513

Test-  OSR [42/50] LR=0.0000625 ACC=60.929 F1=65.904 Rec=81.016 Prec=74.506 UNK=0.667 OS*=97.086 HOS=1.324 AUROC=85.735 AUPR=82.831 OSCR=84.244
Test-Close [42/50] LR=0.0000625 loss=1.718 ACC=97.086 F1=97.077 Rec=97.086 Prec=97.315
Test-Virtual [42/50] CloseK->V=0.000% Open->V=0.667% OpenVEntropy=0.544568 CloseHist=[0, 0, 0] OpenHist=[0, 2, 5]
Test-LogitMargin [42/50] CloseTrue-VMax mean=6.0951 std=1.1844 p10=4.6529 p50=6.1467 p90=7.5062 | OpenKnown-VMax mean=5.5301 std=2.5305 p10=1.5495 p50=6.5813 p90=8.0643
AnchorDiag [42/50] VNorm=[1.0000001192092896, 1.0, 0.9999999403953552] VDriftMax=0.000000 Vcos(max/mean)=(0.0000/-0.0000) KVcos(max/mean)=(0.0309/0.0022) ValK->V=0.00% CloseK->V=0.00% Open->V=0.67% OpenVEntropy=0.5446
Saving best model . . . . . . . .

Train Client0 [43/50] LR=0.0000625 loss=0.018 (CE=0.010 VIR=0.045 wVIR=0.000 AUX=0.007 w=0.010) ACC=99.731 F1=99.619 Rec=99.641 Prec=99.597
Train Client1 [43/50] LR=0.0000625 loss=0.101 (CE=0.053 VIR=0.161 wVIR=0.002 AUX=0.046 w=0.010) ACC=98.085 F1=96.461 Rec=95.948 Prec=97.081
Train Client2 [43/50] LR=0.0000625 loss=0.108 (CE=0.060 VIR=0.143 wVIR=0.001 AUX=0.047 w=0.010) ACC=97.671 F1=91.978 Rec=91.543 Prec=92.472
Train Client3 [43/50] LR=0.0000625 loss=0.086 (CE=0.049 VIR=0.108 wVIR=0.001 AUX=0.036 w=0.010) ACC=98.485 F1=96.435 Rec=97.928 Prec=95.167
Train Client4 [43/50] LR=0.0000625 loss=0.141 (CE=0.100 VIR=0.476 wVIR=0.005 AUX=0.036 w=0.010) ACC=96.723 F1=84.926 Rec=97.181 Prec=81.740
Train Client5 [43/50] LR=0.0000625 loss=0.028 (CE=0.020 VIR=0.129 wVIR=0.001 AUX=0.007 w=0.010) ACC=99.286 F1=89.538 Rec=94.529 Prec=87.054
Train Client6 [43/50] LR=0.0000625 loss=0.204 (CE=0.173 VIR=0.702 wVIR=0.007 AUX=0.023 w=0.010) ACC=96.944 F1=95.389 Rec=97.672 Prec=93.669
Train Client7 [43/50] LR=0.0000625 loss=0.099 (CE=0.059 VIR=0.619 wVIR=0.006 AUX=0.034 w=0.010) ACC=97.955 F1=95.820 Rec=97.016 Prec=94.831

Val    [43/50] LR=0.0000625 loss=1.719 ACC=97.429 F1=97.424 Rec=97.429 Prec=97.568
Val-Known->Virtual [43/50] rate=0.000% prob_mean=0.016137 margin_mean=0.949261
Val-LogitMargin [43/50] TrueKnown-VMax mean=5.8108 std=1.3400 p10=4.2371 p50=5.6505 p90=7.6167

Test-  OSR [43/50] LR=0.0000625 ACC=61.250 F1=66.642 Rec=81.317 Prec=75.549 UNK=1.048 OS*=97.371 HOS=2.073 AUROC=82.277 AUPR=80.625 OSCR=80.953
Test-Close [43/50] LR=0.0000625 loss=1.718 ACC=97.371 F1=97.366 Rec=97.371 Prec=97.519
Test-Virtual [43/50] CloseK->V=0.000% Open->V=1.048% OpenVEntropy=0.431580 CloseHist=[0, 0, 0] OpenHist=[0, 2, 9]
Test-LogitMargin [43/50] CloseTrue-VMax mean=5.8127 std=1.3103 p10=4.2429 p50=5.7220 p90=7.5037 | OpenKnown-VMax mean=5.3905 std=2.5845 p10=1.3199 p50=6.4358 p90=8.0232
AnchorDiag [43/50] VNorm=[1.0000001192092896, 1.0, 0.9999999403953552] VDriftMax=0.000000 Vcos(max/mean)=(0.0000/-0.0000) KVcos(max/mean)=(0.0311/0.0022) ValK->V=0.00% CloseK->V=0.00% Open->V=1.05% OpenVEntropy=0.4316
Train Client0 [44/50] LR=0.0000625 loss=0.010 (CE=0.009 VIR=0.057 wVIR=0.001 AUX=0.001 w=0.010) ACC=99.677 F1=79.778 Rec=79.873 Prec=79.686
Train Client1 [44/50] LR=0.0000625 loss=0.105 (CE=0.056 VIR=0.151 wVIR=0.002 AUX=0.048 w=0.010) ACC=98.155 F1=95.993 Rec=95.887 Prec=96.160
Train Client2 [44/50] LR=0.0000625 loss=0.110 (CE=0.058 VIR=0.135 wVIR=0.001 AUX=0.051 w=0.010) ACC=97.386 F1=90.655 Rec=89.618 Prec=91.918
Train Client3 [44/50] LR=0.0000625 loss=0.065 (CE=0.032 VIR=0.092 wVIR=0.001 AUX=0.032 w=0.010) ACC=98.864 F1=95.909 Rec=98.646 Prec=93.901
Train Client4 [44/50] LR=0.0000625 loss=0.148 (CE=0.093 VIR=0.450 wVIR=0.005 AUX=0.050 w=0.010) ACC=96.646 F1=83.970 Rec=95.199 Prec=81.291
Train Client5 [44/50] LR=0.0000625 loss=0.035 (CE=0.020 VIR=0.080 wVIR=0.001 AUX=0.015 w=0.010) ACC=99.464 F1=92.986 Rec=94.550 Prec=91.756
Train Client6 [44/50] LR=0.0000625 loss=0.225 (CE=0.172 VIR=0.911 wVIR=0.009 AUX=0.044 w=0.010) ACC=96.111 F1=94.172 Rec=97.448 Prec=91.673
Train Client7 [44/50] LR=0.0000625 loss=0.077 (CE=0.048 VIR=0.394 wVIR=0.004 AUX=0.025 w=0.010) ACC=98.712 F1=90.406 Rec=97.463 Prec=86.721

Val    [44/50] LR=0.0000625 loss=1.730 ACC=96.857 F1=96.842 Rec=96.857 Prec=97.194
Val-Known->Virtual [44/50] rate=0.000% prob_mean=0.015601 margin_mean=0.951355
Val-LogitMargin [44/50] TrueKnown-VMax mean=5.7532 std=1.2553 p10=4.2694 p50=5.6530 p90=7.3812

Test-  OSR [44/50] LR=0.0000625 ACC=61.179 F1=66.490 Rec=81.159 Prec=75.277 UNK=1.238 OS*=97.143 HOS=2.445 AUROC=85.522 AUPR=82.645 OSCR=83.961
Test-Close [44/50] LR=0.0000625 loss=1.725 ACC=97.143 F1=97.133 Rec=97.143 Prec=97.396
Test-Virtual [44/50] CloseK->V=0.000% Open->V=1.238% OpenVEntropy=0.625418 CloseHist=[0, 0, 0] OpenHist=[1, 2, 10]
Test-LogitMargin [44/50] CloseTrue-VMax mean=5.7623 std=1.2243 p10=4.3031 p50=5.7316 p90=7.2925 | OpenKnown-VMax mean=5.2205 std=2.5579 p10=1.1966 p50=6.2818 p90=7.7562
AnchorDiag [44/50] VNorm=[1.0000001192092896, 1.0, 0.9999999403953552] VDriftMax=0.000000 Vcos(max/mean)=(0.0000/-0.0000) KVcos(max/mean)=(0.0310/0.0024) ValK->V=0.00% CloseK->V=0.00% Open->V=1.24% OpenVEntropy=0.6254
Train Client0 [45/50] LR=0.0000625 loss=0.012 (CE=0.008 VIR=0.053 wVIR=0.001 AUX=0.004 w=0.010) ACC=99.731 F1=79.773 Rec=79.804 Prec=79.743
Train Client1 [45/50] LR=0.0000625 loss=0.105 (CE=0.054 VIR=0.144 wVIR=0.001 AUX=0.049 w=0.010) ACC=98.120 F1=96.217 Rec=95.917 Prec=96.642
Train Client2 [45/50] LR=0.0000625 loss=0.107 (CE=0.061 VIR=0.170 wVIR=0.002 AUX=0.045 w=0.010) ACC=97.338 F1=91.366 Rec=91.286 Prec=91.447
Train Client3 [45/50] LR=0.0000625 loss=0.088 (CE=0.048 VIR=0.082 wVIR=0.001 AUX=0.040 w=0.010) ACC=98.864 F1=98.283 Rec=98.268 Prec=98.313
Train Client4 [45/50] LR=0.0000625 loss=0.112 (CE=0.075 VIR=0.197 wVIR=0.002 AUX=0.036 w=0.010) ACC=97.104 F1=85.423 Rec=94.600 Prec=81.837
Train Client5 [45/50] LR=0.0000625 loss=0.025 (CE=0.017 VIR=0.085 wVIR=0.001 AUX=0.007 w=0.010) ACC=99.375 F1=91.881 Rec=99.528 Prec=88.515
Train Client6 [45/50] LR=0.0000625 loss=0.148 (CE=0.128 VIR=0.834 wVIR=0.008 AUX=0.012 w=0.010) ACC=96.111 F1=94.017 Rec=96.691 Prec=91.848
Train Client7 [45/50] LR=0.0000625 loss=0.090 (CE=0.051 VIR=0.284 wVIR=0.003 AUX=0.036 w=0.010) ACC=98.182 F1=89.147 Rec=96.516 Prec=85.200

Val    [45/50] LR=0.0000625 loss=1.727 ACC=97.029 F1=97.018 Rec=97.029 Prec=97.277
Val-Known->Virtual [45/50] rate=0.000% prob_mean=0.015096 margin_mean=0.945638
Val-LogitMargin [45/50] TrueKnown-VMax mean=5.7598 std=1.1808 p10=4.3405 p50=5.7236 p90=7.2728

Test-  OSR [45/50] LR=0.0000625 ACC=61.000 F1=66.463 Rec=81.111 Prec=75.630 UNK=0.667 OS*=97.200 HOS=1.324 AUROC=87.347 AUPR=83.454 OSCR=85.896
Test-Close [45/50] LR=0.0000625 loss=1.722 ACC=97.200 F1=97.192 Rec=97.200 Prec=97.406
Test-Virtual [45/50] CloseK->V=0.000% Open->V=0.667% OpenVEntropy=0.373304 CloseHist=[0, 0, 0] OpenHist=[1, 0, 6]
Test-LogitMargin [45/50] CloseTrue-VMax mean=5.7720 std=1.1542 p10=4.3181 p50=5.8209 p90=7.1507 | OpenKnown-VMax mean=5.1545 std=2.3353 p10=1.4668 p50=6.0661 p90=7.5029
AnchorDiag [45/50] VNorm=[1.0000001192092896, 1.0, 0.9999999403953552] VDriftMax=0.000000 Vcos(max/mean)=(0.0000/-0.0000) KVcos(max/mean)=(0.0310/0.0025) ValK->V=0.00% CloseK->V=0.00% Open->V=0.67% OpenVEntropy=0.3733
Saving best model . . . . . . . .

Saving model at epoch 45 . . . . . . . .

Train Client0 [46/50] LR=0.0000625 loss=0.012 (CE=0.010 VIR=0.039 wVIR=0.000 AUX=0.002 w=0.010) ACC=99.892 F1=79.947 Rec=79.957 Prec=79.937
Train Client1 [46/50] LR=0.0000625 loss=0.094 (CE=0.049 VIR=0.188 wVIR=0.002 AUX=0.043 w=0.010) ACC=98.224 F1=96.758 Rec=96.345 Prec=97.226
Train Client2 [46/50] LR=0.0000625 loss=0.105 (CE=0.057 VIR=0.151 wVIR=0.002 AUX=0.046 w=0.010) ACC=97.338 F1=91.079 Rec=90.931 Prec=91.241
Train Client3 [46/50] LR=0.0000625 loss=0.073 (CE=0.034 VIR=0.110 wVIR=0.001 AUX=0.037 w=0.010) ACC=98.864 F1=96.303 Rec=98.445 Prec=94.640
Train Client4 [46/50] LR=0.0000625 loss=0.103 (CE=0.064 VIR=0.174 wVIR=0.002 AUX=0.038 w=0.010) ACC=97.942 F1=90.034 Rec=97.583 Prec=86.344
Train Client5 [46/50] LR=0.0000625 loss=0.017 (CE=0.012 VIR=0.059 wVIR=0.001 AUX=0.004 w=0.010) ACC=99.464 F1=87.774 Rec=89.699 Prec=86.515
Train Client6 [46/50] LR=0.0000625 loss=0.168 (CE=0.133 VIR=0.808 wVIR=0.008 AUX=0.027 w=0.010) ACC=96.667 F1=94.871 Rec=97.595 Prec=92.623
Train Client7 [46/50] LR=0.0000625 loss=0.058 (CE=0.034 VIR=0.394 wVIR=0.004 AUX=0.020 w=0.010) ACC=98.485 F1=96.094 Rec=96.080 Prec=96.126

Val    [46/50] LR=0.0000625 loss=1.728 ACC=96.686 F1=96.667 Rec=96.686 Prec=97.062
Val-Known->Virtual [46/50] rate=0.000% prob_mean=0.012781 margin_mean=0.955841
Val-LogitMargin [46/50] TrueKnown-VMax mean=5.9907 std=1.2866 p10=4.4889 p50=5.9015 p90=7.6343

Test-  OSR [46/50] LR=0.0000625 ACC=61.000 F1=66.517 Rec=81.111 Prec=75.763 UNK=0.667 OS*=97.200 HOS=1.324 AUROC=85.837 AUPR=82.505 OSCR=84.354
Test-Close [46/50] LR=0.0000625 loss=1.721 ACC=97.200 F1=97.191 Rec=97.200 Prec=97.442
Test-Virtual [46/50] CloseK->V=0.000% Open->V=0.667% OpenVEntropy=0.373304 CloseHist=[0, 0, 0] OpenHist=[1, 0, 6]
Test-LogitMargin [46/50] CloseTrue-VMax mean=5.9988 std=1.2496 p10=4.4547 p50=6.0006 p90=7.5381 | OpenKnown-VMax mean=5.3888 std=2.4721 p10=1.5113 p50=6.2909 p90=7.9578
AnchorDiag [46/50] VNorm=[1.0000001192092896, 1.0, 0.9999999403953552] VDriftMax=0.000000 Vcos(max/mean)=(0.0000/-0.0000) KVcos(max/mean)=(0.0314/0.0026) ValK->V=0.00% CloseK->V=0.00% Open->V=0.67% OpenVEntropy=0.3733
>> New learning Rate: 3.125e-05
Train Client0 [47/50] LR=0.0000313 loss=0.020 (CE=0.011 VIR=0.045 wVIR=0.000 AUX=0.008 w=0.010) ACC=99.731 F1=79.836 Rec=79.804 Prec=79.868
Train Client1 [47/50] LR=0.0000313 loss=0.093 (CE=0.048 VIR=0.163 wVIR=0.002 AUX=0.044 w=0.010) ACC=98.329 F1=96.416 Rec=96.067 Prec=96.813
Train Client2 [47/50] LR=0.0000313 loss=0.088 (CE=0.051 VIR=0.146 wVIR=0.001 AUX=0.036 w=0.010) ACC=97.909 F1=93.648 Rec=94.719 Prec=92.718
Train Client3 [47/50] LR=0.0000313 loss=0.055 (CE=0.030 VIR=0.084 wVIR=0.001 AUX=0.024 w=0.010) ACC=99.053 F1=97.271 Rec=98.738 Prec=96.040
Train Client4 [47/50] LR=0.0000313 loss=0.109 (CE=0.080 VIR=0.304 wVIR=0.003 AUX=0.026 w=0.010) ACC=97.027 F1=84.731 Rec=95.441 Prec=82.135
Train Client5 [47/50] LR=0.0000313 loss=0.024 (CE=0.017 VIR=0.069 wVIR=0.001 AUX=0.006 w=0.010) ACC=99.464 F1=92.942 Rec=99.459 Prec=89.761
Train Client6 [47/50] LR=0.0000313 loss=0.222 (CE=0.201 VIR=0.914 wVIR=0.009 AUX=0.013 w=0.010) ACC=95.000 F1=91.376 Rec=97.912 Prec=86.381
Train Client7 [47/50] LR=0.0000313 loss=0.080 (CE=0.047 VIR=0.375 wVIR=0.004 AUX=0.030 w=0.010) ACC=98.409 F1=89.606 Rec=96.855 Prec=85.790

Val    [47/50] LR=0.0000313 loss=1.726 ACC=97.200 F1=97.191 Rec=97.200 Prec=97.416
Val-Known->Virtual [47/50] rate=0.000% prob_mean=0.015138 margin_mean=0.953018
Val-LogitMargin [47/50] TrueKnown-VMax mean=5.8409 std=1.2613 p10=4.2517 p50=5.8547 p90=7.4528

Test-  OSR [47/50] LR=0.0000313 ACC=61.107 F1=66.485 Rec=81.190 Prec=75.478 UNK=0.857 OS*=97.257 HOS=1.699 AUROC=85.655 AUPR=82.630 OSCR=84.192
Test-Close [47/50] LR=0.0000313 loss=1.720 ACC=97.257 F1=97.250 Rec=97.257 Prec=97.453
Test-Virtual [47/50] CloseK->V=0.000% Open->V=0.857% OpenVEntropy=0.317521 CloseHist=[0, 0, 0] OpenHist=[1, 0, 8]
Test-LogitMargin [47/50] CloseTrue-VMax mean=5.8479 std=1.2244 p10=4.2347 p50=5.9135 p90=7.3119 | OpenKnown-VMax mean=5.1529 std=2.3733 p10=1.4579 p50=6.0050 p90=7.6282
AnchorDiag [47/50] VNorm=[1.0000001192092896, 1.0, 0.9999999403953552] VDriftMax=0.000000 Vcos(max/mean)=(0.0000/-0.0000) KVcos(max/mean)=(0.0316/0.0026) ValK->V=0.00% CloseK->V=0.00% Open->V=0.86% OpenVEntropy=0.3175
Train Client0 [48/50] LR=0.0000313 loss=0.005 (CE=0.002 VIR=0.015 wVIR=0.000 AUX=0.003 w=0.010) ACC=100.000 F1=100.000 Rec=100.000 Prec=100.000
Train Client1 [48/50] LR=0.0000313 loss=0.094 (CE=0.048 VIR=0.180 wVIR=0.002 AUX=0.045 w=0.010) ACC=98.364 F1=96.982 Rec=96.640 Prec=97.387
Train Client2 [48/50] LR=0.0000313 loss=0.093 (CE=0.051 VIR=0.108 wVIR=0.001 AUX=0.041 w=0.010) ACC=98.004 F1=93.411 Rec=93.249 Prec=93.579
Train Client3 [48/50] LR=0.0000313 loss=0.042 (CE=0.020 VIR=0.068 wVIR=0.001 AUX=0.020 w=0.010) ACC=99.053 F1=98.571 Rec=98.567 Prec=98.578
Train Client4 [48/50] LR=0.0000313 loss=0.134 (CE=0.094 VIR=0.308 wVIR=0.003 AUX=0.037 w=0.010) ACC=96.570 F1=84.311 Rec=96.921 Prec=80.773
Train Client5 [48/50] LR=0.0000313 loss=0.024 (CE=0.015 VIR=0.079 wVIR=0.001 AUX=0.008 w=0.010) ACC=99.554 F1=91.731 Rec=94.727 Prec=89.736
Train Client6 [48/50] LR=0.0000313 loss=0.237 (CE=0.203 VIR=0.996 wVIR=0.010 AUX=0.024 w=0.010) ACC=94.167 F1=89.191 Rec=96.931 Prec=83.848
Train Client7 [48/50] LR=0.0000313 loss=0.098 (CE=0.063 VIR=0.609 wVIR=0.006 AUX=0.029 w=0.010) ACC=98.030 F1=95.912 Rec=97.489 Prec=94.604

Val    [48/50] LR=0.0000313 loss=1.728 ACC=96.743 F1=96.727 Rec=96.743 Prec=97.078
Val-Known->Virtual [48/50] rate=0.000% prob_mean=0.013568 margin_mean=0.951514
Val-LogitMargin [48/50] TrueKnown-VMax mean=5.8596 std=1.2260 p10=4.4065 p50=5.7936 p90=7.4283

Test-  OSR [48/50] LR=0.0000313 ACC=60.893 F1=66.435 Rec=81.095 Prec=75.838 UNK=0.286 OS*=97.257 HOS=0.570 AUROC=88.841 AUPR=84.798 OSCR=87.313
Test-Close [48/50] LR=0.0000313 loss=1.721 ACC=97.257 F1=97.248 Rec=97.257 Prec=97.486
Test-Virtual [48/50] CloseK->V=0.000% Open->V=0.286% OpenVEntropy=0.579380 CloseHist=[0, 0, 0] OpenHist=[0, 1, 2]
Test-LogitMargin [48/50] CloseTrue-VMax mean=5.8696 std=1.1866 p10=4.3926 p50=5.8592 p90=7.3260 | OpenKnown-VMax mean=5.2908 std=2.2783 p10=1.7732 p50=6.0781 p90=7.7381
AnchorDiag [48/50] VNorm=[1.0000001192092896, 1.0, 0.9999999403953552] VDriftMax=0.000000 Vcos(max/mean)=(0.0000/-0.0000) KVcos(max/mean)=(0.0316/0.0027) ValK->V=0.00% CloseK->V=0.00% Open->V=0.29% OpenVEntropy=0.5794
Saving best model . . . . . . . .

Train Client0 [49/50] LR=0.0000313 loss=0.015 (CE=0.011 VIR=0.055 wVIR=0.001 AUX=0.004 w=0.010) ACC=99.515 F1=79.692 Rec=79.767 Prec=79.620
Train Client1 [49/50] LR=0.0000313 loss=0.095 (CE=0.049 VIR=0.157 wVIR=0.002 AUX=0.044 w=0.010) ACC=98.364 F1=96.867 Rec=96.395 Prec=97.427
Train Client2 [49/50] LR=0.0000313 loss=0.102 (CE=0.056 VIR=0.139 wVIR=0.001 AUX=0.045 w=0.010) ACC=97.624 F1=92.640 Rec=93.560 Prec=91.879
Train Client3 [49/50] LR=0.0000313 loss=0.055 (CE=0.034 VIR=0.115 wVIR=0.001 AUX=0.021 w=0.010) ACC=98.864 F1=96.979 Rec=98.477 Prec=95.705
Train Client4 [49/50] LR=0.0000313 loss=0.114 (CE=0.076 VIR=0.188 wVIR=0.002 AUX=0.036 w=0.010) ACC=97.104 F1=86.408 Rec=97.035 Prec=82.853
Train Client5 [49/50] LR=0.0000313 loss=0.043 (CE=0.022 VIR=0.085 wVIR=0.001 AUX=0.020 w=0.010) ACC=99.375 F1=90.483 Rec=94.462 Prec=88.258
Train Client6 [49/50] LR=0.0000313 loss=0.160 (CE=0.136 VIR=0.618 wVIR=0.006 AUX=0.018 w=0.010) ACC=95.000 F1=91.711 Rec=98.676 Prec=86.864
Train Client7 [49/50] LR=0.0000313 loss=0.083 (CE=0.057 VIR=0.431 wVIR=0.004 AUX=0.022 w=0.010) ACC=98.636 F1=87.270 Rec=98.063 Prec=83.254

Val    [49/50] LR=0.0000313 loss=1.726 ACC=96.971 F1=96.960 Rec=96.971 Prec=97.232
Val-Known->Virtual [49/50] rate=0.000% prob_mean=0.013396 margin_mean=0.952343
Val-LogitMargin [49/50] TrueKnown-VMax mean=5.9338 std=1.2731 p10=4.3998 p50=5.9070 p90=7.5345

Test-  OSR [49/50] LR=0.0000313 ACC=60.821 F1=66.464 Rec=81.032 Prec=76.030 UNK=0.190 OS*=97.200 HOS=0.380 AUROC=87.919 AUPR=83.905 OSCR=86.464
Test-Close [49/50] LR=0.0000313 loss=1.719 ACC=97.200 F1=97.192 Rec=97.200 Prec=97.406
Test-Virtual [49/50] CloseK->V=0.000% Open->V=0.190% OpenVEntropy=0.630930 CloseHist=[0, 0, 0] OpenHist=[0, 1, 1]
Test-LogitMargin [49/50] CloseTrue-VMax mean=5.9461 std=1.2448 p10=4.3438 p50=5.9609 p90=7.4538 | OpenKnown-VMax mean=5.3853 std=2.2926 p10=1.8465 p50=6.1371 p90=7.8798
AnchorDiag [49/50] VNorm=[1.0000001192092896, 1.0, 0.9999999403953552] VDriftMax=0.000000 Vcos(max/mean)=(0.0000/-0.0000) KVcos(max/mean)=(0.0319/0.0028) ValK->V=0.00% CloseK->V=0.00% Open->V=0.19% OpenVEntropy=0.6309
------>Best performance (by OSCR)--->>>>>>>

Test-  OSR [48/50] ACC=60.893 F1=66.435 Rec=81.095 Prec=75.838 UNK=0.286 OS*=97.257 HOS=0.570 AUROC=88.841 AUPR=84.798 OSCR=87.313
=====================================================================================================================================
The ending time ：2026-06-18 21:23:45
