Logging to: ./logs/RetinalOCT_Pretrain_K5_U3_seed0_20260620_110652.log
==> Preparing data..
Protocol mode: easy
Fixed known classes: ['CNV', 'DME', 'DR', 'DRUSEN', 'NORMAL']
Fixed unknown classes: ['AMD', 'CSR', 'MH']
Known class list: [1 3 4 5 7] Unknown class list [0 2 6]
Total images — Train: 18400, Val: 2800, Test: 2800
{1: 0, 3: 1, 4: 2, 5: 3, 7: 4} {0: 5, 2: 6, 6: 7}
Known origin: [1 3 4 5 7] , new: [0 1 2 3 4]
Unknown origin: [0 2 6] , new: [5 6 7]
Known/Unknown in Train: 11500/6900
Known/Unknown in Val:   1750/1050
Known/Unknown in Test:  1750/1050
Client0 sample num: 1861
Client1 sample num: 2876
Client2 sample num: 2109
Client3 sample num: 533
Client4 sample num: 1312
Client5 sample num: 1125
Client6 sample num: 362
Client7 sample num: 1322

>>> Setting up
==> Using device: cuda:0
==> Building [Resnet18] model..
154
120
Train Client0 [0/50] LR=0.0005000 loss=2.266 (CE=1.166 VIR=0.188 wVIR=0.094 AUX=1.006 w=0.500) ACC=60.399 F1=38.205 Rec=37.842 Prec=41.233
Train Client1 [0/50] LR=0.0005000 loss=1.653 (CE=0.868 VIR=0.107 wVIR=0.054 AUX=0.732 w=0.500) ACC=70.508 F1=52.964 Rec=52.221 Prec=53.938
Train Client2 [0/50] LR=0.0005000 loss=1.311 (CE=0.680 VIR=0.092 wVIR=0.046 AUX=0.585 w=0.500) ACC=78.184 F1=37.535 Rec=38.886 Prec=37.591
Train Client3 [0/50] LR=0.0005000 loss=3.158 (CE=1.783 VIR=0.454 wVIR=0.227 AUX=1.148 w=0.500) ACC=42.424 F1=34.559 Rec=34.243 Prec=34.913
Train Client4 [0/50] LR=0.0005000 loss=1.297 (CE=0.719 VIR=0.207 wVIR=0.104 AUX=0.474 w=0.500) ACC=81.707 F1=41.673 Rec=40.996 Prec=45.393
Train Client5 [0/50] LR=0.0005000 loss=2.239 (CE=1.192 VIR=0.222 wVIR=0.111 AUX=0.935 w=0.500) ACC=58.036 F1=39.862 Rec=40.247 Prec=39.852
Train Client6 [0/50] LR=0.0005000 loss=2.759 (CE=1.486 VIR=0.663 wVIR=0.331 AUX=0.942 w=0.500) ACC=60.556 F1=25.688 Rec=25.857 Prec=25.621
Train Client7 [0/50] LR=0.0005000 loss=2.055 (CE=1.112 VIR=0.265 wVIR=0.133 AUX=0.810 w=0.500) ACC=64.242 F1=36.293 Rec=35.173 Prec=38.064

Val    [0/50] LR=0.0005000 loss=3.157 ACC=20.286 F1=7.246 Rec=20.286 Prec=24.011
Val-Known->Virtual [0/50] rate=0.000% prob_mean=0.024266 margin_mean=0.349393
Val-LogitMargin [0/50] TrueKnown-VMax mean=3.0009 std=0.4261 p10=2.4280 p50=2.9780 p90=3.6385

Test-  OSR [0/50] LR=0.0005000 ACC=12.893 F1=4.728 Rec=17.190 Prec=15.189 UNK=0.000 OS*=20.629 HOS=0.000 AUROC=84.535 AUPR=62.581 OSCR=20.034
Test-Close [0/50] LR=0.0005000 loss=3.164 ACC=20.629 F1=7.921 Rec=20.629 Prec=24.025
Test-Virtual [0/50] CloseK->V=0.000% Open->V=0.000% OpenVEntropy=0.000000 CloseHist=[0, 0, 0] OpenHist=[0, 0, 0]
Test-LogitMargin [0/50] CloseTrue-VMax mean=3.0000 std=0.4345 p10=2.4340 p50=2.9638 p90=3.6595 | OpenKnown-VMax mean=3.2757 std=0.1155 p10=3.1307 p50=3.2785 p90=3.4229
AnchorDiag [0/50] VNorm=[1.0000001192092896, 0.9999999403953552, 0.9999999403953552] VDriftMax=0.000000 Vcos(max/mean)=(0.0000/-0.0000) KVcos(max/mean)=(0.0020/-0.0009) ValK->V=0.00% CloseK->V=0.00% Open->V=0.00% OpenVEntropy=0.0000
Saving best model . . . . . . . .

Saving model at epoch 0 . . . . . . . .

Train Client0 [1/50] LR=0.0005000 loss=1.758 (CE=0.940 VIR=0.055 wVIR=0.028 AUX=0.790 w=0.500) ACC=65.409 F1=44.480 Rec=43.942 Prec=46.475
Train Client1 [1/50] LR=0.0005000 loss=1.342 (CE=0.715 VIR=0.035 wVIR=0.018 AUX=0.610 w=0.500) ACC=73.433 F1=55.979 Rec=54.766 Prec=57.662
Train Client2 [1/50] LR=0.0005000 loss=1.080 (CE=0.577 VIR=0.036 wVIR=0.018 AUX=0.484 w=0.500) ACC=81.702 F1=43.040 Rec=43.608 Prec=45.469
Train Client3 [1/50] LR=0.0005000 loss=2.210 (CE=1.186 VIR=0.136 wVIR=0.068 AUX=0.956 w=0.500) ACC=55.114 F1=45.122 Rec=44.910 Prec=45.566
Train Client4 [1/50] LR=0.0005000 loss=0.887 (CE=0.474 VIR=0.072 wVIR=0.036 AUX=0.377 w=0.500) ACC=86.662 F1=45.174 Rec=44.500 Prec=46.354
Train Client5 [1/50] LR=0.0005000 loss=1.678 (CE=0.866 VIR=0.066 wVIR=0.033 AUX=0.779 w=0.500) ACC=67.143 F1=49.565 Rec=48.831 Prec=52.775
Train Client6 [1/50] LR=0.0005000 loss=1.651 (CE=0.861 VIR=0.179 wVIR=0.090 AUX=0.700 w=0.500) ACC=76.389 F1=41.048 Rec=41.078 Prec=41.492
Train Client7 [1/50] LR=0.0005000 loss=1.390 (CE=0.739 VIR=0.057 wVIR=0.029 AUX=0.623 w=0.500) ACC=72.045 F1=44.978 Rec=43.293 Prec=48.742

Val    [1/50] LR=0.0005000 loss=2.777 ACC=62.171 F1=56.215 Rec=62.171 Prec=79.200
Val-Known->Virtual [1/50] rate=0.000% prob_mean=0.010399 margin_mean=0.362580
Val-LogitMargin [1/50] TrueKnown-VMax mean=4.3470 std=0.3581 p10=3.8734 p50=4.3573 p90=4.7992

Test-  OSR [1/50] LR=0.0005000 ACC=37.929 F1=35.480 Rec=50.571 Prec=51.160 UNK=0.000 OS*=60.686 HOS=0.000 AUROC=47.416 AUPR=39.414 OSCR=35.675
Test-Close [1/50] LR=0.0005000 loss=2.783 ACC=60.686 F1=54.759 Rec=60.686 Prec=79.127
Test-Virtual [1/50] CloseK->V=0.000% Open->V=0.000% OpenVEntropy=0.000000 CloseHist=[0, 0, 0] OpenHist=[0, 0, 0]
Test-LogitMargin [1/50] CloseTrue-VMax mean=4.3470 std=0.3621 p10=3.8721 p50=4.3584 p90=4.8040 | OpenKnown-VMax mean=4.1793 std=0.2155 p10=3.8887 p50=4.2121 p90=4.4236
AnchorDiag [1/50] VNorm=[1.0000001192092896, 0.9999999403953552, 0.9999999403953552] VDriftMax=0.000000 Vcos(max/mean)=(0.0000/-0.0000) KVcos(max/mean)=(0.0018/-0.0017) ValK->V=0.00% CloseK->V=0.00% Open->V=0.00% OpenVEntropy=0.0000
Saving best model . . . . . . . .

Train Client0 [2/50] LR=0.0005000 loss=1.598 (CE=0.837 VIR=0.024 wVIR=0.012 AUX=0.749 w=0.500) ACC=70.690 F1=49.130 Rec=48.197 Prec=52.071
Train Client1 [2/50] LR=0.0005000 loss=1.104 (CE=0.591 VIR=0.022 wVIR=0.011 AUX=0.502 w=0.500) ACC=79.457 F1=61.835 Rec=61.351 Prec=62.529
Train Client2 [2/50] LR=0.0005000 loss=0.870 (CE=0.459 VIR=0.017 wVIR=0.009 AUX=0.402 w=0.500) ACC=83.080 F1=52.503 Rec=50.973 Prec=57.170
Train Client3 [2/50] LR=0.0005000 loss=1.631 (CE=0.843 VIR=0.031 wVIR=0.015 AUX=0.772 w=0.500) ACC=63.447 F1=53.095 Rec=52.742 Prec=53.534
Train Client4 [2/50] LR=0.0005000 loss=0.720 (CE=0.390 VIR=0.022 wVIR=0.011 AUX=0.318 w=0.500) ACC=88.262 F1=45.564 Rec=45.445 Prec=45.804
Train Client5 [2/50] LR=0.0005000 loss=1.507 (CE=0.792 VIR=0.037 wVIR=0.019 AUX=0.696 w=0.500) ACC=67.946 F1=49.920 Rec=49.273 Prec=52.032
Train Client6 [2/50] LR=0.0005000 loss=1.350 (CE=0.715 VIR=0.045 wVIR=0.022 AUX=0.613 w=0.500) ACC=78.889 F1=40.271 Rec=38.938 Prec=46.889
Train Client7 [2/50] LR=0.0005000 loss=1.093 (CE=0.591 VIR=0.023 wVIR=0.012 AUX=0.491 w=0.500) ACC=76.970 F1=52.417 Rec=49.495 Prec=57.006

Val    [2/50] LR=0.0005000 loss=2.568 ACC=67.771 F1=64.744 Rec=67.771 Prec=75.316
Val-Known->Virtual [2/50] rate=0.000% prob_mean=0.007654 margin_mean=0.485500
Val-LogitMargin [2/50] TrueKnown-VMax mean=5.0655 std=0.6318 p10=4.2317 p50=5.1016 p90=5.8764

Test-  OSR [2/50] LR=0.0005000 ACC=41.714 F1=42.004 Rec=55.619 Prec=45.049 UNK=0.000 OS*=66.743 HOS=0.000 AUROC=54.441 AUPR=48.228 OSCR=40.483
Test-Close [2/50] LR=0.0005000 loss=2.572 ACC=66.743 F1=64.150 Rec=66.743 Prec=73.967
Test-Virtual [2/50] CloseK->V=0.000% Open->V=0.000% OpenVEntropy=0.000000 CloseHist=[0, 0, 0] OpenHist=[0, 0, 0]
Test-LogitMargin [2/50] CloseTrue-VMax mean=5.0643 std=0.6213 p10=4.2451 p50=5.1163 p90=5.8482 | OpenKnown-VMax mean=4.4137 std=0.3606 p10=3.9099 p50=4.4278 p90=4.8705
AnchorDiag [2/50] VNorm=[1.0000001192092896, 0.9999999403953552, 0.9999999403953552] VDriftMax=0.000000 Vcos(max/mean)=(0.0000/-0.0000) KVcos(max/mean)=(0.0044/-0.0028) ValK->V=0.00% CloseK->V=0.00% Open->V=0.00% OpenVEntropy=0.0000
Saving best model . . . . . . . .

Train Client0 [3/50] LR=0.0005000 loss=1.377 (CE=0.732 VIR=0.017 wVIR=0.008 AUX=0.636 w=0.500) ACC=73.599 F1=51.792 Rec=51.034 Prec=53.638
Train Client1 [3/50] LR=0.0005000 loss=1.010 (CE=0.540 VIR=0.016 wVIR=0.008 AUX=0.462 w=0.500) ACC=81.894 F1=64.207 Rec=64.409 Prec=64.047
Train Client2 [3/50] LR=0.0005000 loss=0.764 (CE=0.409 VIR=0.013 wVIR=0.007 AUX=0.348 w=0.500) ACC=85.314 F1=55.443 Rec=53.408 Prec=66.627
Train Client3 [3/50] LR=0.0005000 loss=1.578 (CE=0.809 VIR=0.030 wVIR=0.015 AUX=0.754 w=0.500) ACC=65.530 F1=55.301 Rec=55.568 Prec=55.150
Train Client4 [3/50] LR=0.0005000 loss=0.627 (CE=0.338 VIR=0.020 wVIR=0.010 AUX=0.279 w=0.500) ACC=90.549 F1=48.895 Rec=48.576 Prec=49.344
Train Client5 [3/50] LR=0.0005000 loss=1.300 (CE=0.674 VIR=0.019 wVIR=0.010 AUX=0.616 w=0.500) ACC=70.536 F1=53.115 Rec=52.396 Prec=54.731
Train Client6 [3/50] LR=0.0005000 loss=0.991 (CE=0.519 VIR=0.032 wVIR=0.016 AUX=0.456 w=0.500) ACC=85.000 F1=56.598 Rec=54.137 Prec=61.918
Train Client7 [3/50] LR=0.0005000 loss=0.950 (CE=0.507 VIR=0.015 wVIR=0.008 AUX=0.435 w=0.500) ACC=81.515 F1=60.186 Rec=57.345 Prec=64.192

Val    [3/50] LR=0.0005000 loss=2.278 ACC=77.600 F1=75.377 Rec=77.600 Prec=79.983
Val-Known->Virtual [3/50] rate=0.000% prob_mean=0.004803 margin_mean=0.617425
Val-LogitMargin [3/50] TrueKnown-VMax mean=5.7979 std=0.7093 p10=4.8378 p50=5.8359 p90=6.7338

Test-  OSR [3/50] LR=0.0005000 ACC=48.964 F1=53.107 Rec=65.286 Prec=53.942 UNK=0.000 OS*=78.343 HOS=0.000 AUROC=29.483 AUPR=29.680 OSCR=26.553
Test-Close [3/50] LR=0.0005000 loss=2.274 ACC=78.343 F1=76.383 Rec=78.343 Prec=80.758
Test-Virtual [3/50] CloseK->V=0.000% Open->V=0.000% OpenVEntropy=0.000000 CloseHist=[0, 0, 0] OpenHist=[0, 0, 0]
Test-LogitMargin [3/50] CloseTrue-VMax mean=5.7989 std=0.6879 p10=4.8790 p50=5.8390 p90=6.6980 | OpenKnown-VMax mean=5.7950 std=0.8585 p10=4.5999 p50=5.8558 p90=6.8806
AnchorDiag [3/50] VNorm=[1.0000001192092896, 0.9999999403953552, 0.9999999403953552] VDriftMax=0.000000 Vcos(max/mean)=(0.0000/-0.0000) KVcos(max/mean)=(0.0110/-0.0026) ValK->V=0.00% CloseK->V=0.00% Open->V=0.00% OpenVEntropy=0.0000
Train Client0 [4/50] LR=0.0005000 loss=1.283 (CE=0.677 VIR=0.032 wVIR=0.000 AUX=0.606 w=0.010) ACC=76.509 F1=69.274 Rec=67.980 Prec=71.531
Train Client1 [4/50] LR=0.0005000 loss=0.909 (CE=0.486 VIR=0.016 wVIR=0.000 AUX=0.423 w=0.010) ACC=83.113 F1=65.519 Rec=65.897 Prec=65.212
Train Client2 [4/50] LR=0.0005000 loss=0.703 (CE=0.380 VIR=0.017 wVIR=0.000 AUX=0.323 w=0.010) ACC=86.264 F1=59.190 Rec=57.375 Prec=64.469
Train Client3 [4/50] LR=0.0005000 loss=1.520 (CE=0.787 VIR=0.054 wVIR=0.001 AUX=0.733 w=0.010) ACC=65.909 F1=54.405 Rec=53.374 Prec=56.212
Train Client4 [4/50] LR=0.0005000 loss=0.497 (CE=0.280 VIR=0.022 wVIR=0.000 AUX=0.217 w=0.010) ACC=91.845 F1=51.289 Rec=51.502 Prec=51.096
Train Client5 [4/50] LR=0.0005000 loss=1.275 (CE=0.662 VIR=0.046 wVIR=0.000 AUX=0.612 w=0.010) ACC=75.268 F1=57.781 Rec=57.189 Prec=58.744
Train Client6 [4/50] LR=0.0005000 loss=0.887 (CE=0.506 VIR=0.030 wVIR=0.000 AUX=0.381 w=0.010) ACC=84.167 F1=63.848 Rec=61.009 Prec=68.227
Train Client7 [4/50] LR=0.0005000 loss=0.825 (CE=0.445 VIR=0.021 wVIR=0.000 AUX=0.380 w=0.010) ACC=83.106 F1=61.229 Rec=59.443 Prec=63.451

Val    [4/50] LR=0.0005000 loss=2.208 ACC=77.600 F1=75.572 Rec=77.600 Prec=83.501
Val-Known->Virtual [4/50] rate=0.000% prob_mean=0.007684 margin_mean=0.705943
Val-LogitMargin [4/50] TrueKnown-VMax mean=5.5745 std=1.0256 p10=4.0214 p50=5.8305 p90=6.7163

Test-  OSR [4/50] LR=0.0005000 ACC=49.071 F1=54.073 Rec=65.429 Prec=56.596 UNK=0.000 OS*=78.514 HOS=0.000 AUROC=15.759 AUPR=23.697 OSCR=15.455
Test-Close [4/50] LR=0.0005000 loss=2.199 ACC=78.514 F1=76.902 Rec=78.514 Prec=82.938
Test-Virtual [4/50] CloseK->V=0.000% Open->V=0.000% OpenVEntropy=0.000000 CloseHist=[0, 0, 0] OpenHist=[0, 0, 0]
Test-LogitMargin [4/50] CloseTrue-VMax mean=5.5764 std=0.9907 p10=4.0586 p50=5.8383 p90=6.6516 | OpenKnown-VMax mean=5.7489 std=0.6919 p10=4.7521 p50=5.8597 p90=6.5811
AnchorDiag [4/50] VNorm=[1.0000001192092896, 1.0, 0.9999999403953552] VDriftMax=0.000000 Vcos(max/mean)=(0.0000/-0.0000) KVcos(max/mean)=(0.0180/-0.0029) ValK->V=0.00% CloseK->V=0.00% Open->V=0.00% OpenVEntropy=0.0000
Train Client0 [5/50] LR=0.0005000 loss=1.203 (CE=0.639 VIR=0.056 wVIR=0.001 AUX=0.563 w=0.010) ACC=78.664 F1=72.729 Rec=71.095 Prec=75.386
Train Client1 [5/50] LR=0.0005000 loss=0.856 (CE=0.460 VIR=0.030 wVIR=0.000 AUX=0.396 w=0.010) ACC=84.401 F1=66.335 Rec=66.283 Prec=66.492
Train Client2 [5/50] LR=0.0005000 loss=0.577 (CE=0.317 VIR=0.025 wVIR=0.000 AUX=0.260 w=0.010) ACC=88.546 F1=68.247 Rec=66.377 Prec=71.234
Train Client3 [5/50] LR=0.0005000 loss=1.402 (CE=0.711 VIR=0.086 wVIR=0.001 AUX=0.690 w=0.010) ACC=68.939 F1=61.093 Rec=60.919 Prec=61.485
Train Client4 [5/50] LR=0.0005000 loss=0.511 (CE=0.280 VIR=0.034 wVIR=0.000 AUX=0.230 w=0.010) ACC=91.768 F1=50.850 Rec=50.703 Prec=51.057
Train Client5 [5/50] LR=0.0005000 loss=1.144 (CE=0.604 VIR=0.047 wVIR=0.000 AUX=0.540 w=0.010) ACC=77.232 F1=60.174 Rec=59.000 Prec=62.220
Train Client6 [5/50] LR=0.0005000 loss=0.899 (CE=0.483 VIR=0.078 wVIR=0.001 AUX=0.415 w=0.010) ACC=85.000 F1=58.649 Rec=55.890 Prec=62.214
Train Client7 [5/50] LR=0.0005000 loss=0.866 (CE=0.462 VIR=0.056 wVIR=0.001 AUX=0.404 w=0.010) ACC=81.970 F1=61.469 Rec=60.277 Prec=62.861

Val    [5/50] LR=0.0005000 loss=2.189 ACC=81.771 F1=81.654 Rec=81.771 Prec=84.373
Val-Known->Virtual [5/50] rate=0.000% prob_mean=0.014207 margin_mean=0.698795
Val-LogitMargin [5/50] TrueKnown-VMax mean=5.0825 std=0.9785 p10=3.5389 p50=5.4171 p90=6.0266

Test-  OSR [5/50] LR=0.0005000 ACC=51.786 F1=58.771 Rec=69.048 Prec=57.919 UNK=0.000 OS*=82.857 HOS=0.000 AUROC=20.200 AUPR=24.965 OSCR=19.415
Test-Close [5/50] LR=0.0005000 loss=2.177 ACC=82.857 F1=82.764 Rec=82.857 Prec=84.983
Test-Virtual [5/50] CloseK->V=0.000% Open->V=0.000% OpenVEntropy=0.000000 CloseHist=[0, 0, 0] OpenHist=[0, 0, 0]
Test-LogitMargin [5/50] CloseTrue-VMax mean=5.0759 std=0.9508 p10=3.5539 p50=5.3953 p90=6.0064 | OpenKnown-VMax mean=4.9014 std=0.8422 p10=3.7400 p50=5.0525 p90=5.9117
AnchorDiag [5/50] VNorm=[1.0000001192092896, 1.0, 0.9999999403953552] VDriftMax=0.000000 Vcos(max/mean)=(0.0000/-0.0000) KVcos(max/mean)=(0.0218/-0.0025) ValK->V=0.00% CloseK->V=0.00% Open->V=0.00% OpenVEntropy=0.0000
Saving model at epoch 5 . . . . . . . .

Train Client0 [6/50] LR=0.0005000 loss=1.103 (CE=0.587 VIR=0.109 wVIR=0.001 AUX=0.515 w=0.010) ACC=79.849 F1=59.251 Rec=57.990 Prec=61.293
Train Client1 [6/50] LR=0.0005000 loss=0.786 (CE=0.421 VIR=0.039 wVIR=0.000 AUX=0.365 w=0.010) ACC=85.585 F1=68.135 Rec=68.820 Prec=67.555
Train Client2 [6/50] LR=0.0005000 loss=0.551 (CE=0.297 VIR=0.023 wVIR=0.000 AUX=0.254 w=0.010) ACC=89.401 F1=67.547 Rec=65.115 Prec=72.479
Train Client3 [6/50] LR=0.0005000 loss=1.228 (CE=0.630 VIR=0.081 wVIR=0.001 AUX=0.597 w=0.010) ACC=74.811 F1=65.973 Rec=65.242 Prec=67.052
Train Client4 [6/50] LR=0.0005000 loss=0.410 (CE=0.227 VIR=0.055 wVIR=0.001 AUX=0.183 w=0.010) ACC=92.683 F1=52.483 Rec=53.388 Prec=51.640
Train Client5 [6/50] LR=0.0005000 loss=0.979 (CE=0.508 VIR=0.062 wVIR=0.001 AUX=0.470 w=0.010) ACC=80.714 F1=62.986 Rec=62.497 Prec=63.621
Train Client6 [6/50] LR=0.0005000 loss=0.804 (CE=0.421 VIR=0.119 wVIR=0.001 AUX=0.382 w=0.010) ACC=87.778 F1=60.306 Rec=58.200 Prec=63.899
Train Client7 [6/50] LR=0.0005000 loss=0.771 (CE=0.410 VIR=0.076 wVIR=0.001 AUX=0.360 w=0.010) ACC=83.864 F1=64.083 Rec=63.155 Prec=65.131

Val    [6/50] LR=0.0005000 loss=2.113 ACC=84.114 F1=84.005 Rec=84.114 Prec=86.448
Val-Known->Virtual [6/50] rate=0.000% prob_mean=0.014733 margin_mean=0.764895
Val-LogitMargin [6/50] TrueKnown-VMax mean=5.1313 std=1.1561 p10=3.5504 p50=5.4156 p90=6.4628

Test-  OSR [6/50] LR=0.0005000 ACC=53.000 F1=59.623 Rec=70.667 Prec=57.753 UNK=0.000 OS*=84.800 HOS=0.000 AUROC=30.949 AUPR=34.663 OSCR=28.459
Test-Close [6/50] LR=0.0005000 loss=2.099 ACC=84.800 F1=84.724 Rec=84.800 Prec=86.699
Test-Virtual [6/50] CloseK->V=0.000% Open->V=0.000% OpenVEntropy=0.000000 CloseHist=[0, 0, 0] OpenHist=[0, 0, 0]
Test-LogitMargin [6/50] CloseTrue-VMax mean=5.1311 std=1.1151 p10=3.5927 p50=5.3982 p90=6.3957 | OpenKnown-VMax mean=4.9865 std=1.5334 p10=2.5977 p50=5.3058 p90=6.7875
AnchorDiag [6/50] VNorm=[1.0000001192092896, 1.0, 0.9999999403953552] VDriftMax=0.000000 Vcos(max/mean)=(0.0000/-0.0000) KVcos(max/mean)=(0.0286/-0.0023) ValK->V=0.00% CloseK->V=0.00% Open->V=0.00% OpenVEntropy=0.0000
Train Client0 [7/50] LR=0.0005000 loss=1.027 (CE=0.544 VIR=0.169 wVIR=0.002 AUX=0.481 w=0.010) ACC=80.981 F1=75.935 Rec=74.420 Prec=78.164
Train Client1 [7/50] LR=0.0005000 loss=0.772 (CE=0.415 VIR=0.080 wVIR=0.001 AUX=0.357 w=0.010) ACC=86.316 F1=68.486 Rec=69.129 Prec=67.914
Train Client2 [7/50] LR=0.0005000 loss=0.529 (CE=0.290 VIR=0.063 wVIR=0.001 AUX=0.238 w=0.010) ACC=89.591 F1=70.804 Rec=69.199 Prec=73.367
Train Client3 [7/50] LR=0.0005000 loss=1.174 (CE=0.610 VIR=0.129 wVIR=0.001 AUX=0.562 w=0.010) ACC=77.462 F1=64.028 Rec=64.483 Prec=63.646
Train Client4 [7/50] LR=0.0005000 loss=0.331 (CE=0.184 VIR=0.063 wVIR=0.001 AUX=0.147 w=0.010) ACC=94.665 F1=57.978 Rec=57.915 Prec=58.906
Train Client5 [7/50] LR=0.0005000 loss=0.985 (CE=0.513 VIR=0.090 wVIR=0.001 AUX=0.472 w=0.010) ACC=79.643 F1=62.734 Rec=62.321 Prec=63.297
Train Client6 [7/50] LR=0.0005000 loss=0.839 (CE=0.438 VIR=0.216 wVIR=0.002 AUX=0.398 w=0.010) ACC=87.500 F1=62.473 Rec=60.394 Prec=65.788
Train Client7 [7/50] LR=0.0005000 loss=0.762 (CE=0.399 VIR=0.111 wVIR=0.001 AUX=0.362 w=0.010) ACC=81.894 F1=63.339 Rec=62.013 Prec=65.089

Val    [7/50] LR=0.0005000 loss=2.073 ACC=84.743 F1=84.103 Rec=84.743 Prec=87.334
Val-Known->Virtual [7/50] rate=0.000% prob_mean=0.021564 margin_mean=0.800546
Val-LogitMargin [7/50] TrueKnown-VMax mean=4.8186 std=1.1841 p10=3.1792 p50=5.1544 p90=6.0908

Test-  OSR [7/50] LR=0.0005000 ACC=53.679 F1=59.728 Rec=71.571 Prec=57.322 UNK=0.000 OS*=85.886 HOS=0.000 AUROC=35.068 AUPR=38.404 OSCR=32.195
Test-Close [7/50] LR=0.0005000 loss=2.052 ACC=85.886 F1=85.583 Rec=85.886 Prec=87.767
Test-Virtual [7/50] CloseK->V=0.000% Open->V=0.000% OpenVEntropy=0.000000 CloseHist=[0, 0, 0] OpenHist=[0, 0, 0]
Test-LogitMargin [7/50] CloseTrue-VMax mean=4.8183 std=1.1324 p10=3.1708 p50=5.1252 p90=6.0673 | OpenKnown-VMax mean=4.4022 std=1.5325 p10=2.0546 p50=4.8405 p90=6.1190
AnchorDiag [7/50] VNorm=[1.0000001192092896, 1.0, 0.9999999403953552] VDriftMax=0.000000 Vcos(max/mean)=(0.0000/-0.0000) KVcos(max/mean)=(0.0338/-0.0015) ValK->V=0.00% CloseK->V=0.00% Open->V=0.00% OpenVEntropy=0.0000
Train Client0 [8/50] LR=0.0005000 loss=1.010 (CE=0.533 VIR=0.251 wVIR=0.003 AUX=0.474 w=0.010) ACC=82.220 F1=77.632 Rec=76.205 Prec=79.857
Train Client1 [8/50] LR=0.0005000 loss=0.701 (CE=0.373 VIR=0.088 wVIR=0.001 AUX=0.328 w=0.010) ACC=86.699 F1=71.664 Rec=71.296 Prec=76.931
Train Client2 [8/50] LR=0.0005000 loss=0.501 (CE=0.271 VIR=0.089 wVIR=0.001 AUX=0.229 w=0.010) ACC=91.112 F1=75.956 Rec=74.134 Prec=78.302
Train Client3 [8/50] LR=0.0005000 loss=1.052 (CE=0.536 VIR=0.148 wVIR=0.001 AUX=0.514 w=0.010) ACC=78.977 F1=64.876 Rec=64.938 Prec=64.845
Train Client4 [8/50] LR=0.0005000 loss=0.313 (CE=0.172 VIR=0.081 wVIR=0.001 AUX=0.141 w=0.010) ACC=94.741 F1=68.612 Rec=66.094 Prec=75.525
Train Client5 [8/50] LR=0.0005000 loss=0.914 (CE=0.477 VIR=0.131 wVIR=0.001 AUX=0.436 w=0.010) ACC=82.500 F1=64.441 Rec=63.220 Prec=66.389
Train Client6 [8/50] LR=0.0005000 loss=0.752 (CE=0.423 VIR=0.251 wVIR=0.003 AUX=0.327 w=0.010) ACC=87.222 F1=65.376 Rec=63.750 Prec=67.841
Train Client7 [8/50] LR=0.0005000 loss=0.719 (CE=0.382 VIR=0.201 wVIR=0.002 AUX=0.336 w=0.010) ACC=85.152 F1=65.562 Rec=65.032 Prec=66.296

Val    [8/50] LR=0.0005000 loss=2.059 ACC=86.914 F1=86.775 Rec=86.914 Prec=88.613
Val-Known->Virtual [8/50] rate=0.000% prob_mean=0.047124 margin_mean=0.792033
Val-LogitMargin [8/50] TrueKnown-VMax mean=4.1656 std=1.2716 p10=2.3915 p50=4.4737 p90=5.5827

Test-  OSR [8/50] LR=0.0005000 ACC=54.857 F1=63.066 Rec=73.143 Prec=61.663 UNK=0.000 OS*=87.771 HOS=0.000 AUROC=25.806 AUPR=25.890 OSCR=25.091
Test-Close [8/50] LR=0.0005000 loss=2.037 ACC=87.829 F1=87.755 Rec=87.829 Prec=89.104
Test-Virtual [8/50] CloseK->V=0.057% Open->V=0.000% OpenVEntropy=0.000000 CloseHist=[0, 0, 1] OpenHist=[0, 0, 0]
Test-LogitMargin [8/50] CloseTrue-VMax mean=4.1821 std=1.2171 p10=2.4208 p50=4.4646 p90=5.5143 | OpenKnown-VMax mean=3.8063 std=0.8965 p10=2.6025 p50=3.9082 p90=4.8749
AnchorDiag [8/50] VNorm=[1.0000001192092896, 1.0, 0.9999999403953552] VDriftMax=0.000000 Vcos(max/mean)=(0.0000/-0.0000) KVcos(max/mean)=(0.0367/-0.0006) ValK->V=0.00% CloseK->V=0.06% Open->V=0.00% OpenVEntropy=0.0000
Train Client0 [9/50] LR=0.0005000 loss=0.991 (CE=0.525 VIR=0.356 wVIR=0.004 AUX=0.463 w=0.010) ACC=81.789 F1=76.459 Rec=75.136 Prec=78.532
Train Client1 [9/50] LR=0.0005000 loss=0.676 (CE=0.364 VIR=0.159 wVIR=0.002 AUX=0.311 w=0.010) ACC=87.918 F1=74.487 Rec=73.437 Prec=80.834
Train Client2 [9/50] LR=0.0005000 loss=0.423 (CE=0.236 VIR=0.097 wVIR=0.001 AUX=0.185 w=0.010) ACC=91.255 F1=75.955 Rec=74.564 Prec=77.762
Train Client3 [9/50] LR=0.0005000 loss=0.950 (CE=0.497 VIR=0.267 wVIR=0.003 AUX=0.451 w=0.010) ACC=81.439 F1=70.384 Rec=70.862 Prec=70.187
Train Client4 [9/50] LR=0.0005000 loss=0.354 (CE=0.201 VIR=0.140 wVIR=0.001 AUX=0.152 w=0.010) ACC=94.360 F1=54.553 Rec=55.391 Prec=53.756
Train Client5 [9/50] LR=0.0005000 loss=0.871 (CE=0.457 VIR=0.181 wVIR=0.002 AUX=0.413 w=0.010) ACC=82.143 F1=64.986 Rec=64.531 Prec=65.532
Train Client6 [9/50] LR=0.0005000 loss=0.714 (CE=0.385 VIR=0.435 wVIR=0.004 AUX=0.325 w=0.010) ACC=88.333 F1=70.467 Rec=68.064 Prec=74.413
Train Client7 [9/50] LR=0.0005000 loss=0.611 (CE=0.307 VIR=0.230 wVIR=0.002 AUX=0.301 w=0.010) ACC=87.348 F1=68.339 Rec=67.898 Prec=68.915

Val    [9/50] LR=0.0005000 loss=2.077 ACC=84.971 F1=84.351 Rec=84.971 Prec=87.766
Val-Known->Virtual [9/50] rate=0.000% prob_mean=0.035326 margin_mean=0.812226
Val-LogitMargin [9/50] TrueKnown-VMax mean=4.4828 std=1.4828 p10=2.5357 p50=4.7491 p90=6.3017

Test-  OSR [9/50] LR=0.0005000 ACC=53.536 F1=61.038 Rec=71.381 Prec=60.520 UNK=0.000 OS*=85.657 HOS=0.000 AUROC=15.818 AUPR=23.768 OSCR=15.663
Test-Close [9/50] LR=0.0005000 loss=2.060 ACC=85.657 F1=85.246 Rec=85.657 Prec=87.624
Test-Virtual [9/50] CloseK->V=0.000% Open->V=0.000% OpenVEntropy=0.000000 CloseHist=[0, 0, 0] OpenHist=[0, 0, 0]
Test-LogitMargin [9/50] CloseTrue-VMax mean=4.4918 std=1.4254 p10=2.5560 p50=4.7448 p90=6.2561 | OpenKnown-VMax mean=5.5013 std=1.1550 p10=3.9306 p50=5.6374 p90=6.8615
AnchorDiag [9/50] VNorm=[1.0000001192092896, 1.0, 0.9999999403953552] VDriftMax=0.000000 Vcos(max/mean)=(0.0000/-0.0000) KVcos(max/mean)=(0.0403/0.0002) ValK->V=0.00% CloseK->V=0.00% Open->V=0.00% OpenVEntropy=0.0000
Train Client0 [10/50] LR=0.0005000 loss=0.950 (CE=0.505 VIR=0.502 wVIR=0.005 AUX=0.440 w=0.010) ACC=83.890 F1=63.514 Rec=62.188 Prec=65.357
Train Client1 [10/50] LR=0.0005000 loss=0.670 (CE=0.358 VIR=0.282 wVIR=0.003 AUX=0.309 w=0.010) ACC=87.570 F1=76.731 Rec=75.523 Prec=79.240
Train Client2 [10/50] LR=0.0005000 loss=0.442 (CE=0.242 VIR=0.126 wVIR=0.001 AUX=0.199 w=0.010) ACC=90.827 F1=74.630 Rec=73.237 Prec=76.358
Train Client3 [10/50] LR=0.0005000 loss=0.991 (CE=0.492 VIR=0.368 wVIR=0.004 AUX=0.495 w=0.010) ACC=82.765 F1=68.059 Rec=68.682 Prec=67.490
Train Client4 [10/50] LR=0.0005000 loss=0.295 (CE=0.164 VIR=0.154 wVIR=0.002 AUX=0.129 w=0.010) ACC=95.198 F1=65.642 Rec=62.970 Prec=73.601
Train Client5 [10/50] LR=0.0005000 loss=0.834 (CE=0.439 VIR=0.288 wVIR=0.003 AUX=0.392 w=0.010) ACC=83.839 F1=66.161 Rec=65.787 Prec=66.613
Train Client6 [10/50] LR=0.0005000 loss=0.553 (CE=0.311 VIR=0.468 wVIR=0.005 AUX=0.238 w=0.010) ACC=91.389 F1=67.729 Rec=66.750 Prec=69.089
Train Client7 [10/50] LR=0.0005000 loss=0.652 (CE=0.344 VIR=0.387 wVIR=0.004 AUX=0.304 w=0.010) ACC=87.500 F1=68.245 Rec=67.613 Prec=69.088

Val    [10/50] LR=0.0005000 loss=2.024 ACC=87.600 F1=87.417 Rec=87.600 Prec=88.729
Val-Known->Virtual [10/50] rate=0.000% prob_mean=0.047709 margin_mean=0.804716
Val-LogitMargin [10/50] TrueKnown-VMax mean=4.1353 std=1.3286 p10=2.3313 p50=4.4725 p90=5.6275

Test-  OSR [10/50] LR=0.0005000 ACC=55.536 F1=64.001 Rec=74.048 Prec=62.275 UNK=0.000 OS*=88.857 HOS=0.000 AUROC=14.589 AUPR=23.563 OSCR=14.526
Test-Close [10/50] LR=0.0005000 loss=2.013 ACC=88.914 F1=88.836 Rec=88.914 Prec=89.733
Test-Virtual [10/50] CloseK->V=0.057% Open->V=0.000% OpenVEntropy=0.000000 CloseHist=[0, 0, 1] OpenHist=[0, 0, 0]
Test-LogitMargin [10/50] CloseTrue-VMax mean=4.1460 std=1.2995 p10=2.3618 p50=4.4710 p90=5.6395 | OpenKnown-VMax mean=5.0862 std=0.9787 p10=3.7543 p50=5.1552 p90=6.3375
AnchorDiag [10/50] VNorm=[1.0000001192092896, 1.0, 0.9999999403953552] VDriftMax=0.000000 Vcos(max/mean)=(0.0000/-0.0000) KVcos(max/mean)=(0.0426/0.0012) ValK->V=0.00% CloseK->V=0.06% Open->V=0.00% OpenVEntropy=0.0000
Saving model at epoch 10 . . . . . . . .

>> New learning Rate: 0.00025
Train Client0 [11/50] LR=0.0002500 loss=0.709 (CE=0.376 VIR=0.527 wVIR=0.005 AUX=0.328 w=0.010) ACC=87.823 F1=68.064 Rec=67.004 Prec=69.471
Train Client1 [11/50] LR=0.0002500 loss=0.495 (CE=0.260 VIR=0.291 wVIR=0.003 AUX=0.231 w=0.010) ACC=91.435 F1=79.721 Rec=78.869 Prec=81.325
Train Client2 [11/50] LR=0.0002500 loss=0.312 (CE=0.175 VIR=0.103 wVIR=0.001 AUX=0.136 w=0.010) ACC=93.679 F1=82.170 Rec=81.894 Prec=82.557
Train Client3 [11/50] LR=0.0002500 loss=0.843 (CE=0.445 VIR=0.402 wVIR=0.004 AUX=0.394 w=0.010) ACC=82.955 F1=77.842 Rec=82.189 Prec=75.177
Train Client4 [11/50] LR=0.0002500 loss=0.269 (CE=0.160 VIR=0.246 wVIR=0.002 AUX=0.107 w=0.010) ACC=95.427 F1=65.963 Rec=67.154 Prec=65.732
Train Client5 [11/50] LR=0.0002500 loss=0.657 (CE=0.346 VIR=0.236 wVIR=0.002 AUX=0.309 w=0.010) ACC=87.143 F1=73.083 Rec=74.302 Prec=72.470
Train Client6 [11/50] LR=0.0002500 loss=0.569 (CE=0.353 VIR=0.673 wVIR=0.007 AUX=0.209 w=0.010) ACC=89.167 F1=66.001 Rec=65.218 Prec=66.907
Train Client7 [11/50] LR=0.0002500 loss=0.474 (CE=0.255 VIR=0.457 wVIR=0.005 AUX=0.215 w=0.010) ACC=91.591 F1=73.483 Rec=74.349 Prec=72.733

Val    [11/50] LR=0.0002500 loss=2.082 ACC=86.971 F1=86.533 Rec=86.971 Prec=88.417
Val-Known->Virtual [11/50] rate=0.057% prob_mean=0.086632 margin_mean=0.781343
Val-LogitMargin [11/50] TrueKnown-VMax mean=3.5365 std=1.4605 p10=1.5260 p50=3.9378 p90=5.1680

Test-  OSR [11/50] LR=0.0002500 ACC=55.036 F1=63.236 Rec=73.381 Prec=62.089 UNK=0.000 OS*=88.057 HOS=0.000 AUROC=21.053 AUPR=24.546 OSCR=20.704
Test-Close [11/50] LR=0.0002500 loss=2.059 ACC=88.229 F1=87.985 Rec=88.229 Prec=89.519
Test-Virtual [11/50] CloseK->V=0.171% Open->V=0.000% OpenVEntropy=0.000000 CloseHist=[0, 0, 3] OpenHist=[0, 0, 0]
Test-LogitMargin [11/50] CloseTrue-VMax mean=3.5556 std=1.4100 p10=1.5710 p50=3.9201 p90=5.1352 | OpenKnown-VMax mean=4.3042 std=1.0007 p10=2.9863 p50=4.3293 p90=5.5900
AnchorDiag [11/50] VNorm=[1.0000001192092896, 1.0, 0.9999999403953552] VDriftMax=0.000000 Vcos(max/mean)=(0.0000/-0.0000) KVcos(max/mean)=(0.0446/0.0018) ValK->V=0.06% CloseK->V=0.17% Open->V=0.00% OpenVEntropy=0.0000
Train Client0 [12/50] LR=0.0002500 loss=0.636 (CE=0.338 VIR=0.682 wVIR=0.007 AUX=0.291 w=0.010) ACC=89.009 F1=69.154 Rec=68.210 Prec=70.415
Train Client1 [12/50] LR=0.0002500 loss=0.462 (CE=0.243 VIR=0.366 wVIR=0.004 AUX=0.216 w=0.010) ACC=92.270 F1=82.393 Rec=81.238 Prec=84.070
Train Client2 [12/50] LR=0.0002500 loss=0.291 (CE=0.162 VIR=0.170 wVIR=0.002 AUX=0.127 w=0.010) ACC=93.679 F1=82.513 Rec=81.969 Prec=83.142
Train Client3 [12/50] LR=0.0002500 loss=0.838 (CE=0.451 VIR=0.547 wVIR=0.005 AUX=0.382 w=0.010) ACC=85.985 F1=74.026 Rec=74.674 Prec=73.636
Train Client4 [12/50] LR=0.0002500 loss=0.231 (CE=0.131 VIR=0.281 wVIR=0.003 AUX=0.097 w=0.010) ACC=96.113 F1=73.211 Rec=74.985 Prec=73.764
Train Client5 [12/50] LR=0.0002500 loss=0.633 (CE=0.335 VIR=0.282 wVIR=0.003 AUX=0.296 w=0.010) ACC=88.036 F1=70.517 Rec=70.601 Prec=70.449
Train Client6 [12/50] LR=0.0002500 loss=0.613 (CE=0.356 VIR=0.855 wVIR=0.009 AUX=0.248 w=0.010) ACC=90.556 F1=81.563 Rec=81.938 Prec=81.659
Train Client7 [12/50] LR=0.0002500 loss=0.452 (CE=0.240 VIR=0.575 wVIR=0.006 AUX=0.207 w=0.010) ACC=91.742 F1=74.020 Rec=74.655 Prec=73.453

Val    [12/50] LR=0.0002500 loss=2.062 ACC=89.771 F1=89.678 Rec=89.771 Prec=90.422
Val-Known->Virtual [12/50] rate=0.114% prob_mean=0.110522 margin_mean=0.762778
Val-LogitMargin [12/50] TrueKnown-VMax mean=3.2166 std=1.3765 p10=1.2888 p50=3.6672 p90=4.6054

Test-  OSR [12/50] LR=0.0002500 ACC=55.964 F1=64.639 Rec=74.556 Prec=69.304 UNK=0.190 OS*=89.429 HOS=0.380 AUROC=34.963 AUPR=29.208 OSCR=33.648
Test-Close [12/50] LR=0.0002500 loss=2.056 ACC=89.600 F1=89.583 Rec=89.600 Prec=90.171
Test-Virtual [12/50] CloseK->V=0.171% Open->V=0.190% OpenVEntropy=-0.000000 CloseHist=[0, 0, 3] OpenHist=[0, 2, 0]
Test-LogitMargin [12/50] CloseTrue-VMax mean=3.2213 std=1.3435 p10=1.2479 p50=3.6753 p90=4.5731 | OpenKnown-VMax mean=3.3590 std=1.1149 p10=1.8026 p50=3.4982 p90=4.7032
AnchorDiag [12/50] VNorm=[1.0000001192092896, 1.0, 0.9999999403953552] VDriftMax=0.000000 Vcos(max/mean)=(0.0000/-0.0000) KVcos(max/mean)=(0.0470/0.0025) ValK->V=0.11% CloseK->V=0.17% Open->V=0.19% OpenVEntropy=-0.0000
Train Client0 [13/50] LR=0.0002500 loss=0.691 (CE=0.369 VIR=0.782 wVIR=0.008 AUX=0.315 w=0.010) ACC=88.093 F1=68.057 Rec=67.094 Prec=69.256
Train Client1 [13/50] LR=0.0002500 loss=0.456 (CE=0.241 VIR=0.477 wVIR=0.005 AUX=0.210 w=0.010) ACC=91.922 F1=83.927 Rec=82.472 Prec=86.557
Train Client2 [13/50] LR=0.0002500 loss=0.283 (CE=0.154 VIR=0.157 wVIR=0.002 AUX=0.127 w=0.010) ACC=94.059 F1=83.346 Rec=82.817 Prec=83.986
Train Client3 [13/50] LR=0.0002500 loss=0.738 (CE=0.390 VIR=0.542 wVIR=0.005 AUX=0.342 w=0.010) ACC=84.659 F1=79.259 Rec=82.807 Prec=77.107
Train Client4 [13/50] LR=0.0002500 loss=0.263 (CE=0.158 VIR=0.367 wVIR=0.004 AUX=0.101 w=0.010) ACC=94.970 F1=67.021 Rec=69.511 Prec=65.099
Train Client5 [13/50] LR=0.0002500 loss=0.630 (CE=0.332 VIR=0.431 wVIR=0.004 AUX=0.293 w=0.010) ACC=88.482 F1=80.246 Rec=85.414 Prec=78.377
Train Client6 [13/50] LR=0.0002500 loss=0.482 (CE=0.276 VIR=0.821 wVIR=0.008 AUX=0.197 w=0.010) ACC=93.611 F1=83.231 Rec=82.319 Prec=84.252
Train Client7 [13/50] LR=0.0002500 loss=0.473 (CE=0.250 VIR=0.715 wVIR=0.007 AUX=0.216 w=0.010) ACC=91.136 F1=72.757 Rec=72.835 Prec=72.739

Val    [13/50] LR=0.0002500 loss=2.070 ACC=90.171 F1=90.083 Rec=90.171 Prec=90.844
Val-Known->Virtual [13/50] rate=0.171% prob_mean=0.120901 margin_mean=0.743136
Val-LogitMargin [13/50] TrueKnown-VMax mean=3.0880 std=1.3711 p10=1.1569 p50=3.4776 p90=4.5975

Test-  OSR [13/50] LR=0.0002500 ACC=56.750 F1=65.656 Rec=75.444 Prec=73.309 UNK=0.667 OS*=90.400 HOS=1.324 AUROC=31.599 AUPR=28.704 OSCR=30.478
Test-Close [13/50] LR=0.0002500 loss=2.064 ACC=90.686 F1=90.658 Rec=90.686 Prec=91.297
Test-Virtual [13/50] CloseK->V=0.286% Open->V=0.667% OpenVEntropy=0.373304 CloseHist=[0, 0, 5] OpenHist=[0, 6, 1]
Test-LogitMargin [13/50] CloseTrue-VMax mean=3.0808 std=1.3357 p10=1.1846 p50=3.4136 p90=4.5186 | OpenKnown-VMax mean=3.4716 std=1.2784 p10=1.6961 p50=3.6896 p90=4.9750
AnchorDiag [13/50] VNorm=[1.0000001192092896, 1.0, 0.9999999403953552] VDriftMax=0.000000 Vcos(max/mean)=(0.0000/-0.0000) KVcos(max/mean)=(0.0486/0.0030) ValK->V=0.17% CloseK->V=0.29% Open->V=0.67% OpenVEntropy=0.3733
Train Client0 [14/50] LR=0.0002500 loss=0.673 (CE=0.357 VIR=0.935 wVIR=0.009 AUX=0.306 w=0.010) ACC=89.494 F1=86.983 Rec=85.734 Prec=88.562
Train Client1 [14/50] LR=0.0002500 loss=0.451 (CE=0.240 VIR=0.529 wVIR=0.005 AUX=0.205 w=0.010) ACC=92.340 F1=83.549 Rec=82.221 Prec=85.772
Train Client2 [14/50] LR=0.0002500 loss=0.257 (CE=0.142 VIR=0.185 wVIR=0.002 AUX=0.113 w=0.010) ACC=94.582 F1=84.587 Rec=84.200 Prec=85.032
Train Client3 [14/50] LR=0.0002500 loss=0.742 (CE=0.402 VIR=0.761 wVIR=0.008 AUX=0.333 w=0.010) ACC=83.333 F1=76.211 Rec=78.029 Prec=74.848
Train Client4 [14/50] LR=0.0002500 loss=0.193 (CE=0.115 VIR=0.364 wVIR=0.004 AUX=0.075 w=0.010) ACC=96.418 F1=75.635 Rec=75.731 Prec=76.342
Train Client5 [14/50] LR=0.0002500 loss=0.634 (CE=0.338 VIR=0.353 wVIR=0.004 AUX=0.292 w=0.010) ACC=86.786 F1=69.782 Rec=69.372 Prec=70.234
Train Client6 [14/50] LR=0.0002500 loss=0.507 (CE=0.295 VIR=1.215 wVIR=0.012 AUX=0.200 w=0.010) ACC=91.389 F1=77.148 Rec=77.937 Prec=76.528
Train Client7 [14/50] LR=0.0002500 loss=0.433 (CE=0.227 VIR=0.764 wVIR=0.008 AUX=0.198 w=0.010) ACC=91.894 F1=78.432 Rec=93.905 Prec=75.905

Val    [14/50] LR=0.0002500 loss=2.037 ACC=90.629 F1=90.554 Rec=90.629 Prec=91.237
Val-Known->Virtual [14/50] rate=0.057% prob_mean=0.113178 margin_mean=0.756635
Val-LogitMargin [14/50] TrueKnown-VMax mean=3.1719 std=1.3396 p10=1.2903 p50=3.5009 p90=4.6542

Test-  OSR [14/50] LR=0.0002500 ACC=56.714 F1=65.626 Rec=75.556 Prec=70.142 UNK=0.190 OS*=90.629 HOS=0.380 AUROC=28.442 AUPR=26.597 OSCR=27.710
Test-Close [14/50] LR=0.0002500 loss=2.038 ACC=90.800 F1=90.764 Rec=90.800 Prec=91.174
Test-Virtual [14/50] CloseK->V=0.171% Open->V=0.190% OpenVEntropy=-0.000000 CloseHist=[0, 0, 3] OpenHist=[0, 2, 0]
Test-LogitMargin [14/50] CloseTrue-VMax mean=3.1614 std=1.3137 p10=1.2895 p50=3.4834 p90=4.6136 | OpenKnown-VMax mean=3.7355 std=1.1903 p10=2.0748 p50=3.9304 p90=5.1811
AnchorDiag [14/50] VNorm=[1.0000001192092896, 1.0, 0.9999999403953552] VDriftMax=0.000000 Vcos(max/mean)=(0.0000/-0.0000) KVcos(max/mean)=(0.0502/0.0036) ValK->V=0.06% CloseK->V=0.17% Open->V=0.19% OpenVEntropy=-0.0000
Train Client0 [15/50] LR=0.0002500 loss=0.657 (CE=0.351 VIR=1.183 wVIR=0.012 AUX=0.295 w=0.010) ACC=88.685 F1=85.953 Rec=85.060 Prec=87.090
Train Client1 [15/50] LR=0.0002500 loss=0.442 (CE=0.230 VIR=0.640 wVIR=0.006 AUX=0.205 w=0.010) ACC=92.688 F1=84.624 Rec=83.495 Prec=86.391
Train Client2 [15/50] LR=0.0002500 loss=0.277 (CE=0.155 VIR=0.209 wVIR=0.002 AUX=0.120 w=0.010) ACC=93.869 F1=83.332 Rec=83.269 Prec=83.473
Train Client3 [15/50] LR=0.0002500 loss=0.706 (CE=0.377 VIR=0.733 wVIR=0.007 AUX=0.321 w=0.010) ACC=87.500 F1=80.169 Rec=81.476 Prec=79.095
Train Client4 [15/50] LR=0.0002500 loss=0.189 (CE=0.112 VIR=0.334 wVIR=0.003 AUX=0.074 w=0.010) ACC=96.570 F1=78.500 Rec=79.639 Prec=77.988
Train Client5 [15/50] LR=0.0002500 loss=0.635 (CE=0.343 VIR=0.470 wVIR=0.005 AUX=0.287 w=0.010) ACC=87.411 F1=74.147 Rec=74.589 Prec=73.851
Train Client6 [15/50] LR=0.0002500 loss=0.465 (CE=0.275 VIR=1.081 wVIR=0.011 AUX=0.179 w=0.010) ACC=91.944 F1=76.923 Rec=78.091 Prec=76.095
Train Client7 [15/50] LR=0.0002500 loss=0.455 (CE=0.235 VIR=0.876 wVIR=0.009 AUX=0.212 w=0.010) ACC=91.212 F1=73.543 Rec=73.808 Prec=73.356

Val    [15/50] LR=0.0002500 loss=2.168 ACC=89.314 F1=89.266 Rec=89.314 Prec=90.503
Val-Known->Virtual [15/50] rate=2.343% prob_mean=0.173682 margin_mean=0.680084
Val-LogitMargin [15/50] TrueKnown-VMax mean=2.5675 std=1.3563 p10=0.5095 p50=3.0094 p90=3.9515

Test-  OSR [15/50] LR=0.0002500 ACC=55.536 F1=64.419 Rec=73.095 Prec=69.734 UNK=2.857 OS*=87.143 HOS=5.533 AUROC=45.912 AUPR=36.758 OSCR=42.970
Test-Close [15/50] LR=0.0002500 loss=2.160 ACC=89.657 F1=89.672 Rec=89.657 Prec=90.695
Test-Virtual [15/50] CloseK->V=2.629% Open->V=2.857% OpenVEntropy=0.133027 CloseHist=[0, 29, 17] OpenHist=[0, 29, 1]
Test-LogitMargin [15/50] CloseTrue-VMax mean=2.5756 std=1.3366 p10=0.5468 p50=3.0339 p90=3.9453 | OpenKnown-VMax mean=2.4372 std=1.2448 p10=0.6697 p50=2.6594 p90=3.9387
AnchorDiag [15/50] VNorm=[1.0000001192092896, 1.0, 0.9999999403953552] VDriftMax=0.000000 Vcos(max/mean)=(0.0000/-0.0000) KVcos(max/mean)=(0.0518/0.0042) ValK->V=2.34% CloseK->V=2.63% Open->V=2.86% OpenVEntropy=0.1330
Saving best model . . . . . . . .

Saving model at epoch 15 . . . . . . . .

Train Client0 [16/50] LR=0.0002500 loss=0.614 (CE=0.326 VIR=1.006 wVIR=0.010 AUX=0.278 w=0.010) ACC=89.494 F1=86.697 Rec=85.330 Prec=88.579
Train Client1 [16/50] LR=0.0002500 loss=0.432 (CE=0.228 VIR=0.570 wVIR=0.006 AUX=0.198 w=0.010) ACC=92.409 F1=82.669 Rec=81.787 Prec=84.115
Train Client2 [16/50] LR=0.0002500 loss=0.285 (CE=0.152 VIR=0.374 wVIR=0.004 AUX=0.129 w=0.010) ACC=94.819 F1=86.846 Rec=87.179 Prec=86.618
Train Client3 [16/50] LR=0.0002500 loss=0.703 (CE=0.374 VIR=0.674 wVIR=0.007 AUX=0.322 w=0.010) ACC=86.932 F1=77.642 Rec=78.275 Prec=77.154
Train Client4 [16/50] LR=0.0002500 loss=0.201 (CE=0.112 VIR=0.337 wVIR=0.003 AUX=0.085 w=0.010) ACC=96.570 F1=72.612 Rec=71.396 Prec=74.835
Train Client5 [16/50] LR=0.0002500 loss=0.588 (CE=0.312 VIR=0.400 wVIR=0.004 AUX=0.272 w=0.010) ACC=89.107 F1=70.995 Rec=70.718 Prec=71.293
Train Client6 [16/50] LR=0.0002500 loss=0.506 (CE=0.304 VIR=1.450 wVIR=0.015 AUX=0.188 w=0.010) ACC=92.222 F1=85.312 Rec=85.091 Prec=85.544
Train Client7 [16/50] LR=0.0002500 loss=0.436 (CE=0.230 VIR=1.099 wVIR=0.011 AUX=0.195 w=0.010) ACC=91.212 F1=73.375 Rec=73.591 Prec=73.233

Val    [16/50] LR=0.0002500 loss=2.056 ACC=89.886 F1=89.853 Rec=89.886 Prec=90.711
Val-Known->Virtual [16/50] rate=0.057% prob_mean=0.124199 margin_mean=0.746470
Val-LogitMargin [16/50] TrueKnown-VMax mean=2.8866 std=1.1722 p10=1.3430 p50=3.1798 p90=4.1050

Test-  OSR [16/50] LR=0.0002500 ACC=61.179 F1=69.721 Rec=77.603 Prec=80.626 UNK=11.905 OS*=90.743 HOS=21.048 AUROC=43.504 AUPR=48.652 OSCR=40.788
Test-Close [16/50] LR=0.0002500 loss=2.051 ACC=90.800 F1=90.813 Rec=90.800 Prec=91.544
Test-Virtual [16/50] CloseK->V=0.114% Open->V=11.905% OpenVEntropy=0.128915 CloseHist=[0, 2, 0] OpenHist=[0, 121, 4]
Test-LogitMargin [16/50] CloseTrue-VMax mean=2.8913 std=1.1557 p10=1.3429 p50=3.1504 p90=4.0762 | OpenKnown-VMax mean=2.6257 std=1.8991 p10=-0.2668 p50=3.2086 p90=4.7040
AnchorDiag [16/50] VNorm=[1.0000001192092896, 1.0, 0.9999999403953552] VDriftMax=0.000000 Vcos(max/mean)=(0.0000/-0.0000) KVcos(max/mean)=(0.0533/0.0046) ValK->V=0.06% CloseK->V=0.11% Open->V=11.90% OpenVEntropy=0.1289
Train Client0 [17/50] LR=0.0002500 loss=0.657 (CE=0.344 VIR=1.174 wVIR=0.012 AUX=0.301 w=0.010) ACC=89.170 F1=86.522 Rec=85.320 Prec=87.980
Train Client1 [17/50] LR=0.0002500 loss=0.404 (CE=0.214 VIR=0.620 wVIR=0.006 AUX=0.184 w=0.010) ACC=92.932 F1=86.871 Rec=85.603 Prec=88.618
Train Client2 [17/50] LR=0.0002500 loss=0.249 (CE=0.142 VIR=0.413 wVIR=0.004 AUX=0.103 w=0.010) ACC=94.867 F1=86.295 Rec=87.462 Prec=85.249
Train Client3 [17/50] LR=0.0002500 loss=0.703 (CE=0.374 VIR=0.788 wVIR=0.008 AUX=0.321 w=0.010) ACC=86.742 F1=77.559 Rec=78.706 Prec=76.642
Train Client4 [17/50] LR=0.0002500 loss=0.223 (CE=0.130 VIR=0.375 wVIR=0.004 AUX=0.088 w=0.010) ACC=96.265 F1=70.569 Rec=69.988 Prec=72.066
Train Client5 [17/50] LR=0.0002500 loss=0.583 (CE=0.312 VIR=0.487 wVIR=0.005 AUX=0.266 w=0.010) ACC=88.304 F1=70.438 Rec=70.143 Prec=70.819
Train Client6 [17/50] LR=0.0002500 loss=0.443 (CE=0.279 VIR=1.464 wVIR=0.015 AUX=0.149 w=0.010) ACC=92.222 F1=82.787 Rec=84.946 Prec=81.408
Train Client7 [17/50] LR=0.0002500 loss=0.435 (CE=0.229 VIR=1.209 wVIR=0.012 AUX=0.194 w=0.010) ACC=92.121 F1=73.817 Rec=74.516 Prec=73.216

Val    [17/50] LR=0.0002500 loss=2.136 ACC=88.057 F1=87.746 Rec=88.057 Prec=89.763
Val-Known->Virtual [17/50] rate=0.743% prob_mean=0.149524 margin_mean=0.707389
Val-LogitMargin [17/50] TrueKnown-VMax mean=2.7283 std=1.3439 p10=0.7573 p50=3.1025 p90=4.1788

Test-  OSR [17/50] LR=0.0002500 ACC=59.786 F1=67.610 Rec=75.270 Prec=77.627 UNK=13.333 OS*=87.657 HOS=23.146 AUROC=45.080 AUPR=47.813 OSCR=41.469
Test-Close [17/50] LR=0.0002500 loss=2.122 ACC=88.571 F1=88.399 Rec=88.571 Prec=89.985
Test-Virtual [17/50] CloseK->V=1.029% Open->V=13.333% OpenVEntropy=0.234222 CloseHist=[0, 15, 3] OpenHist=[0, 130, 10]
Test-LogitMargin [17/50] CloseTrue-VMax mean=2.7331 std=1.3117 p10=0.8270 p50=3.1016 p90=4.1170 | OpenKnown-VMax mean=2.5272 std=1.8673 p10=-0.2813 p50=3.1101 p90=4.5500
AnchorDiag [17/50] VNorm=[1.0000001192092896, 1.0, 0.9999999403953552] VDriftMax=0.000000 Vcos(max/mean)=(0.0000/-0.0000) KVcos(max/mean)=(0.0563/0.0052) ValK->V=0.74% CloseK->V=1.03% Open->V=13.33% OpenVEntropy=0.2342
Train Client0 [18/50] LR=0.0002500 loss=0.607 (CE=0.321 VIR=1.355 wVIR=0.014 AUX=0.272 w=0.010) ACC=89.925 F1=87.317 Rec=86.230 Prec=88.611
Train Client1 [18/50] LR=0.0002500 loss=0.438 (CE=0.230 VIR=0.783 wVIR=0.008 AUX=0.200 w=0.010) ACC=92.444 F1=84.511 Rec=83.047 Prec=87.104
Train Client2 [18/50] LR=0.0002500 loss=0.236 (CE=0.134 VIR=0.407 wVIR=0.004 AUX=0.098 w=0.010) ACC=95.152 F1=87.163 Rec=87.840 Prec=86.654
Train Client3 [18/50] LR=0.0002500 loss=0.714 (CE=0.385 VIR=0.921 wVIR=0.009 AUX=0.320 w=0.010) ACC=85.606 F1=78.772 Rec=80.812 Prec=77.303
Train Client4 [18/50] LR=0.0002500 loss=0.187 (CE=0.112 VIR=0.430 wVIR=0.004 AUX=0.071 w=0.010) ACC=96.723 F1=75.377 Rec=75.993 Prec=76.053
Train Client5 [18/50] LR=0.0002500 loss=0.606 (CE=0.328 VIR=0.505 wVIR=0.005 AUX=0.273 w=0.010) ACC=87.679 F1=70.386 Rec=69.837 Prec=71.012
Train Client6 [18/50] LR=0.0002500 loss=0.472 (CE=0.260 VIR=1.464 wVIR=0.015 AUX=0.198 w=0.010) ACC=93.611 F1=84.884 Rec=86.117 Prec=84.597
Train Client7 [18/50] LR=0.0002500 loss=0.441 (CE=0.233 VIR=1.225 wVIR=0.012 AUX=0.196 w=0.010) ACC=91.591 F1=73.443 Rec=73.654 Prec=73.271

Val    [18/50] LR=0.0002500 loss=2.154 ACC=89.886 F1=89.777 Rec=89.886 Prec=90.737
Val-Known->Virtual [18/50] rate=1.886% prob_mean=0.186390 margin_mean=0.651993
Val-LogitMargin [18/50] TrueKnown-VMax mean=2.4242 std=1.2532 p10=0.5758 p50=2.8195 p90=3.6570

Test-  OSR [18/50] LR=0.0002500 ACC=64.143 F1=71.465 Rec=77.365 Prec=78.470 UNK=24.476 OS*=87.943 HOS=38.294 AUROC=49.915 AUPR=54.245 OSCR=45.825
Test-Close [18/50] LR=0.0002500 loss=2.149 ACC=90.171 F1=90.107 Rec=90.171 Prec=90.814
Test-Virtual [18/50] CloseK->V=2.343% Open->V=24.476% OpenVEntropy=0.182257 CloseHist=[0, 38, 3] OpenHist=[0, 244, 13]
Test-LogitMargin [18/50] CloseTrue-VMax mean=2.4189 std=1.2337 p10=0.5659 p50=2.8125 p90=3.6274 | OpenKnown-VMax mean=1.7265 std=2.1259 p10=-1.5589 p50=2.5153 p90=3.9824
AnchorDiag [18/50] VNorm=[1.0000001192092896, 1.0, 0.9999999403953552] VDriftMax=0.000000 Vcos(max/mean)=(0.0000/-0.0000) KVcos(max/mean)=(0.0587/0.0058) ValK->V=1.89% CloseK->V=2.34% Open->V=24.48% OpenVEntropy=0.1823
Saving best model . . . . . . . .

Train Client0 [19/50] LR=0.0002500 loss=0.612 (CE=0.324 VIR=1.450 wVIR=0.014 AUX=0.274 w=0.010) ACC=89.440 F1=87.015 Rec=85.918 Prec=88.396
Train Client1 [19/50] LR=0.0002500 loss=0.428 (CE=0.222 VIR=0.823 wVIR=0.008 AUX=0.197 w=0.010) ACC=92.827 F1=84.932 Rec=84.029 Prec=86.273
Train Client2 [19/50] LR=0.0002500 loss=0.274 (CE=0.149 VIR=0.390 wVIR=0.004 AUX=0.121 w=0.010) ACC=94.344 F1=84.589 Rec=84.383 Prec=84.887
Train Client3 [19/50] LR=0.0002500 loss=0.661 (CE=0.353 VIR=0.843 wVIR=0.008 AUX=0.299 w=0.010) ACC=87.311 F1=81.218 Rec=81.925 Prec=80.693
Train Client4 [19/50] LR=0.0002500 loss=0.202 (CE=0.124 VIR=0.406 wVIR=0.004 AUX=0.074 w=0.010) ACC=96.494 F1=72.231 Rec=72.691 Prec=72.295
Train Client5 [19/50] LR=0.0002500 loss=0.553 (CE=0.294 VIR=0.571 wVIR=0.006 AUX=0.253 w=0.010) ACC=89.286 F1=76.207 Rec=76.402 Prec=76.174
Train Client6 [19/50] LR=0.0002500 loss=0.414 (CE=0.254 VIR=1.553 wVIR=0.016 AUX=0.145 w=0.010) ACC=93.056 F1=76.313 Rec=74.453 Prec=80.798
Train Client7 [19/50] LR=0.0002500 loss=0.430 (CE=0.224 VIR=1.300 wVIR=0.013 AUX=0.193 w=0.010) ACC=92.500 F1=74.464 Rec=75.124 Prec=73.906

Val    [19/50] LR=0.0002500 loss=2.088 ACC=90.857 F1=90.826 Rec=90.857 Prec=91.316
Val-Known->Virtual [19/50] rate=1.429% prob_mean=0.155063 margin_mean=0.701208
Val-LogitMargin [19/50] TrueKnown-VMax mean=2.8972 std=1.5821 p10=0.7801 p50=3.1048 p90=4.8759

Test-  OSR [19/50] LR=0.0002500 ACC=60.893 F1=69.504 Rec=76.714 Prec=77.658 UNK=13.429 OS*=89.371 HOS=23.349 AUROC=37.963 AUPR=43.728 OSCR=35.501
Test-Close [19/50] LR=0.0002500 loss=2.087 ACC=91.029 F1=91.009 Rec=91.029 Prec=91.304
Test-Virtual [19/50] CloseK->V=1.829% Open->V=13.429% OpenVEntropy=0.131965 CloseHist=[0, 30, 2] OpenHist=[1, 137, 3]
Test-LogitMargin [19/50] CloseTrue-VMax mean=2.9002 std=1.5604 p10=0.7660 p50=3.0963 p90=4.8330 | OpenKnown-VMax mean=3.2188 std=2.4356 p10=-0.5602 p50=4.0980 p90=5.7996
AnchorDiag [19/50] VNorm=[1.0000001192092896, 1.0, 0.9999999403953552] VDriftMax=0.000000 Vcos(max/mean)=(0.0000/-0.0000) KVcos(max/mean)=(0.0601/0.0064) ValK->V=1.43% CloseK->V=1.83% Open->V=13.43% OpenVEntropy=0.1320
Train Client0 [20/50] LR=0.0002500 loss=0.595 (CE=0.307 VIR=1.497 wVIR=0.015 AUX=0.273 w=0.010) ACC=90.787 F1=88.865 Rec=87.824 Prec=90.083
Train Client1 [20/50] LR=0.0002500 loss=0.406 (CE=0.214 VIR=0.675 wVIR=0.007 AUX=0.185 w=0.010) ACC=93.001 F1=84.393 Rec=83.271 Prec=86.109
Train Client2 [20/50] LR=0.0002500 loss=0.237 (CE=0.132 VIR=0.319 wVIR=0.003 AUX=0.102 w=0.010) ACC=95.152 F1=86.725 Rec=86.546 Prec=86.999
Train Client3 [20/50] LR=0.0002500 loss=0.663 (CE=0.352 VIR=1.009 wVIR=0.010 AUX=0.302 w=0.010) ACC=86.932 F1=84.969 Rec=88.170 Prec=82.666
Train Client4 [20/50] LR=0.0002500 loss=0.180 (CE=0.108 VIR=0.445 wVIR=0.004 AUX=0.068 w=0.010) ACC=96.418 F1=74.541 Rec=75.559 Prec=74.153
Train Client5 [20/50] LR=0.0002500 loss=0.574 (CE=0.309 VIR=0.581 wVIR=0.006 AUX=0.259 w=0.010) ACC=90.089 F1=76.115 Rec=76.076 Prec=76.359
Train Client6 [20/50] LR=0.0002500 loss=0.467 (CE=0.281 VIR=1.655 wVIR=0.017 AUX=0.169 w=0.010) ACC=91.111 F1=79.291 Rec=79.265 Prec=79.684
Train Client7 [20/50] LR=0.0002500 loss=0.428 (CE=0.220 VIR=1.123 wVIR=0.011 AUX=0.197 w=0.010) ACC=91.894 F1=74.033 Rec=74.481 Prec=73.682

Val    [20/50] LR=0.0002500 loss=2.121 ACC=90.743 F1=90.759 Rec=90.743 Prec=91.416
Val-Known->Virtual [20/50] rate=1.943% prob_mean=0.164917 margin_mean=0.699567
Val-LogitMargin [20/50] TrueKnown-VMax mean=2.7763 std=1.5490 p10=0.5486 p50=3.0748 p90=4.5990

Test-  OSR [20/50] LR=0.0002500 ACC=61.071 F1=69.344 Rec=76.127 Prec=77.336 UNK=15.905 OS*=88.171 HOS=26.948 AUROC=42.030 AUPR=46.405 OSCR=38.891
Test-Close [20/50] LR=0.0002500 loss=2.122 ACC=90.457 F1=90.472 Rec=90.457 Prec=91.099
Test-Virtual [20/50] CloseK->V=2.400% Open->V=15.905% OpenVEntropy=0.092335 CloseHist=[0, 40, 2] OpenHist=[2, 164, 1]
Test-LogitMargin [20/50] CloseTrue-VMax mean=2.7677 std=1.5264 p10=0.5558 p50=3.0841 p90=4.5269 | OpenKnown-VMax mean=2.7557 std=2.4264 p10=-0.8468 p50=3.5222 p90=5.3473
AnchorDiag [20/50] VNorm=[1.0000001192092896, 1.0, 0.9999999403953552] VDriftMax=0.000000 Vcos(max/mean)=(0.0000/-0.0000) KVcos(max/mean)=(0.0618/0.0069) ValK->V=1.94% CloseK->V=2.40% Open->V=15.90% OpenVEntropy=0.0923
Saving model at epoch 20 . . . . . . . .

Train Client0 [21/50] LR=0.0002500 loss=0.580 (CE=0.307 VIR=1.365 wVIR=0.014 AUX=0.260 w=0.010) ACC=91.002 F1=89.247 Rec=88.155 Prec=90.564
Train Client1 [21/50] LR=0.0002500 loss=0.411 (CE=0.216 VIR=0.732 wVIR=0.007 AUX=0.188 w=0.010) ACC=93.419 F1=84.098 Rec=83.232 Prec=85.561
Train Client2 [21/50] LR=0.0002500 loss=0.264 (CE=0.143 VIR=0.265 wVIR=0.003 AUX=0.118 w=0.010) ACC=94.772 F1=85.546 Rec=86.041 Prec=85.195
Train Client3 [21/50] LR=0.0002500 loss=0.695 (CE=0.369 VIR=0.934 wVIR=0.009 AUX=0.316 w=0.010) ACC=88.447 F1=83.132 Rec=88.022 Prec=80.342
Train Client4 [21/50] LR=0.0002500 loss=0.180 (CE=0.104 VIR=0.344 wVIR=0.003 AUX=0.072 w=0.010) ACC=96.570 F1=76.468 Rec=76.533 Prec=77.076
Train Client5 [21/50] LR=0.0002500 loss=0.559 (CE=0.302 VIR=0.528 wVIR=0.005 AUX=0.251 w=0.010) ACC=89.464 F1=75.661 Rec=76.288 Prec=75.405
Train Client6 [21/50] LR=0.0002500 loss=0.462 (CE=0.265 VIR=1.682 wVIR=0.017 AUX=0.180 w=0.010) ACC=93.333 F1=80.264 Rec=79.922 Prec=80.869
Train Client7 [21/50] LR=0.0002500 loss=0.454 (CE=0.236 VIR=1.384 wVIR=0.014 AUX=0.204 w=0.010) ACC=91.894 F1=73.611 Rec=74.043 Prec=73.282

Val    [21/50] LR=0.0002500 loss=2.113 ACC=89.143 F1=88.970 Rec=89.143 Prec=90.156
Val-Known->Virtual [21/50] rate=0.571% prob_mean=0.158047 margin_mean=0.700802
Val-LogitMargin [21/50] TrueKnown-VMax mean=2.6227 std=1.2751 p10=0.8809 p50=2.9271 p90=3.9453

Test-  OSR [21/50] LR=0.0002500 ACC=64.464 F1=71.976 Rec=78.524 Prec=80.390 UNK=22.286 OS*=89.771 HOS=35.707 AUROC=48.129 AUPR=53.931 OSCR=44.583
Test-Close [21/50] LR=0.0002500 loss=2.101 ACC=90.171 F1=90.112 Rec=90.171 Prec=91.073
Test-Virtual [21/50] CloseK->V=0.400% Open->V=22.286% OpenVEntropy=0.025102 CloseHist=[0, 6, 1] OpenHist=[0, 233, 1]
Test-LogitMargin [21/50] CloseTrue-VMax mean=2.6268 std=1.2428 p10=0.8746 p50=2.8995 p90=3.9490 | OpenKnown-VMax mean=2.0314 std=2.3323 p10=-1.4976 p50=2.7604 p90=4.4946
AnchorDiag [21/50] VNorm=[1.0000001192092896, 1.0, 0.9999999403953552] VDriftMax=0.000000 Vcos(max/mean)=(0.0000/-0.0000) KVcos(max/mean)=(0.0634/0.0071) ValK->V=0.57% CloseK->V=0.40% Open->V=22.29% OpenVEntropy=0.0251
Train Client0 [22/50] LR=0.0002500 loss=0.626 (CE=0.331 VIR=1.589 wVIR=0.016 AUX=0.278 w=0.010) ACC=89.925 F1=87.439 Rec=86.342 Prec=88.829
Train Client1 [22/50] LR=0.0002500 loss=0.368 (CE=0.192 VIR=0.640 wVIR=0.006 AUX=0.170 w=0.010) ACC=93.733 F1=87.721 Rec=86.369 Prec=89.702
Train Client2 [22/50] LR=0.0002500 loss=0.220 (CE=0.123 VIR=0.382 wVIR=0.004 AUX=0.093 w=0.010) ACC=95.247 F1=86.459 Rec=86.731 Prec=86.291
Train Client3 [22/50] LR=0.0002500 loss=0.714 (CE=0.367 VIR=1.140 wVIR=0.011 AUX=0.335 w=0.010) ACC=86.364 F1=79.662 Rec=80.860 Prec=78.652
Train Client4 [22/50] LR=0.0002500 loss=0.190 (CE=0.114 VIR=0.451 wVIR=0.005 AUX=0.072 w=0.010) ACC=96.113 F1=68.292 Rec=68.070 Prec=69.466
Train Client5 [22/50] LR=0.0002500 loss=0.517 (CE=0.274 VIR=0.520 wVIR=0.005 AUX=0.238 w=0.010) ACC=89.286 F1=76.533 Rec=76.313 Prec=76.767
Train Client6 [22/50] LR=0.0002500 loss=0.344 (CE=0.206 VIR=1.384 wVIR=0.014 AUX=0.124 w=0.010) ACC=94.167 F1=82.476 Rec=82.601 Prec=82.625
Train Client7 [22/50] LR=0.0002500 loss=0.385 (CE=0.200 VIR=1.269 wVIR=0.013 AUX=0.173 w=0.010) ACC=93.106 F1=75.120 Rec=75.620 Prec=74.703

Val    [22/50] LR=0.0002500 loss=2.082 ACC=90.457 F1=90.488 Rec=90.457 Prec=91.352
Val-Known->Virtual [22/50] rate=0.343% prob_mean=0.136842 margin_mean=0.738828
Val-LogitMargin [22/50] TrueKnown-VMax mean=3.0145 std=1.5544 p10=1.0426 p50=3.2160 p90=4.9611

Test-  OSR [22/50] LR=0.0002500 ACC=58.429 F1=67.138 Rec=75.778 Prec=78.147 UNK=6.381 OS*=89.657 HOS=11.914 AUROC=36.984 AUPR=38.890 OSCR=34.869
Test-Close [22/50] LR=0.0002500 loss=2.079 ACC=90.171 F1=90.180 Rec=90.171 Prec=90.920
Test-Virtual [22/50] CloseK->V=0.514% Open->V=6.381% OpenVEntropy=-0.000000 CloseHist=[0, 6, 3] OpenHist=[0, 67, 0]
Test-LogitMargin [22/50] CloseTrue-VMax mean=3.0011 std=1.5211 p10=0.9715 p50=3.2064 p90=4.8697 | OpenKnown-VMax mean=3.4505 std=2.0890 p10=0.4579 p50=3.8577 p90=5.8460
AnchorDiag [22/50] VNorm=[1.0000001192092896, 1.0, 0.9999999403953552] VDriftMax=0.000000 Vcos(max/mean)=(0.0000/-0.0000) KVcos(max/mean)=(0.0649/0.0076) ValK->V=0.34% CloseK->V=0.51% Open->V=6.38% OpenVEntropy=-0.0000
>> New learning Rate: 0.000125
Train Client0 [23/50] LR=0.0001250 loss=0.472 (CE=0.247 VIR=1.376 wVIR=0.014 AUX=0.211 w=0.010) ACC=91.649 F1=71.827 Rec=71.073 Prec=72.789
Train Client1 [23/50] LR=0.0001250 loss=0.300 (CE=0.153 VIR=0.814 wVIR=0.008 AUX=0.138 w=0.010) ACC=95.056 F1=89.058 Rec=87.986 Prec=90.523
Train Client2 [23/50] LR=0.0001250 loss=0.183 (CE=0.102 VIR=0.298 wVIR=0.003 AUX=0.079 w=0.010) ACC=96.293 F1=90.436 Rec=91.681 Prec=89.465
Train Client3 [23/50] LR=0.0001250 loss=0.610 (CE=0.355 VIR=1.021 wVIR=0.010 AUX=0.244 w=0.010) ACC=88.258 F1=80.769 Rec=85.839 Prec=78.211
Train Client4 [23/50] LR=0.0001250 loss=0.160 (CE=0.104 VIR=0.427 wVIR=0.004 AUX=0.052 w=0.010) ACC=97.104 F1=79.817 Rec=82.647 Prec=77.663
Train Client5 [23/50] LR=0.0001250 loss=0.502 (CE=0.279 VIR=0.442 wVIR=0.004 AUX=0.219 w=0.010) ACC=89.464 F1=76.210 Rec=81.157 Prec=74.933
Train Client6 [23/50] LR=0.0001250 loss=0.346 (CE=0.215 VIR=1.288 wVIR=0.013 AUX=0.118 w=0.010) ACC=94.167 F1=85.491 Rec=87.861 Prec=83.892
Train Client7 [23/50] LR=0.0001250 loss=0.359 (CE=0.194 VIR=1.504 wVIR=0.015 AUX=0.150 w=0.010) ACC=93.864 F1=75.607 Rec=76.277 Prec=75.047

Val    [23/50] LR=0.0001250 loss=2.050 ACC=91.257 F1=91.230 Rec=91.257 Prec=91.577
Val-Known->Virtual [23/50] rate=0.571% prob_mean=0.143219 margin_mean=0.734685
Val-LogitMargin [23/50] TrueKnown-VMax mean=2.9715 std=1.5101 p10=0.9670 p50=3.1760 p90=4.8708

Test-  OSR [23/50] LR=0.0001250 ACC=61.357 F1=70.213 Rec=78.063 Prec=80.051 UNK=11.238 OS*=91.429 HOS=20.016 AUROC=38.364 AUPR=42.634 OSCR=36.378
Test-Close [23/50] LR=0.0001250 loss=2.053 ACC=92.057 F1=92.041 Rec=92.057 Prec=92.335
Test-Virtual [23/50] CloseK->V=0.629% Open->V=11.238% OpenVEntropy=0.107823 CloseHist=[0, 10, 1] OpenHist=[3, 115, 0]
Test-LogitMargin [23/50] CloseTrue-VMax mean=2.9524 std=1.5029 p10=0.9538 p50=3.1451 p90=4.7824 | OpenKnown-VMax mean=3.3062 std=2.2843 p10=-0.1511 p50=4.0804 p90=5.7730
AnchorDiag [23/50] VNorm=[1.0000001192092896, 1.0, 0.9999999403953552] VDriftMax=0.000000 Vcos(max/mean)=(0.0000/-0.0000) KVcos(max/mean)=(0.0654/0.0079) ValK->V=0.57% CloseK->V=0.63% Open->V=11.24% OpenVEntropy=0.1078
Train Client0 [24/50] LR=0.0001250 loss=0.496 (CE=0.262 VIR=1.456 wVIR=0.015 AUX=0.219 w=0.010) ACC=91.379 F1=89.577 Rec=88.671 Prec=90.607
Train Client1 [24/50] LR=0.0001250 loss=0.318 (CE=0.165 VIR=0.858 wVIR=0.009 AUX=0.144 w=0.010) ACC=94.603 F1=87.657 Rec=87.038 Prec=88.412
Train Client2 [24/50] LR=0.0001250 loss=0.178 (CE=0.099 VIR=0.379 wVIR=0.004 AUX=0.075 w=0.010) ACC=96.388 F1=89.980 Rec=90.169 Prec=89.793
Train Client3 [24/50] LR=0.0001250 loss=0.573 (CE=0.316 VIR=0.900 wVIR=0.009 AUX=0.247 w=0.010) ACC=89.773 F1=81.717 Rec=83.792 Prec=80.170
Train Client4 [24/50] LR=0.0001250 loss=0.150 (CE=0.090 VIR=0.400 wVIR=0.004 AUX=0.057 w=0.010) ACC=97.256 F1=78.294 Rec=77.123 Prec=80.618
Train Client5 [24/50] LR=0.0001250 loss=0.429 (CE=0.234 VIR=0.426 wVIR=0.004 AUX=0.191 w=0.010) ACC=91.786 F1=80.267 Rec=83.179 Prec=79.051
Train Client6 [24/50] LR=0.0001250 loss=0.378 (CE=0.254 VIR=1.832 wVIR=0.018 AUX=0.105 w=0.010) ACC=93.611 F1=87.954 Rec=91.432 Prec=85.472
Train Client7 [24/50] LR=0.0001250 loss=0.371 (CE=0.203 VIR=1.640 wVIR=0.016 AUX=0.152 w=0.010) ACC=93.258 F1=75.371 Rec=76.037 Prec=74.801

Val    [24/50] LR=0.0001250 loss=2.041 ACC=91.543 F1=91.517 Rec=91.543 Prec=91.948
Val-Known->Virtual [24/50] rate=0.171% prob_mean=0.146004 margin_mean=0.730816
Val-LogitMargin [24/50] TrueKnown-VMax mean=2.8637 std=1.4212 p10=1.0488 p50=2.9846 p90=4.6638

Test-  OSR [24/50] LR=0.0001250 ACC=64.929 F1=73.127 Rec=79.937 Prec=81.582 UNK=19.905 OS*=91.943 HOS=32.725 AUROC=41.759 AUPR=49.893 OSCR=39.384
Test-Close [24/50] LR=0.0001250 loss=2.043 ACC=92.229 F1=92.217 Rec=92.229 Prec=92.504
Test-Virtual [24/50] CloseK->V=0.286% Open->V=19.905% OpenVEntropy=0.098246 CloseHist=[0, 4, 1] OpenHist=[2, 205, 2]
Test-LogitMargin [24/50] CloseTrue-VMax mean=2.8363 std=1.4027 p10=1.0251 p50=2.9573 p90=4.6169 | OpenKnown-VMax mean=2.7547 std=2.7429 p10=-1.4576 p50=3.8100 p90=5.5659
AnchorDiag [24/50] VNorm=[1.0000001192092896, 1.0, 0.9999999403953552] VDriftMax=0.000000 Vcos(max/mean)=(0.0000/-0.0000) KVcos(max/mean)=(0.0667/0.0083) ValK->V=0.17% CloseK->V=0.29% Open->V=19.90% OpenVEntropy=0.0982
Train Client0 [25/50] LR=0.0001250 loss=0.446 (CE=0.238 VIR=1.528 wVIR=0.015 AUX=0.192 w=0.010) ACC=91.972 F1=90.126 Rec=89.470 Prec=90.949
Train Client1 [25/50] LR=0.0001250 loss=0.304 (CE=0.156 VIR=0.875 wVIR=0.009 AUX=0.139 w=0.010) ACC=94.777 F1=88.748 Rec=87.876 Prec=89.904
Train Client2 [25/50] LR=0.0001250 loss=0.183 (CE=0.105 VIR=0.475 wVIR=0.005 AUX=0.074 w=0.010) ACC=96.388 F1=89.876 Rec=90.651 Prec=89.177
Train Client3 [25/50] LR=0.0001250 loss=0.639 (CE=0.359 VIR=1.082 wVIR=0.011 AUX=0.269 w=0.010) ACC=88.068 F1=79.642 Rec=82.171 Prec=77.958
Train Client4 [25/50] LR=0.0001250 loss=0.142 (CE=0.089 VIR=0.394 wVIR=0.004 AUX=0.048 w=0.010) ACC=97.409 F1=81.041 Rec=83.020 Prec=79.757
Train Client5 [25/50] LR=0.0001250 loss=0.472 (CE=0.264 VIR=0.480 wVIR=0.005 AUX=0.203 w=0.010) ACC=90.357 F1=79.569 Rec=86.188 Prec=78.075
Train Client6 [25/50] LR=0.0001250 loss=0.493 (CE=0.308 VIR=2.168 wVIR=0.022 AUX=0.163 w=0.010) ACC=91.111 F1=83.054 Rec=85.715 Prec=80.808
Train Client7 [25/50] LR=0.0001250 loss=0.361 (CE=0.193 VIR=1.704 wVIR=0.017 AUX=0.151 w=0.010) ACC=93.636 F1=75.138 Rec=75.890 Prec=74.501

Val    [25/50] LR=0.0001250 loss=2.096 ACC=91.086 F1=91.021 Rec=91.086 Prec=91.609
Val-Known->Virtual [25/50] rate=1.143% prob_mean=0.177929 margin_mean=0.689383
Val-LogitMargin [25/50] TrueKnown-VMax mean=2.5864 std=1.3909 p10=0.7116 p50=2.7987 p90=4.2016

Test-  OSR [25/50] LR=0.0001250 ACC=61.429 F1=70.165 Rec=77.714 Prec=79.438 UNK=12.571 OS*=90.743 HOS=22.083 AUROC=40.766 AUPR=44.857 OSCR=38.455
Test-Close [25/50] LR=0.0001250 loss=2.095 ACC=91.657 F1=91.618 Rec=91.657 Prec=92.096
Test-Virtual [25/50] CloseK->V=0.971% Open->V=12.571% OpenVEntropy=0.098735 CloseHist=[2, 14, 1] OpenHist=[3, 129, 0]
Test-LogitMargin [25/50] CloseTrue-VMax mean=2.5601 std=1.3662 p10=0.7343 p50=2.7410 p90=4.1529 | OpenKnown-VMax mean=2.7584 std=2.1601 p10=-0.3470 p50=3.3282 p90=5.1769
AnchorDiag [25/50] VNorm=[1.0000001192092896, 1.0, 0.9999999403953552] VDriftMax=0.000000 Vcos(max/mean)=(0.0000/-0.0000) KVcos(max/mean)=(0.0681/0.0086) ValK->V=1.14% CloseK->V=0.97% Open->V=12.57% OpenVEntropy=0.0987
Saving model at epoch 25 . . . . . . . .

Train Client0 [26/50] LR=0.0001250 loss=0.469 (CE=0.249 VIR=1.711 wVIR=0.017 AUX=0.204 w=0.010) ACC=92.349 F1=90.632 Rec=89.645 Prec=91.750
Train Client1 [26/50] LR=0.0001250 loss=0.293 (CE=0.151 VIR=1.026 wVIR=0.010 AUX=0.132 w=0.010) ACC=95.056 F1=89.148 Rec=88.951 Prec=89.384
Train Client2 [26/50] LR=0.0001250 loss=0.196 (CE=0.113 VIR=0.569 wVIR=0.006 AUX=0.077 w=0.010) ACC=95.913 F1=88.674 Rec=90.027 Prec=87.483
Train Client3 [26/50] LR=0.0001250 loss=0.533 (CE=0.289 VIR=1.062 wVIR=0.011 AUX=0.234 w=0.010) ACC=90.152 F1=83.905 Rec=89.435 Prec=81.189
Train Client4 [26/50] LR=0.0001250 loss=0.162 (CE=0.104 VIR=0.465 wVIR=0.005 AUX=0.053 w=0.010) ACC=97.332 F1=80.469 Rec=81.871 Prec=79.507
Train Client5 [26/50] LR=0.0001250 loss=0.425 (CE=0.238 VIR=0.467 wVIR=0.005 AUX=0.182 w=0.010) ACC=91.339 F1=77.857 Rec=82.680 Prec=76.716
Train Client6 [26/50] LR=0.0001250 loss=0.373 (CE=0.252 VIR=1.635 wVIR=0.016 AUX=0.105 w=0.010) ACC=92.778 F1=81.835 Rec=83.359 Prec=80.512
Train Client7 [26/50] LR=0.0001250 loss=0.340 (CE=0.182 VIR=1.731 wVIR=0.017 AUX=0.140 w=0.010) ACC=94.015 F1=75.969 Rec=76.259 Prec=75.716

Val    [26/50] LR=0.0001250 loss=2.081 ACC=90.914 F1=90.826 Rec=90.914 Prec=91.395
Val-Known->Virtual [26/50] rate=0.914% prob_mean=0.168211 margin_mean=0.699707
Val-LogitMargin [26/50] TrueKnown-VMax mean=2.6543 std=1.3746 p10=0.8240 p50=2.8631 p90=4.2734

Test-  OSR [26/50] LR=0.0001250 ACC=65.786 F1=73.551 Rec=79.810 Prec=80.941 UNK=23.714 OS*=91.029 HOS=37.626 AUROC=44.644 AUPR=52.454 OSCR=41.768
Test-Close [26/50] LR=0.0001250 loss=2.077 ACC=91.829 F1=91.785 Rec=91.829 Prec=92.176
Test-Virtual [26/50] CloseK->V=0.800% Open->V=23.714% OpenVEntropy=0.098670 CloseHist=[2, 11, 1] OpenHist=[4, 244, 1]
Test-LogitMargin [26/50] CloseTrue-VMax mean=2.6341 std=1.3465 p10=0.9139 p50=2.8187 p90=4.2447 | OpenKnown-VMax mean=2.3065 std=2.7217 p10=-1.7916 p50=3.3110 p90=5.2011
AnchorDiag [26/50] VNorm=[1.0000001192092896, 1.0, 0.9999999403953552] VDriftMax=0.000000 Vcos(max/mean)=(0.0000/-0.0000) KVcos(max/mean)=(0.0688/0.0089) ValK->V=0.91% CloseK->V=0.80% Open->V=23.71% OpenVEntropy=0.0987
Train Client0 [27/50] LR=0.0001250 loss=0.422 (CE=0.225 VIR=1.522 wVIR=0.015 AUX=0.182 w=0.010) ACC=93.157 F1=91.822 Rec=91.020 Prec=92.748
Train Client1 [27/50] LR=0.0001250 loss=0.281 (CE=0.146 VIR=0.894 wVIR=0.009 AUX=0.125 w=0.010) ACC=95.299 F1=89.233 Rec=88.904 Prec=89.668
Train Client2 [27/50] LR=0.0001250 loss=0.155 (CE=0.087 VIR=0.340 wVIR=0.003 AUX=0.065 w=0.010) ACC=97.053 F1=92.121 Rec=92.067 Prec=92.207
Train Client3 [27/50] LR=0.0001250 loss=0.554 (CE=0.312 VIR=0.977 wVIR=0.010 AUX=0.233 w=0.010) ACC=89.962 F1=85.469 Rec=90.008 Prec=82.709
Train Client4 [27/50] LR=0.0001250 loss=0.168 (CE=0.105 VIR=0.490 wVIR=0.005 AUX=0.058 w=0.010) ACC=96.875 F1=81.625 Rec=84.670 Prec=79.345
Train Client5 [27/50] LR=0.0001250 loss=0.434 (CE=0.241 VIR=0.562 wVIR=0.006 AUX=0.187 w=0.010) ACC=91.518 F1=78.111 Rec=78.466 Prec=77.885
Train Client6 [27/50] LR=0.0001250 loss=0.456 (CE=0.293 VIR=1.975 wVIR=0.020 AUX=0.143 w=0.010) ACC=92.222 F1=82.248 Rec=84.085 Prec=80.697
Train Client7 [27/50] LR=0.0001250 loss=0.385 (CE=0.212 VIR=1.968 wVIR=0.020 AUX=0.154 w=0.010) ACC=92.727 F1=74.970 Rec=75.776 Prec=74.280

Val    [27/50] LR=0.0001250 loss=2.049 ACC=91.257 F1=91.197 Rec=91.257 Prec=91.724
Val-Known->Virtual [27/50] rate=0.286% prob_mean=0.148509 margin_mean=0.732795
Val-LogitMargin [27/50] TrueKnown-VMax mean=2.8734 std=1.4823 p10=0.9994 p50=2.9485 p90=4.9217

Test-  OSR [27/50] LR=0.0001250 ACC=60.071 F1=69.060 Rec=77.429 Prec=79.507 UNK=8.000 OS*=91.314 HOS=14.711 AUROC=37.388 AUPR=40.889 OSCR=35.588
Test-Close [27/50] LR=0.0001250 loss=2.047 ACC=91.771 F1=91.723 Rec=91.771 Prec=92.134
Test-Virtual [27/50] CloseK->V=0.571% Open->V=8.000% OpenVEntropy=0.058785 CloseHist=[1, 8, 1] OpenHist=[1, 83, 0]
Test-LogitMargin [27/50] CloseTrue-VMax mean=2.8507 std=1.4611 p10=1.0997 p50=2.9344 p90=4.8842 | OpenKnown-VMax mean=3.3854 std=2.1479 p10=0.3108 p50=3.9304 p90=5.8383
AnchorDiag [27/50] VNorm=[1.0000001192092896, 1.0, 0.9999999403953552] VDriftMax=0.000000 Vcos(max/mean)=(0.0000/-0.0000) KVcos(max/mean)=(0.0695/0.0090) ValK->V=0.29% CloseK->V=0.57% Open->V=8.00% OpenVEntropy=0.0588
Train Client0 [28/50] LR=0.0001250 loss=0.461 (CE=0.242 VIR=1.569 wVIR=0.016 AUX=0.204 w=0.010) ACC=92.295 F1=90.628 Rec=89.841 Prec=91.572
Train Client1 [28/50] LR=0.0001250 loss=0.297 (CE=0.154 VIR=1.010 wVIR=0.010 AUX=0.133 w=0.010) ACC=95.125 F1=90.543 Rec=90.648 Prec=90.471
Train Client2 [28/50] LR=0.0001250 loss=0.169 (CE=0.097 VIR=0.464 wVIR=0.005 AUX=0.068 w=0.010) ACC=97.243 F1=92.531 Rec=93.749 Prec=91.508
Train Client3 [28/50] LR=0.0001250 loss=0.540 (CE=0.302 VIR=1.012 wVIR=0.010 AUX=0.228 w=0.010) ACC=88.826 F1=82.385 Rec=86.163 Prec=80.088
Train Client4 [28/50] LR=0.0001250 loss=0.154 (CE=0.099 VIR=0.349 wVIR=0.003 AUX=0.052 w=0.010) ACC=96.875 F1=80.251 Rec=83.524 Prec=78.259
Train Client5 [28/50] LR=0.0001250 loss=0.465 (CE=0.261 VIR=0.609 wVIR=0.006 AUX=0.198 w=0.010) ACC=90.714 F1=78.157 Rec=82.535 Prec=76.776
Train Client6 [28/50] LR=0.0001250 loss=0.318 (CE=0.212 VIR=1.460 wVIR=0.015 AUX=0.091 w=0.010) ACC=94.444 F1=87.364 Rec=89.666 Prec=85.363
Train Client7 [28/50] LR=0.0001250 loss=0.342 (CE=0.180 VIR=1.892 wVIR=0.019 AUX=0.143 w=0.010) ACC=93.106 F1=75.226 Rec=75.658 Prec=74.869

Val    [28/50] LR=0.0001250 loss=2.070 ACC=91.543 F1=91.505 Rec=91.543 Prec=91.938
Val-Known->Virtual [28/50] rate=0.400% prob_mean=0.167765 margin_mean=0.704685
Val-LogitMargin [28/50] TrueKnown-VMax mean=2.6938 std=1.4103 p10=0.8431 p50=2.8464 p90=4.5299

Test-  OSR [28/50] LR=0.0001250 ACC=62.429 F1=70.955 Rec=78.286 Prec=80.138 UNK=14.857 OS*=90.971 HOS=25.543 AUROC=40.935 AUPR=46.893 OSCR=38.557
Test-Close [28/50] LR=0.0001250 loss=2.075 ACC=91.600 F1=91.567 Rec=91.600 Prec=91.948
Test-Virtual [28/50] CloseK->V=0.686% Open->V=14.857% OpenVEntropy=0.261089 CloseHist=[1, 9, 2] OpenHist=[13, 143, 0]
Test-LogitMargin [28/50] CloseTrue-VMax mean=2.6665 std=1.3967 p10=0.8528 p50=2.8084 p90=4.4789 | OpenKnown-VMax mean=2.8283 std=2.4347 p10=-0.7030 p50=3.5040 p90=5.5081
AnchorDiag [28/50] VNorm=[1.0000001192092896, 1.0, 0.9999999403953552] VDriftMax=0.000000 Vcos(max/mean)=(0.0000/-0.0000) KVcos(max/mean)=(0.0700/0.0092) ValK->V=0.40% CloseK->V=0.69% Open->V=14.86% OpenVEntropy=0.2611
Train Client0 [29/50] LR=0.0001250 loss=0.439 (CE=0.233 VIR=1.712 wVIR=0.017 AUX=0.189 w=0.010) ACC=91.756 F1=71.904 Rec=71.299 Prec=72.612
Train Client1 [29/50] LR=0.0001250 loss=0.303 (CE=0.156 VIR=0.960 wVIR=0.010 AUX=0.137 w=0.010) ACC=95.021 F1=89.169 Rec=88.415 Prec=90.063
Train Client2 [29/50] LR=0.0001250 loss=0.162 (CE=0.091 VIR=0.461 wVIR=0.005 AUX=0.066 w=0.010) ACC=96.578 F1=90.487 Rec=90.867 Prec=90.124
Train Client3 [29/50] LR=0.0001250 loss=0.509 (CE=0.291 VIR=0.971 wVIR=0.010 AUX=0.208 w=0.010) ACC=88.826 F1=81.302 Rec=82.573 Prec=80.244
Train Client4 [29/50] LR=0.0001250 loss=0.147 (CE=0.098 VIR=0.534 wVIR=0.005 AUX=0.044 w=0.010) ACC=96.951 F1=77.849 Rec=79.066 Prec=77.025
Train Client5 [29/50] LR=0.0001250 loss=0.450 (CE=0.249 VIR=0.623 wVIR=0.006 AUX=0.195 w=0.010) ACC=90.446 F1=78.517 Rec=82.610 Prec=77.016
Train Client6 [29/50] LR=0.0001250 loss=0.371 (CE=0.253 VIR=2.045 wVIR=0.020 AUX=0.098 w=0.010) ACC=92.222 F1=85.643 Rec=91.271 Prec=81.854
Train Client7 [29/50] LR=0.0001250 loss=0.323 (CE=0.170 VIR=1.893 wVIR=0.019 AUX=0.134 w=0.010) ACC=94.621 F1=76.104 Rec=76.474 Prec=75.760

Val    [29/50] LR=0.0001250 loss=2.089 ACC=91.257 F1=91.229 Rec=91.257 Prec=91.800
Val-Known->Virtual [29/50] rate=0.686% prob_mean=0.171146 margin_mean=0.707205
Val-LogitMargin [29/50] TrueKnown-VMax mean=2.7295 std=1.5703 p10=0.7001 p50=2.8451 p90=4.8883

Test-  OSR [29/50] LR=0.0001250 ACC=60.250 F1=69.097 Rec=77.127 Prec=79.001 UNK=9.619 OS*=90.629 HOS=17.392 AUROC=38.369 AUPR=41.104 OSCR=36.335
Test-Close [29/50] LR=0.0001250 loss=2.088 ACC=91.486 F1=91.465 Rec=91.486 Prec=92.040
Test-Virtual [29/50] CloseK->V=0.857% Open->V=9.619% OpenVEntropy=0.050560 CloseHist=[0, 13, 2] OpenHist=[1, 100, 0]
Test-LogitMargin [29/50] CloseTrue-VMax mean=2.7047 std=1.5509 p10=0.7209 p50=2.8231 p90=4.8834 | OpenKnown-VMax mean=3.2508 std=2.2263 p10=0.0903 p50=3.7554 p90=5.7677
AnchorDiag [29/50] VNorm=[1.0000001192092896, 1.0, 0.9999999403953552] VDriftMax=0.000000 Vcos(max/mean)=(0.0000/-0.0000) KVcos(max/mean)=(0.0706/0.0095) ValK->V=0.69% CloseK->V=0.86% Open->V=9.62% OpenVEntropy=0.0506
Train Client0 [30/50] LR=0.0001250 loss=0.478 (CE=0.250 VIR=1.914 wVIR=0.019 AUX=0.209 w=0.010) ACC=91.325 F1=89.524 Rec=88.693 Prec=90.500
Train Client1 [30/50] LR=0.0001250 loss=0.319 (CE=0.162 VIR=1.114 wVIR=0.011 AUX=0.146 w=0.010) ACC=94.812 F1=88.733 Rec=88.615 Prec=88.889
Train Client2 [30/50] LR=0.0001250 loss=0.154 (CE=0.085 VIR=0.354 wVIR=0.004 AUX=0.065 w=0.010) ACC=97.006 F1=91.687 Rec=92.043 Prec=91.382
Train Client3 [30/50] LR=0.0001250 loss=0.520 (CE=0.288 VIR=1.315 wVIR=0.013 AUX=0.218 w=0.010) ACC=89.583 F1=86.363 Rec=93.534 Prec=82.720
Train Client4 [30/50] LR=0.0001250 loss=0.127 (CE=0.081 VIR=0.314 wVIR=0.003 AUX=0.043 w=0.010) ACC=97.561 F1=84.645 Rec=85.326 Prec=84.126
Train Client5 [30/50] LR=0.0001250 loss=0.458 (CE=0.251 VIR=0.604 wVIR=0.006 AUX=0.202 w=0.010) ACC=90.625 F1=72.618 Rec=72.457 Prec=72.797
Train Client6 [30/50] LR=0.0001250 loss=0.389 (CE=0.256 VIR=2.019 wVIR=0.020 AUX=0.113 w=0.010) ACC=93.611 F1=89.790 Rec=92.537 Prec=87.421
Train Client7 [30/50] LR=0.0001250 loss=0.363 (CE=0.194 VIR=1.969 wVIR=0.020 AUX=0.150 w=0.010) ACC=93.636 F1=75.866 Rec=76.095 Prec=75.716

Val    [30/50] LR=0.0001250 loss=2.095 ACC=91.829 F1=91.815 Rec=91.829 Prec=92.128
Val-Known->Virtual [30/50] rate=1.486% prob_mean=0.185319 margin_mean=0.684377
Val-LogitMargin [30/50] TrueKnown-VMax mean=2.6540 std=1.5838 p10=0.6205 p50=2.7552 p90=4.8526

Test-  OSR [30/50] LR=0.0001250 ACC=59.107 F1=68.369 Rec=76.683 Prec=76.634 UNK=6.381 OS*=90.743 HOS=11.923 AUROC=37.213 AUPR=37.171 OSCR=35.527
Test-Close [30/50] LR=0.0001250 loss=2.094 ACC=92.286 F1=92.264 Rec=92.286 Prec=92.627
Test-Virtual [30/50] CloseK->V=1.600% Open->V=6.381% OpenVEntropy=0.122175 CloseHist=[0, 25, 3] OpenHist=[2, 65, 0]
Test-LogitMargin [30/50] CloseTrue-VMax mean=2.6329 std=1.5589 p10=0.6494 p50=2.7260 p90=4.8316 | OpenKnown-VMax mean=3.2971 std=2.0648 p10=0.3814 p50=3.7662 p90=5.7029
AnchorDiag [30/50] VNorm=[1.0000001192092896, 1.0, 0.9999999403953552] VDriftMax=0.000000 Vcos(max/mean)=(0.0000/-0.0000) KVcos(max/mean)=(0.0713/0.0097) ValK->V=1.49% CloseK->V=1.60% Open->V=6.38% OpenVEntropy=0.1222
Saving model at epoch 30 . . . . . . . .

Train Client0 [31/50] LR=0.0001250 loss=0.452 (CE=0.238 VIR=1.684 wVIR=0.017 AUX=0.197 w=0.010) ACC=93.103 F1=91.721 Rec=90.657 Prec=92.947
Train Client1 [31/50] LR=0.0001250 loss=0.303 (CE=0.157 VIR=1.012 wVIR=0.010 AUX=0.136 w=0.010) ACC=95.299 F1=90.412 Rec=90.177 Prec=90.699
Train Client2 [31/50] LR=0.0001250 loss=0.152 (CE=0.085 VIR=0.377 wVIR=0.004 AUX=0.063 w=0.010) ACC=96.958 F1=91.527 Rec=92.093 Prec=91.022
Train Client3 [31/50] LR=0.0001250 loss=0.546 (CE=0.294 VIR=1.215 wVIR=0.012 AUX=0.240 w=0.010) ACC=89.205 F1=82.369 Rec=86.186 Prec=80.047
Train Client4 [31/50] LR=0.0001250 loss=0.146 (CE=0.091 VIR=0.435 wVIR=0.004 AUX=0.050 w=0.010) ACC=97.256 F1=79.691 Rec=80.929 Prec=78.574
Train Client5 [31/50] LR=0.0001250 loss=0.452 (CE=0.256 VIR=0.679 wVIR=0.007 AUX=0.189 w=0.010) ACC=91.607 F1=80.949 Rec=87.758 Prec=79.197
Train Client6 [31/50] LR=0.0001250 loss=0.310 (CE=0.199 VIR=1.942 wVIR=0.019 AUX=0.092 w=0.010) ACC=95.278 F1=82.697 Rec=82.532 Prec=83.219
Train Client7 [31/50] LR=0.0001250 loss=0.322 (CE=0.169 VIR=1.994 wVIR=0.020 AUX=0.132 w=0.010) ACC=94.242 F1=75.953 Rec=76.422 Prec=75.534

Val    [31/50] LR=0.0001250 loss=2.081 ACC=90.343 F1=90.181 Rec=90.343 Prec=91.132
Val-Known->Virtual [31/50] rate=0.343% prob_mean=0.162978 margin_mean=0.716094
Val-LogitMargin [31/50] TrueKnown-VMax mean=2.7881 std=1.6335 p10=0.8949 p50=2.7563 p90=5.2752

Test-  OSR [31/50] LR=0.0001250 ACC=56.964 F1=65.979 Rec=75.635 Prec=72.064 UNK=0.952 OS*=90.571 HOS=1.885 AUROC=27.607 AUPR=27.747 OSCR=26.787
Test-Close [31/50] LR=0.0001250 loss=2.073 ACC=91.143 F1=91.054 Rec=91.143 Prec=91.884
Test-Virtual [31/50] CloseK->V=0.629% Open->V=0.952% OpenVEntropy=0.556033 CloseHist=[0, 9, 2] OpenHist=[3, 7, 0]
Test-LogitMargin [31/50] CloseTrue-VMax mean=2.7700 std=1.5954 p10=0.8680 p50=2.7449 p90=5.2088 | OpenKnown-VMax mean=4.0339 std=1.7503 p10=1.7112 p50=4.2304 p90=6.1784
AnchorDiag [31/50] VNorm=[1.0000001192092896, 1.0, 0.9999999403953552] VDriftMax=0.000000 Vcos(max/mean)=(0.0000/-0.0000) KVcos(max/mean)=(0.0729/0.0102) ValK->V=0.34% CloseK->V=0.63% Open->V=0.95% OpenVEntropy=0.5560
Train Client0 [32/50] LR=0.0001250 loss=0.459 (CE=0.241 VIR=1.676 wVIR=0.017 AUX=0.202 w=0.010) ACC=92.080 F1=72.346 Rec=71.492 Prec=73.354
Train Client1 [32/50] LR=0.0001250 loss=0.295 (CE=0.152 VIR=1.172 wVIR=0.012 AUX=0.131 w=0.010) ACC=95.265 F1=90.831 Rec=89.736 Prec=92.245
Train Client2 [32/50] LR=0.0001250 loss=0.146 (CE=0.081 VIR=0.397 wVIR=0.004 AUX=0.061 w=0.010) ACC=96.863 F1=91.637 Rec=92.427 Prec=90.911
Train Client3 [32/50] LR=0.0001250 loss=0.492 (CE=0.278 VIR=1.263 wVIR=0.013 AUX=0.201 w=0.010) ACC=91.288 F1=87.466 Rec=91.431 Prec=84.789
Train Client4 [32/50] LR=0.0001250 loss=0.124 (CE=0.082 VIR=0.478 wVIR=0.005 AUX=0.037 w=0.010) ACC=97.180 F1=80.969 Rec=81.395 Prec=80.736
Train Client5 [32/50] LR=0.0001250 loss=0.410 (CE=0.230 VIR=0.417 wVIR=0.004 AUX=0.176 w=0.010) ACC=91.339 F1=78.778 Rec=82.550 Prec=77.616
Train Client6 [32/50] LR=0.0001250 loss=0.354 (CE=0.225 VIR=1.922 wVIR=0.019 AUX=0.110 w=0.010) ACC=93.333 F1=83.082 Rec=83.713 Prec=82.514
Train Client7 [32/50] LR=0.0001250 loss=0.341 (CE=0.177 VIR=1.962 wVIR=0.020 AUX=0.144 w=0.010) ACC=94.015 F1=75.549 Rec=75.810 Prec=75.332

Val    [32/50] LR=0.0001250 loss=2.105 ACC=91.143 F1=91.049 Rec=91.143 Prec=91.750
Val-Known->Virtual [32/50] rate=0.629% prob_mean=0.188269 margin_mean=0.688623
Val-LogitMargin [32/50] TrueKnown-VMax mean=2.6555 std=1.7146 p10=0.7003 p50=2.5372 p90=5.3316

Test-  OSR [32/50] LR=0.0001250 ACC=57.750 F1=67.017 Rec=76.175 Prec=74.282 UNK=2.476 OS*=90.914 HOS=4.821 AUROC=30.625 AUPR=30.676 OSCR=29.548
Test-Close [32/50] LR=0.0001250 loss=2.097 ACC=91.771 F1=91.724 Rec=91.771 Prec=92.355
Test-Virtual [32/50] CloseK->V=1.086% Open->V=2.476% OpenVEntropy=0.246847 CloseHist=[1, 18, 0] OpenHist=[2, 24, 0]
Test-LogitMargin [32/50] CloseTrue-VMax mean=2.6336 std=1.6780 p10=0.7397 p50=2.5252 p90=5.2746 | OpenKnown-VMax mean=3.8479 std=1.9796 p10=1.2021 p50=4.0514 p90=6.2600
AnchorDiag [32/50] VNorm=[1.0000001192092896, 1.0, 0.9999999403953552] VDriftMax=0.000000 Vcos(max/mean)=(0.0000/-0.0000) KVcos(max/mean)=(0.0743/0.0105) ValK->V=0.63% CloseK->V=1.09% Open->V=2.48% OpenVEntropy=0.2468
Train Client0 [33/50] LR=0.0001250 loss=0.452 (CE=0.234 VIR=1.769 wVIR=0.018 AUX=0.200 w=0.010) ACC=92.619 F1=91.199 Rec=90.331 Prec=92.177
Train Client1 [33/50] LR=0.0001250 loss=0.289 (CE=0.150 VIR=1.164 wVIR=0.012 AUX=0.128 w=0.010) ACC=94.916 F1=89.227 Rec=88.356 Prec=90.392
Train Client2 [33/50] LR=0.0001250 loss=0.142 (CE=0.078 VIR=0.603 wVIR=0.006 AUX=0.058 w=0.010) ACC=97.148 F1=92.194 Rec=93.580 Prec=90.986
Train Client3 [33/50] LR=0.0001250 loss=0.543 (CE=0.301 VIR=1.206 wVIR=0.012 AUX=0.230 w=0.010) ACC=90.720 F1=84.381 Rec=87.886 Prec=82.068
Train Client4 [33/50] LR=0.0001250 loss=0.117 (CE=0.079 VIR=0.545 wVIR=0.005 AUX=0.032 w=0.010) ACC=97.561 F1=81.748 Rec=86.405 Prec=79.206
Train Client5 [33/50] LR=0.0001250 loss=0.381 (CE=0.213 VIR=0.487 wVIR=0.005 AUX=0.163 w=0.010) ACC=92.232 F1=80.765 Rec=83.576 Prec=79.667
Train Client6 [33/50] LR=0.0001250 loss=0.286 (CE=0.189 VIR=2.026 wVIR=0.020 AUX=0.076 w=0.010) ACC=96.111 F1=89.010 Rec=90.109 Prec=88.211
Train Client7 [33/50] LR=0.0001250 loss=0.352 (CE=0.178 VIR=2.059 wVIR=0.021 AUX=0.154 w=0.010) ACC=94.242 F1=75.240 Rec=75.721 Prec=74.827

Val    [33/50] LR=0.0001250 loss=2.107 ACC=91.886 F1=91.849 Rec=91.886 Prec=92.190
Val-Known->Virtual [33/50] rate=1.314% prob_mean=0.202575 margin_mean=0.665569
Val-LogitMargin [33/50] TrueKnown-VMax mean=2.4798 std=1.5057 p10=0.6538 p50=2.4678 p90=4.6006

Test-  OSR [33/50] LR=0.0001250 ACC=59.214 F1=68.432 Rec=76.730 Prec=77.036 UNK=6.667 OS*=90.743 HOS=12.421 AUROC=36.994 AUPR=37.557 OSCR=35.316
Test-Close [33/50] LR=0.0001250 loss=2.109 ACC=92.000 F1=91.977 Rec=92.000 Prec=92.297
Test-Virtual [33/50] CloseK->V=1.371% Open->V=6.667% OpenVEntropy=0.266253 CloseHist=[2, 21, 1] OpenHist=[6, 64, 0]
Test-LogitMargin [33/50] CloseTrue-VMax mean=2.4469 std=1.4779 p10=0.6166 p50=2.4214 p90=4.5779 | OpenKnown-VMax mean=3.1418 std=1.9956 p10=0.4047 p50=3.5196 p90=5.5326
AnchorDiag [33/50] VNorm=[1.0000001192092896, 1.0, 0.9999999403953552] VDriftMax=0.000000 Vcos(max/mean)=(0.0000/-0.0000) KVcos(max/mean)=(0.0749/0.0107) ValK->V=1.31% CloseK->V=1.37% Open->V=6.67% OpenVEntropy=0.2663
Train Client0 [34/50] LR=0.0001250 loss=0.439 (CE=0.233 VIR=1.968 wVIR=0.020 AUX=0.186 w=0.010) ACC=92.403 F1=90.757 Rec=89.779 Prec=91.905
Train Client1 [34/50] LR=0.0001250 loss=0.266 (CE=0.138 VIR=0.918 wVIR=0.009 AUX=0.119 w=0.010) ACC=95.056 F1=89.838 Rec=89.465 Prec=90.272
Train Client2 [34/50] LR=0.0001250 loss=0.132 (CE=0.072 VIR=0.297 wVIR=0.003 AUX=0.057 w=0.010) ACC=97.338 F1=91.969 Rec=92.717 Prec=91.324
Train Client3 [34/50] LR=0.0001250 loss=0.554 (CE=0.312 VIR=1.316 wVIR=0.013 AUX=0.229 w=0.010) ACC=91.098 F1=83.774 Rec=86.413 Prec=81.875
Train Client4 [34/50] LR=0.0001250 loss=0.144 (CE=0.095 VIR=0.427 wVIR=0.004 AUX=0.045 w=0.010) ACC=97.180 F1=80.022 Rec=82.066 Prec=78.669
Train Client5 [34/50] LR=0.0001250 loss=0.391 (CE=0.214 VIR=0.591 wVIR=0.006 AUX=0.171 w=0.010) ACC=92.500 F1=77.862 Rec=78.852 Prec=77.208
Train Client6 [34/50] LR=0.0001250 loss=0.343 (CE=0.217 VIR=1.807 wVIR=0.018 AUX=0.108 w=0.010) ACC=93.333 F1=77.053 Rec=75.329 Prec=81.426
Train Client7 [34/50] LR=0.0001250 loss=0.328 (CE=0.169 VIR=2.088 wVIR=0.021 AUX=0.138 w=0.010) ACC=94.924 F1=76.229 Rec=76.984 Prec=75.540

Val    [34/50] LR=0.0001250 loss=2.064 ACC=92.057 F1=92.016 Rec=92.057 Prec=92.366
Val-Known->Virtual [34/50] rate=0.857% prob_mean=0.175103 margin_mean=0.701912
Val-LogitMargin [34/50] TrueKnown-VMax mean=2.8530 std=1.7939 p10=0.8577 p50=2.7130 p90=5.7215

Test-  OSR [34/50] LR=0.0001250 ACC=59.571 F1=68.829 Rec=77.270 Prec=77.987 UNK=6.476 OS*=91.429 HOS=12.096 AUROC=33.790 AUPR=36.397 OSCR=32.356
Test-Close [34/50] LR=0.0001250 loss=2.072 ACC=92.343 F1=92.311 Rec=92.343 Prec=92.594
Test-Virtual [34/50] CloseK->V=1.086% Open->V=6.476% OpenVEntropy=0.239096 CloseHist=[1, 18, 0] OpenHist=[5, 63, 0]
Test-LogitMargin [34/50] CloseTrue-VMax mean=2.8159 std=1.7718 p10=0.7651 p50=2.7099 p90=5.6789 | OpenKnown-VMax mean=3.9131 std=2.3878 p10=0.5061 p50=4.4950 p90=6.6259
AnchorDiag [34/50] VNorm=[1.0000001192092896, 1.0, 0.9999999403953552] VDriftMax=0.000000 Vcos(max/mean)=(0.0000/-0.0000) KVcos(max/mean)=(0.0766/0.0110) ValK->V=0.86% CloseK->V=1.09% Open->V=6.48% OpenVEntropy=0.2391
>> New learning Rate: 6.25e-05
Train Client0 [35/50] LR=0.0000625 loss=0.395 (CE=0.208 VIR=1.919 wVIR=0.019 AUX=0.168 w=0.010) ACC=92.780 F1=91.420 Rec=90.580 Prec=92.399
Train Client1 [35/50] LR=0.0000625 loss=0.264 (CE=0.132 VIR=1.239 wVIR=0.012 AUX=0.119 w=0.010) ACC=95.613 F1=90.374 Rec=89.520 Prec=91.463
Train Client2 [35/50] LR=0.0000625 loss=0.128 (CE=0.071 VIR=0.439 wVIR=0.004 AUX=0.052 w=0.010) ACC=97.433 F1=92.689 Rec=94.334 Prec=91.270
Train Client3 [35/50] LR=0.0000625 loss=0.429 (CE=0.258 VIR=1.272 wVIR=0.013 AUX=0.159 w=0.010) ACC=91.288 F1=85.618 Rec=94.491 Prec=82.085
Train Client4 [35/50] LR=0.0000625 loss=0.148 (CE=0.112 VIR=0.759 wVIR=0.008 AUX=0.028 w=0.010) ACC=96.951 F1=83.038 Rec=91.546 Prec=77.796
Train Client5 [35/50] LR=0.0000625 loss=0.362 (CE=0.217 VIR=0.615 wVIR=0.006 AUX=0.138 w=0.010) ACC=92.411 F1=78.561 Rec=83.588 Prec=77.215
Train Client6 [35/50] LR=0.0000625 loss=0.348 (CE=0.247 VIR=2.195 wVIR=0.022 AUX=0.079 w=0.010) ACC=93.611 F1=90.335 Rec=95.237 Prec=86.401
Train Client7 [35/50] LR=0.0000625 loss=0.333 (CE=0.182 VIR=2.276 wVIR=0.023 AUX=0.128 w=0.010) ACC=94.091 F1=76.005 Rec=76.822 Prec=75.266

Val    [35/50] LR=0.0000625 loss=2.100 ACC=91.943 F1=91.869 Rec=91.943 Prec=92.191
Val-Known->Virtual [35/50] rate=1.714% prob_mean=0.197166 margin_mean=0.674165
Val-LogitMargin [35/50] TrueKnown-VMax mean=2.6294 std=1.7210 p10=0.6102 p50=2.5630 p90=5.2499

Test-  OSR [35/50] LR=0.0000625 ACC=59.893 F1=69.050 Rec=76.810 Prec=77.147 UNK=9.143 OS*=90.343 HOS=16.605 AUROC=35.076 AUPR=37.743 OSCR=33.373
Test-Close [35/50] LR=0.0000625 loss=2.111 ACC=92.114 F1=92.060 Rec=92.114 Prec=92.487
Test-Virtual [35/50] CloseK->V=2.000% Open->V=9.143% OpenVEntropy=0.212806 CloseHist=[1, 33, 1] OpenHist=[6, 90, 0]
Test-LogitMargin [35/50] CloseTrue-VMax mean=2.5857 std=1.6972 p10=0.5372 p50=2.5644 p90=5.2037 | OpenKnown-VMax mean=3.5504 std=2.3466 p10=0.1464 p50=4.1981 p90=6.1988
AnchorDiag [35/50] VNorm=[1.0000001192092896, 1.0, 0.9999999403953552] VDriftMax=0.000000 Vcos(max/mean)=(0.0000/-0.0000) KVcos(max/mean)=(0.0769/0.0111) ValK->V=1.71% CloseK->V=2.00% Open->V=9.14% OpenVEntropy=0.2128
Saving model at epoch 35 . . . . . . . .

Train Client0 [36/50] LR=0.0000625 loss=0.420 (CE=0.220 VIR=2.018 wVIR=0.020 AUX=0.179 w=0.010) ACC=92.888 F1=91.404 Rec=90.539 Prec=92.422
Train Client1 [36/50] LR=0.0000625 loss=0.236 (CE=0.121 VIR=1.250 wVIR=0.013 AUX=0.103 w=0.010) ACC=96.031 F1=90.446 Rec=89.744 Prec=91.292
Train Client2 [36/50] LR=0.0000625 loss=0.130 (CE=0.071 VIR=0.538 wVIR=0.005 AUX=0.054 w=0.010) ACC=97.148 F1=92.058 Rec=92.568 Prec=91.597
Train Client3 [36/50] LR=0.0000625 loss=0.476 (CE=0.280 VIR=1.237 wVIR=0.012 AUX=0.183 w=0.010) ACC=90.341 F1=83.723 Rec=90.551 Prec=80.500
Train Client4 [36/50] LR=0.0000625 loss=0.151 (CE=0.108 VIR=0.540 wVIR=0.005 AUX=0.038 w=0.010) ACC=96.799 F1=80.170 Rec=87.447 Prec=75.997
Train Client5 [36/50] LR=0.0000625 loss=0.379 (CE=0.216 VIR=0.617 wVIR=0.006 AUX=0.156 w=0.010) ACC=92.857 F1=80.905 Rec=89.245 Prec=78.939
Train Client6 [36/50] LR=0.0000625 loss=0.345 (CE=0.266 VIR=2.354 wVIR=0.024 AUX=0.055 w=0.010) ACC=92.778 F1=85.731 Rec=90.025 Prec=82.336
Train Client7 [36/50] LR=0.0000625 loss=0.329 (CE=0.180 VIR=2.485 wVIR=0.025 AUX=0.124 w=0.010) ACC=94.545 F1=76.482 Rec=77.278 Prec=75.753

Val    [36/50] LR=0.0000625 loss=2.109 ACC=92.229 F1=92.198 Rec=92.229 Prec=92.543
Val-Known->Virtual [36/50] rate=2.000% prob_mean=0.207499 margin_mean=0.662112
Val-LogitMargin [36/50] TrueKnown-VMax mean=2.5573 std=1.6812 p10=0.5840 p50=2.4851 p90=5.0805

Test-  OSR [36/50] LR=0.0000625 ACC=58.750 F1=68.220 Rec=76.524 Prec=75.365 UNK=5.429 OS*=90.743 HOS=10.244 AUROC=33.168 AUPR=33.571 OSCR=31.807
Test-Close [36/50] LR=0.0000625 loss=2.122 ACC=92.457 F1=92.436 Rec=92.457 Prec=92.758
Test-Virtual [36/50] CloseK->V=2.057% Open->V=5.429% OpenVEntropy=0.306292 CloseHist=[1, 34, 1] OpenHist=[6, 51, 0]
Test-LogitMargin [36/50] CloseTrue-VMax mean=2.5096 std=1.6592 p10=0.4862 p50=2.4561 p90=5.0208 | OpenKnown-VMax mean=3.5427 std=2.0751 p10=0.6302 p50=4.0126 p90=5.9367
AnchorDiag [36/50] VNorm=[1.0000001192092896, 1.0, 0.9999999403953552] VDriftMax=0.000000 Vcos(max/mean)=(0.0000/-0.0000) KVcos(max/mean)=(0.0773/0.0112) ValK->V=2.00% CloseK->V=2.06% Open->V=5.43% OpenVEntropy=0.3063
Train Client0 [37/50] LR=0.0000625 loss=0.397 (CE=0.204 VIR=2.088 wVIR=0.021 AUX=0.172 w=0.010) ACC=93.481 F1=92.271 Rec=91.620 Prec=92.996
Train Client1 [37/50] LR=0.0000625 loss=0.250 (CE=0.127 VIR=1.372 wVIR=0.014 AUX=0.109 w=0.010) ACC=95.857 F1=89.664 Rec=89.736 Prec=89.608
Train Client2 [37/50] LR=0.0000625 loss=0.130 (CE=0.070 VIR=0.420 wVIR=0.004 AUX=0.055 w=0.010) ACC=97.291 F1=92.709 Rec=93.296 Prec=92.237
Train Client3 [37/50] LR=0.0000625 loss=0.493 (CE=0.278 VIR=1.320 wVIR=0.013 AUX=0.201 w=0.010) ACC=90.152 F1=84.987 Rec=90.456 Prec=81.957
Train Client4 [37/50] LR=0.0000625 loss=0.125 (CE=0.087 VIR=0.564 wVIR=0.006 AUX=0.032 w=0.010) ACC=97.180 F1=80.585 Rec=84.942 Prec=77.755
Train Client5 [37/50] LR=0.0000625 loss=0.386 (CE=0.219 VIR=0.489 wVIR=0.005 AUX=0.162 w=0.010) ACC=91.786 F1=80.754 Rec=88.174 Prec=78.857
Train Client6 [37/50] LR=0.0000625 loss=0.394 (CE=0.270 VIR=2.403 wVIR=0.024 AUX=0.100 w=0.010) ACC=92.778 F1=82.933 Rec=85.167 Prec=81.147
Train Client7 [37/50] LR=0.0000625 loss=0.328 (CE=0.186 VIR=2.424 wVIR=0.024 AUX=0.118 w=0.010) ACC=94.621 F1=76.494 Rec=76.917 Prec=76.152

Val    [37/50] LR=0.0000625 loss=2.106 ACC=91.657 F1=91.545 Rec=91.657 Prec=92.080
Val-Known->Virtual [37/50] rate=1.314% prob_mean=0.202406 margin_mean=0.665047
Val-LogitMargin [37/50] TrueKnown-VMax mean=2.5651 std=1.6899 p10=0.6670 p50=2.4566 p90=5.1889

Test-  OSR [37/50] LR=0.0000625 ACC=59.214 F1=68.306 Rec=76.667 Prec=77.366 UNK=6.857 OS*=90.629 HOS=12.750 AUROC=34.725 AUPR=36.705 OSCR=33.143
Test-Close [37/50] LR=0.0000625 loss=2.115 ACC=91.600 F1=91.525 Rec=91.600 Prec=92.081
Test-Virtual [37/50] CloseK->V=1.257% Open->V=6.857% OpenVEntropy=0.195300 CloseHist=[1, 20, 1] OpenHist=[4, 68, 0]
Test-LogitMargin [37/50] CloseTrue-VMax mean=2.5234 std=1.6585 p10=0.6165 p50=2.4543 p90=5.1020 | OpenKnown-VMax mean=3.4992 std=2.1878 p10=0.3122 p50=4.0310 p90=6.0251
AnchorDiag [37/50] VNorm=[1.0000001192092896, 1.0, 0.9999999403953552] VDriftMax=0.000000 Vcos(max/mean)=(0.0000/-0.0000) KVcos(max/mean)=(0.0777/0.0113) ValK->V=1.31% CloseK->V=1.26% Open->V=6.86% OpenVEntropy=0.1953
Train Client0 [38/50] LR=0.0000625 loss=0.383 (CE=0.203 VIR=1.859 wVIR=0.019 AUX=0.162 w=0.010) ACC=93.858 F1=92.756 Rec=92.171 Prec=93.399
Train Client1 [38/50] LR=0.0000625 loss=0.249 (CE=0.126 VIR=1.255 wVIR=0.013 AUX=0.111 w=0.010) ACC=95.613 F1=91.510 Rec=91.016 Prec=92.116
Train Client2 [38/50] LR=0.0000625 loss=0.134 (CE=0.074 VIR=0.385 wVIR=0.004 AUX=0.056 w=0.010) ACC=97.671 F1=93.440 Rec=94.358 Prec=92.730
Train Client3 [38/50] LR=0.0000625 loss=0.466 (CE=0.277 VIR=1.222 wVIR=0.012 AUX=0.177 w=0.010) ACC=91.667 F1=85.877 Rec=94.696 Prec=82.367
Train Client4 [38/50] LR=0.0000625 loss=0.145 (CE=0.104 VIR=0.687 wVIR=0.007 AUX=0.034 w=0.010) ACC=96.646 F1=81.413 Rec=89.524 Prec=76.831
Train Client5 [38/50] LR=0.0000625 loss=0.384 (CE=0.220 VIR=0.551 wVIR=0.006 AUX=0.158 w=0.010) ACC=92.411 F1=79.390 Rec=83.835 Prec=77.932
Train Client6 [38/50] LR=0.0000625 loss=0.378 (CE=0.266 VIR=2.047 wVIR=0.020 AUX=0.091 w=0.010) ACC=93.056 F1=86.157 Rec=90.766 Prec=82.587
Train Client7 [38/50] LR=0.0000625 loss=0.313 (CE=0.174 VIR=2.427 wVIR=0.024 AUX=0.115 w=0.010) ACC=94.242 F1=79.483 Rec=96.320 Prec=77.438

Val    [38/50] LR=0.0000625 loss=2.121 ACC=91.257 F1=91.140 Rec=91.257 Prec=91.924
Val-Known->Virtual [38/50] rate=1.086% prob_mean=0.202480 margin_mean=0.665268
Val-LogitMargin [38/50] TrueKnown-VMax mean=2.4900 std=1.5832 p10=0.5709 p50=2.4921 p90=4.7460

Test-  OSR [38/50] LR=0.0000625 ACC=61.929 F1=70.436 Rec=77.651 Prec=79.284 UNK=14.762 OS*=90.229 HOS=25.373 AUROC=40.289 AUPR=44.933 OSCR=37.859
Test-Close [38/50] LR=0.0000625 loss=2.128 ACC=91.314 F1=91.233 Rec=91.314 Prec=91.945
Test-Virtual [38/50] CloseK->V=1.257% Open->V=14.762% OpenVEntropy=0.167496 CloseHist=[1, 20, 1] OpenHist=[7, 148, 0]
Test-LogitMargin [38/50] CloseTrue-VMax mean=2.4499 std=1.5590 p10=0.5494 p50=2.4808 p90=4.7180 | OpenKnown-VMax mean=2.9033 std=2.3892 p10=-0.6427 p50=3.5278 p90=5.5821
AnchorDiag [38/50] VNorm=[1.0000001192092896, 1.0, 0.9999999403953552] VDriftMax=0.000000 Vcos(max/mean)=(0.0000/-0.0000) KVcos(max/mean)=(0.0784/0.0115) ValK->V=1.09% CloseK->V=1.26% Open->V=14.76% OpenVEntropy=0.1675
Train Client0 [39/50] LR=0.0000625 loss=0.383 (CE=0.201 VIR=2.116 wVIR=0.021 AUX=0.161 w=0.010) ACC=94.181 F1=93.145 Rec=92.515 Prec=93.813
Train Client1 [39/50] LR=0.0000625 loss=0.245 (CE=0.124 VIR=1.311 wVIR=0.013 AUX=0.108 w=0.010) ACC=96.170 F1=92.565 Rec=92.053 Prec=93.188
Train Client2 [39/50] LR=0.0000625 loss=0.120 (CE=0.067 VIR=0.451 wVIR=0.005 AUX=0.049 w=0.010) ACC=97.576 F1=93.422 Rec=95.317 Prec=91.822
Train Client3 [39/50] LR=0.0000625 loss=0.525 (CE=0.295 VIR=1.223 wVIR=0.012 AUX=0.218 w=0.010) ACC=90.720 F1=87.813 Rec=93.826 Prec=84.533
Train Client4 [39/50] LR=0.0000625 loss=0.127 (CE=0.083 VIR=0.657 wVIR=0.007 AUX=0.037 w=0.010) ACC=97.256 F1=81.651 Rec=86.737 Prec=78.290
Train Client5 [39/50] LR=0.0000625 loss=0.343 (CE=0.202 VIR=0.558 wVIR=0.006 AUX=0.136 w=0.010) ACC=93.482 F1=82.114 Rec=89.865 Prec=79.866
Train Client6 [39/50] LR=0.0000625 loss=0.333 (CE=0.241 VIR=2.070 wVIR=0.021 AUX=0.072 w=0.010) ACC=94.444 F1=89.485 Rec=94.394 Prec=85.677
Train Client7 [39/50] LR=0.0000625 loss=0.307 (CE=0.167 VIR=2.417 wVIR=0.024 AUX=0.116 w=0.010) ACC=94.621 F1=76.645 Rec=77.079 Prec=76.266

Val    [39/50] LR=0.0000625 loss=2.159 ACC=91.771 F1=91.690 Rec=91.771 Prec=92.125
Val-Known->Virtual [39/50] rate=2.629% prob_mean=0.237587 margin_mean=0.622979
Val-LogitMargin [39/50] TrueKnown-VMax mean=2.3759 std=1.7665 p10=0.4085 p50=2.1985 p90=5.1844

Test-  OSR [39/50] LR=0.0000625 ACC=59.714 F1=69.124 Rec=76.857 Prec=76.678 UNK=8.286 OS*=90.571 HOS=15.182 AUROC=32.684 AUPR=35.058 OSCR=31.239
Test-Close [39/50] LR=0.0000625 loss=2.166 ACC=92.343 F1=92.293 Rec=92.343 Prec=92.741
Test-Virtual [39/50] CloseK->V=2.400% Open->V=8.286% OpenVEntropy=0.169755 CloseHist=[2, 39, 1] OpenHist=[4, 83, 0]
Test-LogitMargin [39/50] CloseTrue-VMax mean=2.3328 std=1.7320 p10=0.3842 p50=2.2020 p90=5.0616 | OpenKnown-VMax mean=3.4894 std=2.2604 p10=0.2020 p50=3.9397 p90=6.1256
AnchorDiag [39/50] VNorm=[1.0000001192092896, 1.0, 0.9999999403953552] VDriftMax=0.000000 Vcos(max/mean)=(0.0000/-0.0000) KVcos(max/mean)=(0.0793/0.0118) ValK->V=2.63% CloseK->V=2.40% Open->V=8.29% OpenVEntropy=0.1698
Train Client0 [40/50] LR=0.0000625 loss=0.381 (CE=0.198 VIR=1.824 wVIR=0.018 AUX=0.165 w=0.010) ACC=94.289 F1=93.065 Rec=92.142 Prec=94.148
Train Client1 [40/50] LR=0.0000625 loss=0.241 (CE=0.123 VIR=1.299 wVIR=0.013 AUX=0.104 w=0.010) ACC=95.926 F1=90.238 Rec=89.874 Prec=90.707
Train Client2 [40/50] LR=0.0000625 loss=0.117 (CE=0.064 VIR=0.452 wVIR=0.005 AUX=0.048 w=0.010) ACC=97.529 F1=93.082 Rec=94.463 Prec=91.940
Train Client3 [40/50] LR=0.0000625 loss=0.456 (CE=0.265 VIR=1.455 wVIR=0.015 AUX=0.177 w=0.010) ACC=90.341 F1=83.586 Rec=87.335 Prec=81.288
Train Client4 [40/50] LR=0.0000625 loss=0.119 (CE=0.080 VIR=0.663 wVIR=0.007 AUX=0.032 w=0.010) ACC=97.561 F1=83.503 Rec=87.747 Prec=80.480
Train Client5 [40/50] LR=0.0000625 loss=0.349 (CE=0.203 VIR=0.556 wVIR=0.006 AUX=0.141 w=0.010) ACC=92.768 F1=82.219 Rec=89.033 Prec=79.863
Train Client6 [40/50] LR=0.0000625 loss=0.373 (CE=0.271 VIR=2.251 wVIR=0.023 AUX=0.080 w=0.010) ACC=93.056 F1=88.667 Rec=95.090 Prec=83.925
Train Client7 [40/50] LR=0.0000625 loss=0.316 (CE=0.171 VIR=2.406 wVIR=0.024 AUX=0.121 w=0.010) ACC=93.788 F1=75.962 Rec=76.461 Prec=75.531

Val    [40/50] LR=0.0000625 loss=2.136 ACC=92.286 F1=92.263 Rec=92.286 Prec=92.507
Val-Known->Virtual [40/50] rate=2.229% prob_mean=0.227005 margin_mean=0.638570
Val-LogitMargin [40/50] TrueKnown-VMax mean=2.5016 std=1.8399 p10=0.4635 p50=2.3125 p90=5.5098

Test-  OSR [40/50] LR=0.0000625 ACC=61.321 F1=70.540 Rec=77.794 Prec=78.386 UNK=11.905 OS*=90.971 HOS=21.054 AUROC=35.182 AUPR=39.473 OSCR=33.483
Test-Close [40/50] LR=0.0000625 loss=2.147 ACC=92.629 F1=92.613 Rec=92.629 Prec=92.898
Test-Virtual [40/50] CloseK->V=2.171% Open->V=11.905% OpenVEntropy=0.216486 CloseHist=[2, 35, 1] OpenHist=[8, 117, 0]
Test-LogitMargin [40/50] CloseTrue-VMax mean=2.4548 std=1.8131 p10=0.4405 p50=2.2785 p90=5.4312 | OpenKnown-VMax mean=3.5185 std=2.6174 p10=-0.3060 p50=4.2351 p90=6.4526
AnchorDiag [40/50] VNorm=[1.0000001192092896, 1.0, 0.9999999403953552] VDriftMax=0.000000 Vcos(max/mean)=(0.0000/-0.0000) KVcos(max/mean)=(0.0798/0.0119) ValK->V=2.23% CloseK->V=2.17% Open->V=11.90% OpenVEntropy=0.2165
Saving model at epoch 40 . . . . . . . .

Train Client0 [41/50] LR=0.0000625 loss=0.385 (CE=0.202 VIR=1.933 wVIR=0.019 AUX=0.164 w=0.010) ACC=93.588 F1=92.174 Rec=91.458 Prec=92.981
Train Client1 [41/50] LR=0.0000625 loss=0.226 (CE=0.116 VIR=1.276 wVIR=0.013 AUX=0.097 w=0.010) ACC=96.553 F1=92.583 Rec=91.831 Prec=93.494
Train Client2 [41/50] LR=0.0000625 loss=0.115 (CE=0.065 VIR=0.400 wVIR=0.004 AUX=0.047 w=0.010) ACC=97.433 F1=92.827 Rec=94.165 Prec=91.638
Train Client3 [41/50] LR=0.0000625 loss=0.428 (CE=0.242 VIR=1.237 wVIR=0.012 AUX=0.174 w=0.010) ACC=92.235 F1=85.951 Rec=92.115 Prec=82.832
Train Client4 [41/50] LR=0.0000625 loss=0.121 (CE=0.096 VIR=0.588 wVIR=0.006 AUX=0.019 w=0.010) ACC=97.104 F1=80.683 Rec=86.022 Prec=77.274
Train Client5 [41/50] LR=0.0000625 loss=0.371 (CE=0.212 VIR=0.580 wVIR=0.006 AUX=0.154 w=0.010) ACC=91.786 F1=79.331 Rec=83.633 Prec=78.007
Train Client6 [41/50] LR=0.0000625 loss=0.410 (CE=0.320 VIR=2.597 wVIR=0.026 AUX=0.064 w=0.010) ACC=92.778 F1=85.126 Rec=88.620 Prec=82.204
Train Client7 [41/50] LR=0.0000625 loss=0.300 (CE=0.161 VIR=2.453 wVIR=0.025 AUX=0.115 w=0.010) ACC=94.924 F1=80.523 Rec=97.416 Prec=78.413

Val    [41/50] LR=0.0000625 loss=2.078 ACC=92.629 F1=92.604 Rec=92.629 Prec=92.821
Val-Known->Virtual [41/50] rate=0.914% prob_mean=0.194802 margin_mean=0.684819
Val-LogitMargin [41/50] TrueKnown-VMax mean=2.7376 std=1.8338 p10=0.8074 p50=2.5089 p90=5.7616

Test-  OSR [41/50] LR=0.0000625 ACC=61.000 F1=70.243 Rec=78.190 Prec=79.397 UNK=9.429 OS*=91.943 HOS=17.103 AUROC=33.832 AUPR=38.000 OSCR=32.428
Test-Close [41/50] LR=0.0000625 loss=2.091 ACC=92.743 F1=92.732 Rec=92.743 Prec=92.927
Test-Virtual [41/50] CloseK->V=1.086% Open->V=9.429% OpenVEntropy=0.232533 CloseHist=[2, 16, 1] OpenHist=[7, 92, 0]
Test-LogitMargin [41/50] CloseTrue-VMax mean=2.6897 std=1.8148 p10=0.7345 p50=2.4985 p90=5.6704 | OpenKnown-VMax mean=3.8288 std=2.5438 p10=0.1335 p50=4.6117 p90=6.5899
AnchorDiag [41/50] VNorm=[1.0000001192092896, 1.0, 0.9999999403953552] VDriftMax=0.000000 Vcos(max/mean)=(0.0000/-0.0000) KVcos(max/mean)=(0.0807/0.0121) ValK->V=0.91% CloseK->V=1.09% Open->V=9.43% OpenVEntropy=0.2325
Train Client0 [42/50] LR=0.0000625 loss=0.371 (CE=0.194 VIR=1.824 wVIR=0.018 AUX=0.159 w=0.010) ACC=93.966 F1=92.376 Rec=91.475 Prec=93.481
Train Client1 [42/50] LR=0.0000625 loss=0.236 (CE=0.120 VIR=1.299 wVIR=0.013 AUX=0.103 w=0.010) ACC=95.961 F1=90.116 Rec=89.566 Prec=90.758
Train Client2 [42/50] LR=0.0000625 loss=0.129 (CE=0.074 VIR=0.690 wVIR=0.007 AUX=0.049 w=0.010) ACC=97.148 F1=92.132 Rec=93.094 Prec=91.232
Train Client3 [42/50] LR=0.0000625 loss=0.436 (CE=0.246 VIR=1.224 wVIR=0.012 AUX=0.177 w=0.010) ACC=91.098 F1=85.641 Rec=91.139 Prec=82.587
Train Client4 [42/50] LR=0.0000625 loss=0.145 (CE=0.104 VIR=0.694 wVIR=0.007 AUX=0.034 w=0.010) ACC=96.875 F1=81.380 Rec=87.330 Prec=77.438
Train Client5 [42/50] LR=0.0000625 loss=0.387 (CE=0.220 VIR=0.620 wVIR=0.006 AUX=0.161 w=0.010) ACC=91.964 F1=73.876 Rec=73.420 Prec=74.365
Train Client6 [42/50] LR=0.0000625 loss=0.398 (CE=0.274 VIR=2.141 wVIR=0.021 AUX=0.103 w=0.010) ACC=91.944 F1=84.322 Rec=87.405 Prec=81.741
Train Client7 [42/50] LR=0.0000625 loss=0.293 (CE=0.159 VIR=2.510 wVIR=0.025 AUX=0.109 w=0.010) ACC=94.924 F1=76.820 Rec=77.040 Prec=76.653

Val    [42/50] LR=0.0000625 loss=2.072 ACC=92.057 F1=91.995 Rec=92.057 Prec=92.330
Val-Known->Virtual [42/50] rate=0.514% prob_mean=0.186749 margin_mean=0.691754
Val-LogitMargin [42/50] TrueKnown-VMax mean=2.7236 std=1.7412 p10=0.8907 p50=2.5336 p90=5.5769

Test-  OSR [42/50] LR=0.0000625 ACC=60.571 F1=69.759 Rec=77.937 Prec=79.423 UNK=8.476 OS*=91.829 HOS=15.520 AUROC=33.395 AUPR=37.324 OSCR=32.011
Test-Close [42/50] LR=0.0000625 loss=2.083 ACC=92.629 F1=92.588 Rec=92.629 Prec=92.981
Test-Virtual [42/50] CloseK->V=0.914% Open->V=8.476% OpenVEntropy=0.250738 CloseHist=[1, 14, 1] OpenHist=[7, 82, 0]
Test-LogitMargin [42/50] CloseTrue-VMax mean=2.6789 std=1.7212 p10=0.8434 p50=2.5328 p90=5.4776 | OpenKnown-VMax mean=3.7712 std=2.3704 p10=0.3068 p50=4.4062 p90=6.3964
AnchorDiag [42/50] VNorm=[1.0000001192092896, 1.0, 0.9999999403953552] VDriftMax=0.000000 Vcos(max/mean)=(0.0000/-0.0000) KVcos(max/mean)=(0.0813/0.0122) ValK->V=0.51% CloseK->V=0.91% Open->V=8.48% OpenVEntropy=0.2507
Train Client0 [43/50] LR=0.0000625 loss=0.387 (CE=0.208 VIR=1.640 wVIR=0.016 AUX=0.163 w=0.010) ACC=94.073 F1=92.922 Rec=92.271 Prec=93.651
Train Client1 [43/50] LR=0.0000625 loss=0.235 (CE=0.119 VIR=1.389 wVIR=0.014 AUX=0.102 w=0.010) ACC=96.065 F1=92.515 Rec=91.924 Prec=93.213
Train Client2 [43/50] LR=0.0000625 loss=0.118 (CE=0.066 VIR=0.444 wVIR=0.004 AUX=0.048 w=0.010) ACC=97.766 F1=94.002 Rec=94.678 Prec=93.373
Train Client3 [43/50] LR=0.0000625 loss=0.574 (CE=0.345 VIR=1.546 wVIR=0.015 AUX=0.214 w=0.010) ACC=88.636 F1=81.828 Rec=89.103 Prec=78.972
Train Client4 [43/50] LR=0.0000625 loss=0.137 (CE=0.099 VIR=0.680 wVIR=0.007 AUX=0.032 w=0.010) ACC=97.180 F1=82.457 Rec=89.624 Prec=78.231
Train Client5 [43/50] LR=0.0000625 loss=0.353 (CE=0.202 VIR=0.584 wVIR=0.006 AUX=0.145 w=0.010) ACC=92.411 F1=79.065 Rec=83.997 Prec=77.806
Train Client6 [43/50] LR=0.0000625 loss=0.267 (CE=0.201 VIR=2.243 wVIR=0.022 AUX=0.044 w=0.010) ACC=94.167 F1=87.249 Rec=90.312 Prec=84.646
Train Client7 [43/50] LR=0.0000625 loss=0.329 (CE=0.177 VIR=2.639 wVIR=0.026 AUX=0.125 w=0.010) ACC=94.621 F1=76.339 Rec=76.896 Prec=75.831

Val    [43/50] LR=0.0000625 loss=2.127 ACC=92.000 F1=91.910 Rec=92.000 Prec=92.342
Val-Known->Virtual [43/50] rate=1.314% prob_mean=0.219500 margin_mean=0.645216
Val-LogitMargin [43/50] TrueKnown-VMax mean=2.5231 std=1.7993 p10=0.6142 p50=2.3149 p90=5.5213

Test-  OSR [43/50] LR=0.0000625 ACC=58.893 F1=68.176 Rec=76.651 Prec=76.452 UNK=5.619 OS*=90.857 HOS=10.584 AUROC=29.967 AUPR=32.941 OSCR=28.777
Test-Close [43/50] LR=0.0000625 loss=2.140 ACC=92.057 F1=92.010 Rec=92.057 Prec=92.496
Test-Virtual [43/50] CloseK->V=1.486% Open->V=5.619% OpenVEntropy=0.299279 CloseHist=[1, 24, 1] OpenHist=[6, 53, 0]
Test-LogitMargin [43/50] CloseTrue-VMax mean=2.4755 std=1.7808 p10=0.5373 p50=2.3025 p90=5.4388 | OpenKnown-VMax mean=3.8334 std=2.2379 p10=0.6423 p50=4.3171 p90=6.3705
AnchorDiag [43/50] VNorm=[1.0000001192092896, 1.0, 0.9999999403953552] VDriftMax=0.000000 Vcos(max/mean)=(0.0000/-0.0000) KVcos(max/mean)=(0.0818/0.0123) ValK->V=1.31% CloseK->V=1.49% Open->V=5.62% OpenVEntropy=0.2993
Train Client0 [44/50] LR=0.0000625 loss=0.370 (CE=0.194 VIR=2.023 wVIR=0.020 AUX=0.155 w=0.010) ACC=94.127 F1=93.007 Rec=92.645 Prec=93.414
Train Client1 [44/50] LR=0.0000625 loss=0.227 (CE=0.117 VIR=1.288 wVIR=0.013 AUX=0.098 w=0.010) ACC=96.135 F1=90.636 Rec=90.058 Prec=91.363
Train Client2 [44/50] LR=0.0000625 loss=0.114 (CE=0.064 VIR=0.514 wVIR=0.005 AUX=0.045 w=0.010) ACC=97.719 F1=93.490 Rec=94.258 Prec=92.773
Train Client3 [44/50] LR=0.0000625 loss=0.415 (CE=0.245 VIR=1.200 wVIR=0.012 AUX=0.158 w=0.010) ACC=91.477 F1=86.803 Rec=94.418 Prec=83.283
Train Client4 [44/50] LR=0.0000625 loss=0.133 (CE=0.094 VIR=0.619 wVIR=0.006 AUX=0.032 w=0.010) ACC=96.951 F1=82.362 Rec=87.136 Prec=79.137
Train Client5 [44/50] LR=0.0000625 loss=0.373 (CE=0.214 VIR=0.537 wVIR=0.005 AUX=0.154 w=0.010) ACC=92.411 F1=82.052 Rec=88.795 Prec=79.770
Train Client6 [44/50] LR=0.0000625 loss=0.479 (CE=0.321 VIR=2.569 wVIR=0.026 AUX=0.132 w=0.010) ACC=91.667 F1=84.800 Rec=90.591 Prec=80.890
Train Client7 [44/50] LR=0.0000625 loss=0.301 (CE=0.165 VIR=2.402 wVIR=0.024 AUX=0.112 w=0.010) ACC=94.773 F1=76.414 Rec=77.089 Prec=75.811

Val    [44/50] LR=0.0000625 loss=2.164 ACC=91.429 F1=91.285 Rec=91.429 Prec=92.040
Val-Known->Virtual [44/50] rate=1.714% prob_mean=0.229375 margin_mean=0.632403
Val-LogitMargin [44/50] TrueKnown-VMax mean=2.4108 std=1.7852 p10=0.3865 p50=2.2714 p90=5.2802

Test-  OSR [44/50] LR=0.0000625 ACC=57.821 F1=67.033 Rec=75.540 Prec=74.230 UNK=4.667 OS*=89.714 HOS=8.872 AUROC=28.833 AUPR=30.672 OSCR=27.657
Test-Close [44/50] LR=0.0000625 loss=2.175 ACC=91.314 F1=91.215 Rec=91.314 Prec=92.044
Test-Virtual [44/50] CloseK->V=2.000% Open->V=4.667% OpenVEntropy=0.373304 CloseHist=[1, 33, 1] OpenHist=[7, 42, 0]
Test-LogitMargin [44/50] CloseTrue-VMax mean=2.3652 std=1.7683 p10=0.3857 p50=2.2696 p90=5.2153 | OpenKnown-VMax mean=3.7722 std=2.0511 p10=0.8547 p50=4.1276 p90=6.1473
AnchorDiag [44/50] VNorm=[1.0000001192092896, 1.0, 0.9999999403953552] VDriftMax=0.000000 Vcos(max/mean)=(0.0000/-0.0000) KVcos(max/mean)=(0.0823/0.0125) ValK->V=1.71% CloseK->V=2.00% Open->V=4.67% OpenVEntropy=0.3733
Train Client0 [45/50] LR=0.0000625 loss=0.378 (CE=0.196 VIR=2.045 wVIR=0.020 AUX=0.162 w=0.010) ACC=93.642 F1=92.265 Rec=91.840 Prec=92.749
Train Client1 [45/50] LR=0.0000625 loss=0.231 (CE=0.116 VIR=1.275 wVIR=0.013 AUX=0.103 w=0.010) ACC=96.135 F1=92.467 Rec=92.394 Prec=92.552
Train Client2 [45/50] LR=0.0000625 loss=0.104 (CE=0.061 VIR=0.420 wVIR=0.004 AUX=0.039 w=0.010) ACC=97.671 F1=93.137 Rec=94.068 Prec=92.367
Train Client3 [45/50] LR=0.0000625 loss=0.489 (CE=0.281 VIR=1.421 wVIR=0.014 AUX=0.193 w=0.010) ACC=92.045 F1=85.140 Rec=88.104 Prec=83.133
Train Client4 [45/50] LR=0.0000625 loss=0.130 (CE=0.083 VIR=0.503 wVIR=0.005 AUX=0.041 w=0.010) ACC=97.637 F1=82.719 Rec=85.507 Prec=80.593
Train Client5 [45/50] LR=0.0000625 loss=0.367 (CE=0.213 VIR=0.548 wVIR=0.005 AUX=0.149 w=0.010) ACC=91.607 F1=80.945 Rec=88.054 Prec=78.846
Train Client6 [45/50] LR=0.0000625 loss=0.372 (CE=0.271 VIR=2.301 wVIR=0.023 AUX=0.078 w=0.010) ACC=93.056 F1=86.988 Rec=88.578 Prec=85.659
Train Client7 [45/50] LR=0.0000625 loss=0.290 (CE=0.153 VIR=2.532 wVIR=0.025 AUX=0.111 w=0.010) ACC=94.924 F1=76.678 Rec=77.248 Prec=76.146

Val    [45/50] LR=0.0000625 loss=2.078 ACC=92.229 F1=92.158 Rec=92.229 Prec=92.473
Val-Known->Virtual [45/50] rate=0.686% prob_mean=0.191536 margin_mean=0.686031
Val-LogitMargin [45/50] TrueKnown-VMax mean=2.7478 std=1.8562 p10=0.7857 p50=2.5379 p90=5.8221

Test-  OSR [45/50] LR=0.0000625 ACC=59.393 F1=68.716 Rec=77.286 Prec=77.772 UNK=5.714 OS*=91.600 HOS=10.757 AUROC=30.378 AUPR=33.315 OSCR=29.273
Test-Close [45/50] LR=0.0000625 loss=2.093 ACC=92.514 F1=92.481 Rec=92.514 Prec=92.840
Test-Virtual [45/50] CloseK->V=1.086% Open->V=5.714% OpenVEntropy=0.357428 CloseHist=[1, 17, 1] OpenHist=[8, 52, 0]
Test-LogitMargin [45/50] CloseTrue-VMax mean=2.6997 std=1.8405 p10=0.7368 p50=2.5376 p90=5.7214 | OpenKnown-VMax mean=4.0959 std=2.2955 p10=0.7246 p50=4.6689 p90=6.6544
AnchorDiag [45/50] VNorm=[1.0000001192092896, 1.0, 0.9999999403953552] VDriftMax=0.000000 Vcos(max/mean)=(0.0000/-0.0000) KVcos(max/mean)=(0.0830/0.0126) ValK->V=0.69% CloseK->V=1.09% Open->V=5.71% OpenVEntropy=0.3574
Saving model at epoch 45 . . . . . . . .

Train Client0 [46/50] LR=0.0000625 loss=0.373 (CE=0.197 VIR=1.935 wVIR=0.019 AUX=0.157 w=0.010) ACC=93.642 F1=92.474 Rec=91.848 Prec=93.172
Train Client1 [46/50] LR=0.0000625 loss=0.235 (CE=0.118 VIR=1.342 wVIR=0.013 AUX=0.103 w=0.010) ACC=96.135 F1=92.771 Rec=92.847 Prec=92.702
Train Client2 [46/50] LR=0.0000625 loss=0.127 (CE=0.068 VIR=0.388 wVIR=0.004 AUX=0.055 w=0.010) ACC=97.433 F1=92.290 Rec=93.021 Prec=91.662
Train Client3 [46/50] LR=0.0000625 loss=0.451 (CE=0.261 VIR=1.375 wVIR=0.014 AUX=0.176 w=0.010) ACC=92.045 F1=81.397 Rec=85.142 Prec=79.454
Train Client4 [46/50] LR=0.0000625 loss=0.103 (CE=0.068 VIR=0.467 wVIR=0.005 AUX=0.030 w=0.010) ACC=97.942 F1=84.933 Rec=88.961 Prec=82.527
Train Client5 [46/50] LR=0.0000625 loss=0.333 (CE=0.195 VIR=0.533 wVIR=0.005 AUX=0.133 w=0.010) ACC=93.036 F1=82.097 Rec=89.321 Prec=79.879
Train Client6 [46/50] LR=0.0000625 loss=0.362 (CE=0.255 VIR=2.211 wVIR=0.022 AUX=0.085 w=0.010) ACC=92.500 F1=83.627 Rec=85.224 Prec=82.861
Train Client7 [46/50] LR=0.0000625 loss=0.321 (CE=0.175 VIR=2.516 wVIR=0.025 AUX=0.121 w=0.010) ACC=93.636 F1=75.744 Rec=76.100 Prec=75.442

Val    [46/50] LR=0.0000625 loss=2.125 ACC=91.371 F1=91.232 Rec=91.371 Prec=91.918
Val-Known->Virtual [46/50] rate=1.200% prob_mean=0.207748 margin_mean=0.661506
Val-LogitMargin [46/50] TrueKnown-VMax mean=2.6499 std=1.9641 p10=0.5813 p50=2.3756 p90=5.9255

Test-  OSR [46/50] LR=0.0000625 ACC=58.393 F1=67.507 Rec=76.143 Prec=76.136 UNK=5.143 OS*=90.343 HOS=9.732 AUROC=28.747 AUPR=31.493 OSCR=27.601
Test-Close [46/50] LR=0.0000625 loss=2.133 ACC=91.429 F1=91.351 Rec=91.429 Prec=92.039
Test-Virtual [46/50] CloseK->V=1.314% Open->V=5.143% OpenVEntropy=0.280805 CloseHist=[1, 20, 2] OpenHist=[5, 49, 0]
Test-LogitMargin [46/50] CloseTrue-VMax mean=2.6094 std=1.9391 p10=0.5337 p50=2.3872 p90=5.8780 | OpenKnown-VMax mean=4.2215 std=2.3246 p10=0.8450 p50=4.7654 p90=6.9216
AnchorDiag [46/50] VNorm=[1.0000001192092896, 1.0, 0.9999999403953552] VDriftMax=0.000000 Vcos(max/mean)=(0.0000/-0.0000) KVcos(max/mean)=(0.0839/0.0127) ValK->V=1.20% CloseK->V=1.31% Open->V=5.14% OpenVEntropy=0.2808
>> New learning Rate: 3.125e-05
Train Client0 [47/50] LR=0.0000313 loss=0.382 (CE=0.199 VIR=2.162 wVIR=0.022 AUX=0.161 w=0.010) ACC=93.050 F1=91.623 Rec=91.088 Prec=92.242
Train Client1 [47/50] LR=0.0000313 loss=0.225 (CE=0.112 VIR=1.523 wVIR=0.015 AUX=0.097 w=0.010) ACC=96.623 F1=92.428 Rec=93.319 Prec=91.619
Train Client2 [47/50] LR=0.0000313 loss=0.097 (CE=0.057 VIR=0.459 wVIR=0.005 AUX=0.036 w=0.010) ACC=98.099 F1=94.173 Rec=95.384 Prec=93.233
Train Client3 [47/50] LR=0.0000313 loss=0.452 (CE=0.272 VIR=1.491 wVIR=0.015 AUX=0.165 w=0.010) ACC=90.720 F1=84.075 Rec=91.119 Prec=81.033
Train Client4 [47/50] LR=0.0000313 loss=0.136 (CE=0.097 VIR=0.682 wVIR=0.007 AUX=0.031 w=0.010) ACC=96.799 F1=81.001 Rec=89.512 Prec=76.264
Train Client5 [47/50] LR=0.0000313 loss=0.330 (CE=0.196 VIR=0.473 wVIR=0.005 AUX=0.129 w=0.010) ACC=93.125 F1=79.438 Rec=88.733 Prec=78.460
Train Client6 [47/50] LR=0.0000313 loss=0.383 (CE=0.304 VIR=2.313 wVIR=0.023 AUX=0.056 w=0.010) ACC=91.667 F1=87.964 Rec=92.854 Prec=84.087
Train Client7 [47/50] LR=0.0000313 loss=0.323 (CE=0.193 VIR=2.707 wVIR=0.027 AUX=0.104 w=0.010) ACC=94.091 F1=76.678 Rec=77.438 Prec=76.035

Val    [47/50] LR=0.0000313 loss=2.145 ACC=91.829 F1=91.718 Rec=91.829 Prec=92.217
Val-Known->Virtual [47/50] rate=2.000% prob_mean=0.225341 margin_mean=0.637626
Val-LogitMargin [47/50] TrueKnown-VMax mean=2.4882 std=1.8726 p10=0.4977 p50=2.2809 p90=5.5102

Test-  OSR [47/50] LR=0.0000313 ACC=60.214 F1=69.312 Rec=76.857 Prec=77.416 UNK=10.286 OS*=90.171 HOS=18.465 AUROC=32.784 AUPR=36.979 OSCR=31.165
Test-Close [47/50] LR=0.0000313 loss=2.157 ACC=91.886 F1=91.828 Rec=91.886 Prec=92.352
Test-Virtual [47/50] CloseK->V=2.114% Open->V=10.286% OpenVEntropy=0.410118 CloseHist=[2, 31, 4] OpenHist=[18, 90, 0]
Test-LogitMargin [47/50] CloseTrue-VMax mean=2.4412 std=1.8490 p10=0.4402 p50=2.2725 p90=5.3995 | OpenKnown-VMax mean=3.7073 std=2.5240 p10=-0.0448 p50=4.3471 p90=6.5620
AnchorDiag [47/50] VNorm=[1.0000001192092896, 1.0, 0.9999999403953552] VDriftMax=0.000000 Vcos(max/mean)=(0.0000/-0.0000) KVcos(max/mean)=(0.0842/0.0128) ValK->V=2.00% CloseK->V=2.11% Open->V=10.29% OpenVEntropy=0.4101
Train Client0 [48/50] LR=0.0000313 loss=0.332 (CE=0.173 VIR=1.975 wVIR=0.020 AUX=0.139 w=0.010) ACC=94.343 F1=93.256 Rec=92.793 Prec=93.776
Train Client1 [48/50] LR=0.0000313 loss=0.212 (CE=0.105 VIR=1.614 wVIR=0.016 AUX=0.091 w=0.010) ACC=96.657 F1=92.517 Rec=92.966 Prec=92.086
Train Client2 [48/50] LR=0.0000313 loss=0.094 (CE=0.053 VIR=0.312 wVIR=0.003 AUX=0.039 w=0.010) ACC=98.051 F1=94.603 Rec=95.296 Prec=93.983
Train Client3 [48/50] LR=0.0000313 loss=0.462 (CE=0.280 VIR=1.513 wVIR=0.015 AUX=0.167 w=0.010) ACC=92.235 F1=86.415 Rec=95.350 Prec=82.831
Train Client4 [48/50] LR=0.0000313 loss=0.141 (CE=0.100 VIR=0.648 wVIR=0.006 AUX=0.035 w=0.010) ACC=97.485 F1=83.196 Rec=90.385 Prec=78.899
Train Client5 [48/50] LR=0.0000313 loss=0.369 (CE=0.214 VIR=0.630 wVIR=0.006 AUX=0.148 w=0.010) ACC=92.054 F1=80.684 Rec=89.052 Prec=78.292
Train Client6 [48/50] LR=0.0000313 loss=0.411 (CE=0.311 VIR=2.843 wVIR=0.028 AUX=0.071 w=0.010) ACC=91.111 F1=86.141 Rec=94.041 Prec=80.555
Train Client7 [48/50] LR=0.0000313 loss=0.321 (CE=0.186 VIR=2.774 wVIR=0.028 AUX=0.107 w=0.010) ACC=94.394 F1=79.115 Rec=97.055 Prec=77.387

Val    [48/50] LR=0.0000313 loss=2.137 ACC=92.057 F1=91.974 Rec=92.057 Prec=92.496
Val-Known->Virtual [48/50] rate=1.486% prob_mean=0.223415 margin_mean=0.642509
Val-LogitMargin [48/50] TrueKnown-VMax mean=2.5444 std=1.9355 p10=0.5593 p50=2.2549 p90=5.7795

Test-  OSR [48/50] LR=0.0000313 ACC=60.714 F1=69.670 Rec=77.238 Prec=78.331 UNK=11.143 OS*=90.457 HOS=19.842 AUROC=33.171 AUPR=38.445 OSCR=31.478
Test-Close [48/50] LR=0.0000313 loss=2.150 ACC=91.657 F1=91.603 Rec=91.657 Prec=92.144
Test-Virtual [48/50] CloseK->V=1.600% Open->V=11.143% OpenVEntropy=0.300998 CloseHist=[2, 24, 2] OpenHist=[12, 105, 0]
Test-LogitMargin [48/50] CloseTrue-VMax mean=2.4931 std=1.9116 p10=0.4949 p50=2.2410 p90=5.6874 | OpenKnown-VMax mean=3.8089 std=2.7054 p10=-0.2351 p50=4.6273 p90=6.7564
AnchorDiag [48/50] VNorm=[1.0000001192092896, 1.0, 0.9999999403953552] VDriftMax=0.000000 Vcos(max/mean)=(0.0000/-0.0000) KVcos(max/mean)=(0.0845/0.0129) ValK->V=1.49% CloseK->V=1.60% Open->V=11.14% OpenVEntropy=0.3010
Train Client0 [49/50] LR=0.0000313 loss=0.353 (CE=0.184 VIR=2.118 wVIR=0.021 AUX=0.148 w=0.010) ACC=93.642 F1=92.165 Rec=91.667 Prec=92.716
Train Client1 [49/50] LR=0.0000313 loss=0.210 (CE=0.105 VIR=1.603 wVIR=0.016 AUX=0.088 w=0.010) ACC=96.692 F1=92.731 Rec=93.492 Prec=92.018
Train Client2 [49/50] LR=0.0000313 loss=0.095 (CE=0.054 VIR=0.450 wVIR=0.004 AUX=0.037 w=0.010) ACC=98.051 F1=93.862 Rec=94.957 Prec=92.890
Train Client3 [49/50] LR=0.0000313 loss=0.439 (CE=0.270 VIR=1.445 wVIR=0.014 AUX=0.154 w=0.010) ACC=90.909 F1=84.557 Rec=94.122 Prec=81.312
Train Client4 [49/50] LR=0.0000313 loss=0.120 (CE=0.092 VIR=0.530 wVIR=0.005 AUX=0.023 w=0.010) ACC=97.637 F1=84.005 Rec=93.090 Prec=79.264
Train Client5 [49/50] LR=0.0000313 loss=0.355 (CE=0.207 VIR=0.636 wVIR=0.006 AUX=0.141 w=0.010) ACC=92.946 F1=80.994 Rec=88.992 Prec=78.959
Train Client6 [49/50] LR=0.0000313 loss=0.381 (CE=0.276 VIR=2.236 wVIR=0.022 AUX=0.083 w=0.010) ACC=94.167 F1=87.324 Rec=90.930 Prec=84.301
Train Client7 [49/50] LR=0.0000313 loss=0.310 (CE=0.177 VIR=2.744 wVIR=0.027 AUX=0.106 w=0.010) ACC=94.621 F1=77.177 Rec=77.593 Prec=76.841

Val    [49/50] LR=0.0000313 loss=2.142 ACC=91.657 F1=91.552 Rec=91.657 Prec=92.056
Val-Known->Virtual [49/50] rate=1.714% prob_mean=0.225444 margin_mean=0.639938
Val-LogitMargin [49/50] TrueKnown-VMax mean=2.5474 std=1.9816 p10=0.5012 p50=2.2457 p90=5.8867

Test-  OSR [49/50] LR=0.0000313 ACC=61.286 F1=70.182 Rec=77.460 Prec=78.566 UNK=12.762 OS*=90.400 HOS=22.366 AUROC=33.931 AUPR=39.426 OSCR=32.166
Test-Close [49/50] LR=0.0000313 loss=2.155 ACC=91.771 F1=91.715 Rec=91.771 Prec=92.311
Test-Virtual [49/50] CloseK->V=1.829% Open->V=12.762% OpenVEntropy=0.319087 CloseHist=[2, 28, 2] OpenHist=[15, 119, 0]
Test-LogitMargin [49/50] CloseTrue-VMax mean=2.4952 std=1.9526 p10=0.4485 p50=2.2295 p90=5.8075 | OpenKnown-VMax mean=3.7637 std=2.7933 p10=-0.4695 p50=4.6179 p90=6.8304
AnchorDiag [49/50] VNorm=[1.0000001192092896, 1.0, 0.9999999403953552] VDriftMax=0.000000 Vcos(max/mean)=(0.0000/-0.0000) KVcos(max/mean)=(0.0847/0.0129) ValK->V=1.71% CloseK->V=1.83% Open->V=12.76% OpenVEntropy=0.3191
------>Best performance (by OSCR)--->>>>>>>

Test-  OSR [18/50] ACC=64.143 F1=71.465 Rec=77.365 Prec=78.470 UNK=24.476 OS*=87.943 HOS=38.294 AUROC=49.915 AUPR=54.245 OSCR=45.825
=====================================================================================================================================
The ending time ：2026-06-20 12:23:10
