Logging to: ./logs/RetinalOCT_Pretrain_K5_U3_seed0_20260528_220358.log
==> Preparing data..
Known class list: [6 2 1 7 3] Unknown class list [0 5 4]
Total images — Train: 18400, Val: 2800, Test: 2800
{6: 0, 2: 1, 1: 2, 7: 3, 3: 4} {0: 5, 5: 6, 4: 7}
Known origin: [6 2 1 7 3] , new: [0 1 2 3 4]
Unknown origin: [0 5 4] , new: [5 6 7]
Known/Unknown in Train: 11500/6900
Known/Unknown in Val:   1750/1050
Known/Unknown in Test:  1750/1050
Client0 sample num: 1861
Client1 sample num: 2876
Client2 sample num: 2109
Client3 sample num: 533
Client4 sample num: 1312
Client5 sample num: 1125
Client6 sample num: 362
Client7 sample num: 1322

>>> Setting up
==> Building [Resnet18] model..
154
120
Train Client0 [0/100] LR=0.0005000 loss=1.421 ACC=71.013 F1=51.684 Rec=51.454 Prec=52.182
Train Client1 [0/100] LR=0.0005000 loss=1.123 ACC=80.606 F1=54.855 Rec=54.030 Prec=56.581
Train Client2 [0/100] LR=0.0005000 loss=1.282 ACC=77.519 F1=48.321 Rec=48.395 Prec=50.196
Train Client3 [0/100] LR=0.0005000 loss=1.924 ACC=64.773 F1=44.247 Rec=43.976 Prec=44.891
Train Client4 [0/100] LR=0.0005000 loss=0.952 ACC=85.290 F1=40.286 Rec=40.064 Prec=42.521
Train Client5 [0/100] LR=0.0005000 loss=1.656 ACC=69.911 F1=46.952 Rec=47.473 Prec=47.380
Train Client6 [0/100] LR=0.0005000 loss=2.034 ACC=66.111 F1=26.507 Rec=27.979 Prec=25.416
Train Client7 [0/100] LR=0.0005000 loss=1.566 ACC=72.955 F1=38.689 Rec=37.438 Prec=41.683

Val    [0/100] LR=0.0005000 loss=2.891 ACC=53.657 F1=44.294 Rec=53.657 Prec=62.031

Test-  OSR [0/100] LR=0.0005000 ACC=33.000 F1=25.698 Rec=44.000 Prec=18.973 UNK=0.000 OS*=52.800 HOS=0.000 AUROC=72.513 AUPR=63.756 OSCR=36.783
Test-Close [0/100] LR=0.0005000 loss=2.888 ACC=52.800 F1=43.156 Rec=52.800 Prec=40.906
Saving best model . . . . . . . .

Saving model at epoch 0 . . . . . . . .

Train Client0 [1/100] LR=0.0005000 loss=1.045 ACC=76.832 F1=71.216 Rec=70.588 Prec=72.240
Train Client1 [1/100] LR=0.0005000 loss=0.865 ACC=83.844 F1=59.243 Rec=58.623 Prec=60.354
Train Client2 [1/100] LR=0.0005000 loss=0.962 ACC=81.274 F1=56.982 Rec=55.773 Prec=60.279
Train Client3 [1/100] LR=0.0005000 loss=1.520 ACC=75.758 F1=53.150 Rec=52.707 Prec=54.735
Train Client4 [1/100] LR=0.0005000 loss=0.751 ACC=87.576 F1=45.638 Rec=44.945 Prec=47.332
Train Client5 [1/100] LR=0.0005000 loss=1.222 ACC=76.339 F1=56.878 Rec=56.046 Prec=58.390
Train Client6 [1/100] LR=0.0005000 loss=1.389 ACC=75.000 F1=38.749 Rec=38.297 Prec=40.635
Train Client7 [1/100] LR=0.0005000 loss=1.067 ACC=81.136 F1=49.821 Rec=48.820 Prec=52.414

Val    [1/100] LR=0.0005000 loss=2.462 ACC=63.657 F1=61.439 Rec=63.657 Prec=80.575

Test-  OSR [1/100] LR=0.0005000 ACC=39.714 F1=39.887 Rec=52.952 Prec=46.829 UNK=0.000 OS*=63.543 HOS=0.000 AUROC=73.144 AUPR=62.948 OSCR=51.979
Test-Close [1/100] LR=0.0005000 loss=2.459 ACC=63.543 F1=60.903 Rec=63.543 Prec=81.635
Saving best model . . . . . . . .

Train Client0 [2/100] LR=0.0005000 loss=0.929 ACC=80.119 F1=76.092 Rec=75.865 Prec=76.511
Train Client1 [2/100] LR=0.0005000 loss=0.670 ACC=87.465 F1=64.167 Rec=63.707 Prec=64.961
Train Client2 [2/100] LR=0.0005000 loss=0.902 ACC=82.747 F1=58.188 Rec=57.810 Prec=61.542
Train Client3 [2/100] LR=0.0005000 loss=1.179 ACC=80.303 F1=60.783 Rec=59.928 Prec=62.101
Train Client4 [2/100] LR=0.0005000 loss=0.599 ACC=89.939 F1=48.292 Rec=47.816 Prec=50.841
Train Client5 [2/100] LR=0.0005000 loss=0.914 ACC=83.750 F1=63.978 Rec=63.841 Prec=64.134
Train Client6 [2/100] LR=0.0005000 loss=1.205 ACC=76.944 F1=43.888 Rec=44.954 Prec=45.381
Train Client7 [2/100] LR=0.0005000 loss=1.016 ACC=82.121 F1=54.601 Rec=52.399 Prec=58.425

Val    [2/100] LR=0.0005000 loss=2.263 ACC=85.429 F1=85.264 Rec=85.429 Prec=87.429

Test-  OSR [2/100] LR=0.0005000 ACC=52.786 F1=56.139 Rec=70.381 Prec=50.182 UNK=0.000 OS*=84.457 HOS=0.000 AUROC=56.720 AUPR=41.702 OSCR=52.638
Test-Close [2/100] LR=0.0005000 loss=2.268 ACC=84.457 F1=84.277 Rec=84.457 Prec=86.511
Saving best model . . . . . . . .

Train Client0 [3/100] LR=0.0005000 loss=0.794 ACC=82.058 F1=78.721 Rec=78.501 Prec=79.036
Train Client1 [3/100] LR=0.0005000 loss=0.548 ACC=89.624 F1=69.826 Rec=68.491 Prec=74.479
Train Client2 [3/100] LR=0.0005000 loss=0.739 ACC=86.264 F1=67.569 Rec=66.908 Prec=71.562
Train Client3 [3/100] LR=0.0005000 loss=0.970 ACC=82.576 F1=62.570 Rec=62.169 Prec=63.118
Train Client4 [3/100] LR=0.0005000 loss=0.564 ACC=91.159 F1=53.522 Rec=53.035 Prec=54.671
Train Client5 [3/100] LR=0.0005000 loss=0.748 ACC=85.714 F1=70.912 Rec=71.092 Prec=70.748
Train Client6 [3/100] LR=0.0005000 loss=1.133 ACC=79.722 F1=50.000 Rec=49.603 Prec=53.366
Train Client7 [3/100] LR=0.0005000 loss=0.844 ACC=85.076 F1=60.167 Rec=58.085 Prec=63.058

Val    [3/100] LR=0.0005000 loss=2.043 ACC=87.771 F1=87.789 Rec=87.771 Prec=90.172

Test-  OSR [3/100] LR=0.0005000 ACC=54.143 F1=57.417 Rec=72.190 Prec=51.720 UNK=0.000 OS*=86.629 HOS=0.000 AUROC=75.397 AUPR=58.867 OSCR=69.994
Test-Close [3/100] LR=0.0005000 loss=2.050 ACC=86.629 F1=86.708 Rec=86.629 Prec=89.313
Saving best model . . . . . . . .

Train Client0 [4/100] LR=0.0005000 loss=0.683 ACC=83.297 F1=64.669 Rec=64.706 Prec=64.703
Train Client1 [4/100] LR=0.0005000 loss=0.491 ACC=90.529 F1=69.074 Rec=68.517 Prec=71.747
Train Client2 [4/100] LR=0.0005000 loss=0.634 ACC=87.738 F1=70.927 Rec=69.451 Prec=74.205
Train Client3 [4/100] LR=0.0005000 loss=0.795 ACC=87.121 F1=66.613 Rec=66.168 Prec=67.246
Train Client4 [4/100] LR=0.0005000 loss=0.432 ACC=92.530 F1=60.439 Rec=58.638 Prec=64.187
Train Client5 [4/100] LR=0.0005000 loss=0.645 ACC=88.125 F1=69.030 Rec=68.826 Prec=69.255
Train Client6 [4/100] LR=0.0005000 loss=1.065 ACC=81.389 F1=57.652 Rec=57.363 Prec=61.870
Train Client7 [4/100] LR=0.0005000 loss=0.873 ACC=85.682 F1=59.076 Rec=57.316 Prec=61.936

Val    [4/100] LR=0.0005000 loss=1.956 ACC=89.429 F1=89.153 Rec=89.429 Prec=91.289

Test-  OSR [4/100] LR=0.0005000 ACC=56.000 F1=59.377 Rec=74.667 Prec=53.509 UNK=0.000 OS*=89.600 HOS=0.000 AUROC=73.378 AUPR=55.741 OSCR=69.813
Test-Close [4/100] LR=0.0005000 loss=1.959 ACC=89.600 F1=89.412 Rec=89.600 Prec=91.318
Train Client0 [5/100] LR=0.0005000 loss=0.605 ACC=87.015 F1=85.309 Rec=85.369 Prec=85.254
Train Client1 [5/100] LR=0.0005000 loss=0.436 ACC=91.574 F1=73.545 Rec=71.814 Prec=78.967
Train Client2 [5/100] LR=0.0005000 loss=0.546 ACC=90.447 F1=77.954 Rec=76.498 Prec=81.102
Train Client3 [5/100] LR=0.0005000 loss=0.746 ACC=84.659 F1=67.829 Rec=65.942 Prec=71.292
Train Client4 [5/100] LR=0.0005000 loss=0.388 ACC=93.445 F1=59.650 Rec=58.462 Prec=61.250
Train Client5 [5/100] LR=0.0005000 loss=0.617 ACC=88.393 F1=69.844 Rec=69.936 Prec=69.753
Train Client6 [5/100] LR=0.0005000 loss=0.753 ACC=81.944 F1=65.738 Rec=68.861 Prec=63.292
Train Client7 [5/100] LR=0.0005000 loss=0.734 ACC=85.606 F1=62.154 Rec=61.217 Prec=63.374

Val    [5/100] LR=0.0005000 loss=1.911 ACC=90.000 F1=89.830 Rec=90.000 Prec=91.764

Test-  OSR [5/100] LR=0.0005000 ACC=55.857 F1=59.787 Rec=74.476 Prec=54.551 UNK=0.000 OS*=89.371 HOS=0.000 AUROC=71.668 AUPR=53.398 OSCR=68.309
Test-Close [5/100] LR=0.0005000 loss=1.917 ACC=89.371 F1=89.218 Rec=89.371 Prec=91.221
Saving model at epoch 5 . . . . . . . .

Train Client0 [6/100] LR=0.0005000 loss=0.577 ACC=87.338 F1=85.725 Rec=85.886 Prec=85.596
Train Client1 [6/100] LR=0.0005000 loss=0.425 ACC=92.305 F1=77.627 Rec=75.171 Prec=83.921
Train Client2 [6/100] LR=0.0005000 loss=0.528 ACC=90.542 F1=76.430 Rec=75.269 Prec=79.062
Train Client3 [6/100] LR=0.0005000 loss=0.662 ACC=88.826 F1=76.844 Rec=75.294 Prec=79.358
Train Client4 [6/100] LR=0.0005000 loss=0.342 ACC=94.512 F1=67.287 Rec=66.722 Prec=68.375
Train Client5 [6/100] LR=0.0005000 loss=0.491 ACC=91.429 F1=72.198 Rec=71.917 Prec=72.506
Train Client6 [6/100] LR=0.0005000 loss=0.753 ACC=83.056 F1=65.040 Rec=66.693 Prec=64.531
Train Client7 [6/100] LR=0.0005000 loss=0.647 ACC=88.409 F1=66.479 Rec=65.413 Prec=67.953

Val    [6/100] LR=0.0005000 loss=1.881 ACC=91.086 F1=90.945 Rec=91.086 Prec=92.404

Test-  OSR [6/100] LR=0.0005000 ACC=56.786 F1=59.896 Rec=75.714 Prec=53.037 UNK=0.000 OS*=90.857 HOS=0.000 AUROC=72.109 AUPR=52.636 OSCR=69.841
Test-Close [6/100] LR=0.0005000 loss=1.881 ACC=90.857 F1=90.702 Rec=90.857 Prec=92.152
Train Client0 [7/100] LR=0.0005000 loss=0.493 ACC=88.901 F1=70.106 Rec=70.316 Prec=69.911
Train Client1 [7/100] LR=0.0005000 loss=0.344 ACC=93.733 F1=77.124 Rec=75.578 Prec=80.850
Train Client2 [7/100] LR=0.0005000 loss=0.431 ACC=92.253 F1=81.358 Rec=79.965 Prec=83.819
Train Client3 [7/100] LR=0.0005000 loss=0.465 ACC=92.803 F1=83.897 Rec=82.449 Prec=85.693
Train Client4 [7/100] LR=0.0005000 loss=0.299 ACC=95.122 F1=67.927 Rec=66.594 Prec=69.755
Train Client5 [7/100] LR=0.0005000 loss=0.409 ACC=93.571 F1=74.132 Rec=73.834 Prec=74.464
Train Client6 [7/100] LR=0.0005000 loss=0.718 ACC=85.556 F1=66.062 Rec=65.347 Prec=67.372
Train Client7 [7/100] LR=0.0005000 loss=0.598 ACC=89.848 F1=68.130 Rec=67.172 Prec=69.409

Val    [7/100] LR=0.0005000 loss=1.833 ACC=93.429 F1=93.342 Rec=93.429 Prec=94.010

Test-  OSR [7/100] LR=0.0005000 ACC=58.429 F1=60.983 Rec=77.905 Prec=52.329 UNK=0.000 OS*=93.486 HOS=0.000 AUROC=78.902 AUPR=67.393 OSCR=76.485
Test-Close [7/100] LR=0.0005000 loss=1.834 ACC=93.486 F1=93.422 Rec=93.486 Prec=93.927
Saving best model . . . . . . . .

Train Client0 [8/100] LR=0.0005000 loss=0.482 ACC=89.763 F1=70.892 Rec=71.274 Prec=70.581
Train Client1 [8/100] LR=0.0005000 loss=0.286 ACC=94.603 F1=82.996 Rec=80.868 Prec=86.475
Train Client2 [8/100] LR=0.0005000 loss=0.459 ACC=92.063 F1=81.527 Rec=79.919 Prec=84.182
Train Client3 [8/100] LR=0.0005000 loss=0.584 ACC=91.667 F1=87.441 Rec=87.318 Prec=87.571
Train Client4 [8/100] LR=0.0005000 loss=0.282 ACC=95.122 F1=68.444 Rec=68.833 Prec=68.346
Train Client5 [8/100] LR=0.0005000 loss=0.453 ACC=93.214 F1=74.261 Rec=74.380 Prec=74.155
Train Client6 [8/100] LR=0.0005000 loss=0.650 ACC=87.500 F1=74.842 Rec=75.732 Prec=75.142
Train Client7 [8/100] LR=0.0005000 loss=0.693 ACC=87.348 F1=63.159 Rec=61.540 Prec=65.250

Val    [8/100] LR=0.0005000 loss=1.828 ACC=92.629 F1=92.485 Rec=92.629 Prec=93.553

Test-  OSR [8/100] LR=0.0005000 ACC=57.786 F1=61.557 Rec=77.048 Prec=54.671 UNK=0.000 OS*=92.457 HOS=0.000 AUROC=68.205 AUPR=51.176 OSCR=66.341
Test-Close [8/100] LR=0.0005000 loss=1.824 ACC=92.457 F1=92.315 Rec=92.457 Prec=93.205
Train Client0 [9/100] LR=0.0005000 loss=0.406 ACC=92.080 F1=72.924 Rec=73.305 Prec=72.594
Train Client1 [9/100] LR=0.0005000 loss=0.287 ACC=95.125 F1=85.882 Rec=84.672 Prec=87.287
Train Client2 [9/100] LR=0.0005000 loss=0.420 ACC=92.395 F1=81.540 Rec=80.248 Prec=83.798
Train Client3 [9/100] LR=0.0005000 loss=0.446 ACC=92.614 F1=83.551 Rec=82.451 Prec=84.910
Train Client4 [9/100] LR=0.0005000 loss=0.325 ACC=94.588 F1=68.797 Rec=68.839 Prec=68.857
Train Client5 [9/100] LR=0.0005000 loss=0.395 ACC=92.857 F1=73.433 Rec=73.491 Prec=73.379
Train Client6 [9/100] LR=0.0005000 loss=0.739 ACC=86.944 F1=74.142 Rec=74.633 Prec=75.066
Train Client7 [9/100] LR=0.0005000 loss=0.594 ACC=89.091 F1=67.416 Rec=66.256 Prec=68.903

Val    [9/100] LR=0.0005000 loss=1.804 ACC=93.486 F1=93.431 Rec=93.486 Prec=94.122

Test-  OSR [9/100] LR=0.0005000 ACC=58.536 F1=61.945 Rec=78.048 Prec=54.095 UNK=0.000 OS*=93.657 HOS=0.000 AUROC=81.582 AUPR=66.373 OSCR=78.977
Test-Close [9/100] LR=0.0005000 loss=1.801 ACC=93.657 F1=93.603 Rec=93.657 Prec=94.272
Saving best model . . . . . . . .

Train Client0 [10/100] LR=0.0005000 loss=0.424 ACC=91.002 F1=72.011 Rec=72.315 Prec=71.754
Train Client1 [10/100] LR=0.0005000 loss=0.327 ACC=93.280 F1=77.439 Rec=76.217 Prec=79.385
Train Client2 [10/100] LR=0.0005000 loss=0.413 ACC=92.490 F1=83.217 Rec=81.697 Prec=85.489
Train Client3 [10/100] LR=0.0005000 loss=0.537 ACC=93.371 F1=89.307 Rec=86.318 Prec=93.681
Train Client4 [10/100] LR=0.0005000 loss=0.240 ACC=95.351 F1=73.871 Rec=74.104 Prec=73.907
Train Client5 [10/100] LR=0.0005000 loss=0.359 ACC=94.018 F1=74.881 Rec=75.108 Prec=74.668
Train Client6 [10/100] LR=0.0005000 loss=0.684 ACC=87.500 F1=76.904 Rec=80.041 Prec=75.597
Train Client7 [10/100] LR=0.0005000 loss=0.520 ACC=90.606 F1=89.406 Rec=88.883 Prec=90.088

Val    [10/100] LR=0.0005000 loss=1.837 ACC=93.029 F1=92.987 Rec=93.029 Prec=93.627

Test-  OSR [10/100] LR=0.0005000 ACC=57.929 F1=60.878 Rec=77.238 Prec=52.437 UNK=0.000 OS*=92.686 HOS=0.000 AUROC=77.848 AUPR=59.804 OSCR=75.074
Test-Close [10/100] LR=0.0005000 loss=1.839 ACC=92.686 F1=92.650 Rec=92.686 Prec=93.324
Saving model at epoch 10 . . . . . . . .

Train Client0 [11/100] LR=0.0005000 loss=0.415 ACC=91.272 F1=90.378 Rec=90.919 Prec=89.903
Train Client1 [11/100] LR=0.0005000 loss=0.265 ACC=94.882 F1=83.898 Rec=82.933 Prec=84.984
Train Client2 [11/100] LR=0.0005000 loss=0.341 ACC=93.679 F1=85.333 Rec=84.209 Prec=86.983
Train Client3 [11/100] LR=0.0005000 loss=0.476 ACC=92.992 F1=85.139 Rec=86.410 Prec=84.100
Train Client4 [11/100] LR=0.0005000 loss=0.245 ACC=95.579 F1=74.329 Rec=71.694 Prec=78.759
Train Client5 [11/100] LR=0.0005000 loss=0.299 ACC=94.375 F1=75.084 Rec=75.242 Prec=74.947
Train Client6 [11/100] LR=0.0005000 loss=0.596 ACC=87.222 F1=78.342 Rec=79.505 Prec=77.627
Train Client7 [11/100] LR=0.0005000 loss=0.533 ACC=90.455 F1=68.862 Rec=67.769 Prec=70.120

Val    [11/100] LR=0.0005000 loss=1.771 ACC=94.629 F1=94.585 Rec=94.629 Prec=95.078

Test-  OSR [11/100] LR=0.0005000 ACC=59.107 F1=62.398 Rec=78.810 Prec=54.066 UNK=0.000 OS*=94.571 HOS=0.000 AUROC=82.042 AUPR=69.124 OSCR=80.126
Test-Close [11/100] LR=0.0005000 loss=1.767 ACC=94.571 F1=94.513 Rec=94.571 Prec=94.941
Saving best model . . . . . . . .

Train Client0 [12/100] LR=0.0005000 loss=0.390 ACC=92.026 F1=73.158 Rec=73.511 Prec=72.836
Train Client1 [12/100] LR=0.0005000 loss=0.276 ACC=94.916 F1=85.936 Rec=85.739 Prec=86.160
Train Client2 [12/100] LR=0.0005000 loss=0.373 ACC=93.964 F1=86.228 Rec=84.620 Prec=88.488
Train Client3 [12/100] LR=0.0005000 loss=0.464 ACC=93.561 F1=89.425 Rec=86.572 Prec=93.634
Train Client4 [12/100] LR=0.0005000 loss=0.225 ACC=95.884 F1=75.593 Rec=76.323 Prec=75.037
Train Client5 [12/100] LR=0.0005000 loss=0.272 ACC=95.536 F1=82.441 Rec=81.081 Prec=85.489
Train Client6 [12/100] LR=0.0005000 loss=0.581 ACC=88.056 F1=78.064 Rec=76.505 Prec=79.875
Train Client7 [12/100] LR=0.0005000 loss=0.488 ACC=91.894 F1=71.018 Rec=70.455 Prec=71.815

Val    [12/100] LR=0.0005000 loss=1.759 ACC=95.143 F1=95.122 Rec=95.143 Prec=95.460

Test-  OSR [12/100] LR=0.0005000 ACC=59.536 F1=62.618 Rec=79.381 Prec=53.735 UNK=0.000 OS*=95.257 HOS=0.000 AUROC=85.406 AUPR=73.428 OSCR=83.378
Test-Close [12/100] LR=0.0005000 loss=1.752 ACC=95.257 F1=95.219 Rec=95.257 Prec=95.495
Saving best model . . . . . . . .

Train Client0 [13/100] LR=0.0005000 loss=0.392 ACC=91.756 F1=72.845 Rec=73.313 Prec=72.455
Train Client1 [13/100] LR=0.0005000 loss=0.220 ACC=95.648 F1=86.170 Rec=85.190 Prec=87.275
Train Client2 [13/100] LR=0.0005000 loss=0.356 ACC=93.726 F1=86.165 Rec=85.276 Prec=87.437
Train Client3 [13/100] LR=0.0005000 loss=0.381 ACC=94.508 F1=90.044 Rec=87.111 Prec=94.340
Train Client4 [13/100] LR=0.0005000 loss=0.203 ACC=96.723 F1=75.261 Rec=74.240 Prec=78.214
Train Client5 [13/100] LR=0.0005000 loss=0.298 ACC=95.268 F1=76.086 Rec=76.010 Prec=76.166
Train Client6 [13/100] LR=0.0005000 loss=0.488 ACC=89.167 F1=83.532 Rec=83.842 Prec=83.364
Train Client7 [13/100] LR=0.0005000 loss=0.525 ACC=90.455 F1=82.008 Rec=87.862 Prec=79.662

Val    [13/100] LR=0.0005000 loss=1.750 ACC=95.029 F1=94.973 Rec=95.029 Prec=95.287

Test-  OSR [13/100] LR=0.0005000 ACC=59.607 F1=62.997 Rec=79.476 Prec=54.437 UNK=0.000 OS*=95.371 HOS=0.000 AUROC=80.138 AUPR=66.861 OSCR=78.653
Test-Close [13/100] LR=0.0005000 loss=1.751 ACC=95.371 F1=95.325 Rec=95.371 Prec=95.597
Train Client0 [14/100] LR=0.0005000 loss=0.329 ACC=93.481 F1=74.292 Rec=74.471 Prec=74.123
Train Client1 [14/100] LR=0.0005000 loss=0.262 ACC=95.160 F1=83.695 Rec=82.150 Prec=85.651
Train Client2 [14/100] LR=0.0005000 loss=0.349 ACC=93.774 F1=86.885 Rec=85.903 Prec=88.223
Train Client3 [14/100] LR=0.0005000 loss=0.447 ACC=92.803 F1=88.660 Rec=88.199 Prec=89.283
Train Client4 [14/100] LR=0.0005000 loss=0.205 ACC=96.494 F1=76.943 Rec=76.133 Prec=77.997
Train Client5 [14/100] LR=0.0005000 loss=0.263 ACC=95.446 F1=75.950 Rec=75.706 Prec=76.217
Train Client6 [14/100] LR=0.0005000 loss=0.527 ACC=89.167 F1=82.649 Rec=82.003 Prec=83.851
Train Client7 [14/100] LR=0.0005000 loss=0.457 ACC=92.424 F1=84.255 Rec=90.169 Prec=81.809

Val    [14/100] LR=0.0005000 loss=1.800 ACC=93.429 F1=93.353 Rec=93.429 Prec=94.346

Test-  OSR [14/100] LR=0.0005000 ACC=58.321 F1=61.381 Rec=77.762 Prec=53.684 UNK=0.000 OS*=93.314 HOS=0.000 AUROC=77.386 AUPR=59.752 OSCR=75.332
Test-Close [14/100] LR=0.0005000 loss=1.794 ACC=93.314 F1=93.228 Rec=93.314 Prec=94.205
Train Client0 [15/100] LR=0.0005000 loss=0.339 ACC=93.103 F1=92.421 Rec=92.846 Prec=92.024
Train Client1 [15/100] LR=0.0005000 loss=0.204 ACC=96.414 F1=87.957 Rec=87.539 Prec=88.390
Train Client2 [15/100] LR=0.0005000 loss=0.362 ACC=94.534 F1=85.642 Rec=83.829 Prec=88.494
Train Client3 [15/100] LR=0.0005000 loss=0.412 ACC=93.561 F1=83.995 Rec=82.781 Prec=85.417
Train Client4 [15/100] LR=0.0005000 loss=0.169 ACC=97.180 F1=83.949 Rec=85.354 Prec=83.136
Train Client5 [15/100] LR=0.0005000 loss=0.333 ACC=94.196 F1=75.109 Rec=75.067 Prec=75.159
Train Client6 [15/100] LR=0.0005000 loss=0.567 ACC=86.667 F1=72.969 Rec=75.319 Prec=71.464
Train Client7 [15/100] LR=0.0005000 loss=0.469 ACC=92.727 F1=81.567 Rec=90.522 Prec=79.426

Val    [15/100] LR=0.0005000 loss=1.760 ACC=94.971 F1=94.933 Rec=94.971 Prec=95.361

Test-  OSR [15/100] LR=0.0005000 ACC=59.393 F1=62.744 Rec=79.190 Prec=54.293 UNK=0.000 OS*=95.029 HOS=0.000 AUROC=79.939 AUPR=65.575 OSCR=78.314
Test-Close [15/100] LR=0.0005000 loss=1.755 ACC=95.029 F1=94.969 Rec=95.029 Prec=95.304
Saving model at epoch 15 . . . . . . . .

Train Client0 [16/100] LR=0.0005000 loss=0.363 ACC=92.942 F1=73.789 Rec=74.132 Prec=73.486
Train Client1 [16/100] LR=0.0005000 loss=0.226 ACC=95.787 F1=86.342 Rec=85.834 Prec=86.877
Train Client2 [16/100] LR=0.0005000 loss=0.307 ACC=94.867 F1=86.688 Rec=85.389 Prec=88.779
Train Client3 [16/100] LR=0.0005000 loss=0.337 ACC=94.508 F1=90.542 Rec=90.302 Prec=90.797
Train Client4 [16/100] LR=0.0005000 loss=0.214 ACC=96.570 F1=78.047 Rec=75.810 Prec=84.140
Train Client5 [16/100] LR=0.0005000 loss=0.313 ACC=95.000 F1=75.632 Rec=75.615 Prec=75.650
Train Client6 [16/100] LR=0.0005000 loss=0.517 ACC=86.667 F1=75.080 Rec=74.027 Prec=77.333
Train Client7 [16/100] LR=0.0005000 loss=0.448 ACC=91.894 F1=81.054 Rec=90.137 Prec=78.758

Val    [16/100] LR=0.0005000 loss=1.786 ACC=94.171 F1=94.144 Rec=94.171 Prec=94.628

Test-  OSR [16/100] LR=0.0005000 ACC=58.571 F1=61.182 Rec=78.095 Prec=52.370 UNK=0.000 OS*=93.714 HOS=0.000 AUROC=85.725 AUPR=73.820 OSCR=82.764
Test-Close [16/100] LR=0.0005000 loss=1.783 ACC=93.714 F1=93.655 Rec=93.714 Prec=94.123
Train Client0 [17/100] LR=0.0005000 loss=0.346 ACC=92.511 F1=73.498 Rec=73.926 Prec=73.129
Train Client1 [17/100] LR=0.0005000 loss=0.195 ACC=96.483 F1=89.388 Rec=88.515 Prec=90.396
Train Client2 [17/100] LR=0.0005000 loss=0.278 ACC=95.722 F1=89.629 Rec=88.835 Prec=90.709
Train Client3 [17/100] LR=0.0005000 loss=0.374 ACC=93.371 F1=87.983 Rec=89.884 Prec=86.737
Train Client4 [17/100] LR=0.0005000 loss=0.185 ACC=97.104 F1=79.823 Rec=77.434 Prec=86.021
Train Client5 [17/100] LR=0.0005000 loss=0.278 ACC=95.446 F1=82.915 Rec=81.396 Prec=86.120
Train Client6 [17/100] LR=0.0005000 loss=0.610 ACC=87.778 F1=77.147 Rec=77.782 Prec=78.528
Train Client7 [17/100] LR=0.0005000 loss=0.417 ACC=92.879 F1=84.436 Rec=90.170 Prec=82.159

Val    [17/100] LR=0.0005000 loss=1.768 ACC=94.686 F1=94.650 Rec=94.686 Prec=95.192

Test-  OSR [17/100] LR=0.0005000 ACC=59.107 F1=61.475 Rec=78.810 Prec=52.511 UNK=0.000 OS*=94.571 HOS=0.000 AUROC=83.618 AUPR=77.413 OSCR=80.886
Test-Close [17/100] LR=0.0005000 loss=1.765 ACC=94.571 F1=94.507 Rec=94.571 Prec=95.021
Train Client0 [18/100] LR=0.0005000 loss=0.357 ACC=92.457 F1=73.429 Rec=73.871 Prec=73.053
Train Client1 [18/100] LR=0.0005000 loss=0.172 ACC=97.006 F1=90.341 Rec=89.408 Prec=91.380
Train Client2 [18/100] LR=0.0005000 loss=0.282 ACC=95.247 F1=89.157 Rec=88.105 Prec=90.567
Train Client3 [18/100] LR=0.0005000 loss=0.226 ACC=96.023 F1=93.851 Rec=95.107 Prec=92.826
Train Client4 [18/100] LR=0.0005000 loss=0.180 ACC=96.723 F1=79.789 Rec=79.866 Prec=80.291
Train Client5 [18/100] LR=0.0005000 loss=0.224 ACC=96.250 F1=76.860 Rec=76.758 Prec=76.966
Train Client6 [18/100] LR=0.0005000 loss=0.529 ACC=90.833 F1=83.281 Rec=83.965 Prec=83.191
Train Client7 [18/100] LR=0.0005000 loss=0.472 ACC=92.197 F1=90.280 Rec=89.863 Prec=90.798

Val    [18/100] LR=0.0005000 loss=1.750 ACC=95.029 F1=94.989 Rec=95.029 Prec=95.462

Test-  OSR [18/100] LR=0.0005000 ACC=59.536 F1=62.837 Rec=79.381 Prec=54.349 UNK=0.000 OS*=95.257 HOS=0.000 AUROC=84.964 AUPR=75.903 OSCR=82.860
Test-Close [18/100] LR=0.0005000 loss=1.743 ACC=95.257 F1=95.199 Rec=95.257 Prec=95.575
Train Client0 [19/100] LR=0.0005000 loss=0.378 ACC=92.672 F1=73.648 Rec=74.168 Prec=73.224
Train Client1 [19/100] LR=0.0005000 loss=0.184 ACC=96.623 F1=88.342 Rec=87.967 Prec=88.729
Train Client2 [19/100] LR=0.0005000 loss=0.283 ACC=95.437 F1=89.870 Rec=87.833 Prec=92.966
Train Client3 [19/100] LR=0.0005000 loss=0.270 ACC=96.212 F1=89.709 Rec=89.495 Prec=89.960
Train Client4 [19/100] LR=0.0005000 loss=0.157 ACC=97.104 F1=80.055 Rec=81.728 Prec=78.712
Train Client5 [19/100] LR=0.0005000 loss=0.294 ACC=95.625 F1=76.297 Rec=76.536 Prec=76.065
Train Client6 [19/100] LR=0.0005000 loss=0.454 ACC=91.389 F1=86.085 Rec=85.846 Prec=86.880
Train Client7 [19/100] LR=0.0005000 loss=0.437 ACC=92.727 F1=84.571 Rec=90.786 Prec=81.754

Val    [19/100] LR=0.0005000 loss=1.754 ACC=94.914 F1=94.871 Rec=94.914 Prec=95.375

Test-  OSR [19/100] LR=0.0005000 ACC=59.607 F1=62.367 Rec=79.476 Prec=53.403 UNK=0.000 OS*=95.371 HOS=0.000 AUROC=84.346 AUPR=74.145 OSCR=82.240
Test-Close [19/100] LR=0.0005000 loss=1.750 ACC=95.371 F1=95.320 Rec=95.371 Prec=95.678
Train Client0 [20/100] LR=0.0005000 loss=0.293 ACC=93.319 F1=92.971 Rec=93.786 Prec=92.294
Train Client1 [20/100] LR=0.0005000 loss=0.169 ACC=96.797 F1=89.091 Rec=89.134 Prec=89.053
Train Client2 [20/100] LR=0.0005000 loss=0.289 ACC=94.962 F1=88.021 Rec=87.117 Prec=89.217
Train Client3 [20/100] LR=0.0005000 loss=0.377 ACC=95.265 F1=85.432 Rec=85.088 Prec=85.827
Train Client4 [20/100] LR=0.0005000 loss=0.196 ACC=96.494 F1=74.376 Rec=73.061 Prec=75.994
Train Client5 [20/100] LR=0.0005000 loss=0.185 ACC=96.875 F1=87.372 Rec=87.409 Prec=87.338
Train Client6 [20/100] LR=0.0005000 loss=0.464 ACC=90.556 F1=85.311 Rec=85.074 Prec=85.898
Train Client7 [20/100] LR=0.0005000 loss=0.386 ACC=93.712 F1=93.189 Rec=92.697 Prec=93.754

Val    [20/100] LR=0.0005000 loss=1.740 ACC=95.314 F1=95.289 Rec=95.314 Prec=95.554

Test-  OSR [20/100] LR=0.0005000 ACC=59.571 F1=63.324 Rec=79.429 Prec=55.010 UNK=0.000 OS*=95.314 HOS=0.000 AUROC=79.815 AUPR=68.965 OSCR=78.177
Test-Close [20/100] LR=0.0005000 loss=1.742 ACC=95.314 F1=95.264 Rec=95.314 Prec=95.490
Saving model at epoch 20 . . . . . . . .

Train Client0 [21/100] LR=0.0005000 loss=0.292 ACC=94.450 F1=94.033 Rec=94.320 Prec=93.763
Train Client1 [21/100] LR=0.0005000 loss=0.166 ACC=96.936 F1=90.944 Rec=89.750 Prec=92.297
Train Client2 [21/100] LR=0.0005000 loss=0.269 ACC=95.247 F1=88.851 Rec=87.851 Prec=90.148
Train Client3 [21/100] LR=0.0005000 loss=0.295 ACC=95.833 F1=86.907 Rec=85.876 Prec=88.130
Train Client4 [21/100] LR=0.0005000 loss=0.168 ACC=96.951 F1=81.806 Rec=80.624 Prec=84.050
Train Client5 [21/100] LR=0.0005000 loss=0.239 ACC=96.161 F1=81.293 Rec=81.909 Prec=80.789
Train Client6 [21/100] LR=0.0005000 loss=0.389 ACC=89.722 F1=82.783 Rec=82.163 Prec=83.754
Train Client7 [21/100] LR=0.0005000 loss=0.414 ACC=92.652 F1=90.923 Rec=90.019 Prec=91.946

Val    [21/100] LR=0.0005000 loss=1.751 ACC=94.971 F1=94.933 Rec=94.971 Prec=95.267

Test-  OSR [21/100] LR=0.0005000 ACC=59.464 F1=62.326 Rec=79.286 Prec=53.234 UNK=0.000 OS*=95.143 HOS=0.000 AUROC=82.446 AUPR=71.973 OSCR=80.554
Test-Close [21/100] LR=0.0005000 loss=1.748 ACC=95.143 F1=95.102 Rec=95.143 Prec=95.387
Train Client0 [22/100] LR=0.0005000 loss=0.263 ACC=94.989 F1=75.693 Rec=76.062 Prec=75.387
Train Client1 [22/100] LR=0.0005000 loss=0.192 ACC=96.553 F1=87.107 Rec=85.522 Prec=89.354
Train Client2 [22/100] LR=0.0005000 loss=0.245 ACC=95.770 F1=91.026 Rec=90.661 Prec=91.498
Train Client3 [22/100] LR=0.0005000 loss=0.369 ACC=94.508 F1=87.115 Rec=88.176 Prec=86.259
Train Client4 [22/100] LR=0.0005000 loss=0.168 ACC=97.561 F1=88.398 Rec=88.193 Prec=88.617
Train Client5 [22/100] LR=0.0005000 loss=0.226 ACC=96.786 F1=83.809 Rec=82.027 Prec=87.264
Train Client6 [22/100] LR=0.0005000 loss=0.417 ACC=91.667 F1=86.875 Rec=85.576 Prec=88.518
Train Client7 [22/100] LR=0.0005000 loss=0.405 ACC=93.712 F1=93.208 Rec=92.821 Prec=93.672

Val    [22/100] LR=0.0005000 loss=1.771 ACC=94.686 F1=94.646 Rec=94.686 Prec=95.128

Test-  OSR [22/100] LR=0.0005000 ACC=59.071 F1=61.861 Rec=78.762 Prec=53.091 UNK=0.000 OS*=94.514 HOS=0.000 AUROC=85.628 AUPR=78.195 OSCR=82.921
Test-Close [22/100] LR=0.0005000 loss=1.763 ACC=94.514 F1=94.466 Rec=94.514 Prec=94.905
Train Client0 [23/100] LR=0.0005000 loss=0.329 ACC=93.265 F1=74.241 Rec=74.554 Prec=73.951
Train Client1 [23/100] LR=0.0005000 loss=0.171 ACC=96.553 F1=88.679 Rec=88.304 Prec=89.065
Train Client2 [23/100] LR=0.0005000 loss=0.286 ACC=94.724 F1=88.421 Rec=87.053 Prec=90.441
Train Client3 [23/100] LR=0.0005000 loss=0.311 ACC=95.644 F1=92.144 Rec=92.074 Prec=92.216
Train Client4 [23/100] LR=0.0005000 loss=0.162 ACC=97.027 F1=78.506 Rec=77.153 Prec=81.550
Train Client5 [23/100] LR=0.0005000 loss=0.198 ACC=97.054 F1=84.051 Rec=82.379 Prec=87.392
Train Client6 [23/100] LR=0.0005000 loss=0.364 ACC=91.389 F1=86.395 Rec=85.773 Prec=87.072
Train Client7 [23/100] LR=0.0005000 loss=0.367 ACC=93.864 F1=91.983 Rec=92.025 Prec=92.018

Val    [23/100] LR=0.0005000 loss=1.765 ACC=94.800 F1=94.763 Rec=94.800 Prec=95.210

Test-  OSR [23/100] LR=0.0005000 ACC=59.214 F1=61.916 Rec=78.952 Prec=53.015 UNK=0.000 OS*=94.743 HOS=0.000 AUROC=84.540 AUPR=75.036 OSCR=82.085
Test-Close [23/100] LR=0.0005000 loss=1.760 ACC=94.743 F1=94.696 Rec=94.743 Prec=95.133
>> New learning Rate: 0.00025
Train Client0 [24/100] LR=0.0002500 loss=0.227 ACC=95.582 F1=76.407 Rec=76.988 Prec=75.935
Train Client1 [24/100] LR=0.0002500 loss=0.087 ACC=98.433 F1=93.371 Rec=93.765 Prec=93.024
Train Client2 [24/100] LR=0.0002500 loss=0.201 ACC=96.768 F1=92.501 Rec=91.766 Prec=93.388
Train Client3 [24/100] LR=0.0002500 loss=0.190 ACC=96.591 F1=94.283 Rec=95.780 Prec=93.009
Train Client4 [24/100] LR=0.0002500 loss=0.140 ACC=97.485 F1=87.738 Rec=92.494 Prec=84.446
Train Client5 [24/100] LR=0.0002500 loss=0.113 ACC=98.036 F1=85.139 Rec=88.487 Prec=83.461
Train Client6 [24/100] LR=0.0002500 loss=0.356 ACC=91.667 F1=87.800 Rec=90.113 Prec=85.755
Train Client7 [24/100] LR=0.0002500 loss=0.310 ACC=95.303 F1=94.746 Rec=94.660 Prec=94.895

Val    [24/100] LR=0.0002500 loss=1.717 ACC=95.771 F1=95.741 Rec=95.771 Prec=95.909

Test-  OSR [24/100] LR=0.0002500 ACC=60.286 F1=63.055 Rec=80.381 Prec=53.502 UNK=0.000 OS*=96.457 HOS=0.000 AUROC=83.053 AUPR=74.460 OSCR=81.548
Test-Close [24/100] LR=0.0002500 loss=1.721 ACC=96.457 F1=96.421 Rec=96.457 Prec=96.519
Train Client0 [25/100] LR=0.0002500 loss=0.183 ACC=96.498 F1=96.341 Rec=96.623 Prec=96.078
Train Client1 [25/100] LR=0.0002500 loss=0.085 ACC=98.259 F1=93.096 Rec=93.685 Prec=92.561
Train Client2 [25/100] LR=0.0002500 loss=0.167 ACC=97.101 F1=92.619 Rec=91.771 Prec=93.614
Train Client3 [25/100] LR=0.0002500 loss=0.227 ACC=95.455 F1=94.594 Rec=94.294 Prec=94.912
Train Client4 [25/100] LR=0.0002500 loss=0.119 ACC=97.561 F1=88.176 Rec=94.970 Prec=84.052
Train Client5 [25/100] LR=0.0002500 loss=0.115 ACC=97.500 F1=82.085 Rec=83.068 Prec=81.438
Train Client6 [25/100] LR=0.0002500 loss=0.350 ACC=93.056 F1=88.369 Rec=92.500 Prec=85.100
Train Client7 [25/100] LR=0.0002500 loss=0.320 ACC=94.545 F1=93.181 Rec=93.135 Prec=93.253

Val    [25/100] LR=0.0002500 loss=1.727 ACC=95.714 F1=95.686 Rec=95.714 Prec=95.946

Test-  OSR [25/100] LR=0.0002500 ACC=59.714 F1=63.565 Rec=79.619 Prec=55.311 UNK=0.000 OS*=95.543 HOS=0.000 AUROC=78.067 AUPR=65.368 OSCR=76.859
Test-Close [25/100] LR=0.0002500 loss=1.727 ACC=95.543 F1=95.496 Rec=95.543 Prec=95.689
Saving model at epoch 25 . . . . . . . .

Train Client0 [26/100] LR=0.0002500 loss=0.211 ACC=95.959 F1=76.624 Rec=76.789 Prec=76.468
Train Client1 [26/100] LR=0.0002500 loss=0.069 ACC=98.851 F1=95.025 Rec=95.971 Prec=94.204
Train Client2 [26/100] LR=0.0002500 loss=0.184 ACC=97.148 F1=93.158 Rec=92.178 Prec=94.371
Train Client3 [26/100] LR=0.0002500 loss=0.162 ACC=96.970 F1=96.429 Rec=96.396 Prec=96.477
Train Client4 [26/100] LR=0.0002500 loss=0.117 ACC=98.171 F1=93.190 Rec=95.432 Prec=91.150
Train Client5 [26/100] LR=0.0002500 loss=0.147 ACC=97.500 F1=82.176 Rec=83.154 Prec=81.534
Train Client6 [26/100] LR=0.0002500 loss=0.383 ACC=90.000 F1=83.092 Rec=85.613 Prec=80.949
Train Client7 [26/100] LR=0.0002500 loss=0.281 ACC=95.833 F1=95.592 Rec=95.495 Prec=95.723

Val    [26/100] LR=0.0002500 loss=1.718 ACC=96.171 F1=96.160 Rec=96.171 Prec=96.335

Test-  OSR [26/100] LR=0.0002500 ACC=60.000 F1=62.668 Rec=80.000 Prec=53.250 UNK=0.000 OS*=96.000 HOS=0.000 AUROC=84.309 AUPR=76.434 OSCR=82.695
Test-Close [26/100] LR=0.0002500 loss=1.719 ACC=96.000 F1=95.958 Rec=96.000 Prec=96.102
Train Client0 [27/100] LR=0.0002500 loss=0.197 ACC=96.175 F1=76.924 Rec=77.251 Prec=76.627
Train Client1 [27/100] LR=0.0002500 loss=0.071 ACC=98.747 F1=94.415 Rec=94.299 Prec=94.533
Train Client2 [27/100] LR=0.0002500 loss=0.196 ACC=96.578 F1=92.170 Rec=91.515 Prec=92.979
Train Client3 [27/100] LR=0.0002500 loss=0.133 ACC=98.106 F1=97.808 Rec=97.747 Prec=97.879
Train Client4 [27/100] LR=0.0002500 loss=0.118 ACC=97.790 F1=86.623 Rec=88.720 Prec=84.833
Train Client5 [27/100] LR=0.0002500 loss=0.111 ACC=97.857 F1=87.297 Rec=88.554 Prec=86.269
Train Client6 [27/100] LR=0.0002500 loss=0.388 ACC=90.833 F1=86.979 Rec=88.812 Prec=85.564
Train Client7 [27/100] LR=0.0002500 loss=0.294 ACC=95.000 F1=94.542 Rec=94.962 Prec=94.223

Val    [27/100] LR=0.0002500 loss=1.718 ACC=96.229 F1=96.214 Rec=96.229 Prec=96.437

Test-  OSR [27/100] LR=0.0002500 ACC=60.107 F1=63.138 Rec=80.143 Prec=53.940 UNK=0.000 OS*=96.171 HOS=0.000 AUROC=82.455 AUPR=71.316 OSCR=81.176
Test-Close [27/100] LR=0.0002500 loss=1.717 ACC=96.171 F1=96.137 Rec=96.171 Prec=96.274
Train Client0 [28/100] LR=0.0002500 loss=0.187 ACC=96.659 F1=77.307 Rec=77.537 Prec=77.093
Train Client1 [28/100] LR=0.0002500 loss=0.073 ACC=98.781 F1=93.764 Rec=93.868 Prec=93.666
Train Client2 [28/100] LR=0.0002500 loss=0.169 ACC=96.625 F1=92.131 Rec=91.315 Prec=93.171
Train Client3 [28/100] LR=0.0002500 loss=0.169 ACC=96.970 F1=93.816 Rec=96.548 Prec=91.815
Train Client4 [28/100] LR=0.0002500 loss=0.095 ACC=98.247 F1=92.049 Rec=98.320 Prec=87.776
Train Client5 [28/100] LR=0.0002500 loss=0.090 ACC=98.661 F1=87.234 Rec=89.186 Prec=85.948
Train Client6 [28/100] LR=0.0002500 loss=0.376 ACC=90.833 F1=86.031 Rec=86.858 Prec=85.285
Train Client7 [28/100] LR=0.0002500 loss=0.277 ACC=95.379 F1=95.158 Rec=95.072 Prec=95.303

Val    [28/100] LR=0.0002500 loss=1.706 ACC=96.800 F1=96.788 Rec=96.800 Prec=96.914

Test-  OSR [28/100] LR=0.0002500 ACC=60.393 F1=63.276 Rec=80.524 Prec=53.751 UNK=0.000 OS*=96.629 HOS=0.000 AUROC=81.816 AUPR=71.965 OSCR=80.598
Test-Close [28/100] LR=0.0002500 loss=1.711 ACC=96.629 F1=96.600 Rec=96.629 Prec=96.667
Train Client0 [29/100] LR=0.0002500 loss=0.185 ACC=96.552 F1=77.163 Rec=77.508 Prec=76.854
Train Client1 [29/100] LR=0.0002500 loss=0.072 ACC=98.538 F1=94.451 Rec=95.201 Prec=93.834
Train Client2 [29/100] LR=0.0002500 loss=0.170 ACC=97.243 F1=93.423 Rec=93.249 Prec=93.616
Train Client3 [29/100] LR=0.0002500 loss=0.133 ACC=98.106 F1=96.478 Rec=97.704 Prec=95.483
Train Client4 [29/100] LR=0.0002500 loss=0.106 ACC=98.171 F1=90.584 Rec=93.140 Prec=88.489
Train Client5 [29/100] LR=0.0002500 loss=0.114 ACC=98.125 F1=86.666 Rec=88.670 Prec=85.329
Train Client6 [29/100] LR=0.0002500 loss=0.372 ACC=92.222 F1=89.052 Rec=89.956 Prec=88.499
Train Client7 [29/100] LR=0.0002500 loss=0.273 ACC=95.909 F1=95.334 Rec=95.210 Prec=95.500

Val    [29/100] LR=0.0002500 loss=1.708 ACC=96.571 F1=96.551 Rec=96.571 Prec=96.728

Test-  OSR [29/100] LR=0.0002500 ACC=60.429 F1=63.434 Rec=80.571 Prec=54.200 UNK=0.000 OS*=96.686 HOS=0.000 AUROC=82.972 AUPR=74.949 OSCR=81.630
Test-Close [29/100] LR=0.0002500 loss=1.710 ACC=96.686 F1=96.654 Rec=96.686 Prec=96.785
Train Client0 [30/100] LR=0.0002500 loss=0.199 ACC=96.498 F1=77.149 Rec=77.479 Prec=76.850
Train Client1 [30/100] LR=0.0002500 loss=0.075 ACC=98.851 F1=96.215 Rec=96.832 Prec=95.650
Train Client2 [30/100] LR=0.0002500 loss=0.159 ACC=96.816 F1=92.276 Rec=91.734 Prec=92.936
Train Client3 [30/100] LR=0.0002500 loss=0.166 ACC=97.348 F1=96.835 Rec=96.760 Prec=96.911
Train Client4 [30/100] LR=0.0002500 loss=0.109 ACC=98.171 F1=92.577 Rec=94.243 Prec=91.049
Train Client5 [30/100] LR=0.0002500 loss=0.093 ACC=98.750 F1=88.158 Rec=89.258 Prec=87.281
Train Client6 [30/100] LR=0.0002500 loss=0.351 ACC=92.778 F1=88.889 Rec=89.116 Prec=88.670
Train Client7 [30/100] LR=0.0002500 loss=0.281 ACC=95.530 F1=94.925 Rec=94.305 Prec=95.586

Val    [30/100] LR=0.0002500 loss=1.717 ACC=96.457 F1=96.437 Rec=96.457 Prec=96.643

Test-  OSR [30/100] LR=0.0002500 ACC=60.143 F1=63.672 Rec=80.190 Prec=54.934 UNK=0.000 OS*=96.229 HOS=0.000 AUROC=80.490 AUPR=71.053 OSCR=79.206
Test-Close [30/100] LR=0.0002500 loss=1.717 ACC=96.229 F1=96.191 Rec=96.229 Prec=96.338
Saving model at epoch 30 . . . . . . . .

Train Client0 [31/100] LR=0.0002500 loss=0.188 ACC=96.175 F1=76.895 Rec=77.355 Prec=76.493
Train Client1 [31/100] LR=0.0002500 loss=0.064 ACC=98.851 F1=95.115 Rec=95.444 Prec=94.808
Train Client2 [31/100] LR=0.0002500 loss=0.180 ACC=97.053 F1=92.912 Rec=91.834 Prec=94.268
Train Client3 [31/100] LR=0.0002500 loss=0.128 ACC=98.295 F1=97.689 Rec=97.435 Prec=97.956
Train Client4 [31/100] LR=0.0002500 loss=0.093 ACC=97.942 F1=92.332 Rec=95.896 Prec=89.358
Train Client5 [31/100] LR=0.0002500 loss=0.081 ACC=98.482 F1=89.058 Rec=94.051 Prec=86.568
Train Client6 [31/100] LR=0.0002500 loss=0.332 ACC=92.222 F1=87.450 Rec=87.755 Prec=87.186
Train Client7 [31/100] LR=0.0002500 loss=0.257 ACC=95.606 F1=95.575 Rec=95.324 Prec=95.845

Val    [31/100] LR=0.0002500 loss=1.713 ACC=96.400 F1=96.387 Rec=96.400 Prec=96.539

Test-  OSR [31/100] LR=0.0002500 ACC=60.214 F1=63.005 Rec=80.286 Prec=53.389 UNK=0.000 OS*=96.343 HOS=0.000 AUROC=84.841 AUPR=77.385 OSCR=83.300
Test-Close [31/100] LR=0.0002500 loss=1.714 ACC=96.343 F1=96.318 Rec=96.343 Prec=96.423
Train Client0 [32/100] LR=0.0002500 loss=0.168 ACC=96.767 F1=77.361 Rec=77.623 Prec=77.116
Train Client1 [32/100] LR=0.0002500 loss=0.055 ACC=99.060 F1=94.938 Rec=95.264 Prec=94.634
Train Client2 [32/100] LR=0.0002500 loss=0.171 ACC=97.243 F1=93.418 Rec=92.071 Prec=95.184
Train Client3 [32/100] LR=0.0002500 loss=0.195 ACC=97.348 F1=96.935 Rec=96.965 Prec=96.920
Train Client4 [32/100] LR=0.0002500 loss=0.104 ACC=98.247 F1=92.862 Rec=92.751 Prec=93.000
Train Client5 [32/100] LR=0.0002500 loss=0.079 ACC=98.661 F1=87.215 Rec=89.142 Prec=85.956
Train Client6 [32/100] LR=0.0002500 loss=0.414 ACC=91.944 F1=87.361 Rec=87.245 Prec=87.637
Train Client7 [32/100] LR=0.0002500 loss=0.277 ACC=95.227 F1=94.839 Rec=94.071 Prec=95.667

Val    [32/100] LR=0.0002500 loss=1.705 ACC=96.743 F1=96.721 Rec=96.743 Prec=96.887

Test-  OSR [32/100] LR=0.0002500 ACC=60.393 F1=63.471 Rec=80.524 Prec=54.230 UNK=0.000 OS*=96.629 HOS=0.000 AUROC=80.238 AUPR=70.530 OSCR=79.060
Test-Close [32/100] LR=0.0002500 loss=1.712 ACC=96.629 F1=96.587 Rec=96.629 Prec=96.697
Train Client0 [33/100] LR=0.0002500 loss=0.173 ACC=96.767 F1=77.351 Rec=77.635 Prec=77.088
Train Client1 [33/100] LR=0.0002500 loss=0.082 ACC=98.607 F1=94.867 Rec=95.354 Prec=94.433
Train Client2 [33/100] LR=0.0002500 loss=0.162 ACC=97.338 F1=93.632 Rec=93.152 Prec=94.183
Train Client3 [33/100] LR=0.0002500 loss=0.174 ACC=96.402 F1=95.778 Rec=95.553 Prec=96.014
Train Client4 [33/100] LR=0.0002500 loss=0.087 ACC=98.247 F1=91.343 Rec=96.244 Prec=87.846
Train Client5 [33/100] LR=0.0002500 loss=0.065 ACC=98.750 F1=92.555 Rec=94.211 Prec=91.233
Train Client6 [33/100] LR=0.0002500 loss=0.386 ACC=91.111 F1=86.239 Rec=87.464 Prec=85.108
Train Client7 [33/100] LR=0.0002500 loss=0.275 ACC=95.833 F1=95.694 Rec=94.963 Prec=96.476

Val    [33/100] LR=0.0002500 loss=1.699 ACC=96.914 F1=96.908 Rec=96.914 Prec=96.968

Test-  OSR [33/100] LR=0.0002500 ACC=60.464 F1=63.297 Rec=80.619 Prec=53.511 UNK=0.000 OS*=96.743 HOS=0.000 AUROC=82.693 AUPR=72.200 OSCR=81.587
Test-Close [33/100] LR=0.0002500 loss=1.704 ACC=96.743 F1=96.723 Rec=96.743 Prec=96.788
Train Client0 [34/100] LR=0.0002500 loss=0.168 ACC=96.282 F1=96.111 Rec=96.366 Prec=95.867
Train Client1 [34/100] LR=0.0002500 loss=0.078 ACC=98.677 F1=93.636 Rec=93.789 Prec=93.489
Train Client2 [34/100] LR=0.0002500 loss=0.144 ACC=97.433 F1=94.302 Rec=94.039 Prec=94.620
Train Client3 [34/100] LR=0.0002500 loss=0.117 ACC=98.106 F1=97.760 Rec=97.688 Prec=97.842
Train Client4 [34/100] LR=0.0002500 loss=0.087 ACC=98.476 F1=91.964 Rec=97.457 Prec=88.813
Train Client5 [34/100] LR=0.0002500 loss=0.087 ACC=98.661 F1=88.087 Rec=89.212 Prec=87.187
Train Client6 [34/100] LR=0.0002500 loss=0.353 ACC=91.944 F1=86.610 Rec=86.616 Prec=86.828
Train Client7 [34/100] LR=0.0002500 loss=0.253 ACC=95.606 F1=95.604 Rec=95.332 Prec=95.897

Val    [34/100] LR=0.0002500 loss=1.718 ACC=96.457 F1=96.446 Rec=96.457 Prec=96.604

Test-  OSR [34/100] LR=0.0002500 ACC=60.357 F1=63.051 Rec=80.476 Prec=53.372 UNK=0.000 OS*=96.571 HOS=0.000 AUROC=82.279 AUPR=71.796 OSCR=80.988
Test-Close [34/100] LR=0.0002500 loss=1.717 ACC=96.571 F1=96.552 Rec=96.571 Prec=96.644
Train Client0 [35/100] LR=0.0002500 loss=0.194 ACC=95.851 F1=76.583 Rec=77.080 Prec=76.155
Train Client1 [35/100] LR=0.0002500 loss=0.058 ACC=99.130 F1=95.515 Rec=95.466 Prec=95.566
Train Client2 [35/100] LR=0.0002500 loss=0.151 ACC=97.338 F1=93.797 Rec=93.398 Prec=94.245
Train Client3 [35/100] LR=0.0002500 loss=0.116 ACC=97.727 F1=97.264 Rec=97.340 Prec=97.191
Train Client4 [35/100] LR=0.0002500 loss=0.095 ACC=98.476 F1=91.790 Rec=96.125 Prec=88.384
Train Client5 [35/100] LR=0.0002500 loss=0.070 ACC=98.750 F1=84.103 Rec=84.064 Prec=84.142
Train Client6 [35/100] LR=0.0002500 loss=0.336 ACC=93.889 F1=90.703 Rec=90.703 Prec=90.703
Train Client7 [35/100] LR=0.0002500 loss=0.243 ACC=95.985 F1=95.587 Rec=94.835 Prec=96.465

Val    [35/100] LR=0.0002500 loss=1.718 ACC=96.343 F1=96.313 Rec=96.343 Prec=96.525

Test-  OSR [35/100] LR=0.0002500 ACC=60.393 F1=63.468 Rec=80.524 Prec=54.248 UNK=0.000 OS*=96.629 HOS=0.000 AUROC=81.537 AUPR=70.520 OSCR=80.325
Test-Close [35/100] LR=0.0002500 loss=1.717 ACC=96.629 F1=96.595 Rec=96.629 Prec=96.708
Saving model at epoch 35 . . . . . . . .

Train Client0 [36/100] LR=0.0002500 loss=0.184 ACC=96.444 F1=77.099 Rec=77.411 Prec=76.817
Train Client1 [36/100] LR=0.0002500 loss=0.066 ACC=98.851 F1=95.891 Rec=96.857 Prec=95.059
Train Client2 [36/100] LR=0.0002500 loss=0.158 ACC=97.386 F1=93.771 Rec=92.403 Prec=95.567
Train Client3 [36/100] LR=0.0002500 loss=0.112 ACC=98.106 F1=97.891 Rec=97.719 Prec=98.068
Train Client4 [36/100] LR=0.0002500 loss=0.112 ACC=98.095 F1=90.642 Rec=94.220 Prec=87.887
Train Client5 [36/100] LR=0.0002500 loss=0.084 ACC=98.750 F1=87.959 Rec=89.122 Prec=87.020
Train Client6 [36/100] LR=0.0002500 loss=0.346 ACC=93.611 F1=90.662 Rec=91.389 Prec=90.028
Train Client7 [36/100] LR=0.0002500 loss=0.276 ACC=95.379 F1=95.257 Rec=94.692 Prec=95.853

Val    [36/100] LR=0.0002500 loss=1.715 ACC=96.571 F1=96.554 Rec=96.571 Prec=96.739

Test-  OSR [36/100] LR=0.0002500 ACC=60.464 F1=63.598 Rec=80.619 Prec=54.436 UNK=0.000 OS*=96.743 HOS=0.000 AUROC=80.485 AUPR=69.951 OSCR=79.347
Test-Close [36/100] LR=0.0002500 loss=1.713 ACC=96.743 F1=96.709 Rec=96.743 Prec=96.835
Train Client0 [37/100] LR=0.0002500 loss=0.187 ACC=96.390 F1=96.288 Rec=96.777 Prec=95.849
Train Client1 [37/100] LR=0.0002500 loss=0.059 ACC=99.130 F1=96.657 Rec=97.170 Prec=96.198
Train Client2 [37/100] LR=0.0002500 loss=0.133 ACC=97.576 F1=94.412 Rec=94.083 Prec=94.791
Train Client3 [37/100] LR=0.0002500 loss=0.149 ACC=97.727 F1=97.359 Rec=97.321 Prec=97.432
Train Client4 [37/100] LR=0.0002500 loss=0.115 ACC=98.171 F1=91.264 Rec=95.681 Prec=88.203
Train Client5 [37/100] LR=0.0002500 loss=0.059 ACC=98.393 F1=84.045 Rec=84.058 Prec=84.033
Train Client6 [37/100] LR=0.0002500 loss=0.358 ACC=91.944 F1=88.814 Rec=91.103 Prec=87.192
Train Client7 [37/100] LR=0.0002500 loss=0.253 ACC=96.288 F1=96.190 Rec=96.065 Prec=96.354

Val    [37/100] LR=0.0002500 loss=1.703 ACC=96.743 F1=96.732 Rec=96.743 Prec=96.813

Test-  OSR [37/100] LR=0.0002500 ACC=60.357 F1=63.483 Rec=80.476 Prec=54.271 UNK=0.000 OS*=96.571 HOS=0.000 AUROC=79.514 AUPR=69.006 OSCR=78.456
Test-Close [37/100] LR=0.0002500 loss=1.711 ACC=96.571 F1=96.540 Rec=96.571 Prec=96.611
Train Client0 [38/100] LR=0.0002500 loss=0.190 ACC=96.390 F1=76.959 Rec=77.261 Prec=76.682
Train Client1 [38/100] LR=0.0002500 loss=0.056 ACC=99.164 F1=95.272 Rec=95.430 Prec=95.121
Train Client2 [38/100] LR=0.0002500 loss=0.134 ACC=97.671 F1=93.568 Rec=93.133 Prec=94.074
Train Client3 [38/100] LR=0.0002500 loss=0.163 ACC=97.538 F1=97.128 Rec=96.893 Prec=97.375
Train Client4 [38/100] LR=0.0002500 loss=0.115 ACC=98.018 F1=91.481 Rec=93.484 Prec=89.663
Train Client5 [38/100] LR=0.0002500 loss=0.070 ACC=98.571 F1=83.231 Rec=84.158 Prec=82.638
Train Client6 [38/100] LR=0.0002500 loss=0.282 ACC=93.056 F1=89.250 Rec=89.495 Prec=89.013
Train Client7 [38/100] LR=0.0002500 loss=0.250 ACC=96.515 F1=96.300 Rec=95.839 Prec=96.789

Val    [38/100] LR=0.0002500 loss=1.722 ACC=96.114 F1=96.093 Rec=96.114 Prec=96.336

Test-  OSR [38/100] LR=0.0002500 ACC=60.143 F1=63.149 Rec=80.190 Prec=53.902 UNK=0.000 OS*=96.229 HOS=0.000 AUROC=76.491 AUPR=64.921 OSCR=75.469
Test-Close [38/100] LR=0.0002500 loss=1.720 ACC=96.229 F1=96.197 Rec=96.229 Prec=96.325
Train Client0 [39/100] LR=0.0002500 loss=0.193 ACC=96.390 F1=77.080 Rec=77.479 Prec=76.726
Train Client1 [39/100] LR=0.0002500 loss=0.057 ACC=99.025 F1=97.198 Rec=97.455 Prec=96.948
Train Client2 [39/100] LR=0.0002500 loss=0.124 ACC=97.624 F1=93.831 Rec=93.204 Prec=94.524
Train Client3 [39/100] LR=0.0002500 loss=0.124 ACC=97.727 F1=97.349 Rec=97.311 Prec=97.402
Train Client4 [39/100] LR=0.0002500 loss=0.093 ACC=98.247 F1=91.962 Rec=93.810 Prec=90.295
Train Client5 [39/100] LR=0.0002500 loss=0.074 ACC=98.571 F1=89.992 Rec=93.973 Prec=87.767
Train Client6 [39/100] LR=0.0002500 loss=0.304 ACC=93.333 F1=89.977 Rec=90.861 Prec=89.186
Train Client7 [39/100] LR=0.0002500 loss=0.215 ACC=95.985 F1=96.354 Rec=96.284 Prec=96.443

Val    [39/100] LR=0.0002500 loss=1.747 ACC=95.886 F1=95.864 Rec=95.886 Prec=96.167

Test-  OSR [39/100] LR=0.0002500 ACC=60.179 F1=63.244 Rec=80.238 Prec=54.145 UNK=0.000 OS*=96.286 HOS=0.000 AUROC=83.665 AUPR=75.049 OSCR=82.112
Test-Close [39/100] LR=0.0002500 loss=1.741 ACC=96.286 F1=96.257 Rec=96.286 Prec=96.454
Train Client0 [40/100] LR=0.0002500 loss=0.170 ACC=96.713 F1=77.236 Rec=77.673 Prec=76.845
Train Client1 [40/100] LR=0.0002500 loss=0.067 ACC=98.712 F1=94.338 Rec=95.198 Prec=93.602
Train Client2 [40/100] LR=0.0002500 loss=0.155 ACC=97.576 F1=93.920 Rec=93.154 Prec=94.868
Train Client3 [40/100] LR=0.0002500 loss=0.141 ACC=97.727 F1=97.010 Rec=96.741 Prec=97.317
Train Client4 [40/100] LR=0.0002500 loss=0.091 ACC=98.476 F1=91.700 Rec=95.066 Prec=89.113
Train Client5 [40/100] LR=0.0002500 loss=0.060 ACC=99.018 F1=91.419 Rec=94.383 Prec=89.455
Train Client6 [40/100] LR=0.0002500 loss=0.356 ACC=92.222 F1=85.784 Rec=88.064 Prec=84.018
Train Client7 [40/100] LR=0.0002500 loss=0.229 ACC=96.439 F1=95.584 Rec=94.869 Prec=96.347

Val    [40/100] LR=0.0002500 loss=1.728 ACC=96.400 F1=96.382 Rec=96.400 Prec=96.601

Test-  OSR [40/100] LR=0.0002500 ACC=60.179 F1=63.177 Rec=80.238 Prec=54.008 UNK=0.000 OS*=96.286 HOS=0.000 AUROC=83.496 AUPR=74.128 OSCR=82.153
Test-Close [40/100] LR=0.0002500 loss=1.724 ACC=96.286 F1=96.255 Rec=96.286 Prec=96.429
Saving model at epoch 40 . . . . . . . .

Train Client0 [41/100] LR=0.0002500 loss=0.174 ACC=96.821 F1=77.408 Rec=77.796 Prec=77.057
Train Client1 [41/100] LR=0.0002500 loss=0.052 ACC=98.816 F1=96.042 Rec=96.166 Prec=95.927
Train Client2 [41/100] LR=0.0002500 loss=0.140 ACC=97.671 F1=93.866 Rec=93.166 Prec=94.690
Train Client3 [41/100] LR=0.0002500 loss=0.111 ACC=97.917 F1=97.512 Rec=97.583 Prec=97.450
Train Client4 [41/100] LR=0.0002500 loss=0.071 ACC=98.780 F1=92.754 Rec=97.005 Prec=89.503
Train Client5 [41/100] LR=0.0002500 loss=0.084 ACC=98.482 F1=87.056 Rec=88.944 Prec=85.835
Train Client6 [41/100] LR=0.0002500 loss=0.329 ACC=93.333 F1=90.190 Rec=91.620 Prec=88.926
Train Client7 [41/100] LR=0.0002500 loss=0.240 ACC=96.364 F1=96.379 Rec=95.691 Prec=97.120

Val    [41/100] LR=0.0002500 loss=1.721 ACC=96.286 F1=96.264 Rec=96.286 Prec=96.456

Test-  OSR [41/100] LR=0.0002500 ACC=60.214 F1=63.266 Rec=80.286 Prec=54.019 UNK=0.000 OS*=96.343 HOS=0.000 AUROC=77.469 AUPR=66.439 OSCR=76.439
Test-Close [41/100] LR=0.0002500 loss=1.720 ACC=96.343 F1=96.313 Rec=96.343 Prec=96.416
Train Client0 [42/100] LR=0.0002500 loss=0.174 ACC=96.606 F1=77.278 Rec=77.520 Prec=77.057
Train Client1 [42/100] LR=0.0002500 loss=0.052 ACC=99.304 F1=97.110 Rec=97.438 Prec=96.806
Train Client2 [42/100] LR=0.0002500 loss=0.142 ACC=97.624 F1=94.610 Rec=94.252 Prec=95.018
Train Client3 [42/100] LR=0.0002500 loss=0.143 ACC=97.727 F1=96.017 Rec=97.504 Prec=94.750
Train Client4 [42/100] LR=0.0002500 loss=0.086 ACC=98.552 F1=95.114 Rec=97.307 Prec=93.127
Train Client5 [42/100] LR=0.0002500 loss=0.079 ACC=98.839 F1=89.291 Rec=89.278 Prec=89.304
Train Client6 [42/100] LR=0.0002500 loss=0.343 ACC=93.333 F1=88.554 Rec=90.556 Prec=86.907
Train Client7 [42/100] LR=0.0002500 loss=0.225 ACC=96.591 F1=96.930 Rec=96.906 Prec=96.984

Val    [42/100] LR=0.0002500 loss=1.711 ACC=96.171 F1=96.156 Rec=96.171 Prec=96.301

Test-  OSR [42/100] LR=0.0002500 ACC=60.429 F1=63.284 Rec=80.571 Prec=53.837 UNK=0.000 OS*=96.686 HOS=0.000 AUROC=80.565 AUPR=71.435 OSCR=79.397
Test-Close [42/100] LR=0.0002500 loss=1.713 ACC=96.686 F1=96.660 Rec=96.686 Prec=96.778
Train Client0 [43/100] LR=0.0002500 loss=0.165 ACC=96.498 F1=77.099 Rec=77.438 Prec=76.798
Train Client1 [43/100] LR=0.0002500 loss=0.048 ACC=99.234 F1=96.066 Rec=96.399 Prec=95.756
Train Client2 [43/100] LR=0.0002500 loss=0.157 ACC=97.576 F1=94.079 Rec=93.141 Prec=95.225
Train Client3 [43/100] LR=0.0002500 loss=0.106 ACC=98.485 F1=98.364 Rec=98.112 Prec=98.627
Train Client4 [43/100] LR=0.0002500 loss=0.088 ACC=98.399 F1=95.488 Rec=96.702 Prec=94.413
Train Client5 [43/100] LR=0.0002500 loss=0.073 ACC=98.571 F1=87.985 Rec=89.123 Prec=87.070
Train Client6 [43/100] LR=0.0002500 loss=0.285 ACC=94.444 F1=91.558 Rec=91.559 Prec=91.577
Train Client7 [43/100] LR=0.0002500 loss=0.249 ACC=96.061 F1=95.107 Rec=95.003 Prec=95.246

Val    [43/100] LR=0.0002500 loss=1.708 ACC=96.571 F1=96.543 Rec=96.571 Prec=96.679

Test-  OSR [43/100] LR=0.0002500 ACC=60.286 F1=63.233 Rec=80.381 Prec=53.894 UNK=0.000 OS*=96.457 HOS=0.000 AUROC=77.865 AUPR=67.669 OSCR=76.793
Test-Close [43/100] LR=0.0002500 loss=1.715 ACC=96.457 F1=96.431 Rec=96.457 Prec=96.506
Train Client0 [44/100] LR=0.0002500 loss=0.172 ACC=96.444 F1=77.032 Rec=77.282 Prec=76.801
Train Client1 [44/100] LR=0.0002500 loss=0.047 ACC=98.921 F1=95.712 Rec=96.085 Prec=95.362
Train Client2 [44/100] LR=0.0002500 loss=0.141 ACC=97.814 F1=94.255 Rec=93.443 Prec=95.228
Train Client3 [44/100] LR=0.0002500 loss=0.125 ACC=97.727 F1=97.357 Rec=97.653 Prec=97.110
Train Client4 [44/100] LR=0.0002500 loss=0.100 ACC=98.323 F1=88.766 Rec=94.264 Prec=86.209
Train Client5 [44/100] LR=0.0002500 loss=0.043 ACC=98.750 F1=83.684 Rec=84.165 Prec=83.316
Train Client6 [44/100] LR=0.0002500 loss=0.276 ACC=92.222 F1=87.794 Rec=89.046 Prec=86.636
Train Client7 [44/100] LR=0.0002500 loss=0.226 ACC=96.364 F1=95.634 Rec=95.133 Prec=96.159

Val    [44/100] LR=0.0002500 loss=1.709 ACC=96.686 F1=96.668 Rec=96.686 Prec=96.828

Test-  OSR [44/100] LR=0.0002500 ACC=60.321 F1=63.285 Rec=80.429 Prec=54.078 UNK=0.000 OS*=96.514 HOS=0.000 AUROC=81.235 AUPR=73.177 OSCR=79.935
Test-Close [44/100] LR=0.0002500 loss=1.717 ACC=96.514 F1=96.480 Rec=96.514 Prec=96.598
Train Client0 [45/100] LR=0.0002500 loss=0.136 ACC=97.144 F1=77.675 Rec=78.069 Prec=77.323
Train Client1 [45/100] LR=0.0002500 loss=0.074 ACC=98.642 F1=95.030 Rec=95.820 Prec=94.322
Train Client2 [45/100] LR=0.0002500 loss=0.123 ACC=97.956 F1=94.919 Rec=94.263 Prec=95.677
Train Client3 [45/100] LR=0.0002500 loss=0.125 ACC=98.295 F1=96.656 Rec=97.624 Prec=95.951
Train Client4 [45/100] LR=0.0002500 loss=0.072 ACC=98.552 F1=91.263 Rec=91.681 Prec=90.868
Train Client5 [45/100] LR=0.0002500 loss=0.051 ACC=98.750 F1=88.933 Rec=88.996 Prec=88.872
Train Client6 [45/100] LR=0.0002500 loss=0.351 ACC=92.500 F1=87.729 Rec=87.243 Prec=88.333
Train Client7 [45/100] LR=0.0002500 loss=0.211 ACC=96.515 F1=89.649 Rec=96.439 Prec=86.279

Val    [45/100] LR=0.0002500 loss=1.706 ACC=96.971 F1=96.958 Rec=96.971 Prec=97.065

Test-  OSR [45/100] LR=0.0002500 ACC=60.464 F1=63.547 Rec=80.619 Prec=54.212 UNK=0.000 OS*=96.743 HOS=0.000 AUROC=81.140 AUPR=72.623 OSCR=79.876
Test-Close [45/100] LR=0.0002500 loss=1.717 ACC=96.743 F1=96.719 Rec=96.743 Prec=96.808
Saving model at epoch 45 . . . . . . . .

Train Client0 [46/100] LR=0.0002500 loss=0.161 ACC=96.713 F1=77.388 Rec=77.651 Prec=77.149
Train Client1 [46/100] LR=0.0002500 loss=0.059 ACC=98.886 F1=95.245 Rec=95.065 Prec=95.432
Train Client2 [46/100] LR=0.0002500 loss=0.139 ACC=97.624 F1=95.164 Rec=94.561 Prec=95.839
Train Client3 [46/100] LR=0.0002500 loss=0.106 ACC=98.106 F1=98.007 Rec=97.913 Prec=98.104
Train Client4 [46/100] LR=0.0002500 loss=0.078 ACC=98.552 F1=94.427 Rec=97.782 Prec=91.600
Train Client5 [46/100] LR=0.0002500 loss=0.074 ACC=98.661 F1=95.059 Rec=99.075 Prec=92.378
Train Client6 [46/100] LR=0.0002500 loss=0.306 ACC=93.056 F1=87.257 Rec=89.804 Prec=85.087
Train Client7 [46/100] LR=0.0002500 loss=0.206 ACC=95.909 F1=95.741 Rec=95.703 Prec=95.787

Val    [46/100] LR=0.0002500 loss=1.714 ACC=96.457 F1=96.441 Rec=96.457 Prec=96.704

Test-  OSR [46/100] LR=0.0002500 ACC=60.321 F1=63.084 Rec=80.429 Prec=53.683 UNK=0.000 OS*=96.514 HOS=0.000 AUROC=81.050 AUPR=72.487 OSCR=79.707
Test-Close [46/100] LR=0.0002500 loss=1.718 ACC=96.514 F1=96.477 Rec=96.514 Prec=96.636
Train Client0 [47/100] LR=0.0002500 loss=0.153 ACC=96.929 F1=77.427 Rec=77.694 Prec=77.182
Train Client1 [47/100] LR=0.0002500 loss=0.049 ACC=99.164 F1=96.606 Rec=96.704 Prec=96.517
Train Client2 [47/100] LR=0.0002500 loss=0.137 ACC=97.766 F1=94.944 Rec=93.852 Prec=96.303
Train Client3 [47/100] LR=0.0002500 loss=0.184 ACC=96.780 F1=96.347 Rec=96.133 Prec=96.578
Train Client4 [47/100] LR=0.0002500 loss=0.073 ACC=98.399 F1=93.394 Rec=97.521 Prec=90.191
Train Client5 [47/100] LR=0.0002500 loss=0.073 ACC=98.571 F1=87.983 Rec=89.148 Prec=87.042
Train Client6 [47/100] LR=0.0002500 loss=0.317 ACC=92.778 F1=88.869 Rec=88.893 Prec=88.865
Train Client7 [47/100] LR=0.0002500 loss=0.248 ACC=96.515 F1=96.433 Rec=95.805 Prec=97.102

Val    [47/100] LR=0.0002500 loss=1.717 ACC=96.514 F1=96.498 Rec=96.514 Prec=96.696

Test-  OSR [47/100] LR=0.0002500 ACC=60.214 F1=62.877 Rec=80.286 Prec=53.316 UNK=0.000 OS*=96.343 HOS=0.000 AUROC=80.327 AUPR=71.775 OSCR=79.079
Test-Close [47/100] LR=0.0002500 loss=1.719 ACC=96.343 F1=96.316 Rec=96.343 Prec=96.446
Train Client0 [48/100] LR=0.0002500 loss=0.192 ACC=96.498 F1=77.131 Rec=77.590 Prec=76.731
Train Client1 [48/100] LR=0.0002500 loss=0.082 ACC=98.955 F1=95.593 Rec=96.354 Prec=94.918
Train Client2 [48/100] LR=0.0002500 loss=0.149 ACC=97.671 F1=94.558 Rec=94.181 Prec=94.987
Train Client3 [48/100] LR=0.0002500 loss=0.109 ACC=97.917 F1=97.520 Rec=97.443 Prec=97.598
Train Client4 [48/100] LR=0.0002500 loss=0.068 ACC=98.780 F1=94.615 Rec=96.172 Prec=93.195
Train Client5 [48/100] LR=0.0002500 loss=0.067 ACC=98.661 F1=87.166 Rec=89.145 Prec=85.856
Train Client6 [48/100] LR=0.0002500 loss=0.347 ACC=92.500 F1=88.750 Rec=88.971 Prec=88.541
Train Client7 [48/100] LR=0.0002500 loss=0.272 ACC=95.909 F1=95.063 Rec=94.417 Prec=95.757

Val    [48/100] LR=0.0002500 loss=1.709 ACC=96.629 F1=96.624 Rec=96.629 Prec=96.741

Test-  OSR [48/100] LR=0.0002500 ACC=60.357 F1=63.260 Rec=80.476 Prec=53.666 UNK=0.000 OS*=96.571 HOS=0.000 AUROC=78.053 AUPR=66.450 OSCR=77.120
Test-Close [48/100] LR=0.0002500 loss=1.709 ACC=96.571 F1=96.553 Rec=96.571 Prec=96.642
>> New learning Rate: 0.000125
Train Client0 [49/100] LR=0.0001250 loss=0.155 ACC=97.037 F1=77.654 Rec=78.034 Prec=77.323
Train Client1 [49/100] LR=0.0001250 loss=0.056 ACC=99.095 F1=96.133 Rec=97.145 Prec=95.255
Train Client2 [49/100] LR=0.0001250 loss=0.108 ACC=97.814 F1=94.832 Rec=94.595 Prec=95.105
Train Client3 [49/100] LR=0.0001250 loss=0.112 ACC=97.727 F1=97.333 Rec=97.294 Prec=97.407
Train Client4 [49/100] LR=0.0001250 loss=0.081 ACC=98.323 F1=91.842 Rec=98.558 Prec=87.569
Train Client5 [49/100] LR=0.0001250 loss=0.062 ACC=98.661 F1=86.510 Rec=89.103 Prec=85.090
Train Client6 [49/100] LR=0.0001250 loss=0.287 ACC=94.444 F1=92.388 Rec=94.954 Prec=90.562
Train Client7 [49/100] LR=0.0001250 loss=0.211 ACC=96.515 F1=89.995 Rec=96.229 Prec=87.118

Val    [49/100] LR=0.0001250 loss=1.704 ACC=96.629 F1=96.629 Rec=96.629 Prec=96.752

Test-  OSR [49/100] LR=0.0001250 ACC=60.393 F1=63.055 Rec=80.524 Prec=53.219 UNK=0.000 OS*=96.629 HOS=0.000 AUROC=80.824 AUPR=71.600 OSCR=79.717
Test-Close [49/100] LR=0.0001250 loss=1.707 ACC=96.629 F1=96.610 Rec=96.629 Prec=96.688
Train Client0 [50/100] LR=0.0001250 loss=0.131 ACC=97.522 F1=77.964 Rec=78.212 Prec=77.733
Train Client1 [50/100] LR=0.0001250 loss=0.028 ACC=99.513 F1=97.707 Rec=98.278 Prec=97.191
Train Client2 [50/100] LR=0.0001250 loss=0.105 ACC=98.289 F1=95.528 Rec=95.645 Prec=95.416
Train Client3 [50/100] LR=0.0001250 loss=0.095 ACC=98.106 F1=96.609 Rec=98.081 Prec=95.361
Train Client4 [50/100] LR=0.0001250 loss=0.079 ACC=98.552 F1=91.016 Rec=99.057 Prec=86.108
Train Client5 [50/100] LR=0.0001250 loss=0.043 ACC=99.018 F1=90.285 Rec=94.188 Prec=88.137
Train Client6 [50/100] LR=0.0001250 loss=0.246 ACC=94.167 F1=91.863 Rec=93.588 Prec=90.720
Train Client7 [50/100] LR=0.0001250 loss=0.207 ACC=95.909 F1=96.010 Rec=95.720 Prec=96.348

Val    [50/100] LR=0.0001250 loss=1.706 ACC=96.743 F1=96.726 Rec=96.743 Prec=96.820

Test-  OSR [50/100] LR=0.0001250 ACC=60.500 F1=63.451 Rec=80.667 Prec=53.973 UNK=0.000 OS*=96.800 HOS=0.000 AUROC=79.071 AUPR=69.564 OSCR=78.028
Test-Close [50/100] LR=0.0001250 loss=1.711 ACC=96.800 F1=96.774 Rec=96.800 Prec=96.852
Saving model at epoch 50 . . . . . . . .

Train Client0 [51/100] LR=0.0001250 loss=0.133 ACC=97.252 F1=77.838 Rec=78.098 Prec=77.601
Train Client1 [51/100] LR=0.0001250 loss=0.036 ACC=99.304 F1=97.390 Rec=97.971 Prec=96.864
Train Client2 [51/100] LR=0.0001250 loss=0.088 ACC=98.574 F1=96.186 Rec=95.483 Prec=96.993
Train Client3 [51/100] LR=0.0001250 loss=0.048 ACC=99.242 F1=99.137 Rec=99.039 Prec=99.246
Train Client4 [51/100] LR=0.0001250 loss=0.072 ACC=98.323 F1=90.641 Rec=98.601 Prec=86.135
Train Client5 [51/100] LR=0.0001250 loss=0.041 ACC=99.196 F1=89.540 Rec=94.494 Prec=87.088
Train Client6 [51/100] LR=0.0001250 loss=0.304 ACC=93.611 F1=89.269 Rec=93.796 Prec=85.818
Train Client7 [51/100] LR=0.0001250 loss=0.170 ACC=97.121 F1=90.126 Rec=96.692 Prec=86.904

Val    [51/100] LR=0.0001250 loss=1.705 ACC=96.914 F1=96.905 Rec=96.914 Prec=96.986

Test-  OSR [51/100] LR=0.0001250 ACC=60.393 F1=63.251 Rec=80.524 Prec=53.693 UNK=0.000 OS*=96.629 HOS=0.000 AUROC=79.703 AUPR=70.662 OSCR=78.647
Test-Close [51/100] LR=0.0001250 loss=1.709 ACC=96.629 F1=96.602 Rec=96.629 Prec=96.691
Train Client0 [52/100] LR=0.0001250 loss=0.127 ACC=97.522 F1=77.955 Rec=78.116 Prec=77.802
Train Client1 [52/100] LR=0.0001250 loss=0.019 ACC=99.617 F1=97.552 Rec=97.901 Prec=97.228
Train Client2 [52/100] LR=0.0001250 loss=0.097 ACC=98.051 F1=95.022 Rec=94.367 Prec=95.775
Train Client3 [52/100] LR=0.0001250 loss=0.100 ACC=98.864 F1=98.668 Rec=98.678 Prec=98.662
Train Client4 [52/100] LR=0.0001250 loss=0.061 ACC=98.552 F1=92.772 Rec=97.825 Prec=89.563
Train Client5 [52/100] LR=0.0001250 loss=0.051 ACC=98.661 F1=93.567 Rec=99.064 Prec=90.412
Train Client6 [52/100] LR=0.0001250 loss=0.322 ACC=93.333 F1=90.699 Rec=92.607 Prec=89.240
Train Client7 [52/100] LR=0.0001250 loss=0.176 ACC=96.742 F1=96.273 Rec=95.451 Prec=97.161

Val    [52/100] LR=0.0001250 loss=1.699 ACC=96.971 F1=96.964 Rec=96.971 Prec=97.003

Test-  OSR [52/100] LR=0.0001250 ACC=60.536 F1=63.108 Rec=80.714 Prec=53.211 UNK=0.000 OS*=96.857 HOS=0.000 AUROC=81.435 AUPR=74.400 OSCR=80.203
Test-Close [52/100] LR=0.0001250 loss=1.709 ACC=96.857 F1=96.831 Rec=96.857 Prec=96.897
Train Client0 [53/100] LR=0.0001250 loss=0.116 ACC=97.629 F1=78.106 Rec=78.392 Prec=77.844
Train Client1 [53/100] LR=0.0001250 loss=0.029 ACC=99.478 F1=97.323 Rec=97.761 Prec=96.909
Train Client2 [53/100] LR=0.0001250 loss=0.097 ACC=98.337 F1=95.766 Rec=95.307 Prec=96.278
Train Client3 [53/100] LR=0.0001250 loss=0.068 ACC=99.053 F1=98.848 Rec=98.767 Prec=98.932
Train Client4 [53/100] LR=0.0001250 loss=0.077 ACC=98.247 F1=90.014 Rec=98.406 Prec=85.938
Train Client5 [53/100] LR=0.0001250 loss=0.038 ACC=99.018 F1=86.206 Rec=89.405 Prec=84.676
Train Client6 [53/100] LR=0.0001250 loss=0.337 ACC=92.778 F1=89.306 Rec=90.181 Prec=88.522
Train Client7 [53/100] LR=0.0001250 loss=0.169 ACC=97.273 F1=96.976 Rec=96.843 Prec=97.114

Val    [53/100] LR=0.0001250 loss=1.700 ACC=96.914 F1=96.910 Rec=96.914 Prec=96.963

Test-  OSR [53/100] LR=0.0001250 ACC=60.571 F1=63.128 Rec=80.762 Prec=53.125 UNK=0.000 OS*=96.914 HOS=0.000 AUROC=80.189 AUPR=71.913 OSCR=79.066
Test-Close [53/100] LR=0.0001250 loss=1.709 ACC=96.914 F1=96.892 Rec=96.914 Prec=96.952
Train Client0 [54/100] LR=0.0001250 loss=0.131 ACC=97.414 F1=77.876 Rec=78.212 Prec=77.567
Train Client1 [54/100] LR=0.0001250 loss=0.027 ACC=99.582 F1=97.600 Rec=98.419 Prec=96.872
Train Client2 [54/100] LR=0.0001250 loss=0.089 ACC=98.194 F1=95.414 Rec=95.452 Prec=95.381
Train Client3 [54/100] LR=0.0001250 loss=0.121 ACC=97.727 F1=97.089 Rec=96.923 Prec=97.259
Train Client4 [54/100] LR=0.0001250 loss=0.069 ACC=98.552 F1=93.312 Rec=99.186 Prec=89.353
Train Client5 [54/100] LR=0.0001250 loss=0.028 ACC=99.018 F1=90.297 Rec=94.239 Prec=88.110
Train Client6 [54/100] LR=0.0001250 loss=0.287 ACC=92.222 F1=88.521 Rec=88.969 Prec=88.092
Train Client7 [54/100] LR=0.0001250 loss=0.193 ACC=96.515 F1=95.956 Rec=95.984 Prec=95.947

Val    [54/100] LR=0.0001250 loss=1.707 ACC=96.857 F1=96.831 Rec=96.857 Prec=96.974

Test-  OSR [54/100] LR=0.0001250 ACC=60.536 F1=63.527 Rec=80.714 Prec=54.186 UNK=0.000 OS*=96.857 HOS=0.000 AUROC=77.564 AUPR=67.755 OSCR=76.543
Test-Close [54/100] LR=0.0001250 loss=1.716 ACC=96.857 F1=96.824 Rec=96.857 Prec=96.918
Train Client0 [55/100] LR=0.0001250 loss=0.125 ACC=97.360 F1=77.942 Rec=78.245 Prec=77.671
Train Client1 [55/100] LR=0.0001250 loss=0.037 ACC=99.373 F1=96.929 Rec=98.645 Prec=95.538
Train Client2 [55/100] LR=0.0001250 loss=0.086 ACC=98.574 F1=96.343 Rec=95.698 Prec=97.063
Train Client3 [55/100] LR=0.0001250 loss=0.146 ACC=98.106 F1=97.803 Rec=97.704 Prec=97.913
Train Client4 [55/100] LR=0.0001250 loss=0.084 ACC=98.476 F1=92.944 Rec=96.053 Prec=90.699
Train Client5 [55/100] LR=0.0001250 loss=0.066 ACC=98.839 F1=91.231 Rec=94.248 Prec=89.216
Train Client6 [55/100] LR=0.0001250 loss=0.299 ACC=92.222 F1=88.447 Rec=89.274 Prec=87.707
Train Client7 [55/100] LR=0.0001250 loss=0.168 ACC=97.424 F1=97.181 Rec=96.540 Prec=97.859

Val    [55/100] LR=0.0001250 loss=1.699 ACC=97.086 F1=97.084 Rec=97.086 Prec=97.133

Test-  OSR [55/100] LR=0.0001250 ACC=60.536 F1=63.414 Rec=80.714 Prec=53.770 UNK=0.000 OS*=96.857 HOS=0.000 AUROC=78.497 AUPR=67.828 OSCR=77.548
Test-Close [55/100] LR=0.0001250 loss=1.710 ACC=96.857 F1=96.839 Rec=96.857 Prec=96.899
Saving model at epoch 55 . . . . . . . .

Train Client0 [56/100] LR=0.0001250 loss=0.130 ACC=97.360 F1=97.274 Rec=97.567 Prec=96.999
Train Client1 [56/100] LR=0.0001250 loss=0.028 ACC=99.443 F1=97.080 Rec=97.592 Prec=96.623
Train Client2 [56/100] LR=0.0001250 loss=0.098 ACC=98.669 F1=96.535 Rec=96.225 Prec=96.864
Train Client3 [56/100] LR=0.0001250 loss=0.108 ACC=98.674 F1=98.274 Rec=98.042 Prec=98.525
Train Client4 [56/100] LR=0.0001250 loss=0.061 ACC=98.780 F1=93.173 Rec=97.461 Prec=90.238
Train Client5 [56/100] LR=0.0001250 loss=0.054 ACC=99.107 F1=92.750 Rec=99.371 Prec=89.463
Train Client6 [56/100] LR=0.0001250 loss=0.291 ACC=93.611 F1=90.341 Rec=92.226 Prec=88.734
Train Client7 [56/100] LR=0.0001250 loss=0.173 ACC=96.894 F1=96.439 Rec=96.534 Prec=96.369

Val    [56/100] LR=0.0001250 loss=1.711 ACC=96.686 F1=96.670 Rec=96.686 Prec=96.801

Test-  OSR [56/100] LR=0.0001250 ACC=60.500 F1=63.233 Rec=80.667 Prec=53.652 UNK=0.000 OS*=96.800 HOS=0.000 AUROC=80.791 AUPR=72.924 OSCR=79.573
Test-Close [56/100] LR=0.0001250 loss=1.714 ACC=96.800 F1=96.774 Rec=96.800 Prec=96.874
Train Client0 [57/100] LR=0.0001250 loss=0.125 ACC=97.575 F1=77.990 Rec=78.239 Prec=77.758
Train Client1 [57/100] LR=0.0001250 loss=0.024 ACC=99.478 F1=97.619 Rec=98.297 Prec=96.994
Train Client2 [57/100] LR=0.0001250 loss=0.096 ACC=98.479 F1=96.051 Rec=95.600 Prec=96.532
Train Client3 [57/100] LR=0.0001250 loss=0.121 ACC=98.106 F1=97.880 Rec=98.053 Prec=97.712
Train Client4 [57/100] LR=0.0001250 loss=0.073 ACC=98.552 F1=91.041 Rec=97.825 Prec=87.139
Train Client5 [57/100] LR=0.0001250 loss=0.046 ACC=99.107 F1=92.748 Rec=99.370 Prec=89.461
Train Client6 [57/100] LR=0.0001250 loss=0.319 ACC=93.333 F1=90.143 Rec=91.605 Prec=88.853
Train Client7 [57/100] LR=0.0001250 loss=0.170 ACC=97.197 F1=96.928 Rec=96.773 Prec=97.089

Val    [57/100] LR=0.0001250 loss=1.697 ACC=96.857 F1=96.859 Rec=96.857 Prec=96.925

Test-  OSR [57/100] LR=0.0001250 ACC=60.643 F1=63.360 Rec=80.857 Prec=53.504 UNK=0.000 OS*=97.029 HOS=0.000 AUROC=80.031 AUPR=71.204 OSCR=79.005
Test-Close [57/100] LR=0.0001250 loss=1.706 ACC=97.029 F1=97.012 Rec=97.029 Prec=97.072
Train Client0 [58/100] LR=0.0001250 loss=0.125 ACC=97.522 F1=77.995 Rec=78.307 Prec=77.709
Train Client1 [58/100] LR=0.0001250 loss=0.023 ACC=99.513 F1=97.767 Rec=98.202 Prec=97.359
Train Client2 [58/100] LR=0.0001250 loss=0.096 ACC=98.337 F1=95.972 Rec=95.522 Prec=96.454
Train Client3 [58/100] LR=0.0001250 loss=0.097 ACC=98.106 F1=97.609 Rec=97.369 Prec=97.862
Train Client4 [58/100] LR=0.0001250 loss=0.086 ACC=98.247 F1=89.061 Rec=96.719 Prec=85.237
Train Client5 [58/100] LR=0.0001250 loss=0.034 ACC=99.375 F1=94.198 Rec=99.555 Prec=91.180
Train Client6 [58/100] LR=0.0001250 loss=0.295 ACC=95.000 F1=92.486 Rec=93.549 Prec=91.508
Train Client7 [58/100] LR=0.0001250 loss=0.171 ACC=97.273 F1=97.106 Rec=96.719 Prec=97.510

Val    [58/100] LR=0.0001250 loss=1.707 ACC=96.800 F1=96.799 Rec=96.800 Prec=96.904

Test-  OSR [58/100] LR=0.0001250 ACC=60.429 F1=63.194 Rec=80.571 Prec=53.485 UNK=0.000 OS*=96.686 HOS=0.000 AUROC=79.397 AUPR=71.190 OSCR=78.265
Test-Close [58/100] LR=0.0001250 loss=1.712 ACC=96.686 F1=96.660 Rec=96.686 Prec=96.751
Train Client0 [59/100] LR=0.0001250 loss=0.116 ACC=97.791 F1=78.197 Rec=78.317 Prec=78.082
Train Client1 [59/100] LR=0.0001250 loss=0.017 ACC=99.652 F1=97.670 Rec=98.489 Prec=96.942
Train Client2 [59/100] LR=0.0001250 loss=0.095 ACC=98.194 F1=95.263 Rec=94.980 Prec=95.564
Train Client3 [59/100] LR=0.0001250 loss=0.091 ACC=97.917 F1=97.532 Rec=97.608 Prec=97.457
Train Client4 [59/100] LR=0.0001250 loss=0.052 ACC=98.704 F1=92.995 Rec=98.627 Prec=89.707
Train Client5 [59/100] LR=0.0001250 loss=0.055 ACC=99.196 F1=95.490 Rec=99.403 Prec=92.911
Train Client6 [59/100] LR=0.0001250 loss=0.256 ACC=95.000 F1=92.798 Rec=94.874 Prec=91.029
Train Client7 [59/100] LR=0.0001250 loss=0.182 ACC=96.364 F1=96.163 Rec=95.808 Prec=96.531

Val    [59/100] LR=0.0001250 loss=1.695 ACC=96.914 F1=96.900 Rec=96.914 Prec=96.954

Test-  OSR [59/100] LR=0.0001250 ACC=60.714 F1=63.355 Rec=80.952 Prec=53.325 UNK=0.000 OS*=97.143 HOS=0.000 AUROC=80.277 AUPR=72.288 OSCR=79.247
Test-Close [59/100] LR=0.0001250 loss=1.703 ACC=97.143 F1=97.128 Rec=97.143 Prec=97.157
Train Client0 [60/100] LR=0.0001250 loss=0.115 ACC=97.899 F1=78.304 Rec=78.600 Prec=78.028
Train Client1 [60/100] LR=0.0001250 loss=0.031 ACC=99.582 F1=97.927 Rec=97.868 Prec=97.986
Train Client2 [60/100] LR=0.0001250 loss=0.078 ACC=98.479 F1=96.024 Rec=95.954 Prec=96.103
Train Client3 [60/100] LR=0.0001250 loss=0.080 ACC=98.295 F1=98.184 Rec=98.161 Prec=98.223
Train Client4 [60/100] LR=0.0001250 loss=0.049 ACC=98.857 F1=94.129 Rec=98.801 Prec=90.821
Train Client5 [60/100] LR=0.0001250 loss=0.040 ACC=99.286 F1=94.124 Rec=99.532 Prec=91.055
Train Client6 [60/100] LR=0.0001250 loss=0.232 ACC=93.333 F1=90.409 Rec=91.848 Prec=89.136
Train Client7 [60/100] LR=0.0001250 loss=0.152 ACC=97.727 F1=97.449 Rec=97.266 Prec=97.656

Val    [60/100] LR=0.0001250 loss=1.700 ACC=96.914 F1=96.902 Rec=96.914 Prec=96.975

Test-  OSR [60/100] LR=0.0001250 ACC=60.571 F1=63.177 Rec=80.762 Prec=53.223 UNK=0.000 OS*=96.914 HOS=0.000 AUROC=80.156 AUPR=71.778 OSCR=79.090
Test-Close [60/100] LR=0.0001250 loss=1.707 ACC=96.914 F1=96.896 Rec=96.914 Prec=96.949
Saving model at epoch 60 . . . . . . . .

Train Client0 [61/100] LR=0.0001250 loss=0.107 ACC=97.791 F1=78.197 Rec=78.361 Prec=78.040
Train Client1 [61/100] LR=0.0001250 loss=0.024 ACC=99.513 F1=97.976 Rec=98.851 Prec=97.195
Train Client2 [61/100] LR=0.0001250 loss=0.094 ACC=98.669 F1=96.282 Rec=95.728 Prec=96.888
Train Client3 [61/100] LR=0.0001250 loss=0.064 ACC=98.485 F1=98.282 Rec=98.127 Prec=98.446
Train Client4 [61/100] LR=0.0001250 loss=0.089 ACC=98.247 F1=93.387 Rec=97.347 Prec=90.324
Train Client5 [61/100] LR=0.0001250 loss=0.035 ACC=99.196 F1=91.491 Rec=94.520 Prec=89.465
Train Client6 [61/100] LR=0.0001250 loss=0.294 ACC=93.333 F1=90.260 Rec=91.088 Prec=89.660
Train Client7 [61/100] LR=0.0001250 loss=0.181 ACC=97.424 F1=97.205 Rec=96.932 Prec=97.486

Val    [61/100] LR=0.0001250 loss=1.700 ACC=96.800 F1=96.794 Rec=96.800 Prec=96.856

Test-  OSR [61/100] LR=0.0001250 ACC=60.536 F1=63.317 Rec=80.714 Prec=53.547 UNK=0.000 OS*=96.857 HOS=0.000 AUROC=77.206 AUPR=67.381 OSCR=76.263
Test-Close [61/100] LR=0.0001250 loss=1.708 ACC=96.857 F1=96.838 Rec=96.857 Prec=96.891
Train Client0 [62/100] LR=0.0001250 loss=0.124 ACC=97.414 F1=77.887 Rec=78.027 Prec=77.754
Train Client1 [62/100] LR=0.0001250 loss=0.018 ACC=99.547 F1=97.503 Rec=98.322 Prec=96.775
Train Client2 [62/100] LR=0.0001250 loss=0.081 ACC=98.527 F1=95.864 Rec=95.719 Prec=96.019
Train Client3 [62/100] LR=0.0001250 loss=0.082 ACC=98.485 F1=98.274 Rec=98.129 Prec=98.438
Train Client4 [62/100] LR=0.0001250 loss=0.067 ACC=98.857 F1=92.143 Rec=95.652 Prec=89.426
Train Client5 [62/100] LR=0.0001250 loss=0.029 ACC=99.464 F1=94.260 Rec=99.603 Prec=91.255
Train Client6 [62/100] LR=0.0001250 loss=0.215 ACC=93.611 F1=89.443 Rec=93.199 Prec=86.370
Train Client7 [62/100] LR=0.0001250 loss=0.122 ACC=97.803 F1=97.451 Rec=97.038 Prec=97.884

Val    [62/100] LR=0.0001250 loss=1.702 ACC=96.629 F1=96.608 Rec=96.629 Prec=96.686

Test-  OSR [62/100] LR=0.0001250 ACC=60.464 F1=63.898 Rec=80.619 Prec=54.962 UNK=0.000 OS*=96.743 HOS=0.000 AUROC=77.851 AUPR=68.188 OSCR=76.833
Test-Close [62/100] LR=0.0001250 loss=1.713 ACC=96.743 F1=96.715 Rec=96.743 Prec=96.795
Train Client0 [63/100] LR=0.0001250 loss=0.108 ACC=97.791 F1=78.218 Rec=78.513 Prec=77.949
Train Client1 [63/100] LR=0.0001250 loss=0.027 ACC=99.617 F1=98.194 Rec=98.335 Prec=98.060
Train Client2 [63/100] LR=0.0001250 loss=0.074 ACC=98.859 F1=97.587 Rec=96.887 Prec=98.369
Train Client3 [63/100] LR=0.0001250 loss=0.114 ACC=97.917 F1=97.512 Rec=97.290 Prec=97.754
Train Client4 [63/100] LR=0.0001250 loss=0.066 ACC=98.704 F1=94.289 Rec=98.886 Prec=91.073
Train Client5 [63/100] LR=0.0001250 loss=0.042 ACC=99.018 F1=90.285 Rec=94.342 Prec=87.983
Train Client6 [63/100] LR=0.0001250 loss=0.304 ACC=94.167 F1=91.164 Rec=92.377 Prec=90.076
Train Client7 [63/100] LR=0.0001250 loss=0.165 ACC=97.121 F1=96.586 Rec=96.703 Prec=96.493

Val    [63/100] LR=0.0001250 loss=1.704 ACC=96.800 F1=96.787 Rec=96.800 Prec=96.847

Test-  OSR [63/100] LR=0.0001250 ACC=60.536 F1=63.724 Rec=80.714 Prec=54.467 UNK=0.000 OS*=96.857 HOS=0.000 AUROC=78.860 AUPR=69.972 OSCR=77.821
Test-Close [63/100] LR=0.0001250 loss=1.712 ACC=96.857 F1=96.835 Rec=96.857 Prec=96.902
Train Client0 [64/100] LR=0.0001250 loss=0.113 ACC=97.683 F1=78.134 Rec=78.179 Prec=78.091
Train Client1 [64/100] LR=0.0001250 loss=0.024 ACC=99.617 F1=97.207 Rec=97.613 Prec=96.824
Train Client2 [64/100] LR=0.0001250 loss=0.079 ACC=98.527 F1=96.302 Rec=96.251 Prec=96.356
Train Client3 [64/100] LR=0.0001250 loss=0.049 ACC=98.674 F1=98.381 Rec=98.369 Prec=98.396
Train Client4 [64/100] LR=0.0001250 loss=0.054 ACC=98.628 F1=92.182 Rec=98.106 Prec=88.182
Train Client5 [64/100] LR=0.0001250 loss=0.025 ACC=99.464 F1=93.035 Rec=94.678 Prec=91.726
Train Client6 [64/100] LR=0.0001250 loss=0.293 ACC=94.167 F1=89.623 Rec=93.133 Prec=86.641
Train Client7 [64/100] LR=0.0001250 loss=0.187 ACC=97.121 F1=97.192 Rec=96.949 Prec=97.451

Val    [64/100] LR=0.0001250 loss=1.702 ACC=96.914 F1=96.903 Rec=96.914 Prec=96.966

Test-  OSR [64/100] LR=0.0001250 ACC=60.536 F1=63.694 Rec=80.714 Prec=54.298 UNK=0.000 OS*=96.857 HOS=0.000 AUROC=78.036 AUPR=68.501 OSCR=77.095
Test-Close [64/100] LR=0.0001250 loss=1.709 ACC=96.857 F1=96.831 Rec=96.857 Prec=96.900
Train Client0 [65/100] LR=0.0001250 loss=0.110 ACC=97.629 F1=78.070 Rec=78.344 Prec=77.817
Train Client1 [65/100] LR=0.0001250 loss=0.022 ACC=99.582 F1=97.309 Rec=97.494 Prec=97.129
Train Client2 [65/100] LR=0.0001250 loss=0.094 ACC=98.622 F1=96.775 Rec=96.213 Prec=97.389
Train Client3 [65/100] LR=0.0001250 loss=0.062 ACC=98.674 F1=98.569 Rec=98.555 Prec=98.587
Train Client4 [65/100] LR=0.0001250 loss=0.063 ACC=98.780 F1=94.454 Rec=98.367 Prec=91.482
Train Client5 [65/100] LR=0.0001250 loss=0.028 ACC=99.375 F1=91.663 Rec=94.601 Prec=89.724
Train Client6 [65/100] LR=0.0001250 loss=0.316 ACC=92.778 F1=89.115 Rec=90.181 Prec=88.198
Train Client7 [65/100] LR=0.0001250 loss=0.176 ACC=96.894 F1=96.781 Rec=97.174 Prec=96.455

Val    [65/100] LR=0.0001250 loss=1.707 ACC=96.800 F1=96.789 Rec=96.800 Prec=96.838

Test-  OSR [65/100] LR=0.0001250 ACC=60.429 F1=63.767 Rec=80.571 Prec=54.596 UNK=0.000 OS*=96.686 HOS=0.000 AUROC=77.646 AUPR=66.906 OSCR=76.755
Test-Close [65/100] LR=0.0001250 loss=1.713 ACC=96.686 F1=96.665 Rec=96.686 Prec=96.726
Saving model at epoch 65 . . . . . . . .

Train Client0 [66/100] LR=0.0001250 loss=0.119 ACC=97.791 F1=78.189 Rec=78.423 Prec=77.971
Train Client1 [66/100] LR=0.0001250 loss=0.024 ACC=99.582 F1=97.943 Rec=98.789 Prec=97.191
Train Client2 [66/100] LR=0.0001250 loss=0.082 ACC=98.574 F1=95.957 Rec=95.414 Prec=96.550
Train Client3 [66/100] LR=0.0001250 loss=0.063 ACC=99.242 F1=99.040 Rec=99.040 Prec=99.040
Train Client4 [66/100] LR=0.0001250 loss=0.067 ACC=98.552 F1=91.530 Rec=98.127 Prec=88.311
Train Client5 [66/100] LR=0.0001250 loss=0.038 ACC=99.107 F1=91.822 Rec=99.330 Prec=88.591
Train Client6 [66/100] LR=0.0001250 loss=0.312 ACC=93.611 F1=89.499 Rec=88.883 Prec=90.220
Train Client7 [66/100] LR=0.0001250 loss=0.141 ACC=97.879 F1=91.710 Rec=98.162 Prec=88.601

Val    [66/100] LR=0.0001250 loss=1.706 ACC=96.857 F1=96.842 Rec=96.857 Prec=96.922

Test-  OSR [66/100] LR=0.0001250 ACC=60.500 F1=63.222 Rec=80.667 Prec=53.531 UNK=0.000 OS*=96.800 HOS=0.000 AUROC=80.672 AUPR=73.751 OSCR=79.454
Test-Close [66/100] LR=0.0001250 loss=1.716 ACC=96.800 F1=96.774 Rec=96.800 Prec=96.838
Train Client0 [67/100] LR=0.0001250 loss=0.136 ACC=97.037 F1=77.548 Rec=77.644 Prec=77.456
Train Client1 [67/100] LR=0.0001250 loss=0.016 ACC=99.721 F1=98.418 Rec=98.617 Prec=98.226
Train Client2 [67/100] LR=0.0001250 loss=0.077 ACC=98.574 F1=96.165 Rec=95.982 Prec=96.357
Train Client3 [67/100] LR=0.0001250 loss=0.122 ACC=98.295 F1=98.167 Rec=98.139 Prec=98.211
Train Client4 [67/100] LR=0.0001250 loss=0.056 ACC=98.323 F1=93.186 Rec=97.326 Prec=89.970
Train Client5 [67/100] LR=0.0001250 loss=0.045 ACC=99.464 F1=94.183 Rec=99.617 Prec=91.088
Train Client6 [67/100] LR=0.0001250 loss=0.245 ACC=95.000 F1=92.772 Rec=94.342 Prec=91.474
Train Client7 [67/100] LR=0.0001250 loss=0.171 ACC=97.273 F1=97.429 Rec=96.999 Prec=97.882

Val    [67/100] LR=0.0001250 loss=1.701 ACC=96.800 F1=96.792 Rec=96.800 Prec=96.836

Test-  OSR [67/100] LR=0.0001250 ACC=60.571 F1=63.312 Rec=80.762 Prec=53.527 UNK=0.000 OS*=96.914 HOS=0.000 AUROC=80.590 AUPR=72.626 OSCR=79.502
Test-Close [67/100] LR=0.0001250 loss=1.710 ACC=96.914 F1=96.893 Rec=96.914 Prec=96.957
Train Client0 [68/100] LR=0.0001250 loss=0.108 ACC=97.575 F1=97.457 Rec=97.618 Prec=97.303
Train Client1 [68/100] LR=0.0001250 loss=0.024 ACC=99.547 F1=98.384 Rec=98.780 Prec=98.015
Train Client2 [68/100] LR=0.0001250 loss=0.075 ACC=98.574 F1=96.150 Rec=95.802 Prec=96.532
Train Client3 [68/100] LR=0.0001250 loss=0.062 ACC=98.485 F1=98.263 Rec=98.435 Prec=98.096
Train Client4 [68/100] LR=0.0001250 loss=0.037 ACC=99.009 F1=96.998 Rec=99.105 Prec=95.073
Train Client5 [68/100] LR=0.0001250 loss=0.047 ACC=98.839 F1=89.368 Rec=94.234 Prec=87.003
Train Client6 [68/100] LR=0.0001250 loss=0.297 ACC=93.611 F1=87.711 Rec=92.439 Prec=84.134
Train Client7 [68/100] LR=0.0001250 loss=0.158 ACC=97.500 F1=97.289 Rec=97.496 Prec=97.133

Val    [68/100] LR=0.0001250 loss=1.705 ACC=96.800 F1=96.788 Rec=96.800 Prec=96.841

Test-  OSR [68/100] LR=0.0001250 ACC=60.464 F1=63.253 Rec=80.619 Prec=53.519 UNK=0.000 OS*=96.743 HOS=0.000 AUROC=80.268 AUPR=72.855 OSCR=79.094
Test-Close [68/100] LR=0.0001250 loss=1.714 ACC=96.743 F1=96.720 Rec=96.743 Prec=96.774
Train Client0 [69/100] LR=0.0001250 loss=0.111 ACC=98.114 F1=98.033 Rec=98.172 Prec=97.899
Train Client1 [69/100] LR=0.0001250 loss=0.016 ACC=99.652 F1=98.500 Rec=98.512 Prec=98.489
Train Client2 [69/100] LR=0.0001250 loss=0.087 ACC=98.669 F1=96.463 Rec=95.889 Prec=97.091
Train Client3 [69/100] LR=0.0001250 loss=0.085 ACC=98.864 F1=98.752 Rec=98.653 Prec=98.862
Train Client4 [69/100] LR=0.0001250 loss=0.044 ACC=99.085 F1=95.733 Rec=97.224 Prec=94.384
Train Client5 [69/100] LR=0.0001250 loss=0.041 ACC=98.929 F1=89.301 Rec=94.153 Prec=86.951
Train Client6 [69/100] LR=0.0001250 loss=0.299 ACC=95.000 F1=92.964 Rec=95.101 Prec=91.239
Train Client7 [69/100] LR=0.0001250 loss=0.141 ACC=97.727 F1=98.153 Rec=97.721 Prec=98.611

Val    [69/100] LR=0.0001250 loss=1.711 ACC=96.743 F1=96.741 Rec=96.743 Prec=96.788

Test-  OSR [69/100] LR=0.0001250 ACC=60.464 F1=63.205 Rec=80.619 Prec=53.325 UNK=0.000 OS*=96.743 HOS=0.000 AUROC=79.857 AUPR=72.353 OSCR=78.665
Test-Close [69/100] LR=0.0001250 loss=1.720 ACC=96.743 F1=96.723 Rec=96.743 Prec=96.766
Train Client0 [70/100] LR=0.0001250 loss=0.100 ACC=97.845 F1=78.288 Rec=78.530 Prec=78.064
Train Client1 [70/100] LR=0.0001250 loss=0.028 ACC=99.373 F1=96.389 Rec=96.124 Prec=96.661
Train Client2 [70/100] LR=0.0001250 loss=0.074 ACC=98.527 F1=96.084 Rec=95.684 Prec=96.517
Train Client3 [70/100] LR=0.0001250 loss=0.151 ACC=97.538 F1=97.107 Rec=96.869 Prec=97.358
Train Client4 [70/100] LR=0.0001250 loss=0.046 ACC=98.780 F1=94.546 Rec=98.865 Prec=91.174
Train Client5 [70/100] LR=0.0001250 loss=0.025 ACC=99.464 F1=90.672 Rec=94.677 Prec=88.420
Train Client6 [70/100] LR=0.0001250 loss=0.280 ACC=95.000 F1=92.063 Rec=92.598 Prec=91.564
Train Client7 [70/100] LR=0.0001250 loss=0.175 ACC=96.439 F1=96.226 Rec=95.962 Prec=96.507

Val    [70/100] LR=0.0001250 loss=1.709 ACC=96.686 F1=96.678 Rec=96.686 Prec=96.710

Test-  OSR [70/100] LR=0.0001250 ACC=60.393 F1=62.842 Rec=80.524 Prec=52.618 UNK=0.000 OS*=96.629 HOS=0.000 AUROC=80.735 AUPR=73.959 OSCR=79.439
Test-Close [70/100] LR=0.0001250 loss=1.718 ACC=96.629 F1=96.611 Rec=96.629 Prec=96.649
Saving model at epoch 70 . . . . . . . .

Train Client0 [71/100] LR=0.0001250 loss=0.117 ACC=97.629 F1=78.152 Rec=78.349 Prec=77.970
Train Client1 [71/100] LR=0.0001250 loss=0.016 ACC=99.687 F1=97.533 Rec=98.151 Prec=96.968
Train Client2 [71/100] LR=0.0001250 loss=0.086 ACC=98.669 F1=96.933 Rec=96.227 Prec=97.717
Train Client3 [71/100] LR=0.0001250 loss=0.090 ACC=98.295 F1=97.891 Rec=97.821 Prec=97.972
Train Client4 [71/100] LR=0.0001250 loss=0.052 ACC=99.162 F1=96.419 Rec=98.306 Prec=94.693
Train Client5 [71/100] LR=0.0001250 loss=0.057 ACC=98.839 F1=91.496 Rec=99.030 Prec=88.237
Train Client6 [71/100] LR=0.0001250 loss=0.298 ACC=93.333 F1=89.601 Rec=90.101 Prec=89.135
Train Client7 [71/100] LR=0.0001250 loss=0.190 ACC=97.045 F1=97.023 Rec=96.729 Prec=97.326

Val    [71/100] LR=0.0001250 loss=1.705 ACC=96.686 F1=96.668 Rec=96.686 Prec=96.729

Test-  OSR [71/100] LR=0.0001250 ACC=60.429 F1=63.247 Rec=80.571 Prec=53.603 UNK=0.000 OS*=96.686 HOS=0.000 AUROC=79.139 AUPR=72.337 OSCR=77.921
Test-Close [71/100] LR=0.0001250 loss=1.717 ACC=96.686 F1=96.667 Rec=96.686 Prec=96.721
Train Client0 [72/100] LR=0.0001250 loss=0.106 ACC=97.360 F1=77.854 Rec=78.004 Prec=77.712
Train Client1 [72/100] LR=0.0001250 loss=0.026 ACC=99.478 F1=97.344 Rec=98.193 Prec=96.586
Train Client2 [72/100] LR=0.0001250 loss=0.058 ACC=98.669 F1=96.753 Rec=96.476 Prec=97.038
Train Client3 [72/100] LR=0.0001250 loss=0.097 ACC=98.674 F1=98.474 Rec=98.210 Prec=98.750
Train Client4 [72/100] LR=0.0001250 loss=0.076 ACC=98.476 F1=92.620 Rec=98.517 Prec=88.641
Train Client5 [72/100] LR=0.0001250 loss=0.016 ACC=99.643 F1=95.801 Rec=99.753 Prec=93.183
Train Client6 [72/100] LR=0.0001250 loss=0.248 ACC=93.889 F1=90.859 Rec=92.300 Prec=89.581
Train Client7 [72/100] LR=0.0001250 loss=0.181 ACC=96.894 F1=96.625 Rec=96.839 Prec=96.455

Val    [72/100] LR=0.0001250 loss=1.716 ACC=96.743 F1=96.724 Rec=96.743 Prec=96.833

Test-  OSR [72/100] LR=0.0001250 ACC=60.429 F1=63.131 Rec=80.571 Prec=53.407 UNK=0.000 OS*=96.686 HOS=0.000 AUROC=80.622 AUPR=73.963 OSCR=79.302
Test-Close [72/100] LR=0.0001250 loss=1.722 ACC=96.686 F1=96.661 Rec=96.686 Prec=96.735
Train Client0 [73/100] LR=0.0001250 loss=0.108 ACC=98.060 F1=78.430 Rec=78.519 Prec=78.344
Train Client1 [73/100] LR=0.0001250 loss=0.020 ACC=99.617 F1=97.973 Rec=98.395 Prec=97.575
Train Client2 [73/100] LR=0.0001250 loss=0.083 ACC=98.479 F1=95.990 Rec=96.141 Prec=95.843
Train Client3 [73/100] LR=0.0001250 loss=0.099 ACC=98.674 F1=98.567 Rec=98.567 Prec=98.567
Train Client4 [73/100] LR=0.0001250 loss=0.087 ACC=98.476 F1=91.084 Rec=98.277 Prec=87.273
Train Client5 [73/100] LR=0.0001250 loss=0.036 ACC=99.018 F1=91.368 Rec=94.345 Prec=89.393
Train Client6 [73/100] LR=0.0001250 loss=0.260 ACC=93.889 F1=90.211 Rec=91.541 Prec=89.022
Train Client7 [73/100] LR=0.0001250 loss=0.150 ACC=97.121 F1=96.582 Rec=96.446 Prec=96.724

Val    [73/100] LR=0.0001250 loss=1.702 ACC=97.143 F1=97.128 Rec=97.143 Prec=97.203

Test-  OSR [73/100] LR=0.0001250 ACC=60.714 F1=63.338 Rec=80.952 Prec=53.584 UNK=0.000 OS*=97.143 HOS=0.000 AUROC=80.792 AUPR=74.323 OSCR=79.649
Test-Close [73/100] LR=0.0001250 loss=1.710 ACC=97.143 F1=97.116 Rec=97.143 Prec=97.192
>> New learning Rate: 6.25e-05
Train Client0 [74/100] LR=0.0000625 loss=0.093 ACC=97.845 F1=78.284 Rec=78.527 Prec=78.059
Train Client1 [74/100] LR=0.0000625 loss=0.013 ACC=99.721 F1=98.452 Rec=99.110 Prec=97.848
Train Client2 [74/100] LR=0.0000625 loss=0.056 ACC=98.812 F1=97.014 Rec=96.942 Prec=97.089
Train Client3 [74/100] LR=0.0000625 loss=0.072 ACC=98.674 F1=98.582 Rec=98.569 Prec=98.600
Train Client4 [74/100] LR=0.0000625 loss=0.066 ACC=98.552 F1=93.143 Rec=98.927 Prec=88.892
Train Client5 [74/100] LR=0.0000625 loss=0.040 ACC=98.929 F1=89.414 Rec=99.246 Prec=86.252
Train Client6 [74/100] LR=0.0000625 loss=0.271 ACC=93.611 F1=90.884 Rec=93.745 Prec=88.702
Train Client7 [74/100] LR=0.0000625 loss=0.137 ACC=97.348 F1=97.302 Rec=97.258 Prec=97.354

Val    [74/100] LR=0.0000625 loss=1.698 ACC=96.971 F1=96.964 Rec=96.971 Prec=96.988

Test-  OSR [74/100] LR=0.0000625 ACC=60.679 F1=63.146 Rec=80.905 Prec=52.969 UNK=0.000 OS*=97.086 HOS=0.000 AUROC=80.613 AUPR=73.400 OSCR=79.522
Test-Close [74/100] LR=0.0000625 loss=1.706 ACC=97.086 F1=97.073 Rec=97.086 Prec=97.097
Train Client0 [75/100] LR=0.0000625 loss=0.086 ACC=98.384 F1=78.695 Rec=78.885 Prec=78.514
Train Client1 [75/100] LR=0.0000625 loss=0.011 ACC=99.687 F1=98.214 Rec=99.038 Prec=97.484
Train Client2 [75/100] LR=0.0000625 loss=0.053 ACC=99.144 F1=97.835 Rec=97.612 Prec=98.067
Train Client3 [75/100] LR=0.0000625 loss=0.099 ACC=98.106 F1=96.216 Rec=97.864 Prec=94.796
Train Client4 [75/100] LR=0.0000625 loss=0.064 ACC=98.704 F1=91.949 Rec=98.301 Prec=88.001
Train Client5 [75/100] LR=0.0000625 loss=0.033 ACC=99.464 F1=93.058 Rec=99.576 Prec=89.875
Train Client6 [75/100] LR=0.0000625 loss=0.258 ACC=93.889 F1=91.252 Rec=94.579 Prec=88.602
Train Client7 [75/100] LR=0.0000625 loss=0.162 ACC=97.197 F1=97.092 Rec=96.794 Prec=97.398

Val    [75/100] LR=0.0000625 loss=1.701 ACC=96.914 F1=96.903 Rec=96.914 Prec=96.934

Test-  OSR [75/100] LR=0.0000625 ACC=60.536 F1=63.198 Rec=80.714 Prec=53.320 UNK=0.000 OS*=96.857 HOS=0.000 AUROC=80.334 AUPR=72.803 OSCR=79.234
Test-Close [75/100] LR=0.0000625 loss=1.711 ACC=96.857 F1=96.840 Rec=96.857 Prec=96.877
Saving model at epoch 75 . . . . . . . .

Train Client0 [76/100] LR=0.0000625 loss=0.091 ACC=98.222 F1=78.605 Rec=78.819 Prec=78.406
Train Client1 [76/100] LR=0.0000625 loss=0.009 ACC=99.826 F1=99.290 Rec=99.747 Prec=98.858
Train Client2 [76/100] LR=0.0000625 loss=0.071 ACC=98.717 F1=96.804 Rec=96.481 Prec=97.146
Train Client3 [76/100] LR=0.0000625 loss=0.065 ACC=99.053 F1=99.041 Rec=98.947 Prec=99.138
Train Client4 [76/100] LR=0.0000625 loss=0.069 ACC=98.095 F1=88.240 Rec=97.863 Prec=84.592
Train Client5 [76/100] LR=0.0000625 loss=0.046 ACC=99.375 F1=93.025 Rec=99.582 Prec=89.801
Train Client6 [76/100] LR=0.0000625 loss=0.354 ACC=94.444 F1=90.370 Rec=94.730 Prec=86.774
Train Client7 [76/100] LR=0.0000625 loss=0.128 ACC=97.500 F1=97.619 Rec=97.606 Prec=97.643

Val    [76/100] LR=0.0000625 loss=1.699 ACC=96.971 F1=96.957 Rec=96.971 Prec=96.994

Test-  OSR [76/100] LR=0.0000625 ACC=60.536 F1=63.395 Rec=80.714 Prec=53.802 UNK=0.000 OS*=96.857 HOS=0.000 AUROC=80.255 AUPR=72.837 OSCR=79.150
Test-Close [76/100] LR=0.0000625 loss=1.710 ACC=96.857 F1=96.839 Rec=96.857 Prec=96.893
Train Client0 [77/100] LR=0.0000625 loss=0.099 ACC=97.953 F1=78.338 Rec=78.570 Prec=78.121
Train Client1 [77/100] LR=0.0000625 loss=0.013 ACC=99.687 F1=97.959 Rec=99.015 Prec=97.044
Train Client2 [77/100] LR=0.0000625 loss=0.064 ACC=98.764 F1=96.868 Rec=96.495 Prec=97.259
Train Client3 [77/100] LR=0.0000625 loss=0.088 ACC=98.106 F1=97.804 Rec=97.752 Prec=97.881
Train Client4 [77/100] LR=0.0000625 loss=0.090 ACC=98.018 F1=90.310 Rec=98.770 Prec=85.398
Train Client5 [77/100] LR=0.0000625 loss=0.036 ACC=99.018 F1=90.903 Rec=99.304 Prec=87.647
Train Client6 [77/100] LR=0.0000625 loss=0.253 ACC=93.611 F1=91.721 Rec=95.492 Prec=89.325
Train Client7 [77/100] LR=0.0000625 loss=0.154 ACC=97.424 F1=97.172 Rec=97.360 Prec=96.992

Val    [77/100] LR=0.0000625 loss=1.699 ACC=96.914 F1=96.905 Rec=96.914 Prec=96.929

Test-  OSR [77/100] LR=0.0000625 ACC=60.607 F1=63.332 Rec=80.810 Prec=53.502 UNK=0.000 OS*=96.971 HOS=0.000 AUROC=80.262 AUPR=72.347 OSCR=79.194
Test-Close [77/100] LR=0.0000625 loss=1.709 ACC=96.971 F1=96.954 Rec=96.971 Prec=96.992
Train Client0 [78/100] LR=0.0000625 loss=0.081 ACC=98.653 F1=98.596 Rec=98.680 Prec=98.513
Train Client1 [78/100] LR=0.0000625 loss=0.013 ACC=99.791 F1=98.356 Rec=98.807 Prec=97.929
Train Client2 [78/100] LR=0.0000625 loss=0.058 ACC=98.764 F1=96.837 Rec=97.495 Prec=96.224
Train Client3 [78/100] LR=0.0000625 loss=0.068 ACC=98.485 F1=98.309 Rec=98.611 Prec=98.056
Train Client4 [78/100] LR=0.0000625 loss=0.065 ACC=98.704 F1=91.165 Rec=98.387 Prec=87.302
Train Client5 [78/100] LR=0.0000625 loss=0.043 ACC=99.018 F1=91.761 Rec=99.333 Prec=88.465
Train Client6 [78/100] LR=0.0000625 loss=0.267 ACC=93.889 F1=91.697 Rec=94.278 Prec=89.756
Train Client7 [78/100] LR=0.0000625 loss=0.143 ACC=97.955 F1=98.036 Rec=97.832 Prec=98.251

Val    [78/100] LR=0.0000625 loss=1.701 ACC=97.029 F1=97.015 Rec=97.029 Prec=97.063

Test-  OSR [78/100] LR=0.0000625 ACC=60.429 F1=63.309 Rec=80.571 Prec=53.803 UNK=0.000 OS*=96.686 HOS=0.000 AUROC=79.607 AUPR=71.503 OSCR=78.526
Test-Close [78/100] LR=0.0000625 loss=1.714 ACC=96.686 F1=96.663 Rec=96.686 Prec=96.730
Train Client0 [79/100] LR=0.0000625 loss=0.089 ACC=98.384 F1=78.689 Rec=78.839 Prec=78.547
Train Client1 [79/100] LR=0.0000625 loss=0.011 ACC=99.756 F1=98.324 Rec=98.795 Prec=97.878
Train Client2 [79/100] LR=0.0000625 loss=0.065 ACC=98.527 F1=96.174 Rec=95.968 Prec=96.400
Train Client3 [79/100] LR=0.0000625 loss=0.102 ACC=97.727 F1=95.936 Rec=97.467 Prec=94.649
Train Client4 [79/100] LR=0.0000625 loss=0.058 ACC=98.780 F1=92.796 Rec=98.822 Prec=89.134
Train Client5 [79/100] LR=0.0000625 loss=0.022 ACC=99.286 F1=89.677 Rec=94.554 Prec=87.300
Train Client6 [79/100] LR=0.0000625 loss=0.353 ACC=92.222 F1=89.969 Rec=93.304 Prec=87.915
Train Client7 [79/100] LR=0.0000625 loss=0.124 ACC=97.879 F1=98.170 Rec=98.114 Prec=98.242

Val    [79/100] LR=0.0000625 loss=1.696 ACC=97.029 F1=97.016 Rec=97.029 Prec=97.040

Test-  OSR [79/100] LR=0.0000625 ACC=60.714 F1=63.835 Rec=80.952 Prec=54.323 UNK=0.000 OS*=97.143 HOS=0.000 AUROC=78.788 AUPR=69.761 OSCR=77.814
Test-Close [79/100] LR=0.0000625 loss=1.711 ACC=97.143 F1=97.128 Rec=97.143 Prec=97.164
Train Client0 [80/100] LR=0.0000625 loss=0.075 ACC=98.438 F1=78.737 Rec=78.806 Prec=78.669
Train Client1 [80/100] LR=0.0000625 loss=0.007 ACC=99.861 F1=99.103 Rec=99.309 Prec=98.904
Train Client2 [80/100] LR=0.0000625 loss=0.050 ACC=99.097 F1=97.060 Rec=96.649 Prec=97.506
Train Client3 [80/100] LR=0.0000625 loss=0.108 ACC=98.485 F1=96.677 Rec=97.916 Prec=95.668
Train Client4 [80/100] LR=0.0000625 loss=0.049 ACC=98.933 F1=92.916 Rec=99.082 Prec=89.129
Train Client5 [80/100] LR=0.0000625 loss=0.022 ACC=99.286 F1=94.123 Rec=99.506 Prec=91.079
Train Client6 [80/100] LR=0.0000625 loss=0.294 ACC=95.278 F1=93.671 Rec=96.698 Prec=91.735
Train Client7 [80/100] LR=0.0000625 loss=0.155 ACC=96.894 F1=96.913 Rec=97.139 Prec=96.732

Val    [80/100] LR=0.0000625 loss=1.698 ACC=97.143 F1=97.131 Rec=97.143 Prec=97.145

Test-  OSR [80/100] LR=0.0000625 ACC=60.607 F1=63.423 Rec=80.810 Prec=53.658 UNK=0.000 OS*=96.971 HOS=0.000 AUROC=78.845 AUPR=70.211 OSCR=77.798
Test-Close [80/100] LR=0.0000625 loss=1.715 ACC=96.971 F1=96.962 Rec=96.971 Prec=96.979
Saving model at epoch 80 . . . . . . . .

Train Client0 [81/100] LR=0.0000625 loss=0.082 ACC=98.276 F1=78.738 Rec=78.843 Prec=78.639
Train Client1 [81/100] LR=0.0000625 loss=0.013 ACC=99.826 F1=99.038 Rec=99.274 Prec=98.809
Train Client2 [81/100] LR=0.0000625 loss=0.069 ACC=98.859 F1=97.375 Rec=96.922 Prec=97.862
Train Client3 [81/100] LR=0.0000625 loss=0.087 ACC=97.538 F1=95.846 Rec=97.734 Prec=94.214
Train Client4 [81/100] LR=0.0000625 loss=0.050 ACC=98.780 F1=92.436 Rec=99.038 Prec=88.266
Train Client5 [81/100] LR=0.0000625 loss=0.036 ACC=99.286 F1=91.615 Rec=94.554 Prec=89.677
Train Client6 [81/100] LR=0.0000625 loss=0.337 ACC=93.889 F1=90.272 Rec=95.338 Prec=86.453
Train Client7 [81/100] LR=0.0000625 loss=0.142 ACC=97.576 F1=98.185 Rec=98.073 Prec=98.300

Val    [81/100] LR=0.0000625 loss=1.698 ACC=97.086 F1=97.075 Rec=97.086 Prec=97.089

Test-  OSR [81/100] LR=0.0000625 ACC=60.321 F1=63.268 Rec=80.429 Prec=53.672 UNK=0.000 OS*=96.514 HOS=0.000 AUROC=78.006 AUPR=68.543 OSCR=76.970
Test-Close [81/100] LR=0.0000625 loss=1.716 ACC=96.514 F1=96.504 Rec=96.514 Prec=96.516
Train Client0 [82/100] LR=0.0000625 loss=0.099 ACC=97.953 F1=78.362 Rec=78.474 Prec=78.255
Train Client1 [82/100] LR=0.0000625 loss=0.012 ACC=99.861 F1=98.874 Rec=99.309 Prec=98.465
Train Client2 [82/100] LR=0.0000625 loss=0.055 ACC=98.812 F1=96.667 Rec=96.907 Prec=96.434
Train Client3 [82/100] LR=0.0000625 loss=0.050 ACC=98.864 F1=98.765 Rec=99.011 Prec=98.537
Train Client4 [82/100] LR=0.0000625 loss=0.055 ACC=98.780 F1=91.455 Rec=99.210 Prec=87.131
Train Client5 [82/100] LR=0.0000625 loss=0.026 ACC=99.196 F1=90.500 Rec=94.532 Prec=88.223
Train Client6 [82/100] LR=0.0000625 loss=0.293 ACC=92.222 F1=88.106 Rec=93.604 Prec=84.126
Train Client7 [82/100] LR=0.0000625 loss=0.128 ACC=98.106 F1=98.133 Rec=97.973 Prec=98.299

Val    [82/100] LR=0.0000625 loss=1.698 ACC=96.914 F1=96.906 Rec=96.914 Prec=96.919

Test-  OSR [82/100] LR=0.0000625 ACC=60.464 F1=63.459 Rec=80.619 Prec=53.853 UNK=0.000 OS*=96.743 HOS=0.000 AUROC=78.486 AUPR=69.537 OSCR=77.473
Test-Close [82/100] LR=0.0000625 loss=1.712 ACC=96.743 F1=96.730 Rec=96.743 Prec=96.753
Train Client0 [83/100] LR=0.0000625 loss=0.068 ACC=98.060 F1=78.427 Rec=78.661 Prec=78.209
Train Client1 [83/100] LR=0.0000625 loss=0.008 ACC=99.791 F1=98.774 Rec=99.239 Prec=98.335
Train Client2 [83/100] LR=0.0000625 loss=0.069 ACC=98.859 F1=97.216 Rec=97.490 Prec=96.947
Train Client3 [83/100] LR=0.0000625 loss=0.088 ACC=98.864 F1=98.665 Rec=98.835 Prec=98.499
Train Client4 [83/100] LR=0.0000625 loss=0.047 ACC=99.009 F1=95.170 Rec=98.975 Prec=92.253
Train Client5 [83/100] LR=0.0000625 loss=0.030 ACC=99.286 F1=92.935 Rec=99.480 Prec=89.725
Train Client6 [83/100] LR=0.0000625 loss=0.295 ACC=94.167 F1=91.821 Rec=93.588 Prec=90.516
Train Client7 [83/100] LR=0.0000625 loss=0.123 ACC=98.030 F1=97.925 Rec=97.999 Prec=97.855

Val    [83/100] LR=0.0000625 loss=1.694 ACC=96.857 F1=96.846 Rec=96.857 Prec=96.860

Test-  OSR [83/100] LR=0.0000625 ACC=60.464 F1=63.390 Rec=80.619 Prec=53.700 UNK=0.000 OS*=96.743 HOS=0.000 AUROC=78.279 AUPR=69.224 OSCR=77.269
Test-Close [83/100] LR=0.0000625 loss=1.712 ACC=96.743 F1=96.732 Rec=96.743 Prec=96.747
Train Client0 [84/100] LR=0.0000625 loss=0.085 ACC=98.545 F1=78.830 Rec=78.899 Prec=78.763
Train Client1 [84/100] LR=0.0000625 loss=0.009 ACC=99.826 F1=99.058 Rec=99.765 Prec=98.407
Train Client2 [84/100] LR=0.0000625 loss=0.064 ACC=98.859 F1=96.914 Rec=96.956 Prec=96.876
Train Client3 [84/100] LR=0.0000625 loss=0.088 ACC=98.674 F1=98.380 Rec=98.534 Prec=98.244
Train Client4 [84/100] LR=0.0000625 loss=0.067 ACC=98.247 F1=89.013 Rec=98.037 Prec=84.773
Train Client5 [84/100] LR=0.0000625 loss=0.018 ACC=99.464 F1=90.658 Rec=94.624 Prec=88.447
Train Client6 [84/100] LR=0.0000625 loss=0.252 ACC=94.444 F1=92.391 Rec=94.958 Prec=90.563
Train Client7 [84/100] LR=0.0000625 loss=0.122 ACC=98.258 F1=97.608 Rec=97.587 Prec=97.644

Val    [84/100] LR=0.0000625 loss=1.697 ACC=97.029 F1=97.015 Rec=97.029 Prec=97.048

Test-  OSR [84/100] LR=0.0000625 ACC=60.464 F1=63.440 Rec=80.619 Prec=53.904 UNK=0.000 OS*=96.743 HOS=0.000 AUROC=78.945 AUPR=71.396 OSCR=77.863
Test-Close [84/100] LR=0.0000625 loss=1.713 ACC=96.743 F1=96.728 Rec=96.743 Prec=96.770
Train Client0 [85/100] LR=0.0000625 loss=0.099 ACC=98.168 F1=98.096 Rec=98.374 Prec=97.832
Train Client1 [85/100] LR=0.0000625 loss=0.010 ACC=99.791 F1=98.256 Rec=98.256 Prec=98.256
Train Client2 [85/100] LR=0.0000625 loss=0.069 ACC=98.574 F1=96.324 Rec=95.629 Prec=97.094
Train Client3 [85/100] LR=0.0000625 loss=0.053 ACC=99.242 F1=99.130 Rec=99.046 Prec=99.216
Train Client4 [85/100] LR=0.0000625 loss=0.077 ACC=98.933 F1=93.566 Rec=98.910 Prec=90.079
Train Client5 [85/100] LR=0.0000625 loss=0.024 ACC=99.375 F1=92.007 Rec=99.526 Prec=88.764
Train Client6 [85/100] LR=0.0000625 loss=0.189 ACC=96.111 F1=93.071 Rec=97.448 Prec=89.675
Train Client7 [85/100] LR=0.0000625 loss=0.123 ACC=98.030 F1=98.173 Rec=98.348 Prec=98.018

Val    [85/100] LR=0.0000625 loss=1.696 ACC=97.029 F1=97.021 Rec=97.029 Prec=97.058

Test-  OSR [85/100] LR=0.0000625 ACC=60.607 F1=63.100 Rec=80.810 Prec=52.998 UNK=0.000 OS*=96.971 HOS=0.000 AUROC=80.168 AUPR=73.827 OSCR=79.006
Test-Close [85/100] LR=0.0000625 loss=1.710 ACC=96.971 F1=96.957 Rec=96.971 Prec=96.987
Saving model at epoch 85 . . . . . . . .

Train Client0 [86/100] LR=0.0000625 loss=0.077 ACC=98.545 F1=78.857 Rec=78.949 Prec=78.769
Train Client1 [86/100] LR=0.0000625 loss=0.016 ACC=99.861 F1=99.103 Rec=99.309 Prec=98.904
Train Client2 [86/100] LR=0.0000625 loss=0.054 ACC=98.907 F1=97.059 Rec=96.970 Prec=97.150
Train Client3 [86/100] LR=0.0000625 loss=0.092 ACC=98.674 F1=98.544 Rec=98.357 Prec=98.740
Train Client4 [86/100] LR=0.0000625 loss=0.048 ACC=99.085 F1=93.707 Rec=98.240 Prec=90.532
Train Client5 [86/100] LR=0.0000625 loss=0.029 ACC=99.554 F1=95.739 Rec=99.678 Prec=93.134
Train Client6 [86/100] LR=0.0000625 loss=0.303 ACC=94.722 F1=92.243 Rec=94.732 Prec=90.445
Train Client7 [86/100] LR=0.0000625 loss=0.122 ACC=97.652 F1=97.692 Rec=97.346 Prec=98.050

Val    [86/100] LR=0.0000625 loss=1.702 ACC=96.857 F1=96.837 Rec=96.857 Prec=96.887

Test-  OSR [86/100] LR=0.0000625 ACC=60.607 F1=63.480 Rec=80.810 Prec=53.910 UNK=0.000 OS*=96.971 HOS=0.000 AUROC=78.494 AUPR=71.583 OSCR=77.384
Test-Close [86/100] LR=0.0000625 loss=1.716 ACC=96.971 F1=96.951 Rec=96.971 Prec=97.002
Train Client0 [87/100] LR=0.0000625 loss=0.082 ACC=98.599 F1=98.544 Rec=98.770 Prec=98.328
Train Client1 [87/100] LR=0.0000625 loss=0.008 ACC=99.791 F1=98.770 Rec=99.612 Prec=98.025
Train Client2 [87/100] LR=0.0000625 loss=0.058 ACC=99.097 F1=97.534 Rec=97.064 Prec=98.038
Train Client3 [87/100] LR=0.0000625 loss=0.056 ACC=99.242 F1=99.137 Rec=99.041 Prec=99.235
Train Client4 [87/100] LR=0.0000625 loss=0.046 ACC=98.857 F1=93.079 Rec=98.173 Prec=89.838
Train Client5 [87/100] LR=0.0000625 loss=0.018 ACC=99.286 F1=88.945 Rec=94.554 Prec=86.542
Train Client6 [87/100] LR=0.0000625 loss=0.267 ACC=92.500 F1=88.898 Rec=90.639 Prec=87.438
Train Client7 [87/100] LR=0.0000625 loss=0.126 ACC=98.258 F1=97.896 Rec=97.955 Prec=97.869

Val    [87/100] LR=0.0000625 loss=1.704 ACC=96.914 F1=96.898 Rec=96.914 Prec=96.952

Test-  OSR [87/100] LR=0.0000625 ACC=60.429 F1=63.265 Rec=80.571 Prec=53.675 UNK=0.000 OS*=96.686 HOS=0.000 AUROC=78.227 AUPR=70.579 OSCR=77.133
Test-Close [87/100] LR=0.0000625 loss=1.717 ACC=96.686 F1=96.669 Rec=96.686 Prec=96.716
Train Client0 [88/100] LR=0.0000625 loss=0.090 ACC=98.222 F1=78.566 Rec=78.723 Prec=78.417
Train Client1 [88/100] LR=0.0000625 loss=0.011 ACC=99.652 F1=97.995 Rec=97.879 Prec=98.115
Train Client2 [88/100] LR=0.0000625 loss=0.051 ACC=99.002 F1=97.402 Rec=96.682 Prec=98.201
Train Client3 [88/100] LR=0.0000625 loss=0.080 ACC=98.295 F1=98.058 Rec=98.148 Prec=97.970
Train Client4 [88/100] LR=0.0000625 loss=0.053 ACC=98.476 F1=91.352 Rec=98.948 Prec=87.155
Train Client5 [88/100] LR=0.0000625 loss=0.037 ACC=98.839 F1=89.930 Rec=99.159 Prec=86.648
Train Client6 [88/100] LR=0.0000625 loss=0.336 ACC=93.056 F1=88.920 Rec=90.201 Prec=87.810
Train Client7 [88/100] LR=0.0000625 loss=0.111 ACC=97.879 F1=97.864 Rec=98.158 Prec=97.609

Val    [88/100] LR=0.0000625 loss=1.708 ACC=96.800 F1=96.784 Rec=96.800 Prec=96.843

Test-  OSR [88/100] LR=0.0000625 ACC=60.357 F1=63.255 Rec=80.476 Prec=53.830 UNK=0.000 OS*=96.571 HOS=0.000 AUROC=78.282 AUPR=70.353 OSCR=77.192
Test-Close [88/100] LR=0.0000625 loss=1.716 ACC=96.571 F1=96.551 Rec=96.571 Prec=96.617
Train Client0 [89/100] LR=0.0000625 loss=0.105 ACC=97.791 F1=78.245 Rec=78.412 Prec=78.089
Train Client1 [89/100] LR=0.0000625 loss=0.009 ACC=99.826 F1=98.616 Rec=99.274 Prec=98.014
Train Client2 [89/100] LR=0.0000625 loss=0.064 ACC=98.717 F1=96.500 Rec=96.345 Prec=96.664
Train Client3 [89/100] LR=0.0000625 loss=0.084 ACC=98.295 F1=98.079 Rec=98.142 Prec=98.025
Train Client4 [89/100] LR=0.0000625 loss=0.056 ACC=98.628 F1=90.801 Rec=99.036 Prec=86.464
Train Client5 [89/100] LR=0.0000625 loss=0.057 ACC=99.107 F1=92.809 Rec=99.354 Prec=89.599
Train Client6 [89/100] LR=0.0000625 loss=0.289 ACC=93.056 F1=89.420 Rec=90.787 Prec=88.210
Train Client7 [89/100] LR=0.0000625 loss=0.123 ACC=97.879 F1=90.498 Rec=96.814 Prec=87.528

Val    [89/100] LR=0.0000625 loss=1.704 ACC=96.914 F1=96.899 Rec=96.914 Prec=96.935

Test-  OSR [89/100] LR=0.0000625 ACC=60.464 F1=63.505 Rec=80.619 Prec=54.077 UNK=0.000 OS*=96.743 HOS=0.000 AUROC=77.460 AUPR=69.410 OSCR=76.414
Test-Close [89/100] LR=0.0000625 loss=1.717 ACC=96.743 F1=96.728 Rec=96.743 Prec=96.770
Train Client0 [90/100] LR=0.0000625 loss=0.096 ACC=97.899 F1=78.328 Rec=78.549 Prec=78.121
Train Client1 [90/100] LR=0.0000625 loss=0.028 ACC=99.687 F1=98.519 Rec=98.896 Prec=98.168
Train Client2 [90/100] LR=0.0000625 loss=0.058 ACC=98.907 F1=97.092 Rec=96.403 Prec=97.859
Train Client3 [90/100] LR=0.0000625 loss=0.083 ACC=98.674 F1=98.558 Rec=98.376 Prec=98.750
Train Client4 [90/100] LR=0.0000625 loss=0.080 ACC=98.399 F1=91.633 Rec=98.926 Prec=87.299
Train Client5 [90/100] LR=0.0000625 loss=0.021 ACC=99.554 F1=94.309 Rec=99.679 Prec=91.278
Train Client6 [90/100] LR=0.0000625 loss=0.303 ACC=93.611 F1=91.064 Rec=93.440 Prec=89.505
Train Client7 [90/100] LR=0.0000625 loss=0.135 ACC=97.727 F1=97.658 Rec=97.469 Prec=97.857

Val    [90/100] LR=0.0000625 loss=1.704 ACC=96.914 F1=96.900 Rec=96.914 Prec=96.935

Test-  OSR [90/100] LR=0.0000625 ACC=60.464 F1=63.292 Rec=80.619 Prec=53.727 UNK=0.000 OS*=96.743 HOS=0.000 AUROC=78.564 AUPR=71.630 OSCR=77.433
Test-Close [90/100] LR=0.0000625 loss=1.715 ACC=96.743 F1=96.726 Rec=96.743 Prec=96.778
Saving model at epoch 90 . . . . . . . .

Train Client0 [91/100] LR=0.0000625 loss=0.087 ACC=98.384 F1=78.683 Rec=78.785 Prec=78.583
Train Client1 [91/100] LR=0.0000625 loss=0.006 ACC=99.896 F1=99.387 Rec=99.835 Prec=98.965
Train Client2 [91/100] LR=0.0000625 loss=0.058 ACC=98.859 F1=96.780 Rec=96.139 Prec=97.499
Train Client3 [91/100] LR=0.0000625 loss=0.058 ACC=99.242 F1=99.126 Rec=99.034 Prec=99.220
Train Client4 [91/100] LR=0.0000625 loss=0.038 ACC=99.162 F1=94.664 Rec=98.306 Prec=91.904
Train Client5 [91/100] LR=0.0000625 loss=0.036 ACC=99.464 F1=94.247 Rec=99.603 Prec=91.229
Train Client6 [91/100] LR=0.0000625 loss=0.285 ACC=92.222 F1=88.553 Rec=91.040 Prec=86.574
Train Client7 [91/100] LR=0.0000625 loss=0.127 ACC=97.879 F1=98.011 Rec=97.761 Prec=98.276

Val    [91/100] LR=0.0000625 loss=1.699 ACC=96.857 F1=96.848 Rec=96.857 Prec=96.856

Test-  OSR [91/100] LR=0.0000625 ACC=60.536 F1=63.355 Rec=80.714 Prec=53.600 UNK=0.000 OS*=96.857 HOS=0.000 AUROC=78.288 AUPR=71.095 OSCR=77.224
Test-Close [91/100] LR=0.0000625 loss=1.711 ACC=96.857 F1=96.847 Rec=96.857 Prec=96.867
Train Client0 [92/100] LR=0.0000625 loss=0.075 ACC=98.168 F1=78.538 Rec=78.607 Prec=78.472
Train Client1 [92/100] LR=0.0000625 loss=0.008 ACC=99.791 F1=98.748 Rec=98.748 Prec=98.748
Train Client2 [92/100] LR=0.0000625 loss=0.068 ACC=98.764 F1=96.696 Rec=96.575 Prec=96.818
Train Client3 [92/100] LR=0.0000625 loss=0.063 ACC=98.295 F1=96.422 Rec=98.008 Prec=95.150
Train Client4 [92/100] LR=0.0000625 loss=0.045 ACC=98.628 F1=92.250 Rec=99.252 Prec=87.739
Train Client5 [92/100] LR=0.0000625 loss=0.012 ACC=99.732 F1=95.862 Rec=99.801 Prec=93.258
Train Client6 [92/100] LR=0.0000625 loss=0.266 ACC=95.278 F1=91.530 Rec=94.400 Prec=89.079
Train Client7 [92/100] LR=0.0000625 loss=0.148 ACC=97.727 F1=97.920 Rec=97.717 Prec=98.134

Val    [92/100] LR=0.0000625 loss=1.709 ACC=96.686 F1=96.666 Rec=96.686 Prec=96.724

Test-  OSR [92/100] LR=0.0000625 ACC=60.500 F1=63.343 Rec=80.667 Prec=53.856 UNK=0.000 OS*=96.800 HOS=0.000 AUROC=79.153 AUPR=72.347 OSCR=78.010
Test-Close [92/100] LR=0.0000625 loss=1.718 ACC=96.800 F1=96.776 Rec=96.800 Prec=96.852
Train Client0 [93/100] LR=0.0000625 loss=0.087 ACC=98.168 F1=78.539 Rec=78.620 Prec=78.462
Train Client1 [93/100] LR=0.0000625 loss=0.014 ACC=99.652 F1=97.943 Rec=98.590 Prec=97.348
Train Client2 [93/100] LR=0.0000625 loss=0.041 ACC=99.192 F1=97.417 Rec=97.093 Prec=97.760
Train Client3 [93/100] LR=0.0000625 loss=0.076 ACC=98.864 F1=98.677 Rec=98.839 Prec=98.523
Train Client4 [93/100] LR=0.0000625 loss=0.066 ACC=98.704 F1=91.785 Rec=98.387 Prec=88.070
Train Client5 [93/100] LR=0.0000625 loss=0.035 ACC=99.464 F1=95.677 Rec=99.629 Prec=93.059
Train Client6 [93/100] LR=0.0000625 loss=0.257 ACC=94.722 F1=92.255 Rec=94.800 Prec=90.198
Train Client7 [93/100] LR=0.0000625 loss=0.142 ACC=97.424 F1=97.709 Rec=97.488 Prec=97.944

Val    [93/100] LR=0.0000625 loss=1.705 ACC=96.857 F1=96.847 Rec=96.857 Prec=96.888

Test-  OSR [93/100] LR=0.0000625 ACC=60.500 F1=63.086 Rec=80.667 Prec=53.207 UNK=0.000 OS*=96.800 HOS=0.000 AUROC=79.088 AUPR=72.433 OSCR=77.956
Test-Close [93/100] LR=0.0000625 loss=1.712 ACC=96.800 F1=96.779 Rec=96.800 Prec=96.832
Train Client0 [94/100] LR=0.0000625 loss=0.091 ACC=97.953 F1=78.323 Rec=78.579 Prec=78.084
Train Client1 [94/100] LR=0.0000625 loss=0.007 ACC=99.826 F1=98.809 Rec=99.274 Prec=98.370
Train Client2 [94/100] LR=0.0000625 loss=0.056 ACC=98.859 F1=97.033 Rec=97.241 Prec=96.830
Train Client3 [94/100] LR=0.0000625 loss=0.073 ACC=98.295 F1=98.093 Rec=98.016 Prec=98.172
Train Client4 [94/100] LR=0.0000625 loss=0.030 ACC=99.390 F1=96.697 Rec=99.562 Prec=94.302
Train Client5 [94/100] LR=0.0000625 loss=0.037 ACC=99.286 F1=91.613 Rec=94.552 Prec=89.675
Train Client6 [94/100] LR=0.0000625 loss=0.286 ACC=93.611 F1=91.194 Rec=93.445 Prec=89.440
Train Client7 [94/100] LR=0.0000625 loss=0.119 ACC=97.803 F1=97.780 Rec=97.743 Prec=97.829

Val    [94/100] LR=0.0000625 loss=1.709 ACC=96.800 F1=96.790 Rec=96.800 Prec=96.811

Test-  OSR [94/100] LR=0.0000625 ACC=60.429 F1=63.346 Rec=80.571 Prec=53.731 UNK=0.000 OS*=96.686 HOS=0.000 AUROC=77.160 AUPR=68.532 OSCR=76.161
Test-Close [94/100] LR=0.0000625 loss=1.714 ACC=96.686 F1=96.671 Rec=96.686 Prec=96.700
Train Client0 [95/100] LR=0.0000625 loss=0.077 ACC=98.330 F1=78.682 Rec=78.818 Prec=78.553
Train Client1 [95/100] LR=0.0000625 loss=0.012 ACC=99.687 F1=97.945 Rec=98.583 Prec=97.360
Train Client2 [95/100] LR=0.0000625 loss=0.053 ACC=99.097 F1=97.977 Rec=98.109 Prec=97.847
Train Client3 [95/100] LR=0.0000625 loss=0.075 ACC=98.485 F1=95.675 Rec=98.263 Prec=93.810
Train Client4 [95/100] LR=0.0000625 loss=0.054 ACC=99.085 F1=94.406 Rec=97.613 Prec=92.113
Train Client5 [95/100] LR=0.0000625 loss=0.031 ACC=99.375 F1=94.185 Rec=99.554 Prec=91.154
Train Client6 [95/100] LR=0.0000625 loss=0.285 ACC=94.167 F1=92.068 Rec=94.880 Prec=90.022
Train Client7 [95/100] LR=0.0000625 loss=0.143 ACC=97.500 F1=97.834 Rec=97.699 Prec=97.974

Val    [95/100] LR=0.0000625 loss=1.709 ACC=96.914 F1=96.908 Rec=96.914 Prec=96.925

Test-  OSR [95/100] LR=0.0000625 ACC=60.571 F1=63.351 Rec=80.762 Prec=53.568 UNK=0.000 OS*=96.914 HOS=0.000 AUROC=78.192 AUPR=70.075 OSCR=77.140
Test-Close [95/100] LR=0.0000625 loss=1.717 ACC=96.914 F1=96.900 Rec=96.914 Prec=96.937
Saving model at epoch 95 . . . . . . . .

Train Client0 [96/100] LR=0.0000625 loss=0.085 ACC=98.330 F1=78.646 Rec=78.815 Prec=78.485
Train Client1 [96/100] LR=0.0000625 loss=0.014 ACC=99.756 F1=98.781 Rec=98.761 Prec=98.801
Train Client2 [96/100] LR=0.0000625 loss=0.067 ACC=98.622 F1=97.104 Rec=97.029 Prec=97.182
Train Client3 [96/100] LR=0.0000625 loss=0.067 ACC=98.674 F1=98.390 Rec=98.362 Prec=98.454
Train Client4 [96/100] LR=0.0000625 loss=0.052 ACC=99.009 F1=93.236 Rec=98.046 Prec=90.261
Train Client5 [96/100] LR=0.0000625 loss=0.032 ACC=99.196 F1=91.883 Rec=99.404 Prec=88.639
Train Client6 [96/100] LR=0.0000625 loss=0.273 ACC=93.056 F1=90.249 Rec=92.306 Prec=88.643
Train Client7 [96/100] LR=0.0000625 loss=0.147 ACC=97.348 F1=97.718 Rec=97.562 Prec=97.880

Val    [96/100] LR=0.0000625 loss=1.710 ACC=96.686 F1=96.671 Rec=96.686 Prec=96.726

Test-  OSR [96/100] LR=0.0000625 ACC=60.536 F1=63.041 Rec=80.714 Prec=53.076 UNK=0.000 OS*=96.857 HOS=0.000 AUROC=79.376 AUPR=72.858 OSCR=78.197
Test-Close [96/100] LR=0.0000625 loss=1.717 ACC=96.857 F1=96.838 Rec=96.857 Prec=96.890
Train Client0 [97/100] LR=0.0000625 loss=0.088 ACC=98.276 F1=78.584 Rec=78.796 Prec=78.385
Train Client1 [97/100] LR=0.0000625 loss=0.017 ACC=99.826 F1=99.038 Rec=99.215 Prec=98.869
Train Client2 [97/100] LR=0.0000625 loss=0.063 ACC=98.622 F1=96.655 Rec=95.963 Prec=97.423
Train Client3 [97/100] LR=0.0000625 loss=0.089 ACC=98.295 F1=98.206 Rec=98.191 Prec=98.225
Train Client4 [97/100] LR=0.0000625 loss=0.042 ACC=99.009 F1=93.583 Rec=98.218 Prec=90.313
Train Client5 [97/100] LR=0.0000625 loss=0.017 ACC=99.554 F1=94.308 Rec=99.651 Prec=91.304
Train Client6 [97/100] LR=0.0000625 loss=0.274 ACC=93.889 F1=91.685 Rec=94.579 Prec=89.648
Train Client7 [97/100] LR=0.0000625 loss=0.131 ACC=97.879 F1=98.160 Rec=97.766 Prec=98.571

Val    [97/100] LR=0.0000625 loss=1.703 ACC=97.086 F1=97.086 Rec=97.086 Prec=97.109

Test-  OSR [97/100] LR=0.0000625 ACC=60.679 F1=63.033 Rec=80.905 Prec=52.750 UNK=0.000 OS*=97.086 HOS=0.000 AUROC=79.698 AUPR=73.161 OSCR=78.557
Test-Close [97/100] LR=0.0000625 loss=1.714 ACC=97.086 F1=97.069 Rec=97.086 Prec=97.111
Train Client0 [98/100] LR=0.0000625 loss=0.081 ACC=98.060 F1=78.420 Rec=78.565 Prec=78.282
Train Client1 [98/100] LR=0.0000625 loss=0.008 ACC=99.721 F1=97.950 Rec=98.559 Prec=97.395
Train Client2 [98/100] LR=0.0000625 loss=0.060 ACC=99.097 F1=97.261 Rec=97.098 Prec=97.434
Train Client3 [98/100] LR=0.0000625 loss=0.061 ACC=98.864 F1=98.638 Rec=98.462 Prec=98.819
Train Client4 [98/100] LR=0.0000625 loss=0.050 ACC=98.857 F1=93.023 Rec=98.216 Prec=89.694
Train Client5 [98/100] LR=0.0000625 loss=0.026 ACC=99.286 F1=92.873 Rec=99.494 Prec=89.588
Train Client6 [98/100] LR=0.0000625 loss=0.232 ACC=94.722 F1=92.202 Rec=92.976 Prec=91.484
Train Client7 [98/100] LR=0.0000625 loss=0.134 ACC=97.803 F1=97.812 Rec=97.995 Prec=97.683

Val    [98/100] LR=0.0000625 loss=1.706 ACC=96.971 F1=96.971 Rec=96.971 Prec=96.993

Test-  OSR [98/100] LR=0.0000625 ACC=60.607 F1=62.973 Rec=80.810 Prec=52.637 UNK=0.000 OS*=96.971 HOS=0.000 AUROC=79.610 AUPR=72.107 OSCR=78.527
Test-Close [98/100] LR=0.0000625 loss=1.714 ACC=96.971 F1=96.962 Rec=96.971 Prec=96.975
Train Client0 [99/100] LR=0.0000625 loss=0.079 ACC=98.491 F1=78.817 Rec=78.976 Prec=78.666
Train Client1 [99/100] LR=0.0000625 loss=0.007 ACC=99.861 F1=98.845 Rec=99.309 Prec=98.406
Train Client2 [99/100] LR=0.0000625 loss=0.052 ACC=99.192 F1=97.595 Rec=97.377 Prec=97.822
Train Client3 [99/100] LR=0.0000625 loss=0.098 ACC=97.727 F1=97.193 Rec=96.973 Prec=97.471
Train Client4 [99/100] LR=0.0000625 loss=0.038 ACC=99.238 F1=96.627 Rec=99.215 Prec=94.505
Train Client5 [99/100] LR=0.0000625 loss=0.032 ACC=99.286 F1=90.366 Rec=99.479 Prec=87.196
Train Client6 [99/100] LR=0.0000625 loss=0.272 ACC=93.889 F1=91.371 Rec=93.287 Prec=89.904
Train Client7 [99/100] LR=0.0000625 loss=0.146 ACC=97.652 F1=97.718 Rec=97.395 Prec=98.052

Val    [99/100] LR=0.0000625 loss=1.707 ACC=97.029 F1=97.031 Rec=97.029 Prec=97.051

Test-  OSR [99/100] LR=0.0000625 ACC=60.536 F1=62.905 Rec=80.714 Prec=52.527 UNK=0.000 OS*=96.857 HOS=0.000 AUROC=79.001 AUPR=71.419 OSCR=77.904
Test-Close [99/100] LR=0.0000625 loss=1.716 ACC=96.857 F1=96.851 Rec=96.857 Prec=96.854
------>Best performance (by OSCR)--->>>>>>>

Test-  OSR [12/100] ACC=60.536 F1=62.905 Rec=80.714 Prec=52.527 UNK=0.000 OS*=96.857 HOS=0.000 AUROC=79.001 AUPR=71.419 OSCR=77.904
=====================================================================================================================================
The ending time ：2026-05-29 01:02:01
