Logging to: ./logs/RetinalOCT_Pretrain_K5_U3_seed0_20260528_124820.log
==> Preparing data..
Known class list: [6 2 1 7 3] Unknown class list [0 5 4]
Total images — Train: 18400, Val: 2800, Test: 2800
{6: 0, 2: 1, 1: 2, 7: 3, 3: 4} {0: 5, 5: 6, 4: 7}
Known origin: [6 2 1 7 3] , new: [0 1 2 3 4]
Unknown origin: [0 5 4] , new: [5 6 7]
Known/Unknown in Train: 11500/6900
Known/Unknown in Val:   1750/1050
Known/Unknown in Test:  1750/1050
Client0 sample num: 1861
Client1 sample num: 2876
Client2 sample num: 2109
Client3 sample num: 533
Client4 sample num: 1312
Client5 sample num: 1125
Client6 sample num: 362
Client7 sample num: 1322

>>> Setting up
==> Building [Resnet18] model..
154
120
Train Client0 [0/100] LR=0.0005000 loss=1.453 ACC=70.259 F1=50.610 Rec=50.469 Prec=51.036
Train Client1 [0/100] LR=0.0005000 loss=1.121 ACC=80.780 F1=56.280 Rec=55.723 Prec=57.254
Train Client2 [0/100] LR=0.0005000 loss=1.258 ACC=77.091 F1=48.744 Rec=48.425 Prec=51.861
Train Client3 [0/100] LR=0.0005000 loss=1.936 ACC=65.720 F1=45.388 Rec=45.047 Prec=46.105
Train Client4 [0/100] LR=0.0005000 loss=0.947 ACC=84.604 F1=38.563 Rec=38.784 Prec=40.415
Train Client5 [0/100] LR=0.0005000 loss=1.708 ACC=69.107 F1=46.150 Rec=46.684 Prec=46.511
Train Client6 [0/100] LR=0.0005000 loss=1.964 ACC=65.278 F1=26.314 Rec=27.126 Prec=25.870
Train Client7 [0/100] LR=0.0005000 loss=1.596 ACC=72.803 F1=38.024 Rec=36.459 Prec=43.680

Val    [0/100] LR=0.0005000 loss=2.840 ACC=43.314 F1=30.058 Rec=43.314 Prec=48.647

Test-  OSR [0/100] LR=0.0005000 ACC=27.714 F1=19.974 Rec=36.952 Prec=37.286 UNK=0.000 OS*=44.343 HOS=0.000 AUROC=59.487 AUPR=51.400 OSCR=31.722
Test-Close [0/100] LR=0.0005000 loss=2.837 ACC=44.343 F1=31.896 Rec=44.343 Prec=53.067
Saving best model . . . . . . . .

Saving model at epoch 0 . . . . . . . .

Train Client0 [1/100] LR=0.0005000 loss=0.991 ACC=78.556 F1=74.048 Rec=73.764 Prec=74.413
Train Client1 [1/100] LR=0.0005000 loss=0.853 ACC=84.993 F1=61.050 Rec=60.188 Prec=62.370
Train Client2 [1/100] LR=0.0005000 loss=0.947 ACC=82.700 F1=58.966 Rec=58.211 Prec=61.665
Train Client3 [1/100] LR=0.0005000 loss=1.497 ACC=74.621 F1=52.112 Rec=51.925 Prec=53.194
Train Client4 [1/100] LR=0.0005000 loss=0.820 ACC=86.052 F1=41.722 Rec=41.861 Prec=41.873
Train Client5 [1/100] LR=0.0005000 loss=1.172 ACC=77.679 F1=58.509 Rec=57.716 Prec=59.770
Train Client6 [1/100] LR=0.0005000 loss=1.484 ACC=75.000 F1=34.284 Rec=33.444 Prec=36.925
Train Client7 [1/100] LR=0.0005000 loss=1.060 ACC=80.985 F1=50.758 Rec=49.531 Prec=52.798

Val    [1/100] LR=0.0005000 loss=2.425 ACC=67.314 F1=64.667 Rec=67.314 Prec=83.106

Test-  OSR [1/100] LR=0.0005000 ACC=41.393 F1=43.637 Rec=55.190 Prec=56.289 UNK=0.000 OS*=66.229 HOS=0.000 AUROC=58.432 AUPR=44.056 OSCR=46.038
Test-Close [1/100] LR=0.0005000 loss=2.425 ACC=66.229 F1=63.660 Rec=66.229 Prec=82.626
Saving best model . . . . . . . .

Train Client0 [2/100] LR=0.0005000 loss=0.897 ACC=80.765 F1=61.251 Rec=60.969 Prec=61.900
Train Client1 [2/100] LR=0.0005000 loss=0.664 ACC=88.057 F1=66.088 Rec=65.215 Prec=75.718
Train Client2 [2/100] LR=0.0005000 loss=0.860 ACC=83.175 F1=60.175 Rec=59.659 Prec=62.223
Train Client3 [2/100] LR=0.0005000 loss=1.355 ACC=77.462 F1=57.014 Rec=56.344 Prec=58.133
Train Client4 [2/100] LR=0.0005000 loss=0.642 ACC=89.101 F1=47.195 Rec=47.373 Prec=47.217
Train Client5 [2/100] LR=0.0005000 loss=0.794 ACC=85.089 F1=65.466 Rec=65.486 Prec=65.449
Train Client6 [2/100] LR=0.0005000 loss=1.154 ACC=78.889 F1=47.697 Rec=48.266 Prec=50.275
Train Client7 [2/100] LR=0.0005000 loss=1.087 ACC=79.242 F1=49.663 Rec=48.234 Prec=52.411

Val    [2/100] LR=0.0005000 loss=2.229 ACC=81.314 F1=81.093 Rec=81.314 Prec=85.193

Test-  OSR [2/100] LR=0.0005000 ACC=50.107 F1=54.851 Rec=66.810 Prec=53.601 UNK=0.000 OS*=80.171 HOS=0.000 AUROC=43.619 AUPR=35.453 OSCR=39.117
Test-Close [2/100] LR=0.0005000 loss=2.235 ACC=80.171 F1=79.914 Rec=80.171 Prec=84.327
Train Client0 [3/100] LR=0.0005000 loss=0.763 ACC=82.381 F1=79.668 Rec=79.725 Prec=79.674
Train Client1 [3/100] LR=0.0005000 loss=0.594 ACC=89.102 F1=66.497 Rec=65.880 Prec=67.387
Train Client2 [3/100] LR=0.0005000 loss=0.700 ACC=87.643 F1=68.497 Rec=68.160 Prec=70.755
Train Client3 [3/100] LR=0.0005000 loss=0.997 ACC=83.333 F1=62.480 Rec=61.554 Prec=64.036
Train Client4 [3/100] LR=0.0005000 loss=0.616 ACC=90.320 F1=49.544 Rec=47.952 Prec=55.690
Train Client5 [3/100] LR=0.0005000 loss=0.684 ACC=87.679 F1=73.181 Rec=73.691 Prec=72.784
Train Client6 [3/100] LR=0.0005000 loss=1.138 ACC=79.444 F1=50.293 Rec=48.144 Prec=54.832
Train Client7 [3/100] LR=0.0005000 loss=0.840 ACC=85.000 F1=60.504 Rec=58.695 Prec=62.763

Val    [3/100] LR=0.0005000 loss=2.043 ACC=85.829 F1=85.632 Rec=85.829 Prec=89.042

Test-  OSR [3/100] LR=0.0005000 ACC=53.000 F1=57.663 Rec=70.667 Prec=55.445 UNK=0.000 OS*=84.800 HOS=0.000 AUROC=47.936 AUPR=36.645 OSCR=44.548
Test-Close [3/100] LR=0.0005000 loss=2.054 ACC=84.800 F1=84.603 Rec=84.800 Prec=88.297
Train Client0 [4/100] LR=0.0005000 loss=0.670 ACC=86.045 F1=67.138 Rec=67.343 Prec=66.990
Train Client1 [4/100] LR=0.0005000 loss=0.460 ACC=92.131 F1=71.430 Rec=70.698 Prec=77.517
Train Client2 [4/100] LR=0.0005000 loss=0.615 ACC=88.593 F1=70.988 Rec=70.304 Prec=73.402
Train Client3 [4/100] LR=0.0005000 loss=0.839 ACC=88.258 F1=72.196 Rec=69.803 Prec=78.339
Train Client4 [4/100] LR=0.0005000 loss=0.456 ACC=92.073 F1=59.873 Rec=57.492 Prec=63.553
Train Client5 [4/100] LR=0.0005000 loss=0.650 ACC=87.232 F1=68.302 Rec=68.590 Prec=68.028
Train Client6 [4/100] LR=0.0005000 loss=1.124 ACC=80.278 F1=56.325 Rec=55.195 Prec=59.716
Train Client7 [4/100] LR=0.0005000 loss=0.805 ACC=85.076 F1=59.249 Rec=57.068 Prec=62.816

Val    [4/100] LR=0.0005000 loss=1.937 ACC=88.457 F1=88.323 Rec=88.457 Prec=90.745

Test-  OSR [4/100] LR=0.0005000 ACC=54.750 F1=57.922 Rec=73.000 Prec=52.392 UNK=0.000 OS*=87.600 HOS=0.000 AUROC=76.875 AUPR=60.325 OSCR=71.678
Test-Close [4/100] LR=0.0005000 loss=1.946 ACC=87.600 F1=87.518 Rec=87.600 Prec=90.106
Saving best model . . . . . . . .

Train Client0 [5/100] LR=0.0005000 loss=0.583 ACC=87.769 F1=69.088 Rec=69.211 Prec=69.004
Train Client1 [5/100] LR=0.0005000 loss=0.438 ACC=91.539 F1=73.410 Rec=71.814 Prec=76.630
Train Client2 [5/100] LR=0.0005000 loss=0.534 ACC=90.209 F1=76.207 Rec=75.119 Prec=78.976
Train Client3 [5/100] LR=0.0005000 loss=0.756 ACC=86.742 F1=70.186 Rec=68.515 Prec=73.329
Train Client4 [5/100] LR=0.0005000 loss=0.357 ACC=94.817 F1=64.382 Rec=62.733 Prec=66.546
Train Client5 [5/100] LR=0.0005000 loss=0.618 ACC=88.839 F1=70.263 Rec=70.357 Prec=70.185
Train Client6 [5/100] LR=0.0005000 loss=0.812 ACC=85.556 F1=70.379 Rec=72.228 Prec=70.339
Train Client7 [5/100] LR=0.0005000 loss=0.755 ACC=85.379 F1=62.316 Rec=60.882 Prec=64.152

Val    [5/100] LR=0.0005000 loss=1.911 ACC=88.743 F1=88.591 Rec=88.743 Prec=91.042

Test-  OSR [5/100] LR=0.0005000 ACC=55.429 F1=58.974 Rec=73.905 Prec=53.335 UNK=0.000 OS*=88.686 HOS=0.000 AUROC=74.544 AUPR=54.158 OSCR=70.355
Test-Close [5/100] LR=0.0005000 loss=1.916 ACC=88.686 F1=88.618 Rec=88.686 Prec=90.853
Saving model at epoch 5 . . . . . . . .

Train Client0 [6/100] LR=0.0005000 loss=0.532 ACC=88.416 F1=69.488 Rec=69.705 Prec=69.298
Train Client1 [6/100] LR=0.0005000 loss=0.378 ACC=92.618 F1=78.017 Rec=75.715 Prec=82.500
Train Client2 [6/100] LR=0.0005000 loss=0.495 ACC=90.922 F1=79.118 Rec=78.054 Prec=81.617
Train Client3 [6/100] LR=0.0005000 loss=0.644 ACC=90.152 F1=82.853 Rec=79.052 Prec=90.264
Train Client4 [6/100] LR=0.0005000 loss=0.317 ACC=94.436 F1=67.508 Rec=67.327 Prec=68.211
Train Client5 [6/100] LR=0.0005000 loss=0.476 ACC=91.964 F1=72.692 Rec=72.817 Prec=72.570
Train Client6 [6/100] LR=0.0005000 loss=0.831 ACC=82.778 F1=63.442 Rec=67.229 Prec=61.385
Train Client7 [6/100] LR=0.0005000 loss=0.663 ACC=88.106 F1=65.448 Rec=64.071 Prec=67.284

Val    [6/100] LR=0.0005000 loss=1.828 ACC=92.743 F1=92.569 Rec=92.743 Prec=93.564

Test-  OSR [6/100] LR=0.0005000 ACC=58.429 F1=61.673 Rec=77.905 Prec=54.062 UNK=0.000 OS*=93.486 HOS=0.000 AUROC=80.770 AUPR=64.432 OSCR=78.293
Test-Close [6/100] LR=0.0005000 loss=1.825 ACC=93.486 F1=93.353 Rec=93.486 Prec=94.092
Saving best model . . . . . . . .

Train Client0 [7/100] LR=0.0005000 loss=0.557 ACC=88.847 F1=69.927 Rec=69.768 Prec=70.142
Train Client1 [7/100] LR=0.0005000 loss=0.321 ACC=93.872 F1=80.927 Rec=79.154 Prec=83.770
Train Client2 [7/100] LR=0.0005000 loss=0.463 ACC=91.635 F1=82.633 Rec=81.554 Prec=84.780
Train Client3 [7/100] LR=0.0005000 loss=0.492 ACC=91.477 F1=79.219 Rec=77.581 Prec=81.685
Train Client4 [7/100] LR=0.0005000 loss=0.301 ACC=94.665 F1=69.128 Rec=67.610 Prec=71.137
Train Client5 [7/100] LR=0.0005000 loss=0.430 ACC=93.036 F1=73.394 Rec=73.226 Prec=73.577
Train Client6 [7/100] LR=0.0005000 loss=0.707 ACC=86.667 F1=73.569 Rec=74.787 Prec=73.328
Train Client7 [7/100] LR=0.0005000 loss=0.588 ACC=88.788 F1=85.835 Rec=85.001 Prec=86.873

Val    [7/100] LR=0.0005000 loss=1.834 ACC=93.371 F1=93.242 Rec=93.371 Prec=94.160

Test-  OSR [7/100] LR=0.0005000 ACC=58.071 F1=60.357 Rec=77.429 Prec=52.074 UNK=0.000 OS*=92.914 HOS=0.000 AUROC=83.345 AUPR=73.223 OSCR=79.915
Test-Close [7/100] LR=0.0005000 loss=1.827 ACC=92.914 F1=92.776 Rec=92.914 Prec=93.641
Saving best model . . . . . . . .

Train Client0 [8/100] LR=0.0005000 loss=0.471 ACC=90.140 F1=88.734 Rec=89.060 Prec=88.444
Train Client1 [8/100] LR=0.0005000 loss=0.307 ACC=94.359 F1=82.391 Rec=80.939 Prec=84.241
Train Client2 [8/100] LR=0.0005000 loss=0.427 ACC=92.490 F1=82.863 Rec=81.622 Prec=84.830
Train Client3 [8/100] LR=0.0005000 loss=0.497 ACC=91.667 F1=81.193 Rec=80.576 Prec=82.099
Train Client4 [8/100] LR=0.0005000 loss=0.257 ACC=95.579 F1=68.700 Rec=69.893 Prec=67.803
Train Client5 [8/100] LR=0.0005000 loss=0.444 ACC=92.411 F1=73.891 Rec=73.951 Prec=73.841
Train Client6 [8/100] LR=0.0005000 loss=0.667 ACC=86.667 F1=77.343 Rec=77.968 Prec=77.428
Train Client7 [8/100] LR=0.0005000 loss=0.649 ACC=88.485 F1=66.137 Rec=65.323 Prec=67.102

Val    [8/100] LR=0.0005000 loss=1.817 ACC=92.971 F1=92.930 Rec=92.971 Prec=93.503

Test-  OSR [8/100] LR=0.0005000 ACC=58.143 F1=61.568 Rec=77.524 Prec=53.377 UNK=0.000 OS*=93.029 HOS=0.000 AUROC=75.644 AUPR=57.085 OSCR=73.442
Test-Close [8/100] LR=0.0005000 loss=1.815 ACC=93.029 F1=92.995 Rec=93.029 Prec=93.450
Train Client0 [9/100] LR=0.0005000 loss=0.433 ACC=90.140 F1=88.966 Rec=89.588 Prec=88.416
Train Client1 [9/100] LR=0.0005000 loss=0.301 ACC=94.429 F1=84.294 Rec=82.746 Prec=86.375
Train Client2 [9/100] LR=0.0005000 loss=0.427 ACC=92.300 F1=79.923 Rec=78.842 Prec=82.363
Train Client3 [9/100] LR=0.0005000 loss=0.500 ACC=91.667 F1=78.749 Rec=77.791 Prec=79.869
Train Client4 [9/100] LR=0.0005000 loss=0.298 ACC=94.588 F1=68.058 Rec=67.962 Prec=68.234
Train Client5 [9/100] LR=0.0005000 loss=0.435 ACC=93.125 F1=73.696 Rec=73.484 Prec=73.924
Train Client6 [9/100] LR=0.0005000 loss=0.632 ACC=88.333 F1=76.635 Rec=75.989 Prec=77.866
Train Client7 [9/100] LR=0.0005000 loss=0.584 ACC=89.242 F1=67.111 Rec=66.189 Prec=68.240

Val    [9/100] LR=0.0005000 loss=1.807 ACC=93.371 F1=93.329 Rec=93.371 Prec=93.948

Test-  OSR [9/100] LR=0.0005000 ACC=58.321 F1=61.704 Rec=77.762 Prec=53.526 UNK=0.000 OS*=93.314 HOS=0.000 AUROC=81.853 AUPR=64.430 OSCR=79.236
Test-Close [9/100] LR=0.0005000 loss=1.801 ACC=93.314 F1=93.297 Rec=93.314 Prec=93.852
Train Client0 [10/100] LR=0.0005000 loss=0.424 ACC=91.272 F1=72.385 Rec=72.963 Prec=71.895
Train Client1 [10/100] LR=0.0005000 loss=0.298 ACC=93.872 F1=80.227 Rec=79.057 Prec=81.638
Train Client2 [10/100] LR=0.0005000 loss=0.438 ACC=92.490 F1=82.607 Rec=81.275 Prec=84.565
Train Client3 [10/100] LR=0.0005000 loss=0.498 ACC=91.667 F1=83.207 Rec=80.871 Prec=86.620
Train Client4 [10/100] LR=0.0005000 loss=0.264 ACC=95.274 F1=71.300 Rec=70.545 Prec=72.447
Train Client5 [10/100] LR=0.0005000 loss=0.366 ACC=92.946 F1=74.039 Rec=73.908 Prec=74.180
Train Client6 [10/100] LR=0.0005000 loss=0.619 ACC=87.778 F1=81.067 Rec=81.634 Prec=80.888
Train Client7 [10/100] LR=0.0005000 loss=0.546 ACC=90.076 F1=68.138 Rec=67.674 Prec=68.714

Val    [10/100] LR=0.0005000 loss=1.813 ACC=93.257 F1=93.181 Rec=93.257 Prec=94.034

Test-  OSR [10/100] LR=0.0005000 ACC=58.000 F1=60.813 Rec=77.333 Prec=52.647 UNK=0.000 OS*=92.800 HOS=0.000 AUROC=82.022 AUPR=65.117 OSCR=79.049
Test-Close [10/100] LR=0.0005000 loss=1.807 ACC=92.800 F1=92.715 Rec=92.800 Prec=93.466
Saving model at epoch 10 . . . . . . . .

Train Client0 [11/100] LR=0.0005000 loss=0.433 ACC=90.948 F1=89.933 Rec=90.473 Prec=89.460
Train Client1 [11/100] LR=0.0005000 loss=0.271 ACC=94.533 F1=85.189 Rec=84.138 Prec=86.489
Train Client2 [11/100] LR=0.0005000 loss=0.356 ACC=93.536 F1=84.969 Rec=84.114 Prec=86.410
Train Client3 [11/100] LR=0.0005000 loss=0.447 ACC=91.856 F1=85.203 Rec=83.960 Prec=86.711
Train Client4 [11/100] LR=0.0005000 loss=0.229 ACC=95.960 F1=74.854 Rec=73.512 Prec=76.901
Train Client5 [11/100] LR=0.0005000 loss=0.282 ACC=95.179 F1=75.707 Rec=75.840 Prec=75.588
Train Client6 [11/100] LR=0.0005000 loss=0.565 ACC=89.167 F1=81.360 Rec=82.831 Prec=80.529
Train Client7 [11/100] LR=0.0005000 loss=0.574 ACC=90.455 F1=68.881 Rec=67.567 Prec=70.510

Val    [11/100] LR=0.0005000 loss=1.785 ACC=93.771 F1=93.710 Rec=93.771 Prec=94.450

Test-  OSR [11/100] LR=0.0005000 ACC=58.786 F1=61.831 Rec=78.381 Prec=53.627 UNK=0.000 OS*=94.057 HOS=0.000 AUROC=85.171 AUPR=73.552 OSCR=82.220
Test-Close [11/100] LR=0.0005000 loss=1.784 ACC=94.057 F1=94.006 Rec=94.057 Prec=94.665
Saving best model . . . . . . . .

Train Client0 [12/100] LR=0.0005000 loss=0.403 ACC=91.595 F1=72.878 Rec=73.271 Prec=72.526
Train Client1 [12/100] LR=0.0005000 loss=0.245 ACC=95.474 F1=83.857 Rec=82.743 Prec=85.155
Train Client2 [12/100] LR=0.0005000 loss=0.389 ACC=93.774 F1=86.421 Rec=84.748 Prec=88.911
Train Client3 [12/100] LR=0.0005000 loss=0.445 ACC=93.371 F1=87.976 Rec=89.113 Prec=87.047
Train Client4 [12/100] LR=0.0005000 loss=0.221 ACC=96.113 F1=71.882 Rec=72.700 Prec=71.183
Train Client5 [12/100] LR=0.0005000 loss=0.279 ACC=95.446 F1=81.443 Rec=80.850 Prec=82.288
Train Client6 [12/100] LR=0.0005000 loss=0.603 ACC=85.556 F1=76.903 Rec=78.780 Prec=75.420
Train Client7 [12/100] LR=0.0005000 loss=0.458 ACC=92.045 F1=72.266 Rec=71.557 Prec=73.087

Val    [12/100] LR=0.0005000 loss=1.787 ACC=93.771 F1=93.712 Rec=93.771 Prec=94.441

Test-  OSR [12/100] LR=0.0005000 ACC=58.857 F1=62.443 Rec=78.476 Prec=54.579 UNK=0.000 OS*=94.171 HOS=0.000 AUROC=80.364 AUPR=64.702 OSCR=78.306
Test-Close [12/100] LR=0.0005000 loss=1.775 ACC=94.171 F1=94.119 Rec=94.171 Prec=94.678
Train Client0 [13/100] LR=0.0005000 loss=0.390 ACC=92.565 F1=73.544 Rec=74.034 Prec=73.120
Train Client1 [13/100] LR=0.0005000 loss=0.255 ACC=95.474 F1=85.938 Rec=85.182 Prec=86.747
Train Client2 [13/100] LR=0.0005000 loss=0.360 ACC=94.154 F1=86.895 Rec=85.185 Prec=89.693
Train Client3 [13/100] LR=0.0005000 loss=0.382 ACC=94.697 F1=88.049 Rec=87.753 Prec=88.365
Train Client4 [13/100] LR=0.0005000 loss=0.207 ACC=96.265 F1=78.376 Rec=78.241 Prec=78.660
Train Client5 [13/100] LR=0.0005000 loss=0.298 ACC=94.643 F1=75.538 Rec=75.276 Prec=75.827
Train Client6 [13/100] LR=0.0005000 loss=0.520 ACC=90.000 F1=81.831 Rec=85.753 Prec=78.972
Train Client7 [13/100] LR=0.0005000 loss=0.504 ACC=91.364 F1=90.922 Rec=90.325 Prec=91.643

Val    [13/100] LR=0.0005000 loss=1.763 ACC=94.629 F1=94.576 Rec=94.629 Prec=94.997

Test-  OSR [13/100] LR=0.0005000 ACC=59.429 F1=63.251 Rec=79.238 Prec=55.108 UNK=0.000 OS*=95.086 HOS=0.000 AUROC=77.926 AUPR=64.170 OSCR=76.256
Test-Close [13/100] LR=0.0005000 loss=1.758 ACC=95.086 F1=95.033 Rec=95.086 Prec=95.373
Train Client0 [14/100] LR=0.0005000 loss=0.308 ACC=93.750 F1=74.596 Rec=74.953 Prec=74.271
Train Client1 [14/100] LR=0.0005000 loss=0.275 ACC=95.125 F1=84.814 Rec=83.402 Prec=86.639
Train Client2 [14/100] LR=0.0005000 loss=0.337 ACC=94.059 F1=85.541 Rec=84.168 Prec=87.594
Train Client3 [14/100] LR=0.0005000 loss=0.483 ACC=92.614 F1=91.211 Rec=90.755 Prec=91.721
Train Client4 [14/100] LR=0.0005000 loss=0.239 ACC=95.655 F1=76.611 Rec=75.953 Prec=78.044
Train Client5 [14/100] LR=0.0005000 loss=0.268 ACC=95.179 F1=75.673 Rec=75.509 Prec=75.844
Train Client6 [14/100] LR=0.0005000 loss=0.470 ACC=89.167 F1=82.756 Rec=81.698 Prec=84.157
Train Client7 [14/100] LR=0.0005000 loss=0.485 ACC=91.364 F1=80.153 Rec=89.365 Prec=77.736

Val    [14/100] LR=0.0005000 loss=1.804 ACC=93.143 F1=93.011 Rec=93.143 Prec=93.967

Test-  OSR [14/100] LR=0.0005000 ACC=58.571 F1=62.618 Rec=78.095 Prec=55.566 UNK=0.000 OS*=93.714 HOS=0.000 AUROC=79.528 AUPR=62.119 OSCR=76.973
Test-Close [14/100] LR=0.0005000 loss=1.799 ACC=93.714 F1=93.619 Rec=93.714 Prec=94.307
Train Client0 [15/100] LR=0.0005000 loss=0.353 ACC=93.050 F1=92.311 Rec=92.735 Prec=91.926
Train Client1 [15/100] LR=0.0005000 loss=0.220 ACC=95.787 F1=84.996 Rec=84.621 Prec=85.388
Train Client2 [15/100] LR=0.0005000 loss=0.342 ACC=94.202 F1=85.359 Rec=84.265 Prec=87.455
Train Client3 [15/100] LR=0.0005000 loss=0.390 ACC=93.371 F1=85.754 Rec=85.533 Prec=85.994
Train Client4 [15/100] LR=0.0005000 loss=0.178 ACC=96.951 F1=82.865 Rec=84.961 Prec=81.068
Train Client5 [15/100] LR=0.0005000 loss=0.303 ACC=94.375 F1=75.186 Rec=75.239 Prec=75.137
Train Client6 [15/100] LR=0.0005000 loss=0.488 ACC=88.611 F1=81.831 Rec=81.948 Prec=81.801
Train Client7 [15/100] LR=0.0005000 loss=0.531 ACC=90.909 F1=69.203 Rec=67.689 Prec=71.089

Val    [15/100] LR=0.0005000 loss=1.764 ACC=94.457 F1=94.398 Rec=94.457 Prec=95.043

Test-  OSR [15/100] LR=0.0005000 ACC=59.036 F1=62.688 Rec=78.714 Prec=54.819 UNK=0.000 OS*=94.457 HOS=0.000 AUROC=79.032 AUPR=63.624 OSCR=77.221
Test-Close [15/100] LR=0.0005000 loss=1.759 ACC=94.457 F1=94.386 Rec=94.457 Prec=94.849
Saving model at epoch 15 . . . . . . . .

Train Client0 [16/100] LR=0.0005000 loss=0.380 ACC=92.511 F1=73.598 Rec=73.838 Prec=73.389
Train Client1 [16/100] LR=0.0005000 loss=0.211 ACC=95.926 F1=87.133 Rec=86.982 Prec=87.332
Train Client2 [16/100] LR=0.0005000 loss=0.320 ACC=94.392 F1=86.500 Rec=85.215 Prec=88.548
Train Client3 [16/100] LR=0.0005000 loss=0.342 ACC=94.886 F1=91.173 Rec=90.899 Prec=91.469
Train Client4 [16/100] LR=0.0005000 loss=0.213 ACC=97.180 F1=79.260 Rec=76.723 Prec=85.622
Train Client5 [16/100] LR=0.0005000 loss=0.265 ACC=95.000 F1=76.086 Rec=75.944 Prec=76.240
Train Client6 [16/100] LR=0.0005000 loss=0.465 ACC=91.111 F1=83.961 Rec=83.449 Prec=85.434
Train Client7 [16/100] LR=0.0005000 loss=0.473 ACC=91.136 F1=69.855 Rec=68.893 Prec=70.921

Val    [16/100] LR=0.0005000 loss=1.807 ACC=92.971 F1=92.922 Rec=92.971 Prec=93.730

Test-  OSR [16/100] LR=0.0005000 ACC=58.321 F1=62.403 Rec=77.762 Prec=55.234 UNK=0.000 OS*=93.314 HOS=0.000 AUROC=72.782 AUPR=53.913 OSCR=70.737
Test-Close [16/100] LR=0.0005000 loss=1.805 ACC=93.314 F1=93.272 Rec=93.314 Prec=93.974
Train Client0 [17/100] LR=0.0005000 loss=0.332 ACC=93.103 F1=92.446 Rec=92.908 Prec=92.031
Train Client1 [17/100] LR=0.0005000 loss=0.213 ACC=96.240 F1=87.603 Rec=86.755 Prec=88.570
Train Client2 [17/100] LR=0.0005000 loss=0.290 ACC=95.342 F1=89.008 Rec=87.778 Prec=90.812
Train Client3 [17/100] LR=0.0005000 loss=0.329 ACC=93.939 F1=85.008 Rec=83.477 Prec=86.893
Train Client4 [17/100] LR=0.0005000 loss=0.178 ACC=97.256 F1=79.537 Rec=79.511 Prec=79.629
Train Client5 [17/100] LR=0.0005000 loss=0.251 ACC=96.339 F1=84.865 Rec=81.821 Prec=96.915
Train Client6 [17/100] LR=0.0005000 loss=0.566 ACC=88.333 F1=79.759 Rec=79.124 Prec=81.121
Train Client7 [17/100] LR=0.0005000 loss=0.426 ACC=92.652 F1=92.019 Rec=91.003 Prec=93.158

Val    [17/100] LR=0.0005000 loss=1.753 ACC=95.086 F1=95.057 Rec=95.086 Prec=95.497

Test-  OSR [17/100] LR=0.0005000 ACC=59.393 F1=62.702 Rec=79.190 Prec=54.277 UNK=0.000 OS*=95.029 HOS=0.000 AUROC=82.846 AUPR=72.485 OSCR=80.662
Test-Close [17/100] LR=0.0005000 loss=1.755 ACC=95.029 F1=94.980 Rec=95.029 Prec=95.356
Train Client0 [18/100] LR=0.0005000 loss=0.342 ACC=92.780 F1=73.726 Rec=74.264 Prec=73.270
Train Client1 [18/100] LR=0.0005000 loss=0.195 ACC=96.344 F1=87.013 Rec=86.102 Prec=88.047
Train Client2 [18/100] LR=0.0005000 loss=0.267 ACC=95.200 F1=90.116 Rec=88.743 Prec=91.938
Train Client3 [18/100] LR=0.0005000 loss=0.207 ACC=96.023 F1=95.367 Rec=95.107 Prec=95.649
Train Client4 [18/100] LR=0.0005000 loss=0.153 ACC=96.570 F1=79.568 Rec=79.768 Prec=79.382
Train Client5 [18/100] LR=0.0005000 loss=0.227 ACC=95.893 F1=76.347 Rec=76.388 Prec=76.305
Train Client6 [18/100] LR=0.0005000 loss=0.567 ACC=88.889 F1=81.435 Rec=80.595 Prec=82.812
Train Client7 [18/100] LR=0.0005000 loss=0.461 ACC=91.818 F1=89.939 Rec=89.403 Prec=90.646

Val    [18/100] LR=0.0005000 loss=1.731 ACC=95.486 F1=95.454 Rec=95.486 Prec=95.797

Test-  OSR [18/100] LR=0.0005000 ACC=59.679 F1=62.436 Rec=79.571 Prec=53.236 UNK=0.000 OS*=95.486 HOS=0.000 AUROC=87.848 AUPR=82.128 OSCR=85.404
Test-Close [18/100] LR=0.0005000 loss=1.734 ACC=95.486 F1=95.441 Rec=95.486 Prec=95.674
Saving best model . . . . . . . .

Train Client0 [19/100] LR=0.0005000 loss=0.334 ACC=93.211 F1=74.230 Rec=74.566 Prec=73.938
Train Client1 [19/100] LR=0.0005000 loss=0.155 ACC=96.797 F1=88.580 Rec=87.832 Prec=89.411
Train Client2 [19/100] LR=0.0005000 loss=0.292 ACC=94.677 F1=88.109 Rec=87.250 Prec=89.219
Train Client3 [19/100] LR=0.0005000 loss=0.283 ACC=96.402 F1=92.969 Rec=92.840 Prec=93.117
Train Client4 [19/100] LR=0.0005000 loss=0.163 ACC=96.799 F1=84.158 Rec=84.226 Prec=84.261
Train Client5 [19/100] LR=0.0005000 loss=0.291 ACC=95.268 F1=76.095 Rec=76.268 Prec=75.926
Train Client6 [19/100] LR=0.0005000 loss=0.451 ACC=91.111 F1=84.534 Rec=85.772 Prec=83.789
Train Client7 [19/100] LR=0.0005000 loss=0.421 ACC=92.879 F1=85.681 Rec=91.602 Prec=83.176

Val    [19/100] LR=0.0005000 loss=1.758 ACC=94.629 F1=94.565 Rec=94.629 Prec=95.227

Test-  OSR [19/100] LR=0.0005000 ACC=59.286 F1=62.590 Rec=79.048 Prec=54.333 UNK=0.000 OS*=94.857 HOS=0.000 AUROC=84.851 AUPR=72.964 OSCR=82.511
Test-Close [19/100] LR=0.0005000 loss=1.759 ACC=94.857 F1=94.791 Rec=94.857 Prec=95.234
Train Client0 [20/100] LR=0.0005000 loss=0.294 ACC=93.804 F1=93.494 Rec=94.123 Prec=92.953
Train Client1 [20/100] LR=0.0005000 loss=0.198 ACC=96.135 F1=87.846 Rec=87.332 Prec=88.412
Train Client2 [20/100] LR=0.0005000 loss=0.262 ACC=95.295 F1=88.775 Rec=87.670 Prec=90.207
Train Client3 [20/100] LR=0.0005000 loss=0.366 ACC=93.939 F1=83.937 Rec=83.807 Prec=84.075
Train Client4 [20/100] LR=0.0005000 loss=0.195 ACC=96.341 F1=76.180 Rec=75.431 Prec=77.563
Train Client5 [20/100] LR=0.0005000 loss=0.176 ACC=96.071 F1=85.605 Rec=86.793 Prec=84.643
Train Client6 [20/100] LR=0.0005000 loss=0.422 ACC=91.944 F1=85.124 Rec=86.760 Prec=83.759
Train Client7 [20/100] LR=0.0005000 loss=0.425 ACC=91.515 F1=90.634 Rec=90.123 Prec=91.232

Val    [20/100] LR=0.0005000 loss=1.741 ACC=95.257 F1=95.247 Rec=95.257 Prec=95.514

Test-  OSR [20/100] LR=0.0005000 ACC=59.607 F1=62.402 Rec=79.476 Prec=53.161 UNK=0.000 OS*=95.371 HOS=0.000 AUROC=86.057 AUPR=77.687 OSCR=83.859
Test-Close [20/100] LR=0.0005000 loss=1.744 ACC=95.371 F1=95.345 Rec=95.371 Prec=95.543
Saving model at epoch 20 . . . . . . . .

Train Client0 [21/100] LR=0.0005000 loss=0.308 ACC=94.073 F1=93.583 Rec=94.043 Prec=93.160
Train Client1 [21/100] LR=0.0005000 loss=0.173 ACC=96.657 F1=90.826 Rec=90.366 Prec=91.302
Train Client2 [21/100] LR=0.0005000 loss=0.290 ACC=95.057 F1=89.330 Rec=87.973 Prec=91.188
Train Client3 [21/100] LR=0.0005000 loss=0.298 ACC=95.644 F1=90.816 Rec=92.059 Prec=89.760
Train Client4 [21/100] LR=0.0005000 loss=0.168 ACC=96.875 F1=79.526 Rec=79.748 Prec=79.548
Train Client5 [21/100] LR=0.0005000 loss=0.176 ACC=96.786 F1=81.964 Rec=82.755 Prec=81.310
Train Client6 [21/100] LR=0.0005000 loss=0.432 ACC=90.278 F1=83.358 Rec=81.758 Prec=85.616
Train Client7 [21/100] LR=0.0005000 loss=0.397 ACC=93.106 F1=71.476 Rec=70.732 Prec=72.327

Val    [21/100] LR=0.0005000 loss=1.738 ACC=95.543 F1=95.536 Rec=95.543 Prec=95.807

Test-  OSR [21/100] LR=0.0005000 ACC=59.571 F1=63.451 Rec=79.429 Prec=55.132 UNK=0.000 OS*=95.314 HOS=0.000 AUROC=84.529 AUPR=71.762 OSCR=82.778
Test-Close [21/100] LR=0.0005000 loss=1.740 ACC=95.314 F1=95.284 Rec=95.314 Prec=95.471
Train Client0 [22/100] LR=0.0005000 loss=0.286 ACC=93.966 F1=74.739 Rec=75.112 Prec=74.398
Train Client1 [22/100] LR=0.0005000 loss=0.194 ACC=97.110 F1=88.666 Rec=87.147 Prec=90.636
Train Client2 [22/100] LR=0.0005000 loss=0.264 ACC=95.485 F1=90.184 Rec=89.410 Prec=91.225
Train Client3 [22/100] LR=0.0005000 loss=0.347 ACC=94.129 F1=86.415 Rec=87.441 Prec=85.545
Train Client4 [22/100] LR=0.0005000 loss=0.167 ACC=97.180 F1=88.629 Rec=87.433 Prec=89.994
Train Client5 [22/100] LR=0.0005000 loss=0.246 ACC=95.982 F1=87.797 Rec=86.334 Prec=89.738
Train Client6 [22/100] LR=0.0005000 loss=0.421 ACC=90.833 F1=84.346 Rec=85.907 Prec=83.347
Train Client7 [22/100] LR=0.0005000 loss=0.434 ACC=92.955 F1=85.933 Rec=91.731 Prec=83.572

Val    [22/100] LR=0.0005000 loss=1.754 ACC=95.143 F1=95.115 Rec=95.143 Prec=95.518

Test-  OSR [22/100] LR=0.0005000 ACC=59.464 F1=62.308 Rec=79.286 Prec=53.287 UNK=0.000 OS*=95.143 HOS=0.000 AUROC=86.767 AUPR=78.891 OSCR=84.378
Test-Close [22/100] LR=0.0005000 loss=1.751 ACC=95.143 F1=95.092 Rec=95.143 Prec=95.366
Train Client0 [23/100] LR=0.0005000 loss=0.274 ACC=94.343 F1=75.233 Rec=75.516 Prec=74.968
Train Client1 [23/100] LR=0.0005000 loss=0.177 ACC=96.692 F1=89.453 Rec=88.533 Prec=90.467
Train Client2 [23/100] LR=0.0005000 loss=0.282 ACC=95.105 F1=89.038 Rec=87.902 Prec=90.742
Train Client3 [23/100] LR=0.0005000 loss=0.309 ACC=94.886 F1=91.326 Rec=90.917 Prec=91.774
Train Client4 [23/100] LR=0.0005000 loss=0.143 ACC=97.104 F1=82.859 Rec=83.136 Prec=82.597
Train Client5 [23/100] LR=0.0005000 loss=0.167 ACC=97.232 F1=85.863 Rec=87.890 Prec=84.509
Train Client6 [23/100] LR=0.0005000 loss=0.390 ACC=91.111 F1=84.492 Rec=83.580 Prec=85.652
Train Client7 [23/100] LR=0.0005000 loss=0.380 ACC=93.561 F1=91.928 Rec=91.191 Prec=92.719

Val    [23/100] LR=0.0005000 loss=1.757 ACC=95.029 F1=94.979 Rec=95.029 Prec=95.443

Test-  OSR [23/100] LR=0.0005000 ACC=59.429 F1=62.744 Rec=79.238 Prec=54.267 UNK=0.000 OS*=95.086 HOS=0.000 AUROC=79.654 AUPR=64.710 OSCR=77.987
Test-Close [23/100] LR=0.0005000 loss=1.753 ACC=95.086 F1=95.040 Rec=95.086 Prec=95.405
>> New learning Rate: 0.00025
Train Client0 [24/100] LR=0.0002500 loss=0.213 ACC=95.259 F1=76.072 Rec=76.573 Prec=75.648
Train Client1 [24/100] LR=0.0002500 loss=0.097 ACC=98.468 F1=94.341 Rec=95.159 Prec=93.652
Train Client2 [24/100] LR=0.0002500 loss=0.201 ACC=96.435 F1=91.700 Rec=91.663 Prec=91.756
Train Client3 [24/100] LR=0.0002500 loss=0.172 ACC=96.591 F1=95.965 Rec=95.762 Prec=96.210
Train Client4 [24/100] LR=0.0002500 loss=0.122 ACC=97.561 F1=88.201 Rec=92.257 Prec=85.225
Train Client5 [24/100] LR=0.0002500 loss=0.093 ACC=98.125 F1=85.443 Rec=88.631 Prec=83.925
Train Client6 [24/100] LR=0.0002500 loss=0.326 ACC=92.778 F1=89.843 Rec=91.395 Prec=88.436
Train Client7 [24/100] LR=0.0002500 loss=0.327 ACC=94.621 F1=88.002 Rec=94.526 Prec=84.866

Val    [24/100] LR=0.0002500 loss=1.721 ACC=95.943 F1=95.912 Rec=95.943 Prec=96.147

Test-  OSR [24/100] LR=0.0002500 ACC=59.857 F1=63.297 Rec=79.810 Prec=54.664 UNK=0.000 OS*=95.771 HOS=0.000 AUROC=79.316 AUPR=67.367 OSCR=78.076
Test-Close [24/100] LR=0.0002500 loss=1.723 ACC=95.771 F1=95.727 Rec=95.771 Prec=95.925
Train Client0 [25/100] LR=0.0002500 loss=0.190 ACC=96.390 F1=77.051 Rec=77.352 Prec=76.777
Train Client1 [25/100] LR=0.0002500 loss=0.082 ACC=98.398 F1=93.776 Rec=93.745 Prec=93.807
Train Client2 [25/100] LR=0.0002500 loss=0.174 ACC=97.196 F1=92.271 Rec=91.240 Prec=93.581
Train Client3 [25/100] LR=0.0002500 loss=0.182 ACC=96.780 F1=94.942 Rec=96.091 Prec=94.039
Train Client4 [25/100] LR=0.0002500 loss=0.108 ACC=97.637 F1=88.104 Rec=94.949 Prec=83.895
Train Client5 [25/100] LR=0.0002500 loss=0.123 ACC=97.321 F1=77.993 Rec=78.148 Prec=77.847
Train Client6 [25/100] LR=0.0002500 loss=0.351 ACC=91.111 F1=84.145 Rec=86.667 Prec=81.993
Train Client7 [25/100] LR=0.0002500 loss=0.334 ACC=94.545 F1=93.678 Rec=93.976 Prec=93.396

Val    [25/100] LR=0.0002500 loss=1.723 ACC=95.943 F1=95.916 Rec=95.943 Prec=96.148

Test-  OSR [25/100] LR=0.0002500 ACC=59.821 F1=63.212 Rec=79.762 Prec=54.483 UNK=0.000 OS*=95.714 HOS=0.000 AUROC=81.409 AUPR=69.902 OSCR=80.021
Test-Close [25/100] LR=0.0002500 loss=1.724 ACC=95.714 F1=95.669 Rec=95.714 Prec=95.841
Saving model at epoch 25 . . . . . . . .

Train Client0 [26/100] LR=0.0002500 loss=0.206 ACC=95.582 F1=76.343 Rec=76.364 Prec=76.325
Train Client1 [26/100] LR=0.0002500 loss=0.072 ACC=98.538 F1=92.659 Rec=93.440 Prec=91.989
Train Client2 [26/100] LR=0.0002500 loss=0.182 ACC=97.148 F1=93.679 Rec=92.960 Prec=94.521
Train Client3 [26/100] LR=0.0002500 loss=0.147 ACC=97.348 F1=96.801 Rec=96.960 Prec=96.646
Train Client4 [26/100] LR=0.0002500 loss=0.104 ACC=98.247 F1=93.828 Rec=98.061 Prec=90.537
Train Client5 [26/100] LR=0.0002500 loss=0.146 ACC=97.500 F1=81.702 Rec=83.306 Prec=80.933
Train Client6 [26/100] LR=0.0002500 loss=0.398 ACC=90.000 F1=84.808 Rec=86.029 Prec=83.718
Train Client7 [26/100] LR=0.0002500 loss=0.298 ACC=95.303 F1=94.431 Rec=94.295 Prec=94.589

Val    [26/100] LR=0.0002500 loss=1.720 ACC=96.171 F1=96.152 Rec=96.171 Prec=96.322

Test-  OSR [26/100] LR=0.0002500 ACC=59.857 F1=62.718 Rec=79.810 Prec=53.535 UNK=0.000 OS*=95.771 HOS=0.000 AUROC=82.643 AUPR=73.235 OSCR=81.177
Test-Close [26/100] LR=0.0002500 loss=1.721 ACC=95.771 F1=95.738 Rec=95.771 Prec=95.852
Train Client0 [27/100] LR=0.0002500 loss=0.210 ACC=95.905 F1=76.621 Rec=76.873 Prec=76.388
Train Client1 [27/100] LR=0.0002500 loss=0.070 ACC=98.816 F1=95.049 Rec=94.829 Prec=95.275
Train Client2 [27/100] LR=0.0002500 loss=0.180 ACC=96.816 F1=93.021 Rec=92.454 Prec=93.760
Train Client3 [27/100] LR=0.0002500 loss=0.130 ACC=97.538 F1=97.076 Rec=97.061 Prec=97.094
Train Client4 [27/100] LR=0.0002500 loss=0.129 ACC=97.561 F1=84.300 Rec=87.335 Prec=82.050
Train Client5 [27/100] LR=0.0002500 loss=0.120 ACC=97.857 F1=83.498 Rec=83.561 Prec=83.436
Train Client6 [27/100] LR=0.0002500 loss=0.415 ACC=92.222 F1=88.729 Rec=90.508 Prec=87.302
Train Client7 [27/100] LR=0.0002500 loss=0.281 ACC=94.545 F1=93.979 Rec=94.528 Prec=93.506

Val    [27/100] LR=0.0002500 loss=1.723 ACC=96.171 F1=96.145 Rec=96.171 Prec=96.437

Test-  OSR [27/100] LR=0.0002500 ACC=60.000 F1=63.117 Rec=80.000 Prec=54.201 UNK=0.000 OS*=96.000 HOS=0.000 AUROC=83.581 AUPR=72.327 OSCR=82.141
Test-Close [27/100] LR=0.0002500 loss=1.725 ACC=96.000 F1=95.959 Rec=96.000 Prec=96.167
Train Client0 [28/100] LR=0.0002500 loss=0.191 ACC=96.606 F1=77.206 Rec=77.438 Prec=76.994
Train Client1 [28/100] LR=0.0002500 loss=0.075 ACC=98.816 F1=94.799 Rec=95.234 Prec=94.415
Train Client2 [28/100] LR=0.0002500 loss=0.182 ACC=96.625 F1=92.292 Rec=91.996 Prec=92.617
Train Client3 [28/100] LR=0.0002500 loss=0.142 ACC=96.970 F1=93.659 Rec=96.364 Prec=91.729
Train Client4 [28/100] LR=0.0002500 loss=0.106 ACC=97.942 F1=86.443 Rec=91.674 Prec=83.064
Train Client5 [28/100] LR=0.0002500 loss=0.094 ACC=98.393 F1=87.738 Rec=88.927 Prec=86.774
Train Client6 [28/100] LR=0.0002500 loss=0.378 ACC=90.000 F1=84.646 Rec=86.183 Prec=83.307
Train Client7 [28/100] LR=0.0002500 loss=0.299 ACC=95.000 F1=87.932 Rec=94.216 Prec=85.021

Val    [28/100] LR=0.0002500 loss=1.715 ACC=96.343 F1=96.319 Rec=96.343 Prec=96.510

Test-  OSR [28/100] LR=0.0002500 ACC=60.000 F1=62.619 Rec=80.000 Prec=53.174 UNK=0.000 OS*=96.000 HOS=0.000 AUROC=81.436 AUPR=71.847 OSCR=80.000
Test-Close [28/100] LR=0.0002500 loss=1.721 ACC=96.000 F1=95.961 Rec=96.000 Prec=96.083
Train Client0 [29/100] LR=0.0002500 loss=0.192 ACC=95.959 F1=76.633 Rec=76.941 Prec=76.348
Train Client1 [29/100] LR=0.0002500 loss=0.069 ACC=98.468 F1=93.315 Rec=94.248 Prec=92.551
Train Client2 [29/100] LR=0.0002500 loss=0.181 ACC=97.101 F1=93.374 Rec=92.948 Prec=93.846
Train Client3 [29/100] LR=0.0002500 loss=0.142 ACC=97.727 F1=95.853 Rec=97.325 Prec=94.605
Train Client4 [29/100] LR=0.0002500 loss=0.098 ACC=98.628 F1=93.612 Rec=93.965 Prec=93.278
Train Client5 [29/100] LR=0.0002500 loss=0.111 ACC=98.036 F1=78.881 Rec=78.832 Prec=78.930
Train Client6 [29/100] LR=0.0002500 loss=0.343 ACC=90.833 F1=86.152 Rec=86.321 Prec=85.991
Train Client7 [29/100] LR=0.0002500 loss=0.304 ACC=95.152 F1=94.583 Rec=93.798 Prec=95.431

Val    [29/100] LR=0.0002500 loss=1.719 ACC=96.229 F1=96.202 Rec=96.229 Prec=96.455

Test-  OSR [29/100] LR=0.0002500 ACC=60.071 F1=62.891 Rec=80.095 Prec=53.759 UNK=0.000 OS*=96.114 HOS=0.000 AUROC=81.465 AUPR=72.308 OSCR=80.027
Test-Close [29/100] LR=0.0002500 loss=1.722 ACC=96.114 F1=96.072 Rec=96.114 Prec=96.276
Train Client0 [30/100] LR=0.0002500 loss=0.201 ACC=96.390 F1=77.038 Rec=77.293 Prec=76.803
Train Client1 [30/100] LR=0.0002500 loss=0.082 ACC=98.816 F1=95.703 Rec=95.854 Prec=95.560
Train Client2 [30/100] LR=0.0002500 loss=0.151 ACC=97.196 F1=93.054 Rec=92.230 Prec=94.070
Train Client3 [30/100] LR=0.0002500 loss=0.148 ACC=98.106 F1=97.723 Rec=97.700 Prec=97.761
Train Client4 [30/100] LR=0.0002500 loss=0.100 ACC=98.247 F1=89.869 Rec=92.047 Prec=88.046
Train Client5 [30/100] LR=0.0002500 loss=0.090 ACC=98.304 F1=83.912 Rec=83.886 Prec=83.941
Train Client6 [30/100] LR=0.0002500 loss=0.384 ACC=93.333 F1=90.135 Rec=91.315 Prec=89.067
Train Client7 [30/100] LR=0.0002500 loss=0.269 ACC=95.530 F1=95.115 Rec=94.750 Prec=95.496

Val    [30/100] LR=0.0002500 loss=1.715 ACC=96.286 F1=96.252 Rec=96.286 Prec=96.448

Test-  OSR [30/100] LR=0.0002500 ACC=60.321 F1=63.893 Rec=80.429 Prec=55.200 UNK=0.000 OS*=96.514 HOS=0.000 AUROC=78.608 AUPR=66.695 OSCR=77.529
Test-Close [30/100] LR=0.0002500 loss=1.718 ACC=96.514 F1=96.484 Rec=96.514 Prec=96.595
Saving model at epoch 30 . . . . . . . .

Train Client0 [31/100] LR=0.0002500 loss=0.189 ACC=96.228 F1=76.941 Rec=77.426 Prec=76.516
Train Client1 [31/100] LR=0.0002500 loss=0.059 ACC=98.921 F1=95.719 Rec=95.495 Prec=95.950
Train Client2 [31/100] LR=0.0002500 loss=0.182 ACC=97.006 F1=92.674 Rec=92.028 Prec=93.476
Train Client3 [31/100] LR=0.0002500 loss=0.138 ACC=97.917 F1=97.221 Rec=97.035 Prec=97.428
Train Client4 [31/100] LR=0.0002500 loss=0.106 ACC=97.866 F1=88.882 Rec=92.323 Prec=85.967
Train Client5 [31/100] LR=0.0002500 loss=0.097 ACC=98.125 F1=82.592 Rec=83.859 Prec=81.910
Train Client6 [31/100] LR=0.0002500 loss=0.407 ACC=91.111 F1=85.515 Rec=88.446 Prec=82.989
Train Client7 [31/100] LR=0.0002500 loss=0.266 ACC=95.530 F1=95.461 Rec=95.196 Prec=95.742

Val    [31/100] LR=0.0002500 loss=1.712 ACC=96.457 F1=96.452 Rec=96.457 Prec=96.603

Test-  OSR [31/100] LR=0.0002500 ACC=60.250 F1=63.102 Rec=80.333 Prec=53.525 UNK=0.000 OS*=96.400 HOS=0.000 AUROC=83.235 AUPR=74.106 OSCR=81.937
Test-Close [31/100] LR=0.0002500 loss=1.714 ACC=96.400 F1=96.384 Rec=96.400 Prec=96.452
Train Client0 [32/100] LR=0.0002500 loss=0.179 ACC=96.713 F1=77.317 Rec=77.612 Prec=77.045
Train Client1 [32/100] LR=0.0002500 loss=0.064 ACC=98.851 F1=95.581 Rec=95.896 Prec=95.290
Train Client2 [32/100] LR=0.0002500 loss=0.158 ACC=97.481 F1=93.810 Rec=93.401 Prec=94.268
Train Client3 [32/100] LR=0.0002500 loss=0.200 ACC=96.970 F1=96.450 Rec=96.377 Prec=96.525
Train Client4 [32/100] LR=0.0002500 loss=0.093 ACC=98.095 F1=91.899 Rec=94.220 Prec=89.840
Train Client5 [32/100] LR=0.0002500 loss=0.076 ACC=98.661 F1=87.214 Rec=89.154 Prec=85.942
Train Client6 [32/100] LR=0.0002500 loss=0.416 ACC=93.333 F1=87.311 Rec=89.339 Prec=85.594
Train Client7 [32/100] LR=0.0002500 loss=0.270 ACC=95.606 F1=95.512 Rec=94.676 Prec=96.416

Val    [32/100] LR=0.0002500 loss=1.714 ACC=96.571 F1=96.552 Rec=96.571 Prec=96.765

Test-  OSR [32/100] LR=0.0002500 ACC=60.143 F1=63.375 Rec=80.190 Prec=54.472 UNK=0.000 OS*=96.229 HOS=0.000 AUROC=79.609 AUPR=68.520 OSCR=78.337
Test-Close [32/100] LR=0.0002500 loss=1.723 ACC=96.229 F1=96.191 Rec=96.229 Prec=96.345
Train Client0 [33/100] LR=0.0002500 loss=0.188 ACC=96.552 F1=96.369 Rec=96.761 Prec=95.999
Train Client1 [33/100] LR=0.0002500 loss=0.076 ACC=98.538 F1=93.867 Rec=93.614 Prec=94.129
Train Client2 [33/100] LR=0.0002500 loss=0.175 ACC=97.338 F1=93.488 Rec=92.745 Prec=94.388
Train Client3 [33/100] LR=0.0002500 loss=0.147 ACC=97.159 F1=94.991 Rec=96.484 Prec=93.839
Train Client4 [33/100] LR=0.0002500 loss=0.099 ACC=98.018 F1=91.639 Rec=95.746 Prec=88.466
Train Client5 [33/100] LR=0.0002500 loss=0.089 ACC=98.839 F1=92.482 Rec=94.247 Prec=91.055
Train Client6 [33/100] LR=0.0002500 loss=0.359 ACC=91.667 F1=87.199 Rec=88.904 Prec=85.657
Train Client7 [33/100] LR=0.0002500 loss=0.278 ACC=95.758 F1=95.169 Rec=94.914 Prec=95.441

Val    [33/100] LR=0.0002500 loss=1.714 ACC=96.571 F1=96.556 Rec=96.571 Prec=96.744

Test-  OSR [33/100] LR=0.0002500 ACC=60.321 F1=63.642 Rec=80.429 Prec=54.742 UNK=0.000 OS*=96.514 HOS=0.000 AUROC=79.814 AUPR=67.737 OSCR=78.608
Test-Close [33/100] LR=0.0002500 loss=1.721 ACC=96.514 F1=96.474 Rec=96.514 Prec=96.637
Train Client0 [34/100] LR=0.0002500 loss=0.160 ACC=96.390 F1=96.271 Rec=96.844 Prec=95.755
Train Client1 [34/100] LR=0.0002500 loss=0.073 ACC=98.747 F1=94.132 Rec=93.699 Prec=94.591
Train Client2 [34/100] LR=0.0002500 loss=0.144 ACC=97.671 F1=94.591 Rec=94.430 Prec=94.788
Train Client3 [34/100] LR=0.0002500 loss=0.100 ACC=98.106 F1=97.675 Rec=97.486 Prec=97.887
Train Client4 [34/100] LR=0.0002500 loss=0.094 ACC=98.018 F1=89.627 Rec=94.932 Prec=86.392
Train Client5 [34/100] LR=0.0002500 loss=0.077 ACC=98.929 F1=92.667 Rec=94.335 Prec=91.333
Train Client6 [34/100] LR=0.0002500 loss=0.337 ACC=91.389 F1=86.879 Rec=86.696 Prec=87.112
Train Client7 [34/100] LR=0.0002500 loss=0.250 ACC=95.909 F1=95.238 Rec=94.917 Prec=95.570

Val    [34/100] LR=0.0002500 loss=1.715 ACC=96.514 F1=96.497 Rec=96.514 Prec=96.667

Test-  OSR [34/100] LR=0.0002500 ACC=60.214 F1=63.235 Rec=80.286 Prec=54.004 UNK=0.000 OS*=96.343 HOS=0.000 AUROC=82.869 AUPR=73.828 OSCR=81.474
Test-Close [34/100] LR=0.0002500 loss=1.719 ACC=96.343 F1=96.311 Rec=96.343 Prec=96.411
Train Client0 [35/100] LR=0.0002500 loss=0.193 ACC=96.013 F1=76.700 Rec=77.047 Prec=76.386
Train Client1 [35/100] LR=0.0002500 loss=0.068 ACC=98.677 F1=94.397 Rec=94.696 Prec=94.121
Train Client2 [35/100] LR=0.0002500 loss=0.163 ACC=97.338 F1=93.910 Rec=93.596 Prec=94.299
Train Client3 [35/100] LR=0.0002500 loss=0.112 ACC=98.295 F1=97.824 Rec=97.824 Prec=97.824
Train Client4 [35/100] LR=0.0002500 loss=0.089 ACC=98.476 F1=94.107 Rec=98.560 Prec=90.621
Train Client5 [35/100] LR=0.0002500 loss=0.060 ACC=99.018 F1=88.330 Rec=89.430 Prec=87.453
Train Client6 [35/100] LR=0.0002500 loss=0.351 ACC=93.056 F1=89.689 Rec=90.482 Prec=88.941
Train Client7 [35/100] LR=0.0002500 loss=0.273 ACC=94.697 F1=94.159 Rec=93.812 Prec=94.617

Val    [35/100] LR=0.0002500 loss=1.708 ACC=96.629 F1=96.609 Rec=96.629 Prec=96.746

Test-  OSR [35/100] LR=0.0002500 ACC=60.357 F1=63.337 Rec=80.476 Prec=54.011 UNK=0.000 OS*=96.571 HOS=0.000 AUROC=80.933 AUPR=71.387 OSCR=79.705
Test-Close [35/100] LR=0.0002500 loss=1.713 ACC=96.571 F1=96.542 Rec=96.571 Prec=96.642
Saving model at epoch 35 . . . . . . . .

Train Client0 [36/100] LR=0.0002500 loss=0.176 ACC=96.606 F1=77.243 Rec=77.770 Prec=76.793
Train Client1 [36/100] LR=0.0002500 loss=0.077 ACC=98.747 F1=94.916 Rec=95.125 Prec=94.713
Train Client2 [36/100] LR=0.0002500 loss=0.162 ACC=97.148 F1=92.827 Rec=92.590 Prec=93.118
Train Client3 [36/100] LR=0.0002500 loss=0.214 ACC=96.780 F1=93.849 Rec=96.454 Prec=91.967
Train Client4 [36/100] LR=0.0002500 loss=0.106 ACC=97.866 F1=88.682 Rec=91.546 Prec=86.251
Train Client5 [36/100] LR=0.0002500 loss=0.082 ACC=98.571 F1=92.231 Rec=93.924 Prec=90.873
Train Client6 [36/100] LR=0.0002500 loss=0.364 ACC=93.611 F1=90.603 Rec=90.857 Prec=90.361
Train Client7 [36/100] LR=0.0002500 loss=0.276 ACC=95.152 F1=94.489 Rec=94.202 Prec=94.806

Val    [36/100] LR=0.0002500 loss=1.712 ACC=96.457 F1=96.439 Rec=96.457 Prec=96.629

Test-  OSR [36/100] LR=0.0002500 ACC=60.214 F1=63.501 Rec=80.286 Prec=54.516 UNK=0.000 OS*=96.343 HOS=0.000 AUROC=78.431 AUPR=64.703 OSCR=77.466
Test-Close [36/100] LR=0.0002500 loss=1.714 ACC=96.343 F1=96.311 Rec=96.343 Prec=96.418
Train Client0 [37/100] LR=0.0002500 loss=0.167 ACC=96.606 F1=77.201 Rec=77.462 Prec=76.960
Train Client1 [37/100] LR=0.0002500 loss=0.045 ACC=98.886 F1=95.753 Rec=95.902 Prec=95.611
Train Client2 [37/100] LR=0.0002500 loss=0.144 ACC=97.814 F1=94.203 Rec=93.692 Prec=94.783
Train Client3 [37/100] LR=0.0002500 loss=0.173 ACC=97.917 F1=97.637 Rec=97.611 Prec=97.678
Train Client4 [37/100] LR=0.0002500 loss=0.106 ACC=97.866 F1=88.446 Rec=96.434 Prec=83.919
Train Client5 [37/100] LR=0.0002500 loss=0.068 ACC=98.661 F1=84.858 Rec=84.218 Prec=85.737
Train Client6 [37/100] LR=0.0002500 loss=0.335 ACC=92.500 F1=89.419 Rec=91.801 Prec=87.709
Train Client7 [37/100] LR=0.0002500 loss=0.259 ACC=95.379 F1=95.427 Rec=95.006 Prec=95.893

Val    [37/100] LR=0.0002500 loss=1.707 ACC=96.743 F1=96.736 Rec=96.743 Prec=96.827

Test-  OSR [37/100] LR=0.0002500 ACC=60.357 F1=63.726 Rec=80.476 Prec=54.556 UNK=0.000 OS*=96.571 HOS=0.000 AUROC=78.052 AUPR=64.322 OSCR=77.113
Test-Close [37/100] LR=0.0002500 loss=1.713 ACC=96.571 F1=96.555 Rec=96.571 Prec=96.597
Train Client0 [38/100] LR=0.0002500 loss=0.189 ACC=95.959 F1=76.701 Rec=77.075 Prec=76.372
Train Client1 [38/100] LR=0.0002500 loss=0.046 ACC=99.234 F1=96.018 Rec=95.892 Prec=96.149
Train Client2 [38/100] LR=0.0002500 loss=0.147 ACC=97.291 F1=92.906 Rec=92.164 Prec=93.842
Train Client3 [38/100] LR=0.0002500 loss=0.181 ACC=97.348 F1=97.003 Rec=96.620 Prec=97.423
Train Client4 [38/100] LR=0.0002500 loss=0.103 ACC=98.171 F1=91.953 Rec=91.842 Prec=92.088
Train Client5 [38/100] LR=0.0002500 loss=0.098 ACC=97.679 F1=82.010 Rec=83.594 Prec=81.260
Train Client6 [38/100] LR=0.0002500 loss=0.277 ACC=93.611 F1=89.922 Rec=90.402 Prec=89.522
Train Client7 [38/100] LR=0.0002500 loss=0.285 ACC=95.606 F1=95.575 Rec=95.283 Prec=95.892

Val    [38/100] LR=0.0002500 loss=1.728 ACC=96.114 F1=96.100 Rec=96.114 Prec=96.301

Test-  OSR [38/100] LR=0.0002500 ACC=60.107 F1=62.971 Rec=80.143 Prec=53.567 UNK=0.000 OS*=96.171 HOS=0.000 AUROC=82.051 AUPR=72.999 OSCR=80.648
Test-Close [38/100] LR=0.0002500 loss=1.724 ACC=96.171 F1=96.143 Rec=96.171 Prec=96.265
Train Client0 [39/100] LR=0.0002500 loss=0.187 ACC=96.121 F1=96.030 Rec=96.537 Prec=95.573
Train Client1 [39/100] LR=0.0002500 loss=0.060 ACC=98.886 F1=96.687 Rec=97.363 Prec=96.064
Train Client2 [39/100] LR=0.0002500 loss=0.137 ACC=97.576 F1=93.564 Rec=92.725 Prec=94.600
Train Client3 [39/100] LR=0.0002500 loss=0.157 ACC=97.917 F1=96.306 Rec=97.587 Prec=95.268
Train Client4 [39/100] LR=0.0002500 loss=0.099 ACC=98.476 F1=91.619 Rec=94.136 Prec=89.514
Train Client5 [39/100] LR=0.0002500 loss=0.081 ACC=98.482 F1=86.995 Rec=88.934 Prec=85.722
Train Client6 [39/100] LR=0.0002500 loss=0.342 ACC=92.500 F1=89.494 Rec=91.094 Prec=88.223
Train Client7 [39/100] LR=0.0002500 loss=0.211 ACC=96.136 F1=96.142 Rec=96.173 Prec=96.119

Val    [39/100] LR=0.0002500 loss=1.731 ACC=96.286 F1=96.263 Rec=96.286 Prec=96.495

Test-  OSR [39/100] LR=0.0002500 ACC=59.929 F1=63.239 Rec=79.905 Prec=54.498 UNK=0.000 OS*=95.886 HOS=0.000 AUROC=79.888 AUPR=68.757 OSCR=78.641
Test-Close [39/100] LR=0.0002500 loss=1.728 ACC=95.886 F1=95.844 Rec=95.886 Prec=96.051
Train Client0 [40/100] LR=0.0002500 loss=0.165 ACC=96.821 F1=77.416 Rec=77.842 Prec=77.032
Train Client1 [40/100] LR=0.0002500 loss=0.054 ACC=98.921 F1=94.881 Rec=95.547 Prec=94.297
Train Client2 [40/100] LR=0.0002500 loss=0.144 ACC=97.766 F1=94.936 Rec=93.926 Prec=96.174
Train Client3 [40/100] LR=0.0002500 loss=0.121 ACC=98.295 F1=97.891 Rec=97.607 Prec=98.216
Train Client4 [40/100] LR=0.0002500 loss=0.079 ACC=98.704 F1=93.348 Rec=95.478 Prec=91.611
Train Client5 [40/100] LR=0.0002500 loss=0.057 ACC=98.929 F1=88.145 Rec=89.359 Prec=87.158
Train Client6 [40/100] LR=0.0002500 loss=0.373 ACC=90.278 F1=82.796 Rec=85.497 Prec=80.605
Train Client7 [40/100] LR=0.0002500 loss=0.260 ACC=95.152 F1=94.603 Rec=94.323 Prec=94.893

Val    [40/100] LR=0.0002500 loss=1.711 ACC=96.629 F1=96.611 Rec=96.629 Prec=96.751

Test-  OSR [40/100] LR=0.0002500 ACC=60.607 F1=63.228 Rec=80.810 Prec=53.554 UNK=0.000 OS*=96.971 HOS=0.000 AUROC=83.411 AUPR=76.242 OSCR=82.050
Test-Close [40/100] LR=0.0002500 loss=1.714 ACC=96.971 F1=96.948 Rec=96.971 Prec=97.051
Saving model at epoch 40 . . . . . . . .

Train Client0 [41/100] LR=0.0002500 loss=0.174 ACC=96.606 F1=77.195 Rec=77.288 Prec=77.107
Train Client1 [41/100] LR=0.0002500 loss=0.050 ACC=98.955 F1=96.300 Rec=96.077 Prec=96.530
Train Client2 [41/100] LR=0.0002500 loss=0.134 ACC=97.433 F1=93.521 Rec=93.425 Prec=93.627
Train Client3 [41/100] LR=0.0002500 loss=0.087 ACC=98.674 F1=98.288 Rec=98.357 Prec=98.244
Train Client4 [41/100] LR=0.0002500 loss=0.073 ACC=98.552 F1=92.997 Rec=95.793 Prec=90.669
Train Client5 [41/100] LR=0.0002500 loss=0.092 ACC=98.571 F1=87.920 Rec=89.008 Prec=87.056
Train Client6 [41/100] LR=0.0002500 loss=0.376 ACC=91.667 F1=87.369 Rec=87.834 Prec=86.935
Train Client7 [41/100] LR=0.0002500 loss=0.252 ACC=96.136 F1=95.941 Rec=95.576 Prec=96.345

Val    [41/100] LR=0.0002500 loss=1.733 ACC=96.114 F1=96.104 Rec=96.114 Prec=96.306

Test-  OSR [41/100] LR=0.0002500 ACC=60.357 F1=63.186 Rec=80.476 Prec=53.772 UNK=0.000 OS*=96.571 HOS=0.000 AUROC=82.763 AUPR=74.712 OSCR=81.249
Test-Close [41/100] LR=0.0002500 loss=1.728 ACC=96.571 F1=96.548 Rec=96.571 Prec=96.712
Train Client0 [42/100] LR=0.0002500 loss=0.167 ACC=96.929 F1=77.536 Rec=77.695 Prec=77.390
Train Client1 [42/100] LR=0.0002500 loss=0.072 ACC=98.677 F1=95.145 Rec=95.377 Prec=94.918
Train Client2 [42/100] LR=0.0002500 loss=0.152 ACC=97.386 F1=94.011 Rec=93.645 Prec=94.426
Train Client3 [42/100] LR=0.0002500 loss=0.146 ACC=98.295 F1=97.981 Rec=97.796 Prec=98.175
Train Client4 [42/100] LR=0.0002500 loss=0.090 ACC=98.247 F1=92.648 Rec=96.805 Prec=89.416
Train Client5 [42/100] LR=0.0002500 loss=0.080 ACC=98.482 F1=84.028 Rec=83.964 Prec=84.094
Train Client6 [42/100] LR=0.0002500 loss=0.340 ACC=92.778 F1=87.680 Rec=89.649 Prec=86.063
Train Client7 [42/100] LR=0.0002500 loss=0.227 ACC=96.061 F1=96.123 Rec=95.926 Prec=96.323

Val    [42/100] LR=0.0002500 loss=1.729 ACC=96.400 F1=96.392 Rec=96.400 Prec=96.563

Test-  OSR [42/100] LR=0.0002500 ACC=60.214 F1=63.007 Rec=80.286 Prec=53.528 UNK=0.000 OS*=96.343 HOS=0.000 AUROC=82.623 AUPR=72.618 OSCR=81.209
Test-Close [42/100] LR=0.0002500 loss=1.727 ACC=96.343 F1=96.319 Rec=96.343 Prec=96.466
Train Client0 [43/100] LR=0.0002500 loss=0.161 ACC=96.929 F1=96.810 Rec=97.102 Prec=96.537
Train Client1 [43/100] LR=0.0002500 loss=0.049 ACC=99.338 F1=97.139 Rec=96.925 Prec=97.361
Train Client2 [43/100] LR=0.0002500 loss=0.165 ACC=97.243 F1=93.793 Rec=92.970 Prec=94.782
Train Client3 [43/100] LR=0.0002500 loss=0.084 ACC=98.295 F1=96.677 Rec=97.971 Prec=95.645
Train Client4 [43/100] LR=0.0002500 loss=0.081 ACC=98.323 F1=93.026 Rec=96.852 Prec=90.091
Train Client5 [43/100] LR=0.0002500 loss=0.090 ACC=98.571 F1=88.996 Rec=89.009 Prec=88.984
Train Client6 [43/100] LR=0.0002500 loss=0.272 ACC=93.333 F1=87.816 Rec=90.849 Prec=85.278
Train Client7 [43/100] LR=0.0002500 loss=0.250 ACC=95.000 F1=94.490 Rec=94.498 Prec=94.486

Val    [43/100] LR=0.0002500 loss=1.710 ACC=96.457 F1=96.436 Rec=96.457 Prec=96.511

Test-  OSR [43/100] LR=0.0002500 ACC=60.464 F1=63.244 Rec=80.619 Prec=53.721 UNK=0.000 OS*=96.743 HOS=0.000 AUROC=81.830 AUPR=73.405 OSCR=80.500
Test-Close [43/100] LR=0.0002500 loss=1.718 ACC=96.743 F1=96.720 Rec=96.743 Prec=96.805
Train Client0 [44/100] LR=0.0002500 loss=0.171 ACC=96.390 F1=77.038 Rec=77.203 Prec=76.884
Train Client1 [44/100] LR=0.0002500 loss=0.068 ACC=98.781 F1=94.547 Rec=94.874 Prec=94.242
Train Client2 [44/100] LR=0.0002500 loss=0.135 ACC=97.719 F1=94.430 Rec=93.595 Prec=95.429
Train Client3 [44/100] LR=0.0002500 loss=0.121 ACC=97.538 F1=97.045 Rec=97.030 Prec=97.064
Train Client4 [44/100] LR=0.0002500 loss=0.091 ACC=98.247 F1=89.270 Rec=95.258 Prec=85.800
Train Client5 [44/100] LR=0.0002500 loss=0.055 ACC=98.929 F1=84.416 Rec=84.429 Prec=84.403
Train Client6 [44/100] LR=0.0002500 loss=0.299 ACC=91.944 F1=87.387 Rec=88.213 Prec=86.781
Train Client7 [44/100] LR=0.0002500 loss=0.233 ACC=96.061 F1=96.359 Rec=96.089 Prec=96.635

Val    [44/100] LR=0.0002500 loss=1.721 ACC=96.457 F1=96.441 Rec=96.457 Prec=96.644

Test-  OSR [44/100] LR=0.0002500 ACC=60.357 F1=63.127 Rec=80.476 Prec=53.712 UNK=0.000 OS*=96.571 HOS=0.000 AUROC=83.466 AUPR=73.042 OSCR=82.123
Test-Close [44/100] LR=0.0002500 loss=1.722 ACC=96.571 F1=96.543 Rec=96.571 Prec=96.701
Train Client0 [45/100] LR=0.0002500 loss=0.146 ACC=97.306 F1=97.178 Rec=97.551 Prec=96.832
Train Client1 [45/100] LR=0.0002500 loss=0.065 ACC=98.747 F1=95.008 Rec=95.445 Prec=94.593
Train Client2 [45/100] LR=0.0002500 loss=0.140 ACC=97.814 F1=95.148 Rec=94.596 Prec=95.775
Train Client3 [45/100] LR=0.0002500 loss=0.146 ACC=97.917 F1=97.714 Rec=97.604 Prec=97.835
Train Client4 [45/100] LR=0.0002500 loss=0.103 ACC=98.476 F1=93.214 Rec=94.567 Prec=91.972
Train Client5 [45/100] LR=0.0002500 loss=0.060 ACC=98.750 F1=92.293 Rec=94.060 Prec=90.862
Train Client6 [45/100] LR=0.0002500 loss=0.344 ACC=92.500 F1=87.529 Rec=87.794 Prec=87.405
Train Client7 [45/100] LR=0.0002500 loss=0.218 ACC=95.606 F1=95.297 Rec=95.380 Prec=95.248

Val    [45/100] LR=0.0002500 loss=1.707 ACC=96.800 F1=96.788 Rec=96.800 Prec=96.852

Test-  OSR [45/100] LR=0.0002500 ACC=60.286 F1=63.243 Rec=80.381 Prec=53.827 UNK=0.000 OS*=96.457 HOS=0.000 AUROC=80.481 AUPR=70.611 OSCR=79.321
Test-Close [45/100] LR=0.0002500 loss=1.713 ACC=96.457 F1=96.441 Rec=96.457 Prec=96.487
Saving model at epoch 45 . . . . . . . .

Train Client0 [46/100] LR=0.0002500 loss=0.168 ACC=96.767 F1=96.658 Rec=96.970 Prec=96.366
Train Client1 [46/100] LR=0.0002500 loss=0.061 ACC=98.781 F1=95.688 Rec=95.837 Prec=95.545
Train Client2 [46/100] LR=0.0002500 loss=0.149 ACC=97.814 F1=94.915 Rec=94.622 Prec=95.243
Train Client3 [46/100] LR=0.0002500 loss=0.110 ACC=97.917 F1=97.701 Rec=97.767 Prec=97.644
Train Client4 [46/100] LR=0.0002500 loss=0.076 ACC=98.247 F1=92.457 Rec=97.261 Prec=89.028
Train Client5 [46/100] LR=0.0002500 loss=0.074 ACC=98.929 F1=95.320 Rec=99.285 Prec=92.689
Train Client6 [46/100] LR=0.0002500 loss=0.318 ACC=92.222 F1=88.354 Rec=89.278 Prec=87.522
Train Client7 [46/100] LR=0.0002500 loss=0.218 ACC=95.833 F1=95.595 Rec=95.333 Prec=95.863

Val    [46/100] LR=0.0002500 loss=1.712 ACC=96.514 F1=96.516 Rec=96.514 Prec=96.699

Test-  OSR [46/100] LR=0.0002500 ACC=60.214 F1=62.816 Rec=80.286 Prec=53.184 UNK=0.000 OS*=96.343 HOS=0.000 AUROC=81.146 AUPR=72.684 OSCR=79.858
Test-Close [46/100] LR=0.0002500 loss=1.713 ACC=96.343 F1=96.317 Rec=96.343 Prec=96.420
Train Client0 [47/100] LR=0.0002500 loss=0.151 ACC=97.144 F1=77.632 Rec=77.814 Prec=77.459
Train Client1 [47/100] LR=0.0002500 loss=0.053 ACC=99.060 F1=95.095 Rec=95.125 Prec=95.077
Train Client2 [47/100] LR=0.0002500 loss=0.130 ACC=97.861 F1=94.652 Rec=94.361 Prec=94.976
Train Client3 [47/100] LR=0.0002500 loss=0.146 ACC=97.538 F1=96.933 Rec=96.710 Prec=97.174
Train Client4 [47/100] LR=0.0002500 loss=0.070 ACC=98.704 F1=93.544 Rec=97.155 Prec=90.825
Train Client5 [47/100] LR=0.0002500 loss=0.079 ACC=98.750 F1=91.192 Rec=94.170 Prec=89.216
Train Client6 [47/100] LR=0.0002500 loss=0.353 ACC=92.500 F1=88.826 Rec=89.046 Prec=88.616
Train Client7 [47/100] LR=0.0002500 loss=0.245 ACC=96.061 F1=95.304 Rec=94.606 Prec=96.047

Val    [47/100] LR=0.0002500 loss=1.710 ACC=96.629 F1=96.617 Rec=96.629 Prec=96.766

Test-  OSR [47/100] LR=0.0002500 ACC=60.536 F1=63.518 Rec=80.714 Prec=54.152 UNK=0.000 OS*=96.857 HOS=0.000 AUROC=81.388 AUPR=71.359 OSCR=80.273
Test-Close [47/100] LR=0.0002500 loss=1.711 ACC=96.857 F1=96.834 Rec=96.857 Prec=96.923
Train Client0 [48/100] LR=0.0002500 loss=0.178 ACC=96.713 F1=77.325 Rec=77.725 Prec=76.980
Train Client1 [48/100] LR=0.0002500 loss=0.052 ACC=99.060 F1=95.236 Rec=95.633 Prec=94.860
Train Client2 [48/100] LR=0.0002500 loss=0.140 ACC=97.766 F1=95.326 Rec=95.125 Prec=95.546
Train Client3 [48/100] LR=0.0002500 loss=0.099 ACC=98.106 F1=97.794 Rec=97.565 Prec=98.042
Train Client4 [48/100] LR=0.0002500 loss=0.060 ACC=98.628 F1=91.800 Rec=96.213 Prec=88.400
Train Client5 [48/100] LR=0.0002500 loss=0.060 ACC=99.018 F1=89.418 Rec=89.430 Prec=89.405
Train Client6 [48/100] LR=0.0002500 loss=0.330 ACC=92.222 F1=88.177 Rec=88.137 Prec=88.235
Train Client7 [48/100] LR=0.0002500 loss=0.251 ACC=95.833 F1=95.881 Rec=95.508 Prec=96.271

Val    [48/100] LR=0.0002500 loss=1.706 ACC=96.686 F1=96.689 Rec=96.686 Prec=96.756

Test-  OSR [48/100] LR=0.0002500 ACC=60.536 F1=63.530 Rec=80.714 Prec=53.974 UNK=0.000 OS*=96.857 HOS=0.000 AUROC=81.452 AUPR=70.652 OSCR=80.478
Test-Close [48/100] LR=0.0002500 loss=1.703 ACC=96.857 F1=96.843 Rec=96.857 Prec=96.882
>> New learning Rate: 0.000125
Train Client0 [49/100] LR=0.0001250 loss=0.157 ACC=96.821 F1=77.443 Rec=77.751 Prec=77.165
Train Client1 [49/100] LR=0.0001250 loss=0.048 ACC=99.304 F1=96.132 Rec=96.485 Prec=95.802
Train Client2 [49/100] LR=0.0001250 loss=0.110 ACC=97.766 F1=94.919 Rec=95.148 Prec=94.697
Train Client3 [49/100] LR=0.0001250 loss=0.092 ACC=98.106 F1=97.709 Rec=97.676 Prec=97.778
Train Client4 [49/100] LR=0.0001250 loss=0.081 ACC=98.323 F1=91.242 Rec=98.860 Prec=87.025
Train Client5 [49/100] LR=0.0001250 loss=0.053 ACC=99.107 F1=90.917 Rec=99.370 Prec=87.610
Train Client6 [49/100] LR=0.0001250 loss=0.318 ACC=91.944 F1=87.724 Rec=92.558 Prec=84.376
Train Client7 [49/100] LR=0.0001250 loss=0.224 ACC=96.288 F1=96.033 Rec=96.308 Prec=95.779

Val    [49/100] LR=0.0001250 loss=1.712 ACC=96.743 F1=96.741 Rec=96.743 Prec=96.870

Test-  OSR [49/100] LR=0.0001250 ACC=60.500 F1=63.460 Rec=80.667 Prec=54.073 UNK=0.000 OS*=96.800 HOS=0.000 AUROC=81.214 AUPR=71.125 OSCR=80.144
Test-Close [49/100] LR=0.0001250 loss=1.709 ACC=96.800 F1=96.776 Rec=96.800 Prec=96.886
Train Client0 [50/100] LR=0.0001250 loss=0.127 ACC=97.252 F1=77.766 Rec=78.054 Prec=77.500
Train Client1 [50/100] LR=0.0001250 loss=0.031 ACC=99.478 F1=97.000 Rec=98.195 Prec=95.996
Train Client2 [50/100] LR=0.0001250 loss=0.104 ACC=98.289 F1=95.624 Rec=95.231 Prec=96.072
Train Client3 [50/100] LR=0.0001250 loss=0.094 ACC=98.106 F1=98.002 Rec=97.910 Prec=98.095
Train Client4 [50/100] LR=0.0001250 loss=0.084 ACC=98.171 F1=90.106 Rec=98.513 Prec=85.617
Train Client5 [50/100] LR=0.0001250 loss=0.055 ACC=98.929 F1=92.614 Rec=94.167 Prec=91.396
Train Client6 [50/100] LR=0.0001250 loss=0.280 ACC=93.056 F1=90.600 Rec=94.052 Prec=87.816
Train Client7 [50/100] LR=0.0001250 loss=0.222 ACC=95.758 F1=95.848 Rec=96.121 Prec=95.632

Val    [50/100] LR=0.0001250 loss=1.703 ACC=96.686 F1=96.666 Rec=96.686 Prec=96.761

Test-  OSR [50/100] LR=0.0001250 ACC=60.571 F1=64.045 Rec=80.762 Prec=55.092 UNK=0.000 OS*=96.914 HOS=0.000 AUROC=76.718 AUPR=64.690 OSCR=75.860
Test-Close [50/100] LR=0.0001250 loss=1.708 ACC=96.914 F1=96.887 Rec=96.914 Prec=96.979
Saving model at epoch 50 . . . . . . . .

Train Client0 [51/100] LR=0.0001250 loss=0.135 ACC=97.198 F1=77.822 Rec=78.029 Prec=77.633
Train Client1 [51/100] LR=0.0001250 loss=0.026 ACC=99.478 F1=97.618 Rec=98.276 Prec=97.013
Train Client2 [51/100] LR=0.0001250 loss=0.095 ACC=98.194 F1=95.306 Rec=95.263 Prec=95.374
Train Client3 [51/100] LR=0.0001250 loss=0.054 ACC=98.864 F1=98.667 Rec=98.657 Prec=98.680
Train Client4 [51/100] LR=0.0001250 loss=0.066 ACC=98.857 F1=93.240 Rec=98.087 Prec=89.799
Train Client5 [51/100] LR=0.0001250 loss=0.041 ACC=99.107 F1=88.794 Rec=94.405 Prec=86.391
Train Client6 [51/100] LR=0.0001250 loss=0.319 ACC=92.500 F1=87.768 Rec=92.173 Prec=84.318
Train Client7 [51/100] LR=0.0001250 loss=0.175 ACC=96.894 F1=96.845 Rec=96.772 Prec=96.922

Val    [51/100] LR=0.0001250 loss=1.703 ACC=96.800 F1=96.788 Rec=96.800 Prec=96.881

Test-  OSR [51/100] LR=0.0001250 ACC=60.500 F1=63.738 Rec=80.667 Prec=54.497 UNK=0.000 OS*=96.800 HOS=0.000 AUROC=78.733 AUPR=67.071 OSCR=77.824
Test-Close [51/100] LR=0.0001250 loss=1.709 ACC=96.800 F1=96.778 Rec=96.800 Prec=96.851
Train Client0 [52/100] LR=0.0001250 loss=0.128 ACC=97.414 F1=77.905 Rec=78.122 Prec=77.699
Train Client1 [52/100] LR=0.0001250 loss=0.022 ACC=99.547 F1=96.831 Rec=97.340 Prec=96.375
Train Client2 [52/100] LR=0.0001250 loss=0.089 ACC=98.194 F1=95.562 Rec=94.979 Prec=96.219
Train Client3 [52/100] LR=0.0001250 loss=0.111 ACC=98.295 F1=97.902 Rec=97.639 Prec=98.187
Train Client4 [52/100] LR=0.0001250 loss=0.058 ACC=98.857 F1=93.510 Rec=99.017 Prec=89.876
Train Client5 [52/100] LR=0.0001250 loss=0.046 ACC=99.107 F1=95.307 Rec=99.385 Prec=92.566
Train Client6 [52/100] LR=0.0001250 loss=0.331 ACC=93.889 F1=91.459 Rec=92.982 Prec=90.404
Train Client7 [52/100] LR=0.0001250 loss=0.194 ACC=96.288 F1=96.572 Rec=96.410 Prec=96.738

Val    [52/100] LR=0.0001250 loss=1.701 ACC=96.971 F1=96.965 Rec=96.971 Prec=97.033

Test-  OSR [52/100] LR=0.0001250 ACC=60.607 F1=63.875 Rec=80.810 Prec=54.689 UNK=0.000 OS*=96.971 HOS=0.000 AUROC=80.995 AUPR=70.697 OSCR=79.977
Test-Close [52/100] LR=0.0001250 loss=1.707 ACC=96.971 F1=96.949 Rec=96.971 Prec=97.028
Train Client0 [53/100] LR=0.0001250 loss=0.129 ACC=97.575 F1=78.046 Rec=78.377 Prec=77.746
Train Client1 [53/100] LR=0.0001250 loss=0.023 ACC=99.547 F1=97.868 Rec=98.203 Prec=97.562
Train Client2 [53/100] LR=0.0001250 loss=0.096 ACC=98.146 F1=95.831 Rec=95.497 Prec=96.200
Train Client3 [53/100] LR=0.0001250 loss=0.056 ACC=99.053 F1=98.842 Rec=98.750 Prec=98.935
Train Client4 [53/100] LR=0.0001250 loss=0.080 ACC=98.476 F1=91.855 Rec=98.862 Prec=87.755
Train Client5 [53/100] LR=0.0001250 loss=0.032 ACC=99.375 F1=91.665 Rec=94.604 Prec=89.726
Train Client6 [53/100] LR=0.0001250 loss=0.355 ACC=90.833 F1=87.156 Rec=89.437 Prec=85.329
Train Client7 [53/100] LR=0.0001250 loss=0.171 ACC=96.894 F1=96.745 Rec=96.636 Prec=96.858

Val    [53/100] LR=0.0001250 loss=1.704 ACC=96.457 F1=96.441 Rec=96.457 Prec=96.524

Test-  OSR [53/100] LR=0.0001250 ACC=60.464 F1=63.826 Rec=80.619 Prec=54.735 UNK=0.000 OS*=96.743 HOS=0.000 AUROC=78.105 AUPR=66.768 OSCR=77.193
Test-Close [53/100] LR=0.0001250 loss=1.710 ACC=96.743 F1=96.719 Rec=96.743 Prec=96.796
Train Client0 [54/100] LR=0.0001250 loss=0.130 ACC=97.575 F1=78.034 Rec=78.275 Prec=77.809
Train Client1 [54/100] LR=0.0001250 loss=0.030 ACC=99.443 F1=97.420 Rec=97.858 Prec=97.006
Train Client2 [54/100] LR=0.0001250 loss=0.080 ACC=98.432 F1=95.942 Rec=95.843 Prec=96.052
Train Client3 [54/100] LR=0.0001250 loss=0.122 ACC=97.727 F1=97.081 Rec=96.935 Prec=97.247
Train Client4 [54/100] LR=0.0001250 loss=0.071 ACC=98.323 F1=89.893 Rec=97.801 Prec=86.274
Train Client5 [54/100] LR=0.0001250 loss=0.048 ACC=98.929 F1=91.318 Rec=94.374 Prec=89.266
Train Client6 [54/100] LR=0.0001250 loss=0.317 ACC=92.778 F1=89.573 Rec=92.232 Prec=87.378
Train Client7 [54/100] LR=0.0001250 loss=0.196 ACC=96.288 F1=95.833 Rec=96.014 Prec=95.658

Val    [54/100] LR=0.0001250 loss=1.710 ACC=96.571 F1=96.568 Rec=96.571 Prec=96.643

Test-  OSR [54/100] LR=0.0001250 ACC=60.321 F1=63.175 Rec=80.429 Prec=53.663 UNK=0.000 OS*=96.514 HOS=0.000 AUROC=80.498 AUPR=70.825 OSCR=79.401
Test-Close [54/100] LR=0.0001250 loss=1.712 ACC=96.514 F1=96.493 Rec=96.514 Prec=96.563
Train Client0 [55/100] LR=0.0001250 loss=0.124 ACC=97.575 F1=78.047 Rec=78.425 Prec=77.706
Train Client1 [55/100] LR=0.0001250 loss=0.037 ACC=99.304 F1=96.605 Rec=98.433 Prec=95.174
Train Client2 [55/100] LR=0.0001250 loss=0.092 ACC=98.146 F1=95.643 Rec=95.464 Prec=95.831
Train Client3 [55/100] LR=0.0001250 loss=0.141 ACC=98.106 F1=97.888 Rec=97.888 Prec=97.888
Train Client4 [55/100] LR=0.0001250 loss=0.089 ACC=98.247 F1=91.538 Rec=96.374 Prec=88.084
Train Client5 [55/100] LR=0.0001250 loss=0.055 ACC=98.839 F1=90.227 Rec=94.233 Prec=87.974
Train Client6 [55/100] LR=0.0001250 loss=0.292 ACC=92.500 F1=89.041 Rec=90.639 Prec=87.651
Train Client7 [55/100] LR=0.0001250 loss=0.183 ACC=96.742 F1=96.833 Rec=96.843 Prec=96.832

Val    [55/100] LR=0.0001250 loss=1.705 ACC=96.629 F1=96.625 Rec=96.629 Prec=96.661

Test-  OSR [55/100] LR=0.0001250 ACC=60.393 F1=63.232 Rec=80.524 Prec=53.616 UNK=0.000 OS*=96.629 HOS=0.000 AUROC=80.874 AUPR=71.428 OSCR=79.808
Test-Close [55/100] LR=0.0001250 loss=1.707 ACC=96.629 F1=96.609 Rec=96.629 Prec=96.669
Saving model at epoch 55 . . . . . . . .

Train Client0 [56/100] LR=0.0001250 loss=0.125 ACC=97.414 F1=97.326 Rec=97.593 Prec=97.074
Train Client1 [56/100] LR=0.0001250 loss=0.028 ACC=99.617 F1=98.009 Rec=98.826 Prec=97.287
Train Client2 [56/100] LR=0.0001250 loss=0.101 ACC=98.384 F1=95.976 Rec=95.589 Prec=96.382
Train Client3 [56/100] LR=0.0001250 loss=0.101 ACC=99.053 F1=98.949 Rec=98.777 Prec=99.127
Train Client4 [56/100] LR=0.0001250 loss=0.065 ACC=98.933 F1=94.027 Rec=97.980 Prec=91.004
Train Client5 [56/100] LR=0.0001250 loss=0.061 ACC=98.571 F1=89.796 Rec=99.001 Prec=86.535
Train Client6 [56/100] LR=0.0001250 loss=0.294 ACC=92.222 F1=88.913 Rec=91.857 Prec=86.624
Train Client7 [56/100] LR=0.0001250 loss=0.188 ACC=97.045 F1=96.695 Rec=97.217 Prec=96.202

Val    [56/100] LR=0.0001250 loss=1.706 ACC=96.800 F1=96.799 Rec=96.800 Prec=96.881

Test-  OSR [56/100] LR=0.0001250 ACC=60.393 F1=63.360 Rec=80.524 Prec=53.858 UNK=0.000 OS*=96.629 HOS=0.000 AUROC=80.088 AUPR=69.656 OSCR=79.088
Test-Close [56/100] LR=0.0001250 loss=1.708 ACC=96.629 F1=96.612 Rec=96.629 Prec=96.656
Train Client0 [57/100] LR=0.0001250 loss=0.116 ACC=97.575 F1=77.990 Rec=78.239 Prec=77.758
Train Client1 [57/100] LR=0.0001250 loss=0.024 ACC=99.617 F1=98.255 Rec=98.942 Prec=97.622
Train Client2 [57/100] LR=0.0001250 loss=0.090 ACC=98.337 F1=95.819 Rec=95.522 Prec=96.135
Train Client3 [57/100] LR=0.0001250 loss=0.124 ACC=97.917 F1=97.576 Rec=97.406 Prec=97.752
Train Client4 [57/100] LR=0.0001250 loss=0.074 ACC=98.552 F1=91.439 Rec=98.755 Prec=87.489
Train Client5 [57/100] LR=0.0001250 loss=0.058 ACC=98.929 F1=92.638 Rec=99.273 Prec=89.338
Train Client6 [57/100] LR=0.0001250 loss=0.346 ACC=93.611 F1=88.647 Rec=91.887 Prec=85.882
Train Client7 [57/100] LR=0.0001250 loss=0.208 ACC=96.591 F1=96.726 Rec=96.499 Prec=96.958

Val    [57/100] LR=0.0001250 loss=1.701 ACC=96.571 F1=96.559 Rec=96.571 Prec=96.612

Test-  OSR [57/100] LR=0.0001250 ACC=60.571 F1=63.744 Rec=80.762 Prec=54.417 UNK=0.000 OS*=96.914 HOS=0.000 AUROC=78.419 AUPR=67.565 OSCR=77.511
Test-Close [57/100] LR=0.0001250 loss=1.706 ACC=96.914 F1=96.899 Rec=96.914 Prec=96.937
Train Client0 [58/100] LR=0.0001250 loss=0.120 ACC=97.899 F1=78.299 Rec=78.551 Prec=78.065
Train Client1 [58/100] LR=0.0001250 loss=0.022 ACC=99.478 F1=97.271 Rec=97.720 Prec=96.847
Train Client2 [58/100] LR=0.0001250 loss=0.091 ACC=98.289 F1=95.321 Rec=95.611 Prec=95.039
Train Client3 [58/100] LR=0.0001250 loss=0.101 ACC=98.106 F1=97.543 Rec=97.517 Prec=97.583
Train Client4 [58/100] LR=0.0001250 loss=0.071 ACC=98.552 F1=91.325 Rec=96.938 Prec=88.055
Train Client5 [58/100] LR=0.0001250 loss=0.037 ACC=99.018 F1=93.938 Rec=99.308 Prec=90.906
Train Client6 [58/100] LR=0.0001250 loss=0.312 ACC=93.611 F1=90.662 Rec=92.423 Prec=89.134
Train Client7 [58/100] LR=0.0001250 loss=0.170 ACC=97.348 F1=97.382 Rec=97.338 Prec=97.428

Val    [58/100] LR=0.0001250 loss=1.714 ACC=96.400 F1=96.384 Rec=96.400 Prec=96.548

Test-  OSR [58/100] LR=0.0001250 ACC=60.393 F1=63.792 Rec=80.524 Prec=54.810 UNK=0.000 OS*=96.629 HOS=0.000 AUROC=77.579 AUPR=66.411 OSCR=76.648
Test-Close [58/100] LR=0.0001250 loss=1.714 ACC=96.629 F1=96.604 Rec=96.629 Prec=96.699
Train Client0 [59/100] LR=0.0001250 loss=0.114 ACC=97.683 F1=78.148 Rec=78.323 Prec=77.984
Train Client1 [59/100] LR=0.0001250 loss=0.022 ACC=99.652 F1=98.293 Rec=98.980 Prec=97.660
Train Client2 [59/100] LR=0.0001250 loss=0.097 ACC=98.051 F1=94.844 Rec=94.577 Prec=95.129
Train Client3 [59/100] LR=0.0001250 loss=0.099 ACC=98.295 F1=98.086 Rec=98.176 Prec=97.998
Train Client4 [59/100] LR=0.0001250 loss=0.047 ACC=99.009 F1=93.656 Rec=99.191 Prec=90.462
Train Client5 [59/100] LR=0.0001250 loss=0.042 ACC=99.196 F1=95.491 Rec=99.430 Prec=92.885
Train Client6 [59/100] LR=0.0001250 loss=0.258 ACC=93.889 F1=91.127 Rec=93.819 Prec=88.952
Train Client7 [59/100] LR=0.0001250 loss=0.209 ACC=95.985 F1=95.651 Rec=95.535 Prec=95.770

Val    [59/100] LR=0.0001250 loss=1.705 ACC=96.800 F1=96.795 Rec=96.800 Prec=96.880

Test-  OSR [59/100] LR=0.0001250 ACC=60.571 F1=63.931 Rec=80.762 Prec=54.753 UNK=0.000 OS*=96.914 HOS=0.000 AUROC=78.489 AUPR=66.078 OSCR=77.702
Test-Close [59/100] LR=0.0001250 loss=1.704 ACC=96.914 F1=96.899 Rec=96.914 Prec=96.942
Train Client0 [60/100] LR=0.0001250 loss=0.125 ACC=97.899 F1=78.315 Rec=78.600 Prec=78.050
Train Client1 [60/100] LR=0.0001250 loss=0.027 ACC=99.443 F1=98.285 Rec=99.177 Prec=97.488
Train Client2 [60/100] LR=0.0001250 loss=0.086 ACC=98.479 F1=96.314 Rec=95.636 Prec=97.067
Train Client3 [60/100] LR=0.0001250 loss=0.091 ACC=97.727 F1=97.417 Rec=97.316 Prec=97.529
Train Client4 [60/100] LR=0.0001250 loss=0.057 ACC=99.009 F1=94.727 Rec=98.261 Prec=92.076
Train Client5 [60/100] LR=0.0001250 loss=0.043 ACC=99.196 F1=92.886 Rec=99.430 Prec=89.675
Train Client6 [60/100] LR=0.0001250 loss=0.237 ACC=93.333 F1=89.509 Rec=91.393 Prec=87.929
Train Client7 [60/100] LR=0.0001250 loss=0.171 ACC=96.667 F1=96.461 Rec=96.510 Prec=96.419

Val    [60/100] LR=0.0001250 loss=1.704 ACC=96.686 F1=96.671 Rec=96.686 Prec=96.741

Test-  OSR [60/100] LR=0.0001250 ACC=60.679 F1=63.766 Rec=80.905 Prec=54.347 UNK=0.000 OS*=97.086 HOS=0.000 AUROC=79.922 AUPR=69.963 OSCR=79.007
Test-Close [60/100] LR=0.0001250 loss=1.703 ACC=97.086 F1=97.069 Rec=97.086 Prec=97.112
Saving model at epoch 60 . . . . . . . .

Train Client0 [61/100] LR=0.0001250 loss=0.115 ACC=97.468 F1=77.947 Rec=78.282 Prec=77.643
Train Client1 [61/100] LR=0.0001250 loss=0.024 ACC=99.582 F1=97.799 Rec=97.933 Prec=97.674
Train Client2 [61/100] LR=0.0001250 loss=0.089 ACC=98.859 F1=97.116 Rec=96.638 Prec=97.626
Train Client3 [61/100] LR=0.0001250 loss=0.059 ACC=98.864 F1=98.664 Rec=98.505 Prec=98.832
Train Client4 [61/100] LR=0.0001250 loss=0.075 ACC=98.476 F1=94.139 Rec=97.587 Prec=91.226
Train Client5 [61/100] LR=0.0001250 loss=0.048 ACC=99.107 F1=95.381 Rec=99.423 Prec=92.675
Train Client6 [61/100] LR=0.0001250 loss=0.345 ACC=91.944 F1=88.228 Rec=88.895 Prec=87.601
Train Client7 [61/100] LR=0.0001250 loss=0.199 ACC=97.045 F1=97.030 Rec=97.275 Prec=96.828

Val    [61/100] LR=0.0001250 loss=1.704 ACC=96.743 F1=96.732 Rec=96.743 Prec=96.792

Test-  OSR [61/100] LR=0.0001250 ACC=60.571 F1=63.779 Rec=80.762 Prec=54.486 UNK=0.000 OS*=96.914 HOS=0.000 AUROC=78.412 AUPR=68.153 OSCR=77.493
Test-Close [61/100] LR=0.0001250 loss=1.706 ACC=96.914 F1=96.897 Rec=96.914 Prec=96.937
Train Client0 [62/100] LR=0.0001250 loss=0.123 ACC=97.629 F1=78.045 Rec=78.163 Prec=77.931
Train Client1 [62/100] LR=0.0001250 loss=0.022 ACC=99.582 F1=97.191 Rec=96.986 Prec=97.402
Train Client2 [62/100] LR=0.0001250 loss=0.085 ACC=98.479 F1=96.319 Rec=96.107 Prec=96.552
Train Client3 [62/100] LR=0.0001250 loss=0.083 ACC=98.864 F1=98.582 Rec=98.493 Prec=98.673
Train Client4 [62/100] LR=0.0001250 loss=0.068 ACC=98.780 F1=93.611 Rec=95.630 Prec=92.035
Train Client5 [62/100] LR=0.0001250 loss=0.028 ACC=99.464 F1=94.260 Rec=99.629 Prec=91.229
Train Client6 [62/100] LR=0.0001250 loss=0.231 ACC=94.167 F1=90.259 Rec=94.105 Prec=87.112
Train Client7 [62/100] LR=0.0001250 loss=0.150 ACC=97.273 F1=96.655 Rec=96.632 Prec=96.677

Val    [62/100] LR=0.0001250 loss=1.716 ACC=96.571 F1=96.547 Rec=96.571 Prec=96.680

Test-  OSR [62/100] LR=0.0001250 ACC=60.464 F1=63.865 Rec=80.619 Prec=54.932 UNK=0.000 OS*=96.743 HOS=0.000 AUROC=77.520 AUPR=66.500 OSCR=76.594
Test-Close [62/100] LR=0.0001250 loss=1.716 ACC=96.743 F1=96.713 Rec=96.743 Prec=96.820
Train Client0 [63/100] LR=0.0001250 loss=0.106 ACC=98.168 F1=78.537 Rec=78.849 Prec=78.253
Train Client1 [63/100] LR=0.0001250 loss=0.028 ACC=99.547 F1=97.640 Rec=97.833 Prec=97.454
Train Client2 [63/100] LR=0.0001250 loss=0.075 ACC=98.574 F1=96.890 Rec=96.446 Prec=97.368
Train Client3 [63/100] LR=0.0001250 loss=0.084 ACC=98.485 F1=98.201 Rec=98.112 Prec=98.293
Train Client4 [63/100] LR=0.0001250 loss=0.055 ACC=98.476 F1=92.241 Rec=96.916 Prec=88.931
Train Client5 [63/100] LR=0.0001250 loss=0.045 ACC=98.929 F1=86.649 Rec=89.342 Prec=85.126
Train Client6 [63/100] LR=0.0001250 loss=0.339 ACC=93.611 F1=89.012 Rec=92.990 Prec=85.711
Train Client7 [63/100] LR=0.0001250 loss=0.173 ACC=97.348 F1=97.044 Rec=97.166 Prec=96.945

Val    [63/100] LR=0.0001250 loss=1.711 ACC=96.857 F1=96.849 Rec=96.857 Prec=96.933

Test-  OSR [63/100] LR=0.0001250 ACC=60.393 F1=63.607 Rec=80.524 Prec=54.400 UNK=0.000 OS*=96.629 HOS=0.000 AUROC=78.356 AUPR=67.194 OSCR=77.439
Test-Close [63/100] LR=0.0001250 loss=1.710 ACC=96.629 F1=96.603 Rec=96.629 Prec=96.673
Train Client0 [64/100] LR=0.0001250 loss=0.127 ACC=97.414 F1=77.945 Rec=78.216 Prec=77.696
Train Client1 [64/100] LR=0.0001250 loss=0.022 ACC=99.652 F1=98.027 Rec=97.997 Prec=98.056
Train Client2 [64/100] LR=0.0001250 loss=0.081 ACC=98.622 F1=96.286 Rec=95.618 Prec=97.063
Train Client3 [64/100] LR=0.0001250 loss=0.058 ACC=98.864 F1=98.581 Rec=98.630 Prec=98.579
Train Client4 [64/100] LR=0.0001250 loss=0.055 ACC=98.857 F1=92.400 Rec=98.432 Prec=88.730
Train Client5 [64/100] LR=0.0001250 loss=0.030 ACC=99.286 F1=92.850 Rec=94.569 Prec=91.465
Train Client6 [64/100] LR=0.0001250 loss=0.286 ACC=93.889 F1=89.819 Rec=93.819 Prec=86.540
Train Client7 [64/100] LR=0.0001250 loss=0.209 ACC=96.591 F1=96.702 Rec=96.648 Prec=96.773

Val    [64/100] LR=0.0001250 loss=1.707 ACC=96.800 F1=96.783 Rec=96.800 Prec=96.874

Test-  OSR [64/100] LR=0.0001250 ACC=60.571 F1=63.843 Rec=80.762 Prec=54.667 UNK=0.000 OS*=96.914 HOS=0.000 AUROC=79.418 AUPR=68.630 OSCR=78.486
Test-Close [64/100] LR=0.0001250 loss=1.709 ACC=96.914 F1=96.891 Rec=96.914 Prec=96.973
Train Client0 [65/100] LR=0.0001250 loss=0.124 ACC=97.144 F1=77.728 Rec=77.912 Prec=77.557
Train Client1 [65/100] LR=0.0001250 loss=0.015 ACC=99.687 F1=97.944 Rec=98.522 Prec=97.420
Train Client2 [65/100] LR=0.0001250 loss=0.095 ACC=98.622 F1=96.479 Rec=95.929 Prec=97.081
Train Client3 [65/100] LR=0.0001250 loss=0.081 ACC=98.295 F1=98.093 Rec=98.171 Prec=98.017
Train Client4 [65/100] LR=0.0001250 loss=0.060 ACC=98.780 F1=93.262 Rec=97.935 Prec=89.953
Train Client5 [65/100] LR=0.0001250 loss=0.040 ACC=99.107 F1=88.404 Rec=89.478 Prec=87.552
Train Client6 [65/100] LR=0.0001250 loss=0.335 ACC=91.667 F1=87.994 Rec=89.886 Prec=86.459
Train Client7 [65/100] LR=0.0001250 loss=0.168 ACC=96.894 F1=96.437 Rec=96.560 Prec=96.337

Val    [65/100] LR=0.0001250 loss=1.701 ACC=97.143 F1=97.140 Rec=97.143 Prec=97.180

Test-  OSR [65/100] LR=0.0001250 ACC=60.571 F1=63.604 Rec=80.762 Prec=54.067 UNK=0.000 OS*=96.914 HOS=0.000 AUROC=80.362 AUPR=70.382 OSCR=79.413
Test-Close [65/100] LR=0.0001250 loss=1.705 ACC=96.914 F1=96.902 Rec=96.914 Prec=96.923
Saving model at epoch 65 . . . . . . . .

Train Client0 [66/100] LR=0.0001250 loss=0.109 ACC=97.953 F1=78.363 Rec=78.475 Prec=78.256
Train Client1 [66/100] LR=0.0001250 loss=0.031 ACC=99.408 F1=97.204 Rec=97.146 Prec=97.263
Train Client2 [66/100] LR=0.0001250 loss=0.069 ACC=98.574 F1=96.436 Rec=96.197 Prec=96.682
Train Client3 [66/100] LR=0.0001250 loss=0.067 ACC=98.674 F1=98.363 Rec=98.371 Prec=98.359
Train Client4 [66/100] LR=0.0001250 loss=0.069 ACC=98.628 F1=91.545 Rec=97.219 Prec=88.831
Train Client5 [66/100] LR=0.0001250 loss=0.049 ACC=99.107 F1=94.000 Rec=99.357 Prec=90.981
Train Client6 [66/100] LR=0.0001250 loss=0.299 ACC=93.333 F1=90.203 Rec=91.088 Prec=89.467
Train Client7 [66/100] LR=0.0001250 loss=0.150 ACC=97.879 F1=98.173 Rec=98.162 Prec=98.196

Val    [66/100] LR=0.0001250 loss=1.714 ACC=96.914 F1=96.903 Rec=96.914 Prec=97.014

Test-  OSR [66/100] LR=0.0001250 ACC=60.607 F1=63.501 Rec=80.810 Prec=53.955 UNK=0.000 OS*=96.971 HOS=0.000 AUROC=82.736 AUPR=75.159 OSCR=81.516
Test-Close [66/100] LR=0.0001250 loss=1.717 ACC=96.971 F1=96.949 Rec=96.971 Prec=97.009
Train Client0 [67/100] LR=0.0001250 loss=0.136 ACC=97.037 F1=77.568 Rec=77.740 Prec=77.406
Train Client1 [67/100] LR=0.0001250 loss=0.016 ACC=99.756 F1=98.712 Rec=99.167 Prec=98.283
Train Client2 [67/100] LR=0.0001250 loss=0.082 ACC=98.622 F1=96.705 Rec=96.495 Prec=96.923
Train Client3 [67/100] LR=0.0001250 loss=0.133 ACC=97.727 F1=97.385 Rec=97.277 Prec=97.504
Train Client4 [67/100] LR=0.0001250 loss=0.055 ACC=98.933 F1=94.770 Rec=97.136 Prec=92.851
Train Client5 [67/100] LR=0.0001250 loss=0.049 ACC=99.464 F1=95.628 Rec=99.671 Prec=92.920
Train Client6 [67/100] LR=0.0001250 loss=0.267 ACC=93.889 F1=91.689 Rec=94.274 Prec=89.666
Train Client7 [67/100] LR=0.0001250 loss=0.190 ACC=96.439 F1=96.641 Rec=96.610 Prec=96.686

Val    [67/100] LR=0.0001250 loss=1.700 ACC=96.914 F1=96.910 Rec=96.914 Prec=96.938

Test-  OSR [67/100] LR=0.0001250 ACC=60.571 F1=63.547 Rec=80.762 Prec=53.954 UNK=0.000 OS*=96.914 HOS=0.000 AUROC=80.487 AUPR=71.513 OSCR=79.450
Test-Close [67/100] LR=0.0001250 loss=1.708 ACC=96.914 F1=96.902 Rec=96.914 Prec=96.922
Train Client0 [68/100] LR=0.0001250 loss=0.115 ACC=97.522 F1=77.982 Rec=78.165 Prec=77.808
Train Client1 [68/100] LR=0.0001250 loss=0.030 ACC=99.478 F1=97.655 Rec=97.384 Prec=97.933
Train Client2 [68/100] LR=0.0001250 loss=0.077 ACC=98.574 F1=96.030 Rec=95.767 Prec=96.311
Train Client3 [68/100] LR=0.0001250 loss=0.076 ACC=99.053 F1=98.858 Rec=98.940 Prec=98.778
Train Client4 [68/100] LR=0.0001250 loss=0.058 ACC=98.780 F1=92.666 Rec=98.410 Prec=89.274
Train Client5 [68/100] LR=0.0001250 loss=0.047 ACC=98.482 F1=82.552 Rec=84.110 Prec=81.827
Train Client6 [68/100] LR=0.0001250 loss=0.329 ACC=93.333 F1=89.124 Rec=93.125 Prec=85.847
Train Client7 [68/100] LR=0.0001250 loss=0.157 ACC=97.197 F1=97.251 Rec=97.052 Prec=97.461

Val    [68/100] LR=0.0001250 loss=1.707 ACC=96.743 F1=96.730 Rec=96.743 Prec=96.838

Test-  OSR [68/100] LR=0.0001250 ACC=60.571 F1=63.776 Rec=80.762 Prec=54.579 UNK=0.000 OS*=96.914 HOS=0.000 AUROC=79.781 AUPR=69.805 OSCR=78.766
Test-Close [68/100] LR=0.0001250 loss=1.713 ACC=96.914 F1=96.887 Rec=96.914 Prec=96.979
Train Client0 [69/100] LR=0.0001250 loss=0.113 ACC=98.006 F1=78.369 Rec=78.447 Prec=78.293
Train Client1 [69/100] LR=0.0001250 loss=0.019 ACC=99.617 F1=98.002 Rec=98.453 Prec=97.576
Train Client2 [69/100] LR=0.0001250 loss=0.080 ACC=98.669 F1=96.271 Rec=95.600 Prec=97.019
Train Client3 [69/100] LR=0.0001250 loss=0.093 ACC=98.106 F1=97.696 Rec=97.530 Prec=97.866
Train Client4 [69/100] LR=0.0001250 loss=0.036 ACC=99.390 F1=96.675 Rec=99.519 Prec=94.302
Train Client5 [69/100] LR=0.0001250 loss=0.047 ACC=99.018 F1=92.699 Rec=99.322 Prec=89.412
Train Client6 [69/100] LR=0.0001250 loss=0.281 ACC=95.000 F1=92.964 Rec=95.101 Prec=91.239
Train Client7 [69/100] LR=0.0001250 loss=0.166 ACC=96.364 F1=96.145 Rec=96.780 Prec=95.544

Val    [69/100] LR=0.0001250 loss=1.707 ACC=96.686 F1=96.685 Rec=96.686 Prec=96.735

Test-  OSR [69/100] LR=0.0001250 ACC=60.500 F1=63.456 Rec=80.667 Prec=53.782 UNK=0.000 OS*=96.800 HOS=0.000 AUROC=78.604 AUPR=67.260 OSCR=77.692
Test-Close [69/100] LR=0.0001250 loss=1.708 ACC=96.800 F1=96.785 Rec=96.800 Prec=96.816
Train Client0 [70/100] LR=0.0001250 loss=0.106 ACC=98.060 F1=97.984 Rec=98.149 Prec=97.825
Train Client1 [70/100] LR=0.0001250 loss=0.025 ACC=99.547 F1=97.243 Rec=97.832 Prec=96.706
Train Client2 [70/100] LR=0.0001250 loss=0.080 ACC=98.669 F1=96.301 Rec=95.797 Prec=96.857
Train Client3 [70/100] LR=0.0001250 loss=0.140 ACC=97.917 F1=97.602 Rec=97.424 Prec=97.789
Train Client4 [70/100] LR=0.0001250 loss=0.049 ACC=98.704 F1=94.217 Rec=99.015 Prec=90.455
Train Client5 [70/100] LR=0.0001250 loss=0.030 ACC=99.375 F1=94.184 Rec=99.554 Prec=91.153
Train Client6 [70/100] LR=0.0001250 loss=0.342 ACC=93.611 F1=88.678 Rec=91.471 Prec=86.278
Train Client7 [70/100] LR=0.0001250 loss=0.172 ACC=96.818 F1=96.714 Rec=96.517 Prec=96.922

Val    [70/100] LR=0.0001250 loss=1.707 ACC=96.800 F1=96.796 Rec=96.800 Prec=96.819

Test-  OSR [70/100] LR=0.0001250 ACC=60.571 F1=63.683 Rec=80.762 Prec=54.154 UNK=0.000 OS*=96.914 HOS=0.000 AUROC=78.169 AUPR=67.090 OSCR=77.264
Test-Close [70/100] LR=0.0001250 loss=1.710 ACC=96.914 F1=96.903 Rec=96.914 Prec=96.918
Saving model at epoch 70 . . . . . . . .

Train Client0 [71/100] LR=0.0001250 loss=0.115 ACC=97.575 F1=78.060 Rec=78.137 Prec=77.987
Train Client1 [71/100] LR=0.0001250 loss=0.032 ACC=99.443 F1=97.258 Rec=97.666 Prec=96.873
Train Client2 [71/100] LR=0.0001250 loss=0.097 ACC=98.384 F1=96.497 Rec=95.821 Prec=97.249
Train Client3 [71/100] LR=0.0001250 loss=0.073 ACC=98.485 F1=98.091 Rec=97.914 Prec=98.278
Train Client4 [71/100] LR=0.0001250 loss=0.055 ACC=98.933 F1=95.070 Rec=99.298 Prec=91.786
Train Client5 [71/100] LR=0.0001250 loss=0.032 ACC=99.107 F1=90.221 Rec=94.264 Prec=87.933
Train Client6 [71/100] LR=0.0001250 loss=0.282 ACC=93.333 F1=89.732 Rec=90.861 Prec=88.720
Train Client7 [71/100] LR=0.0001250 loss=0.210 ACC=96.136 F1=96.169 Rec=96.221 Prec=96.123

Val    [71/100] LR=0.0001250 loss=1.706 ACC=96.800 F1=96.779 Rec=96.800 Prec=96.862

Test-  OSR [71/100] LR=0.0001250 ACC=60.643 F1=63.916 Rec=80.857 Prec=54.714 UNK=0.000 OS*=97.029 HOS=0.000 AUROC=78.497 AUPR=68.429 OSCR=77.546
Test-Close [71/100] LR=0.0001250 loss=1.709 ACC=97.029 F1=97.008 Rec=97.029 Prec=97.075
Train Client0 [72/100] LR=0.0001250 loss=0.093 ACC=98.276 F1=98.208 Rec=98.374 Prec=98.047
Train Client1 [72/100] LR=0.0001250 loss=0.021 ACC=99.652 F1=98.509 Rec=99.410 Prec=97.704
Train Client2 [72/100] LR=0.0001250 loss=0.072 ACC=98.717 F1=96.673 Rec=95.674 Prec=97.812
Train Client3 [72/100] LR=0.0001250 loss=0.098 ACC=97.917 F1=97.426 Rec=97.262 Prec=97.595
Train Client4 [72/100] LR=0.0001250 loss=0.055 ACC=98.933 F1=94.623 Rec=99.039 Prec=91.173
Train Client5 [72/100] LR=0.0001250 loss=0.026 ACC=99.375 F1=91.678 Rec=94.630 Prec=89.726
Train Client6 [72/100] LR=0.0001250 loss=0.291 ACC=93.333 F1=88.417 Rec=91.393 Prec=85.859
Train Client7 [72/100] LR=0.0001250 loss=0.181 ACC=97.197 F1=96.787 Rec=96.473 Prec=97.111

Val    [72/100] LR=0.0001250 loss=1.711 ACC=96.743 F1=96.716 Rec=96.743 Prec=96.827

Test-  OSR [72/100] LR=0.0001250 ACC=60.536 F1=63.641 Rec=80.714 Prec=54.393 UNK=0.000 OS*=96.857 HOS=0.000 AUROC=80.099 AUPR=70.331 OSCR=79.108
Test-Close [72/100] LR=0.0001250 loss=1.713 ACC=96.857 F1=96.828 Rec=96.857 Prec=96.907
Train Client0 [73/100] LR=0.0001250 loss=0.116 ACC=97.683 F1=78.089 Rec=78.329 Prec=77.864
Train Client1 [73/100] LR=0.0001250 loss=0.023 ACC=99.617 F1=98.261 Rec=98.968 Prec=97.608
Train Client2 [73/100] LR=0.0001250 loss=0.088 ACC=98.574 F1=96.479 Rec=95.887 Prec=97.149
Train Client3 [73/100] LR=0.0001250 loss=0.074 ACC=98.106 F1=97.893 Rec=97.893 Prec=97.893
Train Client4 [73/100] LR=0.0001250 loss=0.069 ACC=98.857 F1=94.496 Rec=98.087 Prec=91.799
Train Client5 [73/100] LR=0.0001250 loss=0.048 ACC=98.750 F1=91.120 Rec=94.060 Prec=89.181
Train Client6 [73/100] LR=0.0001250 loss=0.233 ACC=93.333 F1=89.908 Rec=91.620 Prec=88.394
Train Client7 [73/100] LR=0.0001250 loss=0.165 ACC=96.591 F1=96.040 Rec=95.797 Prec=96.288

Val    [73/100] LR=0.0001250 loss=1.709 ACC=97.029 F1=97.021 Rec=97.029 Prec=97.095

Test-  OSR [73/100] LR=0.0001250 ACC=60.571 F1=63.563 Rec=80.762 Prec=54.049 UNK=0.000 OS*=96.914 HOS=0.000 AUROC=81.802 AUPR=71.859 OSCR=80.823
Test-Close [73/100] LR=0.0001250 loss=1.707 ACC=96.914 F1=96.895 Rec=96.914 Prec=96.945
>> New learning Rate: 6.25e-05
Train Client0 [74/100] LR=0.0000625 loss=0.103 ACC=98.222 F1=78.609 Rec=78.826 Prec=78.408
Train Client1 [74/100] LR=0.0000625 loss=0.013 ACC=99.791 F1=98.552 Rec=99.239 Prec=97.919
Train Client2 [74/100] LR=0.0000625 loss=0.055 ACC=98.859 F1=96.990 Rec=96.673 Prec=97.326
Train Client3 [74/100] LR=0.0000625 loss=0.081 ACC=98.295 F1=98.012 Rec=97.989 Prec=98.049
Train Client4 [74/100] LR=0.0000625 loss=0.066 ACC=98.704 F1=94.107 Rec=99.188 Prec=90.442
Train Client5 [74/100] LR=0.0000625 loss=0.043 ACC=99.107 F1=90.152 Rec=99.316 Prec=86.933
Train Client6 [74/100] LR=0.0000625 loss=0.281 ACC=91.389 F1=87.723 Rec=90.344 Prec=85.650
Train Client7 [74/100] LR=0.0000625 loss=0.157 ACC=96.970 F1=96.760 Rec=96.896 Prec=96.626

Val    [74/100] LR=0.0000625 loss=1.699 ACC=96.971 F1=96.970 Rec=96.971 Prec=96.991

Test-  OSR [74/100] LR=0.0000625 ACC=60.536 F1=63.353 Rec=80.714 Prec=53.560 UNK=0.000 OS*=96.857 HOS=0.000 AUROC=81.042 AUPR=71.373 OSCR=80.100
Test-Close [74/100] LR=0.0000625 loss=1.703 ACC=96.857 F1=96.847 Rec=96.857 Prec=96.854
Train Client0 [75/100] LR=0.0000625 loss=0.089 ACC=98.222 F1=78.591 Rec=78.726 Prec=78.463
Train Client1 [75/100] LR=0.0000625 loss=0.008 ACC=99.791 F1=98.551 Rec=99.180 Prec=97.978
Train Client2 [75/100] LR=0.0000625 loss=0.058 ACC=98.954 F1=97.406 Rec=96.770 Prec=98.124
Train Client3 [75/100] LR=0.0000625 loss=0.064 ACC=98.674 F1=98.372 Rec=98.365 Prec=98.384
Train Client4 [75/100] LR=0.0000625 loss=0.056 ACC=98.628 F1=93.012 Rec=98.020 Prec=89.418
Train Client5 [75/100] LR=0.0000625 loss=0.020 ACC=99.464 F1=92.070 Rec=99.602 Prec=88.813
Train Client6 [75/100] LR=0.0000625 loss=0.321 ACC=93.333 F1=90.651 Rec=93.899 Prec=88.191
Train Client7 [75/100] LR=0.0000625 loss=0.181 ACC=97.121 F1=97.188 Rec=97.078 Prec=97.302

Val    [75/100] LR=0.0000625 loss=1.703 ACC=97.029 F1=97.019 Rec=97.029 Prec=97.058

Test-  OSR [75/100] LR=0.0000625 ACC=60.786 F1=63.915 Rec=81.048 Prec=54.466 UNK=0.000 OS*=97.257 HOS=0.000 AUROC=80.145 AUPR=69.661 OSCR=79.283
Test-Close [75/100] LR=0.0000625 loss=1.705 ACC=97.257 F1=97.240 Rec=97.257 Prec=97.272
Saving model at epoch 75 . . . . . . . .

Train Client0 [76/100] LR=0.0000625 loss=0.098 ACC=98.006 F1=78.431 Rec=78.645 Prec=78.233
Train Client1 [76/100] LR=0.0000625 loss=0.010 ACC=99.791 F1=98.743 Rec=99.178 Prec=98.334
Train Client2 [76/100] LR=0.0000625 loss=0.060 ACC=98.954 F1=96.979 Rec=96.657 Prec=97.321
Train Client3 [76/100] LR=0.0000625 loss=0.068 ACC=98.864 F1=98.863 Rec=99.011 Prec=98.735
Train Client4 [76/100] LR=0.0000625 loss=0.062 ACC=98.247 F1=90.720 Rec=97.021 Prec=87.343
Train Client5 [76/100] LR=0.0000625 loss=0.051 ACC=99.107 F1=91.837 Rec=99.384 Prec=88.565
Train Client6 [76/100] LR=0.0000625 loss=0.389 ACC=91.389 F1=88.215 Rec=92.059 Prec=85.502
Train Client7 [76/100] LR=0.0000625 loss=0.139 ACC=97.273 F1=97.326 Rec=97.588 Prec=97.077

Val    [76/100] LR=0.0000625 loss=1.707 ACC=96.971 F1=96.963 Rec=96.971 Prec=97.028

Test-  OSR [76/100] LR=0.0000625 ACC=60.571 F1=63.769 Rec=80.762 Prec=54.480 UNK=0.000 OS*=96.914 HOS=0.000 AUROC=79.695 AUPR=68.330 OSCR=78.831
Test-Close [76/100] LR=0.0000625 loss=1.709 ACC=96.914 F1=96.891 Rec=96.914 Prec=96.954
Train Client0 [77/100] LR=0.0000625 loss=0.107 ACC=97.899 F1=78.366 Rec=78.645 Prec=78.112
Train Client1 [77/100] LR=0.0000625 loss=0.012 ACC=99.687 F1=97.735 Rec=98.583 Prec=96.978
Train Client2 [77/100] LR=0.0000625 loss=0.052 ACC=99.097 F1=97.704 Rec=97.182 Prec=98.285
Train Client3 [77/100] LR=0.0000625 loss=0.077 ACC=98.295 F1=98.010 Rec=98.010 Prec=98.010
Train Client4 [77/100] LR=0.0000625 loss=0.071 ACC=98.476 F1=91.395 Rec=98.732 Prec=87.005
Train Client5 [77/100] LR=0.0000625 loss=0.034 ACC=99.018 F1=93.887 Rec=99.320 Prec=90.792
Train Client6 [77/100] LR=0.0000625 loss=0.310 ACC=91.944 F1=89.418 Rec=93.530 Prec=86.717
Train Client7 [77/100] LR=0.0000625 loss=0.155 ACC=97.576 F1=97.853 Rec=97.808 Prec=97.898

Val    [77/100] LR=0.0000625 loss=1.704 ACC=96.743 F1=96.728 Rec=96.743 Prec=96.774

Test-  OSR [77/100] LR=0.0000625 ACC=60.607 F1=63.681 Rec=80.810 Prec=54.260 UNK=0.000 OS*=96.971 HOS=0.000 AUROC=79.882 AUPR=68.753 OSCR=79.021
Test-Close [77/100] LR=0.0000625 loss=1.709 ACC=96.971 F1=96.954 Rec=96.971 Prec=96.984
Train Client0 [78/100] LR=0.0000625 loss=0.074 ACC=98.707 F1=78.993 Rec=79.109 Prec=78.883
Train Client1 [78/100] LR=0.0000625 loss=0.011 ACC=99.791 F1=98.514 Rec=98.256 Prec=98.779
Train Client2 [78/100] LR=0.0000625 loss=0.046 ACC=98.764 F1=96.932 Rec=96.859 Prec=97.007
Train Client3 [78/100] LR=0.0000625 loss=0.083 ACC=98.674 F1=98.475 Rec=98.717 Prec=98.252
Train Client4 [78/100] LR=0.0000625 loss=0.056 ACC=98.628 F1=93.600 Rec=97.176 Prec=90.908
Train Client5 [78/100] LR=0.0000625 loss=0.036 ACC=99.107 F1=90.968 Rec=99.382 Prec=87.699
Train Client6 [78/100] LR=0.0000625 loss=0.301 ACC=93.611 F1=91.556 Rec=94.432 Prec=89.722
Train Client7 [78/100] LR=0.0000625 loss=0.158 ACC=97.500 F1=97.463 Rec=97.350 Prec=97.578

Val    [78/100] LR=0.0000625 loss=1.706 ACC=96.800 F1=96.785 Rec=96.800 Prec=96.844

Test-  OSR [78/100] LR=0.0000625 ACC=60.679 F1=63.793 Rec=80.905 Prec=54.448 UNK=0.000 OS*=97.086 HOS=0.000 AUROC=79.719 AUPR=68.429 OSCR=78.844
Test-Close [78/100] LR=0.0000625 loss=1.712 ACC=97.086 F1=97.065 Rec=97.086 Prec=97.121
Train Client0 [79/100] LR=0.0000625 loss=0.089 ACC=97.899 F1=78.329 Rec=78.498 Prec=78.170
Train Client1 [79/100] LR=0.0000625 loss=0.012 ACC=99.756 F1=98.683 Rec=98.713 Prec=98.654
Train Client2 [79/100] LR=0.0000625 loss=0.061 ACC=98.812 F1=96.920 Rec=97.191 Prec=96.653
Train Client3 [79/100] LR=0.0000625 loss=0.080 ACC=98.106 F1=97.595 Rec=97.504 Prec=97.689
Train Client4 [79/100] LR=0.0000625 loss=0.053 ACC=99.238 F1=96.064 Rec=99.215 Prec=93.431
Train Client5 [79/100] LR=0.0000625 loss=0.024 ACC=99.107 F1=88.186 Rec=94.431 Prec=85.799
Train Client6 [79/100] LR=0.0000625 loss=0.355 ACC=92.222 F1=90.046 Rec=94.369 Prec=87.128
Train Client7 [79/100] LR=0.0000625 loss=0.120 ACC=97.576 F1=97.710 Rec=98.073 Prec=97.379

Val    [79/100] LR=0.0000625 loss=1.701 ACC=96.971 F1=96.965 Rec=96.971 Prec=96.974

Test-  OSR [79/100] LR=0.0000625 ACC=60.679 F1=64.051 Rec=80.905 Prec=54.760 UNK=0.000 OS*=97.086 HOS=0.000 AUROC=78.756 AUPR=66.902 OSCR=77.937
Test-Close [79/100] LR=0.0000625 loss=1.711 ACC=97.086 F1=97.071 Rec=97.086 Prec=97.092
Train Client0 [80/100] LR=0.0000625 loss=0.086 ACC=98.222 F1=78.602 Rec=78.818 Prec=78.402
Train Client1 [80/100] LR=0.0000625 loss=0.010 ACC=99.791 F1=98.744 Rec=99.179 Prec=98.335
Train Client2 [80/100] LR=0.0000625 loss=0.050 ACC=99.192 F1=97.676 Rec=97.093 Prec=98.314
Train Client3 [80/100] LR=0.0000625 loss=0.106 ACC=98.674 F1=98.378 Rec=98.378 Prec=98.378
Train Client4 [80/100] LR=0.0000625 loss=0.059 ACC=98.857 F1=93.825 Rec=98.974 Prec=90.104
Train Client5 [80/100] LR=0.0000625 loss=0.021 ACC=99.375 F1=93.009 Rec=99.527 Prec=89.827
Train Client6 [80/100] LR=0.0000625 loss=0.369 ACC=94.167 F1=92.533 Rec=97.164 Prec=89.721
Train Client7 [80/100] LR=0.0000625 loss=0.159 ACC=96.667 F1=96.634 Rec=96.869 Prec=96.414

Val    [80/100] LR=0.0000625 loss=1.697 ACC=97.029 F1=97.027 Rec=97.029 Prec=97.033

Test-  OSR [80/100] LR=0.0000625 ACC=60.750 F1=63.817 Rec=81.000 Prec=54.208 UNK=0.000 OS*=97.200 HOS=0.000 AUROC=79.565 AUPR=67.953 OSCR=78.738
Test-Close [80/100] LR=0.0000625 loss=1.706 ACC=97.200 F1=97.191 Rec=97.200 Prec=97.197
Saving model at epoch 80 . . . . . . . .

Train Client0 [81/100] LR=0.0000625 loss=0.084 ACC=98.276 F1=78.705 Rec=78.843 Prec=78.577
Train Client1 [81/100] LR=0.0000625 loss=0.015 ACC=99.756 F1=98.768 Rec=99.718 Prec=97.913
Train Client2 [81/100] LR=0.0000625 loss=0.063 ACC=98.669 F1=97.101 Rec=96.545 Prec=97.711
Train Client3 [81/100] LR=0.0000625 loss=0.085 ACC=97.727 F1=97.623 Rec=97.854 Prec=97.409
Train Client4 [81/100] LR=0.0000625 loss=0.052 ACC=98.857 F1=94.895 Rec=99.017 Prec=91.700
Train Client5 [81/100] LR=0.0000625 loss=0.027 ACC=99.375 F1=90.624 Rec=94.629 Prec=88.372
Train Client6 [81/100] LR=0.0000625 loss=0.334 ACC=92.500 F1=88.998 Rec=95.729 Prec=84.278
Train Client7 [81/100] LR=0.0000625 loss=0.152 ACC=96.818 F1=97.241 Rec=97.406 Prec=97.078

Val    [81/100] LR=0.0000625 loss=1.700 ACC=97.029 F1=97.024 Rec=97.029 Prec=97.039

Test-  OSR [81/100] LR=0.0000625 ACC=60.571 F1=63.816 Rec=80.762 Prec=54.466 UNK=0.000 OS*=96.914 HOS=0.000 AUROC=79.078 AUPR=66.665 OSCR=78.278
Test-Close [81/100] LR=0.0000625 loss=1.707 ACC=96.914 F1=96.901 Rec=96.914 Prec=96.915
Train Client0 [82/100] LR=0.0000625 loss=0.095 ACC=98.114 F1=78.502 Rec=78.682 Prec=78.333
Train Client1 [82/100] LR=0.0000625 loss=0.010 ACC=99.791 F1=98.552 Rec=99.239 Prec=97.919
Train Client2 [82/100] LR=0.0000625 loss=0.063 ACC=98.669 F1=96.518 Rec=96.330 Prec=96.714
Train Client3 [82/100] LR=0.0000625 loss=0.043 ACC=98.674 F1=98.376 Rec=98.376 Prec=98.376
Train Client4 [82/100] LR=0.0000625 loss=0.058 ACC=98.628 F1=92.264 Rec=98.365 Prec=88.565
Train Client5 [82/100] LR=0.0000625 loss=0.025 ACC=99.464 F1=90.685 Rec=94.678 Prec=88.447
Train Client6 [82/100] LR=0.0000625 loss=0.339 ACC=91.944 F1=88.073 Rec=94.062 Prec=83.748
Train Client7 [82/100] LR=0.0000625 loss=0.136 ACC=97.879 F1=98.013 Rec=97.655 Prec=98.384

Val    [82/100] LR=0.0000625 loss=1.700 ACC=96.971 F1=96.970 Rec=96.971 Prec=96.986

Test-  OSR [82/100] LR=0.0000625 ACC=60.786 F1=64.160 Rec=81.048 Prec=54.901 UNK=0.000 OS*=97.257 HOS=0.000 AUROC=77.858 AUPR=65.884 OSCR=77.085
Test-Close [82/100] LR=0.0000625 loss=1.708 ACC=97.257 F1=97.243 Rec=97.257 Prec=97.270
Train Client0 [83/100] LR=0.0000625 loss=0.069 ACC=98.330 F1=78.631 Rec=78.869 Prec=78.408
Train Client1 [83/100] LR=0.0000625 loss=0.015 ACC=99.687 F1=98.580 Rec=99.015 Prec=98.170
Train Client2 [83/100] LR=0.0000625 loss=0.066 ACC=98.954 F1=97.293 Rec=96.985 Prec=97.619
Train Client3 [83/100] LR=0.0000625 loss=0.083 ACC=99.053 F1=98.852 Rec=98.770 Prec=98.935
Train Client4 [83/100] LR=0.0000625 loss=0.054 ACC=98.933 F1=95.208 Rec=98.109 Prec=92.782
Train Client5 [83/100] LR=0.0000625 loss=0.023 ACC=99.286 F1=91.934 Rec=99.480 Prec=88.662
Train Client6 [83/100] LR=0.0000625 loss=0.306 ACC=94.444 F1=92.484 Rec=94.649 Prec=91.252
Train Client7 [83/100] LR=0.0000625 loss=0.132 ACC=97.500 F1=97.310 Rec=97.148 Prec=97.475

Val    [83/100] LR=0.0000625 loss=1.697 ACC=96.914 F1=96.913 Rec=96.914 Prec=96.927

Test-  OSR [83/100] LR=0.0000625 ACC=60.571 F1=63.857 Rec=80.762 Prec=54.497 UNK=0.000 OS*=96.914 HOS=0.000 AUROC=76.704 AUPR=64.427 OSCR=75.979
Test-Close [83/100] LR=0.0000625 loss=1.706 ACC=96.914 F1=96.903 Rec=96.914 Prec=96.917
Train Client0 [84/100] LR=0.0000625 loss=0.083 ACC=98.707 F1=78.931 Rec=79.011 Prec=78.852
Train Client1 [84/100] LR=0.0000625 loss=0.013 ACC=99.756 F1=98.486 Rec=99.144 Prec=97.883
Train Client2 [84/100] LR=0.0000625 loss=0.073 ACC=98.907 F1=97.128 Rec=96.687 Prec=97.625
Train Client3 [84/100] LR=0.0000625 loss=0.073 ACC=98.485 F1=98.090 Rec=98.253 Prec=97.936
Train Client4 [84/100] LR=0.0000625 loss=0.058 ACC=98.552 F1=91.054 Rec=97.240 Prec=88.311
Train Client5 [84/100] LR=0.0000625 loss=0.037 ACC=99.464 F1=94.246 Rec=99.602 Prec=91.228
Train Client6 [84/100] LR=0.0000625 loss=0.271 ACC=93.056 F1=90.526 Rec=93.830 Prec=88.247
Train Client7 [84/100] LR=0.0000625 loss=0.134 ACC=97.576 F1=96.657 Rec=96.286 Prec=97.038

Val    [84/100] LR=0.0000625 loss=1.702 ACC=96.971 F1=96.967 Rec=96.971 Prec=97.001

Test-  OSR [84/100] LR=0.0000625 ACC=60.714 F1=64.136 Rec=80.952 Prec=54.937 UNK=0.000 OS*=97.143 HOS=0.000 AUROC=77.305 AUPR=65.010 OSCR=76.564
Test-Close [84/100] LR=0.0000625 loss=1.708 ACC=97.143 F1=97.129 Rec=97.143 Prec=97.156
Train Client0 [85/100] LR=0.0000625 loss=0.105 ACC=98.222 F1=98.154 Rec=98.461 Prec=97.865
Train Client1 [85/100] LR=0.0000625 loss=0.008 ACC=99.826 F1=98.586 Rec=99.214 Prec=98.014
Train Client2 [85/100] LR=0.0000625 loss=0.062 ACC=98.527 F1=96.184 Rec=96.251 Prec=96.117
Train Client3 [85/100] LR=0.0000625 loss=0.044 ACC=99.621 F1=99.511 Rec=99.412 Prec=99.622
Train Client4 [85/100] LR=0.0000625 loss=0.064 ACC=99.009 F1=94.650 Rec=98.261 Prec=91.932
Train Client5 [85/100] LR=0.0000625 loss=0.027 ACC=99.286 F1=92.871 Rec=99.493 Prec=89.584
Train Client6 [85/100] LR=0.0000625 loss=0.208 ACC=93.889 F1=89.565 Rec=93.060 Prec=86.611
Train Client7 [85/100] LR=0.0000625 loss=0.122 ACC=97.576 F1=98.185 Rec=98.117 Prec=98.254

Val    [85/100] LR=0.0000625 loss=1.703 ACC=96.971 F1=96.967 Rec=96.971 Prec=97.015

Test-  OSR [85/100] LR=0.0000625 ACC=60.786 F1=63.972 Rec=81.048 Prec=54.539 UNK=0.000 OS*=97.257 HOS=0.000 AUROC=80.309 AUPR=70.266 OSCR=79.416
Test-Close [85/100] LR=0.0000625 loss=1.708 ACC=97.257 F1=97.242 Rec=97.257 Prec=97.275
Saving model at epoch 85 . . . . . . . .

Train Client0 [86/100] LR=0.0000625 loss=0.091 ACC=98.384 F1=78.725 Rec=78.794 Prec=78.659
Train Client1 [86/100] LR=0.0000625 loss=0.015 ACC=99.756 F1=98.879 Rec=99.085 Prec=98.679
Train Client2 [86/100] LR=0.0000625 loss=0.057 ACC=98.669 F1=96.736 Rec=96.475 Prec=97.004
Train Client3 [86/100] LR=0.0000625 loss=0.087 ACC=98.295 F1=97.871 Rec=97.781 Prec=97.964
Train Client4 [86/100] LR=0.0000625 loss=0.044 ACC=99.009 F1=95.962 Rec=99.062 Prec=93.359
Train Client5 [86/100] LR=0.0000625 loss=0.043 ACC=99.286 F1=94.123 Rec=99.506 Prec=91.079
Train Client6 [86/100] LR=0.0000625 loss=0.345 ACC=93.056 F1=90.654 Rec=95.128 Prec=87.706
Train Client7 [86/100] LR=0.0000625 loss=0.134 ACC=97.500 F1=97.758 Rec=97.602 Prec=97.921

Val    [86/100] LR=0.0000625 loss=1.702 ACC=97.143 F1=97.137 Rec=97.143 Prec=97.180

Test-  OSR [86/100] LR=0.0000625 ACC=60.679 F1=64.126 Rec=80.905 Prec=55.001 UNK=0.000 OS*=97.086 HOS=0.000 AUROC=76.677 AUPR=65.045 OSCR=75.926
Test-Close [86/100] LR=0.0000625 loss=1.708 ACC=97.086 F1=97.069 Rec=97.086 Prec=97.103
Train Client0 [87/100] LR=0.0000625 loss=0.079 ACC=98.384 F1=78.689 Rec=78.835 Prec=78.548
Train Client1 [87/100] LR=0.0000625 loss=0.009 ACC=99.791 F1=98.552 Rec=99.180 Prec=97.978
Train Client2 [87/100] LR=0.0000625 loss=0.057 ACC=98.907 F1=96.686 Rec=96.120 Prec=97.304
Train Client3 [87/100] LR=0.0000625 loss=0.080 ACC=98.864 F1=98.646 Rec=98.658 Prec=98.638
Train Client4 [87/100] LR=0.0000625 loss=0.031 ACC=99.238 F1=94.772 Rec=99.431 Prec=91.478
Train Client5 [87/100] LR=0.0000625 loss=0.022 ACC=99.286 F1=91.629 Rec=94.581 Prec=89.677
Train Client6 [87/100] LR=0.0000625 loss=0.220 ACC=94.167 F1=91.854 Rec=94.120 Prec=90.086
Train Client7 [87/100] LR=0.0000625 loss=0.130 ACC=97.652 F1=97.725 Rec=97.826 Prec=97.628

Val    [87/100] LR=0.0000625 loss=1.707 ACC=96.857 F1=96.851 Rec=96.857 Prec=96.884

Test-  OSR [87/100] LR=0.0000625 ACC=60.536 F1=63.693 Rec=80.714 Prec=54.429 UNK=0.000 OS*=96.857 HOS=0.000 AUROC=77.304 AUPR=65.475 OSCR=76.496
Test-Close [87/100] LR=0.0000625 loss=1.712 ACC=96.857 F1=96.835 Rec=96.857 Prec=96.885
Train Client0 [88/100] LR=0.0000625 loss=0.098 ACC=97.791 F1=78.231 Rec=78.265 Prec=78.198
Train Client1 [88/100] LR=0.0000625 loss=0.010 ACC=99.826 F1=98.812 Rec=98.783 Prec=98.842
Train Client2 [88/100] LR=0.0000625 loss=0.059 ACC=98.954 F1=97.707 Rec=97.450 Prec=97.972
Train Client3 [88/100] LR=0.0000625 loss=0.079 ACC=98.485 F1=98.350 Rec=98.434 Prec=98.268
Train Client4 [88/100] LR=0.0000625 loss=0.038 ACC=99.314 F1=96.016 Rec=98.610 Prec=93.889
Train Client5 [88/100] LR=0.0000625 loss=0.035 ACC=98.929 F1=88.034 Rec=94.280 Prec=85.647
Train Client6 [88/100] LR=0.0000625 loss=0.366 ACC=92.778 F1=88.538 Rec=90.128 Prec=87.159
Train Client7 [88/100] LR=0.0000625 loss=0.131 ACC=97.955 F1=98.393 Rec=98.325 Prec=98.463

Val    [88/100] LR=0.0000625 loss=1.716 ACC=96.914 F1=96.907 Rec=96.914 Prec=96.978

Test-  OSR [88/100] LR=0.0000625 ACC=60.679 F1=63.885 Rec=80.905 Prec=54.662 UNK=0.000 OS*=97.086 HOS=0.000 AUROC=77.558 AUPR=65.866 OSCR=76.755
Test-Close [88/100] LR=0.0000625 loss=1.715 ACC=97.086 F1=97.064 Rec=97.086 Prec=97.124
Train Client0 [89/100] LR=0.0000625 loss=0.104 ACC=97.899 F1=78.374 Rec=78.598 Prec=78.169
Train Client1 [89/100] LR=0.0000625 loss=0.010 ACC=99.826 F1=98.584 Rec=98.782 Prec=98.391
Train Client2 [89/100] LR=0.0000625 loss=0.066 ACC=98.954 F1=97.293 Rec=96.805 Prec=97.838
Train Client3 [89/100] LR=0.0000625 loss=0.088 ACC=98.864 F1=98.643 Rec=98.629 Prec=98.661
Train Client4 [89/100] LR=0.0000625 loss=0.049 ACC=98.780 F1=94.331 Rec=98.779 Prec=90.719
Train Client5 [89/100] LR=0.0000625 loss=0.039 ACC=99.018 F1=93.937 Rec=99.333 Prec=90.880
Train Client6 [89/100] LR=0.0000625 loss=0.268 ACC=93.611 F1=90.815 Rec=93.213 Prec=88.931
Train Client7 [89/100] LR=0.0000625 loss=0.135 ACC=97.652 F1=97.241 Rec=97.241 Prec=97.241

Val    [89/100] LR=0.0000625 loss=1.708 ACC=97.086 F1=97.076 Rec=97.086 Prec=97.116

Test-  OSR [89/100] LR=0.0000625 ACC=60.786 F1=64.152 Rec=81.048 Prec=55.082 UNK=0.000 OS*=97.257 HOS=0.000 AUROC=74.690 AUPR=60.764 OSCR=74.048
Test-Close [89/100] LR=0.0000625 loss=1.714 ACC=97.257 F1=97.241 Rec=97.257 Prec=97.301
Train Client0 [90/100] LR=0.0000625 loss=0.097 ACC=98.114 F1=78.499 Rec=78.634 Prec=78.371
Train Client1 [90/100] LR=0.0000625 loss=0.029 ACC=99.617 F1=97.740 Rec=97.962 Prec=97.525
Train Client2 [90/100] LR=0.0000625 loss=0.055 ACC=98.859 F1=97.341 Rec=96.672 Prec=98.091
Train Client3 [90/100] LR=0.0000625 loss=0.081 ACC=98.864 F1=98.754 Rec=98.654 Prec=98.864
Train Client4 [90/100] LR=0.0000625 loss=0.059 ACC=98.552 F1=91.903 Rec=99.186 Prec=87.580
Train Client5 [90/100] LR=0.0000625 loss=0.023 ACC=99.286 F1=89.665 Rec=94.555 Prec=87.274
Train Client6 [90/100] LR=0.0000625 loss=0.324 ACC=92.222 F1=89.325 Rec=92.312 Prec=87.123
Train Client7 [90/100] LR=0.0000625 loss=0.141 ACC=97.727 F1=97.770 Rec=97.469 Prec=98.079

Val    [90/100] LR=0.0000625 loss=1.703 ACC=97.029 F1=97.024 Rec=97.029 Prec=97.037

Test-  OSR [90/100] LR=0.0000625 ACC=60.643 F1=63.837 Rec=80.857 Prec=54.491 UNK=0.000 OS*=97.029 HOS=0.000 AUROC=77.893 AUPR=66.592 OSCR=77.100
Test-Close [90/100] LR=0.0000625 loss=1.709 ACC=97.029 F1=97.018 Rec=97.029 Prec=97.031
Saving model at epoch 90 . . . . . . . .

Train Client0 [91/100] LR=0.0000625 loss=0.090 ACC=98.168 F1=78.535 Rec=78.604 Prec=78.468
Train Client1 [91/100] LR=0.0000625 loss=0.002 ACC=99.965 F1=99.723 Rec=99.965 Prec=99.487
Train Client2 [91/100] LR=0.0000625 loss=0.066 ACC=98.717 F1=96.547 Rec=95.777 Prec=97.422
Train Client3 [91/100] LR=0.0000625 loss=0.071 ACC=98.674 F1=96.856 Rec=98.173 Prec=95.767
Train Client4 [91/100] LR=0.0000625 loss=0.039 ACC=99.390 F1=96.904 Rec=99.476 Prec=94.798
Train Client5 [91/100] LR=0.0000625 loss=0.022 ACC=99.554 F1=95.739 Rec=99.678 Prec=93.134
Train Client6 [91/100] LR=0.0000625 loss=0.301 ACC=91.944 F1=89.017 Rec=92.822 Prec=86.281
Train Client7 [91/100] LR=0.0000625 loss=0.132 ACC=97.652 F1=97.174 Rec=96.950 Prec=97.413

Val    [91/100] LR=0.0000625 loss=1.698 ACC=97.143 F1=97.145 Rec=97.143 Prec=97.168

Test-  OSR [91/100] LR=0.0000625 ACC=60.643 F1=63.455 Rec=80.857 Prec=53.653 UNK=0.000 OS*=97.029 HOS=0.000 AUROC=80.070 AUPR=70.931 OSCR=79.194
Test-Close [91/100] LR=0.0000625 loss=1.704 ACC=97.029 F1=97.018 Rec=97.029 Prec=97.031
Train Client0 [92/100] LR=0.0000625 loss=0.092 ACC=98.168 F1=78.552 Rec=78.654 Prec=78.453
Train Client1 [92/100] LR=0.0000625 loss=0.012 ACC=99.791 F1=98.807 Rec=99.262 Prec=98.378
Train Client2 [92/100] LR=0.0000625 loss=0.064 ACC=98.859 F1=97.046 Rec=96.991 Prec=97.105
Train Client3 [92/100] LR=0.0000625 loss=0.085 ACC=98.295 F1=97.833 Rec=97.822 Prec=97.848
Train Client4 [92/100] LR=0.0000625 loss=0.045 ACC=98.780 F1=93.666 Rec=98.410 Prec=90.336
Train Client5 [92/100] LR=0.0000625 loss=0.021 ACC=99.643 F1=94.383 Rec=99.752 Prec=91.353
Train Client6 [92/100] LR=0.0000625 loss=0.287 ACC=94.444 F1=90.712 Rec=94.387 Prec=87.727
Train Client7 [92/100] LR=0.0000625 loss=0.148 ACC=97.955 F1=98.052 Rec=97.581 Prec=98.542

Val    [92/100] LR=0.0000625 loss=1.704 ACC=97.029 F1=97.023 Rec=97.029 Prec=97.079

Test-  OSR [92/100] LR=0.0000625 ACC=60.750 F1=64.068 Rec=81.000 Prec=54.819 UNK=0.000 OS*=97.200 HOS=0.000 AUROC=78.518 AUPR=68.642 OSCR=77.700
Test-Close [92/100] LR=0.0000625 loss=1.709 ACC=97.200 F1=97.182 Rec=97.200 Prec=97.232
Train Client0 [93/100] LR=0.0000625 loss=0.082 ACC=98.653 F1=78.909 Rec=78.944 Prec=78.875
Train Client1 [93/100] LR=0.0000625 loss=0.009 ACC=99.652 F1=97.866 Rec=97.979 Prec=97.762
Train Client2 [93/100] LR=0.0000625 loss=0.042 ACC=99.192 F1=97.596 Rec=97.412 Prec=97.790
Train Client3 [93/100] LR=0.0000625 loss=0.091 ACC=98.674 F1=98.476 Rec=98.549 Prec=98.413
Train Client4 [93/100] LR=0.0000625 loss=0.052 ACC=98.780 F1=93.181 Rec=98.194 Prec=89.577
Train Client5 [93/100] LR=0.0000625 loss=0.057 ACC=99.107 F1=93.998 Rec=99.355 Prec=90.980
Train Client6 [93/100] LR=0.0000625 loss=0.232 ACC=95.000 F1=93.165 Rec=95.861 Prec=91.244
Train Client7 [93/100] LR=0.0000625 loss=0.146 ACC=97.879 F1=97.821 Rec=97.610 Prec=98.035

Val    [93/100] LR=0.0000625 loss=1.705 ACC=97.086 F1=97.081 Rec=97.086 Prec=97.129

Test-  OSR [93/100] LR=0.0000625 ACC=60.607 F1=63.706 Rec=80.810 Prec=54.351 UNK=0.000 OS*=96.971 HOS=0.000 AUROC=77.545 AUPR=67.973 OSCR=76.701
Test-Close [93/100] LR=0.0000625 loss=1.708 ACC=96.971 F1=96.949 Rec=96.971 Prec=97.002
Train Client0 [94/100] LR=0.0000625 loss=0.089 ACC=98.276 F1=78.603 Rec=78.748 Prec=78.464
Train Client1 [94/100] LR=0.0000625 loss=0.007 ACC=99.861 F1=99.103 Rec=99.309 Prec=98.904
Train Client2 [94/100] LR=0.0000625 loss=0.056 ACC=98.954 F1=97.488 Rec=97.622 Prec=97.357
Train Client3 [94/100] LR=0.0000625 loss=0.075 ACC=98.485 F1=96.890 Rec=98.265 Prec=95.746
Train Client4 [94/100] LR=0.0000625 loss=0.032 ACC=99.466 F1=96.692 Rec=99.325 Prec=94.523
Train Client5 [94/100] LR=0.0000625 loss=0.033 ACC=99.286 F1=92.922 Rec=94.552 Prec=91.627
Train Client6 [94/100] LR=0.0000625 loss=0.287 ACC=93.056 F1=89.135 Rec=93.298 Prec=86.095
Train Client7 [94/100] LR=0.0000625 loss=0.125 ACC=97.652 F1=97.394 Rec=97.399 Prec=97.398

Val    [94/100] LR=0.0000625 loss=1.709 ACC=96.914 F1=96.912 Rec=96.914 Prec=96.952

Test-  OSR [94/100] LR=0.0000625 ACC=60.786 F1=64.003 Rec=81.048 Prec=54.720 UNK=0.000 OS*=97.257 HOS=0.000 AUROC=76.639 AUPR=65.690 OSCR=75.894
Test-Close [94/100] LR=0.0000625 loss=1.709 ACC=97.257 F1=97.237 Rec=97.257 Prec=97.286
Train Client0 [95/100] LR=0.0000625 loss=0.096 ACC=98.276 F1=78.662 Rec=78.653 Prec=78.671
Train Client1 [95/100] LR=0.0000625 loss=0.012 ACC=99.756 F1=98.653 Rec=98.653 Prec=98.653
Train Client2 [95/100] LR=0.0000625 loss=0.050 ACC=98.907 F1=97.843 Rec=97.762 Prec=97.927
Train Client3 [95/100] LR=0.0000625 loss=0.075 ACC=98.485 F1=96.885 Rec=98.451 Prec=95.540
Train Client4 [95/100] LR=0.0000625 loss=0.050 ACC=99.085 F1=95.359 Rec=97.397 Prec=93.792
Train Client5 [95/100] LR=0.0000625 loss=0.040 ACC=99.196 F1=91.884 Rec=99.404 Prec=88.639
Train Client6 [95/100] LR=0.0000625 loss=0.253 ACC=93.611 F1=91.513 Rec=94.732 Prec=89.327
Train Client7 [95/100] LR=0.0000625 loss=0.146 ACC=97.652 F1=97.566 Rec=97.646 Prec=97.514

Val    [95/100] LR=0.0000625 loss=1.706 ACC=96.857 F1=96.858 Rec=96.857 Prec=96.870

Test-  OSR [95/100] LR=0.0000625 ACC=60.714 F1=63.907 Rec=80.952 Prec=54.493 UNK=0.000 OS*=97.143 HOS=0.000 AUROC=75.033 AUPR=63.317 OSCR=74.314
Test-Close [95/100] LR=0.0000625 loss=1.709 ACC=97.143 F1=97.131 Rec=97.143 Prec=97.149
Saving model at epoch 95 . . . . . . . .

Train Client0 [96/100] LR=0.0000625 loss=0.081 ACC=98.330 F1=78.682 Rec=78.863 Prec=78.510
Train Client1 [96/100] LR=0.0000625 loss=0.007 ACC=99.826 F1=99.104 Rec=99.339 Prec=98.875
Train Client2 [96/100] LR=0.0000625 loss=0.065 ACC=98.764 F1=97.217 Rec=97.142 Prec=97.294
Train Client3 [96/100] LR=0.0000625 loss=0.058 ACC=98.485 F1=98.103 Rec=98.084 Prec=98.137
Train Client4 [96/100] LR=0.0000625 loss=0.042 ACC=98.933 F1=95.411 Rec=98.196 Prec=93.116
Train Client5 [96/100] LR=0.0000625 loss=0.039 ACC=99.107 F1=91.479 Rec=94.457 Prec=89.503
Train Client6 [96/100] LR=0.0000625 loss=0.281 ACC=93.333 F1=89.627 Rec=90.328 Prec=88.968
Train Client7 [96/100] LR=0.0000625 loss=0.151 ACC=97.045 F1=97.678 Rec=97.377 Prec=97.987

Val    [96/100] LR=0.0000625 loss=1.706 ACC=97.086 F1=97.082 Rec=97.086 Prec=97.106

Test-  OSR [96/100] LR=0.0000625 ACC=60.750 F1=64.193 Rec=81.000 Prec=55.167 UNK=0.000 OS*=97.200 HOS=0.000 AUROC=76.960 AUPR=66.417 OSCR=76.126
Test-Close [96/100] LR=0.0000625 loss=1.713 ACC=97.200 F1=97.185 Rec=97.200 Prec=97.240
Train Client0 [97/100] LR=0.0000625 loss=0.096 ACC=98.384 F1=98.313 Rec=98.368 Prec=98.258
Train Client1 [97/100] LR=0.0000625 loss=0.014 ACC=99.826 F1=99.038 Rec=99.274 Prec=98.810
Train Client2 [97/100] LR=0.0000625 loss=0.054 ACC=99.192 F1=97.856 Rec=97.377 Prec=98.369
Train Client3 [97/100] LR=0.0000625 loss=0.062 ACC=98.485 F1=98.307 Rec=98.281 Prec=98.349
Train Client4 [97/100] LR=0.0000625 loss=0.039 ACC=98.933 F1=93.478 Rec=97.352 Prec=90.970
Train Client5 [97/100] LR=0.0000625 loss=0.014 ACC=99.554 F1=94.308 Rec=99.651 Prec=91.304
Train Client6 [97/100] LR=0.0000625 loss=0.284 ACC=93.889 F1=91.888 Rec=95.033 Prec=89.681
Train Client7 [97/100] LR=0.0000625 loss=0.133 ACC=97.424 F1=97.229 Rec=97.236 Prec=97.232

Val    [97/100] LR=0.0000625 loss=1.703 ACC=96.971 F1=96.973 Rec=96.971 Prec=96.991

Test-  OSR [97/100] LR=0.0000625 ACC=60.679 F1=63.783 Rec=80.905 Prec=54.327 UNK=0.000 OS*=97.086 HOS=0.000 AUROC=78.739 AUPR=68.737 OSCR=77.890
Test-Close [97/100] LR=0.0000625 loss=1.709 ACC=97.086 F1=97.070 Rec=97.086 Prec=97.108
Train Client0 [98/100] LR=0.0000625 loss=0.067 ACC=98.491 F1=78.812 Rec=78.927 Prec=78.702
Train Client1 [98/100] LR=0.0000625 loss=0.012 ACC=99.687 F1=98.102 Rec=98.524 Prec=97.705
Train Client2 [98/100] LR=0.0000625 loss=0.051 ACC=99.144 F1=97.957 Rec=97.827 Prec=98.088
Train Client3 [98/100] LR=0.0000625 loss=0.055 ACC=98.485 F1=98.051 Rec=97.874 Prec=98.238
Train Client4 [98/100] LR=0.0000625 loss=0.038 ACC=99.009 F1=95.078 Rec=97.375 Prec=93.278
Train Client5 [98/100] LR=0.0000625 loss=0.033 ACC=99.375 F1=90.611 Rec=94.603 Prec=88.372
Train Client6 [98/100] LR=0.0000625 loss=0.231 ACC=94.444 F1=92.101 Rec=93.662 Prec=90.810
Train Client7 [98/100] LR=0.0000625 loss=0.141 ACC=97.727 F1=97.445 Rec=97.170 Prec=97.726

Val    [98/100] LR=0.0000625 loss=1.707 ACC=96.914 F1=96.916 Rec=96.914 Prec=96.935

Test-  OSR [98/100] LR=0.0000625 ACC=60.750 F1=63.691 Rec=81.000 Prec=53.940 UNK=0.000 OS*=97.200 HOS=0.000 AUROC=79.140 AUPR=68.714 OSCR=78.264
Test-Close [98/100] LR=0.0000625 loss=1.710 ACC=97.200 F1=97.188 Rec=97.200 Prec=97.201
Train Client0 [99/100] LR=0.0000625 loss=0.078 ACC=98.545 F1=78.901 Rec=79.141 Prec=78.679
Train Client1 [99/100] LR=0.0000625 loss=0.008 ACC=99.861 F1=99.561 Rec=99.724 Prec=99.405
Train Client2 [99/100] LR=0.0000625 loss=0.055 ACC=98.954 F1=96.927 Rec=96.890 Prec=96.967
Train Client3 [99/100] LR=0.0000625 loss=0.077 ACC=98.295 F1=97.795 Rec=97.623 Prec=97.976
Train Client4 [99/100] LR=0.0000625 loss=0.035 ACC=99.390 F1=95.649 Rec=98.632 Prec=93.560
Train Client5 [99/100] LR=0.0000625 loss=0.026 ACC=99.375 F1=94.185 Rec=99.554 Prec=91.153
Train Client6 [99/100] LR=0.0000625 loss=0.237 ACC=93.611 F1=91.099 Rec=93.213 Prec=89.539
Train Client7 [99/100] LR=0.0000625 loss=0.152 ACC=97.500 F1=97.452 Rec=97.602 Prec=97.324

Val    [99/100] LR=0.0000625 loss=1.705 ACC=96.971 F1=96.969 Rec=96.971 Prec=96.976

Test-  OSR [99/100] LR=0.0000625 ACC=60.643 F1=63.664 Rec=80.857 Prec=54.197 UNK=0.000 OS*=97.029 HOS=0.000 AUROC=78.816 AUPR=68.471 OSCR=77.947
Test-Close [99/100] LR=0.0000625 loss=1.713 ACC=97.029 F1=97.017 Rec=97.029 Prec=97.036
------>Best performance (by OSCR)--->>>>>>>

Test-  OSR [18/100] ACC=60.643 F1=63.664 Rec=80.857 Prec=54.197 UNK=0.000 OS*=97.029 HOS=0.000 AUROC=78.816 AUPR=68.471 OSCR=77.947
=====================================================================================================================================
The ending time ：2026-05-28 14:52:41
