Logging to: ./logs/RetinalOCT_Pretrain_K5_U3_seed0_20260602_210254.log
==> Preparing data..
Known class list: [6 2 1 7 3] Unknown class list [0 5 4]
Total images — Train: 18400, Val: 2800, Test: 2800
{6: 0, 2: 1, 1: 2, 7: 3, 3: 4} {0: 5, 5: 6, 4: 7}
Known origin: [6 2 1 7 3] , new: [0 1 2 3 4]
Unknown origin: [0 5 4] , new: [5 6 7]
Known/Unknown in Train: 11500/6900
Known/Unknown in Val:   1750/1050
Known/Unknown in Test:  1750/1050
Client0 sample num: 1861
Client1 sample num: 2876
Client2 sample num: 2109
Client3 sample num: 533
Client4 sample num: 1312
Client5 sample num: 1125
Client6 sample num: 362
Client7 sample num: 1322

>>> Setting up
==> Building [Resnet18] model..
154
120
Train Client0 [0/100] LR=0.0005000 loss=1.507 ACC=70.528 F1=50.277 Rec=50.166 Prec=51.523
Train Client1 [0/100] LR=0.0005000 loss=1.103 ACC=81.825 F1=58.105 Rec=57.371 Prec=60.059
Train Client2 [0/100] LR=0.0005000 loss=1.381 ACC=75.808 F1=46.716 Rec=47.195 Prec=47.428
Train Client3 [0/100] LR=0.0005000 loss=2.058 ACC=68.182 F1=49.249 Rec=50.000 Prec=49.671
Train Client4 [0/100] LR=0.0005000 loss=1.098 ACC=81.784 F1=39.880 Rec=39.187 Prec=43.326
Train Client5 [0/100] LR=0.0005000 loss=1.791 ACC=66.071 F1=47.364 Rec=47.272 Prec=47.545
Train Client6 [0/100] LR=0.0005000 loss=2.420 ACC=62.222 F1=23.777 Rec=24.295 Prec=23.791
Train Client7 [0/100] LR=0.0005000 loss=1.708 ACC=68.333 F1=39.499 Rec=39.819 Prec=40.322

Val    [0/100] LR=0.0005000 loss=2.833 ACC=56.800 F1=51.190 Rec=56.800 Prec=57.725

Test-  OSR [0/100] LR=0.0005000 ACC=35.321 F1=32.230 Rec=47.095 Prec=30.183 UNK=0.000 OS*=56.514 HOS=0.000 AUROC=71.431 AUPR=59.075 OSCR=42.627
Test-Close [0/100] LR=0.0005000 loss=2.827 ACC=56.514 F1=50.847 Rec=56.514 Prec=57.325
Saving best model . . . . . . . .

Saving model at epoch 0 . . . . . . . .

Train Client0 [1/100] LR=0.0005000 loss=1.058 ACC=78.448 F1=58.995 Rec=58.402 Prec=59.808
Train Client1 [1/100] LR=0.0005000 loss=0.952 ACC=82.312 F1=58.402 Rec=57.220 Prec=61.612
Train Client2 [1/100] LR=0.0005000 loss=1.019 ACC=80.846 F1=55.999 Rec=55.287 Prec=58.546
Train Client3 [1/100] LR=0.0005000 loss=1.681 ACC=73.295 F1=51.649 Rec=50.870 Prec=53.757
Train Client4 [1/100] LR=0.0005000 loss=0.782 ACC=86.738 F1=44.366 Rec=43.879 Prec=46.245
Train Client5 [1/100] LR=0.0005000 loss=1.190 ACC=75.982 F1=56.132 Rec=55.952 Prec=56.341
Train Client6 [1/100] LR=0.0005000 loss=1.538 ACC=75.278 F1=41.334 Rec=41.765 Prec=45.661
Train Client7 [1/100] LR=0.0005000 loss=1.074 ACC=80.530 F1=50.226 Rec=48.062 Prec=54.056

Val    [1/100] LR=0.0005000 loss=2.568 ACC=64.057 F1=60.923 Rec=64.057 Prec=81.135

Test-  OSR [1/100] LR=0.0005000 ACC=40.107 F1=41.357 Rec=53.476 Prec=55.241 UNK=0.000 OS*=64.171 HOS=0.000 AUROC=71.746 AUPR=60.077 OSCR=49.885
Test-Close [1/100] LR=0.0005000 loss=2.567 ACC=64.171 F1=60.700 Rec=64.171 Prec=81.185
Saving best model . . . . . . . .

Train Client0 [2/100] LR=0.0005000 loss=0.945 ACC=79.418 F1=60.255 Rec=59.729 Prec=61.002
Train Client1 [2/100] LR=0.0005000 loss=0.690 ACC=87.256 F1=64.407 Rec=64.169 Prec=64.796
Train Client2 [2/100] LR=0.0005000 loss=0.845 ACC=83.983 F1=61.201 Rec=60.236 Prec=66.728
Train Client3 [2/100] LR=0.0005000 loss=1.263 ACC=79.167 F1=57.235 Rec=57.315 Prec=57.804
Train Client4 [2/100] LR=0.0005000 loss=0.594 ACC=90.168 F1=48.329 Rec=48.463 Prec=48.326
Train Client5 [2/100] LR=0.0005000 loss=0.925 ACC=81.875 F1=62.181 Rec=61.982 Prec=62.407
Train Client6 [2/100] LR=0.0005000 loss=1.306 ACC=78.056 F1=39.863 Rec=40.329 Prec=40.218
Train Client7 [2/100] LR=0.0005000 loss=0.997 ACC=81.742 F1=52.821 Rec=50.558 Prec=57.289

Val    [2/100] LR=0.0005000 loss=2.257 ACC=89.486 F1=89.500 Rec=89.486 Prec=90.005

Test-  OSR [2/100] LR=0.0005000 ACC=55.500 F1=59.553 Rec=74.000 Prec=52.443 UNK=0.000 OS*=88.800 HOS=0.000 AUROC=62.196 AUPR=50.296 OSCR=58.252
Test-Close [2/100] LR=0.0005000 loss=2.261 ACC=88.800 F1=88.812 Rec=88.800 Prec=89.561
Saving best model . . . . . . . .

Train Client0 [3/100] LR=0.0005000 loss=0.715 ACC=84.429 F1=81.679 Rec=81.334 Prec=82.084
Train Client1 [3/100] LR=0.0005000 loss=0.569 ACC=88.823 F1=66.443 Rec=66.361 Prec=66.647
Train Client2 [3/100] LR=0.0005000 loss=0.717 ACC=86.359 F1=66.298 Rec=65.526 Prec=70.246
Train Client3 [3/100] LR=0.0005000 loss=0.890 ACC=85.606 F1=65.842 Rec=65.668 Prec=66.512
Train Client4 [3/100] LR=0.0005000 loss=0.508 ACC=91.845 F1=56.894 Rec=55.700 Prec=58.537
Train Client5 [3/100] LR=0.0005000 loss=0.740 ACC=85.714 F1=66.759 Rec=66.746 Prec=66.778
Train Client6 [3/100] LR=0.0005000 loss=1.114 ACC=81.111 F1=47.549 Rec=44.888 Prec=55.303
Train Client7 [3/100] LR=0.0005000 loss=0.938 ACC=82.727 F1=57.154 Rec=54.671 Prec=61.604

Val    [3/100] LR=0.0005000 loss=2.061 ACC=86.971 F1=86.804 Rec=86.971 Prec=89.315

Test-  OSR [3/100] LR=0.0005000 ACC=54.179 F1=56.910 Rec=72.238 Prec=51.260 UNK=0.000 OS*=86.686 HOS=0.000 AUROC=66.798 AUPR=47.578 OSCR=62.734
Test-Close [3/100] LR=0.0005000 loss=2.073 ACC=86.686 F1=86.547 Rec=86.686 Prec=89.297
Saving best model . . . . . . . .

Train Client0 [4/100] LR=0.0005000 loss=0.688 ACC=84.914 F1=82.618 Rec=82.456 Prec=82.843
Train Client1 [4/100] LR=0.0005000 loss=0.463 ACC=91.156 F1=73.629 Rec=72.311 Prec=77.949
Train Client2 [4/100] LR=0.0005000 loss=0.641 ACC=87.880 F1=74.447 Rec=72.079 Prec=78.851
Train Client3 [4/100] LR=0.0005000 loss=0.891 ACC=82.765 F1=61.235 Rec=60.616 Prec=62.603
Train Client4 [4/100] LR=0.0005000 loss=0.451 ACC=93.674 F1=62.477 Rec=61.165 Prec=64.097
Train Client5 [4/100] LR=0.0005000 loss=0.638 ACC=87.946 F1=68.911 Rec=69.077 Prec=68.747
Train Client6 [4/100] LR=0.0005000 loss=1.163 ACC=78.056 F1=50.351 Rec=51.582 Prec=54.639
Train Client7 [4/100] LR=0.0005000 loss=0.747 ACC=85.758 F1=60.868 Rec=58.762 Prec=64.047

Val    [4/100] LR=0.0005000 loss=1.924 ACC=89.143 F1=88.866 Rec=89.143 Prec=91.182

Test-  OSR [4/100] LR=0.0005000 ACC=55.964 F1=59.830 Rec=74.619 Prec=54.612 UNK=0.000 OS*=89.543 HOS=0.000 AUROC=75.933 AUPR=57.321 OSCR=72.069
Test-Close [4/100] LR=0.0005000 loss=1.934 ACC=89.543 F1=89.336 Rec=89.543 Prec=91.399
Saving best model . . . . . . . .

Train Client0 [5/100] LR=0.0005000 loss=0.619 ACC=86.153 F1=84.046 Rec=83.911 Prec=84.223
Train Client1 [5/100] LR=0.0005000 loss=0.430 ACC=91.435 F1=74.741 Rec=72.805 Prec=78.770
Train Client2 [5/100] LR=0.0005000 loss=0.520 ACC=89.971 F1=76.319 Rec=74.573 Prec=79.480
Train Client3 [5/100] LR=0.0005000 loss=0.703 ACC=87.121 F1=73.238 Rec=71.988 Prec=74.879
Train Client4 [5/100] LR=0.0005000 loss=0.405 ACC=92.759 F1=56.500 Rec=55.384 Prec=58.465
Train Client5 [5/100] LR=0.0005000 loss=0.520 ACC=90.536 F1=71.194 Rec=71.238 Prec=71.156
Train Client6 [5/100] LR=0.0005000 loss=0.911 ACC=82.500 F1=61.021 Rec=59.028 Prec=64.745
Train Client7 [5/100] LR=0.0005000 loss=0.793 ACC=85.758 F1=60.804 Rec=58.948 Prec=63.186

Val    [5/100] LR=0.0005000 loss=1.843 ACC=93.429 F1=93.368 Rec=93.429 Prec=93.805

Test-  OSR [5/100] LR=0.0005000 ACC=58.679 F1=61.089 Rec=78.238 Prec=51.985 UNK=0.000 OS*=93.886 HOS=0.000 AUROC=80.544 AUPR=70.371 OSCR=78.030
Test-Close [5/100] LR=0.0005000 loss=1.841 ACC=93.886 F1=93.834 Rec=93.886 Prec=94.166
Saving best model . . . . . . . .

Saving model at epoch 5 . . . . . . . .

Train Client0 [6/100] LR=0.0005000 loss=0.545 ACC=88.147 F1=69.127 Rec=68.895 Prec=69.378
Train Client1 [6/100] LR=0.0005000 loss=0.378 ACC=93.210 F1=79.609 Rec=77.269 Prec=84.311
Train Client2 [6/100] LR=0.0005000 loss=0.493 ACC=90.494 F1=76.918 Rec=75.536 Prec=80.354
Train Client3 [6/100] LR=0.0005000 loss=0.564 ACC=90.720 F1=83.018 Rec=82.649 Prec=83.575
Train Client4 [6/100] LR=0.0005000 loss=0.298 ACC=94.512 F1=66.171 Rec=64.805 Prec=67.996
Train Client5 [6/100] LR=0.0005000 loss=0.422 ACC=91.696 F1=72.216 Rec=72.300 Prec=72.134
Train Client6 [6/100] LR=0.0005000 loss=0.778 ACC=86.111 F1=66.278 Rec=64.609 Prec=69.698
Train Client7 [6/100] LR=0.0005000 loss=0.656 ACC=87.197 F1=63.051 Rec=61.797 Prec=64.780

Val    [6/100] LR=0.0005000 loss=1.837 ACC=92.857 F1=92.750 Rec=92.857 Prec=93.776

Test-  OSR [6/100] LR=0.0005000 ACC=58.321 F1=62.157 Rec=77.762 Prec=55.010 UNK=0.000 OS*=93.314 HOS=0.000 AUROC=79.081 AUPR=60.637 OSCR=76.644
Test-Close [6/100] LR=0.0005000 loss=1.834 ACC=93.314 F1=93.206 Rec=93.314 Prec=93.942
Train Client0 [7/100] LR=0.0005000 loss=0.484 ACC=89.332 F1=70.360 Rec=70.400 Prec=70.329
Train Client1 [7/100] LR=0.0005000 loss=0.360 ACC=93.036 F1=74.099 Rec=73.147 Prec=75.999
Train Client2 [7/100] LR=0.0005000 loss=0.510 ACC=90.447 F1=79.195 Rec=77.852 Prec=81.432
Train Client3 [7/100] LR=0.0005000 loss=0.651 ACC=88.826 F1=77.466 Rec=74.847 Prec=82.399
Train Client4 [7/100] LR=0.0005000 loss=0.297 ACC=94.665 F1=66.858 Rec=66.451 Prec=67.349
Train Client5 [7/100] LR=0.0005000 loss=0.390 ACC=93.125 F1=74.328 Rec=74.201 Prec=74.461
Train Client6 [7/100] LR=0.0005000 loss=0.735 ACC=84.722 F1=71.372 Rec=70.317 Prec=73.639
Train Client7 [7/100] LR=0.0005000 loss=0.649 ACC=88.788 F1=67.143 Rec=65.376 Prec=69.475

Val    [7/100] LR=0.0005000 loss=1.844 ACC=92.171 F1=92.006 Rec=92.171 Prec=93.528

Test-  OSR [7/100] LR=0.0005000 ACC=57.357 F1=60.739 Rec=76.476 Prec=54.288 UNK=0.000 OS*=91.771 HOS=0.000 AUROC=81.375 AUPR=65.098 OSCR=78.129
Test-Close [7/100] LR=0.0005000 loss=1.842 ACC=91.771 F1=91.594 Rec=91.771 Prec=93.142
Saving best model . . . . . . . .

Train Client0 [8/100] LR=0.0005000 loss=0.471 ACC=90.194 F1=88.901 Rec=89.177 Prec=88.633
Train Client1 [8/100] LR=0.0005000 loss=0.314 ACC=93.802 F1=78.738 Rec=77.685 Prec=80.571
Train Client2 [8/100] LR=0.0005000 loss=0.481 ACC=90.970 F1=78.352 Rec=77.298 Prec=80.281
Train Client3 [8/100] LR=0.0005000 loss=0.478 ACC=92.803 F1=80.213 Rec=79.313 Prec=81.268
Train Client4 [8/100] LR=0.0005000 loss=0.271 ACC=95.198 F1=70.717 Rec=69.603 Prec=72.052
Train Client5 [8/100] LR=0.0005000 loss=0.388 ACC=92.857 F1=73.836 Rec=73.654 Prec=74.035
Train Client6 [8/100] LR=0.0005000 loss=0.723 ACC=86.389 F1=72.349 Rec=69.310 Prec=77.871
Train Client7 [8/100] LR=0.0005000 loss=0.608 ACC=89.924 F1=68.385 Rec=66.839 Prec=70.270

Val    [8/100] LR=0.0005000 loss=1.802 ACC=93.714 F1=93.672 Rec=93.714 Prec=94.332

Test-  OSR [8/100] LR=0.0005000 ACC=58.929 F1=62.212 Rec=78.571 Prec=53.513 UNK=0.000 OS*=94.286 HOS=0.000 AUROC=83.915 AUPR=68.860 OSCR=81.655
Test-Close [8/100] LR=0.0005000 loss=1.796 ACC=94.286 F1=94.252 Rec=94.286 Prec=94.664
Saving best model . . . . . . . .

Train Client0 [9/100] LR=0.0005000 loss=0.447 ACC=89.978 F1=71.057 Rec=70.915 Prec=71.217
Train Client1 [9/100] LR=0.0005000 loss=0.310 ACC=94.394 F1=78.840 Rec=77.278 Prec=81.626
Train Client2 [9/100] LR=0.0005000 loss=0.446 ACC=91.683 F1=79.276 Rec=77.990 Prec=81.890
Train Client3 [9/100] LR=0.0005000 loss=0.457 ACC=92.235 F1=84.240 Rec=84.851 Prec=83.844
Train Client4 [9/100] LR=0.0005000 loss=0.271 ACC=95.122 F1=77.035 Rec=75.302 Prec=79.274
Train Client5 [9/100] LR=0.0005000 loss=0.322 ACC=94.464 F1=75.522 Rec=75.655 Prec=75.391
Train Client6 [9/100] LR=0.0005000 loss=0.779 ACC=87.222 F1=73.264 Rec=70.363 Prec=78.147
Train Client7 [9/100] LR=0.0005000 loss=0.549 ACC=90.227 F1=87.473 Rec=86.100 Prec=89.118

Val    [9/100] LR=0.0005000 loss=1.794 ACC=93.657 F1=93.549 Rec=93.657 Prec=94.434

Test-  OSR [9/100] LR=0.0005000 ACC=58.714 F1=61.186 Rec=78.286 Prec=52.644 UNK=0.000 OS*=93.943 HOS=0.000 AUROC=85.372 AUPR=76.655 OSCR=82.520
Test-Close [9/100] LR=0.0005000 loss=1.789 ACC=93.943 F1=93.839 Rec=93.943 Prec=94.481
Saving best model . . . . . . . .

Train Client0 [10/100] LR=0.0005000 loss=0.434 ACC=90.948 F1=71.970 Rec=71.910 Prec=72.056
Train Client1 [10/100] LR=0.0005000 loss=0.274 ACC=94.777 F1=82.789 Rec=81.817 Prec=83.954
Train Client2 [10/100] LR=0.0005000 loss=0.411 ACC=92.443 F1=83.158 Rec=81.415 Prec=85.937
Train Client3 [10/100] LR=0.0005000 loss=0.404 ACC=93.371 F1=87.028 Rec=85.142 Prec=89.453
Train Client4 [10/100] LR=0.0005000 loss=0.230 ACC=96.037 F1=72.171 Rec=71.920 Prec=72.461
Train Client5 [10/100] LR=0.0005000 loss=0.341 ACC=93.661 F1=74.019 Rec=74.088 Prec=73.951
Train Client6 [10/100] LR=0.0005000 loss=0.621 ACC=86.667 F1=75.593 Rec=73.872 Prec=78.110
Train Client7 [10/100] LR=0.0005000 loss=0.521 ACC=90.909 F1=88.153 Rec=86.843 Prec=89.660

Val    [10/100] LR=0.0005000 loss=1.810 ACC=93.543 F1=93.447 Rec=93.543 Prec=94.392

Test-  OSR [10/100] LR=0.0005000 ACC=58.464 F1=61.515 Rec=77.952 Prec=53.618 UNK=0.000 OS*=93.543 HOS=0.000 AUROC=85.679 AUPR=73.932 OSCR=82.561
Test-Close [10/100] LR=0.0005000 loss=1.800 ACC=93.543 F1=93.447 Rec=93.543 Prec=94.257
Saving best model . . . . . . . .

Saving model at epoch 10 . . . . . . . .

Train Client0 [11/100] LR=0.0005000 loss=0.405 ACC=91.487 F1=72.809 Rec=73.103 Prec=72.536
Train Client1 [11/100] LR=0.0005000 loss=0.280 ACC=95.265 F1=85.444 Rec=83.396 Prec=88.355
Train Client2 [11/100] LR=0.0005000 loss=0.356 ACC=93.774 F1=84.215 Rec=83.071 Prec=86.086
Train Client3 [11/100] LR=0.0005000 loss=0.383 ACC=93.182 F1=90.384 Rec=91.530 Prec=89.588
Train Client4 [11/100] LR=0.0005000 loss=0.210 ACC=96.037 F1=75.114 Rec=75.945 Prec=74.449
Train Client5 [11/100] LR=0.0005000 loss=0.277 ACC=94.464 F1=88.420 Rec=89.904 Prec=87.276
Train Client6 [11/100] LR=0.0005000 loss=0.563 ACC=90.000 F1=82.627 Rec=84.877 Prec=80.826
Train Client7 [11/100] LR=0.0005000 loss=0.513 ACC=90.303 F1=67.797 Rec=66.332 Prec=69.629

Val    [11/100] LR=0.0005000 loss=1.807 ACC=93.314 F1=93.196 Rec=93.314 Prec=94.346

Test-  OSR [11/100] LR=0.0005000 ACC=58.500 F1=60.928 Rec=78.000 Prec=52.628 UNK=0.000 OS*=93.600 HOS=0.000 AUROC=82.523 AUPR=68.431 OSCR=79.763
Test-Close [11/100] LR=0.0005000 loss=1.797 ACC=93.600 F1=93.494 Rec=93.600 Prec=94.340
Train Client0 [12/100] LR=0.0005000 loss=0.370 ACC=91.918 F1=72.801 Rec=72.886 Prec=72.718
Train Client1 [12/100] LR=0.0005000 loss=0.250 ACC=95.578 F1=84.873 Rec=83.175 Prec=87.317
Train Client2 [12/100] LR=0.0005000 loss=0.368 ACC=93.869 F1=83.219 Rec=81.613 Prec=86.029
Train Client3 [12/100] LR=0.0005000 loss=0.441 ACC=92.614 F1=86.888 Rec=85.288 Prec=88.776
Train Client4 [12/100] LR=0.0005000 loss=0.185 ACC=96.418 F1=73.489 Rec=72.550 Prec=74.724
Train Client5 [12/100] LR=0.0005000 loss=0.276 ACC=95.357 F1=75.916 Rec=75.961 Prec=75.872
Train Client6 [12/100] LR=0.0005000 loss=0.556 ACC=90.556 F1=82.573 Rec=80.816 Prec=85.692
Train Client7 [12/100] LR=0.0005000 loss=0.505 ACC=90.909 F1=89.552 Rec=87.588 Prec=91.919

Val    [12/100] LR=0.0005000 loss=1.768 ACC=94.571 F1=94.514 Rec=94.571 Prec=95.186

Test-  OSR [12/100] LR=0.0005000 ACC=59.429 F1=63.296 Rec=79.238 Prec=55.462 UNK=0.000 OS*=95.086 HOS=0.000 AUROC=78.130 AUPR=62.515 OSCR=76.653
Test-Close [12/100] LR=0.0005000 loss=1.760 ACC=95.086 F1=95.025 Rec=95.086 Prec=95.461
Train Client0 [13/100] LR=0.0005000 loss=0.352 ACC=93.265 F1=92.617 Rec=93.019 Prec=92.248
Train Client1 [13/100] LR=0.0005000 loss=0.233 ACC=95.822 F1=84.945 Rec=83.527 Prec=86.836
Train Client2 [13/100] LR=0.0005000 loss=0.336 ACC=94.106 F1=87.804 Rec=86.453 Prec=89.567
Train Client3 [13/100] LR=0.0005000 loss=0.415 ACC=93.182 F1=89.978 Rec=92.509 Prec=88.206
Train Client4 [13/100] LR=0.0005000 loss=0.227 ACC=96.646 F1=79.910 Rec=77.965 Prec=82.349
Train Client5 [13/100] LR=0.0005000 loss=0.305 ACC=94.554 F1=80.444 Rec=80.414 Prec=80.476
Train Client6 [13/100] LR=0.0005000 loss=0.496 ACC=89.444 F1=81.557 Rec=82.794 Prec=80.668
Train Client7 [13/100] LR=0.0005000 loss=0.474 ACC=90.606 F1=89.378 Rec=88.518 Prec=90.366

Val    [13/100] LR=0.0005000 loss=1.778 ACC=94.514 F1=94.481 Rec=94.514 Prec=94.996

Test-  OSR [13/100] LR=0.0005000 ACC=59.536 F1=62.377 Rec=79.381 Prec=53.387 UNK=0.000 OS*=95.257 HOS=0.000 AUROC=85.361 AUPR=74.648 OSCR=83.135
Test-Close [13/100] LR=0.0005000 loss=1.765 ACC=95.257 F1=95.222 Rec=95.257 Prec=95.565
Saving best model . . . . . . . .

Train Client0 [14/100] LR=0.0005000 loss=0.347 ACC=92.672 F1=73.620 Rec=73.780 Prec=73.478
Train Client1 [14/100] LR=0.0005000 loss=0.206 ACC=95.857 F1=85.135 Rec=83.983 Prec=86.576
Train Client2 [14/100] LR=0.0005000 loss=0.327 ACC=93.916 F1=85.040 Rec=83.194 Prec=88.232
Train Client3 [14/100] LR=0.0005000 loss=0.336 ACC=93.561 F1=89.255 Rec=88.654 Prec=89.970
Train Client4 [14/100] LR=0.0005000 loss=0.161 ACC=96.723 F1=79.870 Rec=80.623 Prec=79.185
Train Client5 [14/100] LR=0.0005000 loss=0.282 ACC=95.357 F1=76.278 Rec=76.244 Prec=76.315
Train Client6 [14/100] LR=0.0005000 loss=0.587 ACC=88.333 F1=78.539 Rec=77.550 Prec=79.793
Train Client7 [14/100] LR=0.0005000 loss=0.439 ACC=92.273 F1=90.953 Rec=89.165 Prec=93.142

Val    [14/100] LR=0.0005000 loss=1.760 ACC=95.200 F1=95.188 Rec=95.200 Prec=95.578

Test-  OSR [14/100] LR=0.0005000 ACC=59.464 F1=62.467 Rec=79.286 Prec=53.468 UNK=0.000 OS*=95.143 HOS=0.000 AUROC=85.790 AUPR=75.577 OSCR=83.717
Test-Close [14/100] LR=0.0005000 loss=1.755 ACC=95.143 F1=95.118 Rec=95.143 Prec=95.398
Saving best model . . . . . . . .

Train Client0 [15/100] LR=0.0005000 loss=0.341 ACC=92.349 F1=73.516 Rec=73.826 Prec=73.241
Train Client1 [15/100] LR=0.0005000 loss=0.220 ACC=95.996 F1=84.529 Rec=83.258 Prec=86.350
Train Client2 [15/100] LR=0.0005000 loss=0.373 ACC=93.251 F1=84.521 Rec=83.600 Prec=85.897
Train Client3 [15/100] LR=0.0005000 loss=0.399 ACC=92.803 F1=91.629 Rec=91.426 Prec=92.007
Train Client4 [15/100] LR=0.0005000 loss=0.199 ACC=96.646 F1=84.200 Rec=83.006 Prec=85.533
Train Client5 [15/100] LR=0.0005000 loss=0.224 ACC=95.536 F1=81.394 Rec=81.352 Prec=81.438
Train Client6 [15/100] LR=0.0005000 loss=0.464 ACC=89.444 F1=82.909 Rec=82.702 Prec=83.296
Train Client7 [15/100] LR=0.0005000 loss=0.489 ACC=92.121 F1=90.618 Rec=89.234 Prec=92.165

Val    [15/100] LR=0.0005000 loss=1.757 ACC=94.800 F1=94.746 Rec=94.800 Prec=95.239

Test-  OSR [15/100] LR=0.0005000 ACC=59.500 F1=62.172 Rec=79.333 Prec=53.007 UNK=0.000 OS*=95.200 HOS=0.000 AUROC=83.941 AUPR=74.453 OSCR=81.997
Test-Close [15/100] LR=0.0005000 loss=1.754 ACC=95.200 F1=95.157 Rec=95.200 Prec=95.421
Saving model at epoch 15 . . . . . . . .

Train Client0 [16/100] LR=0.0005000 loss=0.330 ACC=93.858 F1=93.338 Rec=93.792 Prec=92.925
Train Client1 [16/100] LR=0.0005000 loss=0.201 ACC=96.065 F1=88.994 Rec=88.135 Prec=89.943
Train Client2 [16/100] LR=0.0005000 loss=0.329 ACC=94.059 F1=87.038 Rec=86.124 Prec=88.387
Train Client3 [16/100] LR=0.0005000 loss=0.273 ACC=94.886 F1=92.889 Rec=90.773 Prec=95.426
Train Client4 [16/100] LR=0.0005000 loss=0.215 ACC=96.723 F1=79.432 Rec=78.678 Prec=80.635
Train Client5 [16/100] LR=0.0005000 loss=0.230 ACC=96.339 F1=76.823 Rec=76.954 Prec=76.693
Train Client6 [16/100] LR=0.0005000 loss=0.480 ACC=89.167 F1=81.141 Rec=81.007 Prec=82.070
Train Client7 [16/100] LR=0.0005000 loss=0.430 ACC=92.273 F1=90.173 Rec=89.164 Prec=91.307

Val    [16/100] LR=0.0005000 loss=1.750 ACC=95.829 F1=95.811 Rec=95.829 Prec=96.075

Test-  OSR [16/100] LR=0.0005000 ACC=59.750 F1=62.258 Rec=79.667 Prec=52.822 UNK=0.000 OS*=95.600 HOS=0.000 AUROC=86.582 AUPR=80.233 OSCR=84.334
Test-Close [16/100] LR=0.0005000 loss=1.749 ACC=95.600 F1=95.562 Rec=95.600 Prec=95.794
Saving best model . . . . . . . .

Train Client0 [17/100] LR=0.0005000 loss=0.322 ACC=93.481 F1=74.368 Rec=74.642 Prec=74.121
Train Client1 [17/100] LR=0.0005000 loss=0.204 ACC=96.553 F1=87.252 Rec=85.893 Prec=89.035
Train Client2 [17/100] LR=0.0005000 loss=0.312 ACC=94.344 F1=88.446 Rec=87.333 Prec=89.832
Train Client3 [17/100] LR=0.0005000 loss=0.292 ACC=94.886 F1=92.724 Rec=91.068 Prec=94.705
Train Client4 [17/100] LR=0.0005000 loss=0.164 ACC=97.409 F1=85.351 Rec=85.713 Prec=85.092
Train Client5 [17/100] LR=0.0005000 loss=0.212 ACC=96.518 F1=77.376 Rec=77.402 Prec=77.361
Train Client6 [17/100] LR=0.0005000 loss=0.520 ACC=89.722 F1=81.572 Rec=81.442 Prec=82.737
Train Client7 [17/100] LR=0.0005000 loss=0.383 ACC=92.955 F1=71.755 Rec=70.591 Prec=73.161

Val    [17/100] LR=0.0005000 loss=1.769 ACC=94.629 F1=94.609 Rec=94.629 Prec=95.064

Test-  OSR [17/100] LR=0.0005000 ACC=59.393 F1=61.937 Rec=79.190 Prec=52.650 UNK=0.000 OS*=95.029 HOS=0.000 AUROC=85.640 AUPR=77.076 OSCR=83.291
Test-Close [17/100] LR=0.0005000 loss=1.762 ACC=95.029 F1=94.997 Rec=95.029 Prec=95.316
Train Client0 [18/100] LR=0.0005000 loss=0.276 ACC=94.720 F1=94.283 Rec=94.476 Prec=94.098
Train Client1 [18/100] LR=0.0005000 loss=0.187 ACC=96.448 F1=86.191 Rec=85.377 Prec=87.116
Train Client2 [18/100] LR=0.0005000 loss=0.321 ACC=94.392 F1=86.886 Rec=85.679 Prec=88.594
Train Client3 [18/100] LR=0.0005000 loss=0.353 ACC=94.697 F1=92.005 Rec=90.418 Prec=93.920
Train Client4 [18/100] LR=0.0005000 loss=0.170 ACC=97.409 F1=84.018 Rec=84.999 Prec=83.135
Train Client5 [18/100] LR=0.0005000 loss=0.251 ACC=95.982 F1=83.495 Rec=81.893 Prec=86.763
Train Client6 [18/100] LR=0.0005000 loss=0.520 ACC=89.722 F1=81.498 Rec=81.164 Prec=82.992
Train Client7 [18/100] LR=0.0005000 loss=0.391 ACC=93.182 F1=71.951 Rec=70.621 Prec=73.533

Val    [18/100] LR=0.0005000 loss=1.758 ACC=95.429 F1=95.404 Rec=95.429 Prec=95.773

Test-  OSR [18/100] LR=0.0005000 ACC=59.643 F1=62.322 Rec=79.524 Prec=53.226 UNK=0.000 OS*=95.429 HOS=0.000 AUROC=85.807 AUPR=78.529 OSCR=83.529
Test-Close [18/100] LR=0.0005000 loss=1.757 ACC=95.429 F1=95.381 Rec=95.429 Prec=95.674
Train Client0 [19/100] LR=0.0005000 loss=0.304 ACC=93.373 F1=74.350 Rec=74.787 Prec=73.969
Train Client1 [19/100] LR=0.0005000 loss=0.212 ACC=96.205 F1=86.528 Rec=85.905 Prec=87.235
Train Client2 [19/100] LR=0.0005000 loss=0.289 ACC=94.582 F1=88.324 Rec=86.794 Prec=90.403
Train Client3 [19/100] LR=0.0005000 loss=0.383 ACC=95.265 F1=93.379 Rec=91.510 Prec=95.583
Train Client4 [19/100] LR=0.0005000 loss=0.173 ACC=97.180 F1=82.760 Rec=84.012 Prec=81.637
Train Client5 [19/100] LR=0.0005000 loss=0.183 ACC=96.875 F1=86.298 Rec=87.299 Prec=85.520
Train Client6 [19/100] LR=0.0005000 loss=0.428 ACC=89.722 F1=83.911 Rec=83.137 Prec=85.138
Train Client7 [19/100] LR=0.0005000 loss=0.411 ACC=92.727 F1=72.123 Rec=71.997 Prec=72.270

Val    [19/100] LR=0.0005000 loss=1.753 ACC=95.143 F1=95.104 Rec=95.143 Prec=95.487

Test-  OSR [19/100] LR=0.0005000 ACC=59.464 F1=62.495 Rec=79.286 Prec=53.730 UNK=0.000 OS*=95.143 HOS=0.000 AUROC=83.214 AUPR=73.901 OSCR=81.275
Test-Close [19/100] LR=0.0005000 loss=1.751 ACC=95.143 F1=95.102 Rec=95.143 Prec=95.405
Train Client0 [20/100] LR=0.0005000 loss=0.300 ACC=93.319 F1=92.885 Rec=93.515 Prec=92.337
Train Client1 [20/100] LR=0.0005000 loss=0.198 ACC=96.553 F1=88.484 Rec=88.024 Prec=88.968
Train Client2 [20/100] LR=0.0005000 loss=0.275 ACC=94.962 F1=88.846 Rec=88.333 Prec=89.468
Train Client3 [20/100] LR=0.0005000 loss=0.297 ACC=94.318 F1=93.458 Rec=93.550 Prec=93.422
Train Client4 [20/100] LR=0.0005000 loss=0.143 ACC=97.713 F1=87.971 Rec=89.340 Prec=86.956
Train Client5 [20/100] LR=0.0005000 loss=0.198 ACC=96.964 F1=77.534 Rec=77.659 Prec=77.410
Train Client6 [20/100] LR=0.0005000 loss=0.426 ACC=90.556 F1=83.737 Rec=85.324 Prec=82.465
Train Client7 [20/100] LR=0.0005000 loss=0.411 ACC=92.955 F1=91.385 Rec=90.596 Prec=92.243

Val    [20/100] LR=0.0005000 loss=1.754 ACC=95.371 F1=95.345 Rec=95.371 Prec=95.725

Test-  OSR [20/100] LR=0.0005000 ACC=59.536 F1=62.602 Rec=79.381 Prec=53.862 UNK=0.000 OS*=95.257 HOS=0.000 AUROC=82.757 AUPR=71.165 OSCR=81.074
Test-Close [20/100] LR=0.0005000 loss=1.753 ACC=95.257 F1=95.213 Rec=95.257 Prec=95.573
Saving model at epoch 20 . . . . . . . .

Train Client0 [21/100] LR=0.0005000 loss=0.291 ACC=93.804 F1=74.610 Rec=75.002 Prec=74.264
Train Client1 [21/100] LR=0.0005000 loss=0.172 ACC=96.657 F1=87.900 Rec=87.221 Prec=88.659
Train Client2 [21/100] LR=0.0005000 loss=0.298 ACC=95.627 F1=90.131 Rec=88.995 Prec=91.638
Train Client3 [21/100] LR=0.0005000 loss=0.278 ACC=95.455 F1=94.886 Rec=94.862 Prec=94.914
Train Client4 [21/100] LR=0.0005000 loss=0.156 ACC=97.104 F1=78.719 Rec=78.646 Prec=78.862
Train Client5 [21/100] LR=0.0005000 loss=0.176 ACC=97.054 F1=77.868 Rec=77.929 Prec=77.810
Train Client6 [21/100] LR=0.0005000 loss=0.493 ACC=90.278 F1=82.927 Rec=80.701 Prec=85.994
Train Client7 [21/100] LR=0.0005000 loss=0.368 ACC=93.939 F1=93.861 Rec=93.064 Prec=94.759

Val    [21/100] LR=0.0005000 loss=1.759 ACC=95.314 F1=95.292 Rec=95.314 Prec=95.630

Test-  OSR [21/100] LR=0.0005000 ACC=59.714 F1=62.437 Rec=79.619 Prec=53.400 UNK=0.000 OS*=95.543 HOS=0.000 AUROC=84.827 AUPR=75.187 OSCR=82.894
Test-Close [21/100] LR=0.0005000 loss=1.751 ACC=95.543 F1=95.503 Rec=95.543 Prec=95.816
Train Client0 [22/100] LR=0.0005000 loss=0.303 ACC=93.481 F1=74.415 Rec=74.832 Prec=74.048
Train Client1 [22/100] LR=0.0005000 loss=0.151 ACC=97.006 F1=90.090 Rec=89.702 Prec=90.498
Train Client2 [22/100] LR=0.0005000 loss=0.300 ACC=94.962 F1=88.069 Rec=87.396 Prec=88.990
Train Client3 [22/100] LR=0.0005000 loss=0.270 ACC=95.644 F1=93.524 Rec=91.868 Prec=95.573
Train Client4 [22/100] LR=0.0005000 loss=0.168 ACC=97.180 F1=83.481 Rec=85.776 Prec=81.535
Train Client5 [22/100] LR=0.0005000 loss=0.202 ACC=97.589 F1=93.034 Rec=92.996 Prec=93.074
Train Client6 [22/100] LR=0.0005000 loss=0.451 ACC=91.389 F1=87.104 Rec=86.923 Prec=87.538
Train Client7 [22/100] LR=0.0005000 loss=0.388 ACC=93.712 F1=92.274 Rec=91.521 Prec=93.113

Val    [22/100] LR=0.0005000 loss=1.750 ACC=95.486 F1=95.459 Rec=95.486 Prec=95.746

Test-  OSR [22/100] LR=0.0005000 ACC=59.714 F1=62.536 Rec=79.619 Prec=53.371 UNK=0.000 OS*=95.543 HOS=0.000 AUROC=85.002 AUPR=74.734 OSCR=83.212
Test-Close [22/100] LR=0.0005000 loss=1.746 ACC=95.543 F1=95.513 Rec=95.543 Prec=95.755
Train Client0 [23/100] LR=0.0005000 loss=0.280 ACC=94.289 F1=75.197 Rec=75.642 Prec=74.811
Train Client1 [23/100] LR=0.0005000 loss=0.142 ACC=97.249 F1=90.850 Rec=90.676 Prec=91.029
Train Client2 [23/100] LR=0.0005000 loss=0.236 ACC=95.770 F1=90.731 Rec=89.680 Prec=92.009
Train Client3 [23/100] LR=0.0005000 loss=0.247 ACC=96.780 F1=94.771 Rec=96.440 Prec=93.342
Train Client4 [23/100] LR=0.0005000 loss=0.148 ACC=97.637 F1=80.770 Rec=80.768 Prec=81.077
Train Client5 [23/100] LR=0.0005000 loss=0.199 ACC=97.500 F1=86.168 Rec=83.333 Prec=98.005
Train Client6 [23/100] LR=0.0005000 loss=0.495 ACC=91.667 F1=86.204 Rec=87.757 Prec=84.967
Train Client7 [23/100] LR=0.0005000 loss=0.381 ACC=93.561 F1=93.104 Rec=92.256 Prec=94.036

Val    [23/100] LR=0.0005000 loss=1.762 ACC=95.600 F1=95.581 Rec=95.600 Prec=95.923

Test-  OSR [23/100] LR=0.0005000 ACC=59.750 F1=62.262 Rec=79.667 Prec=52.825 UNK=0.000 OS*=95.600 HOS=0.000 AUROC=86.041 AUPR=78.488 OSCR=83.961
Test-Close [23/100] LR=0.0005000 loss=1.751 ACC=95.600 F1=95.573 Rec=95.600 Prec=95.787
>> New learning Rate: 0.00025
Train Client0 [24/100] LR=0.0002500 loss=0.203 ACC=96.121 F1=76.717 Rec=77.015 Prec=76.444
Train Client1 [24/100] LR=0.0002500 loss=0.065 ACC=98.747 F1=94.194 Rec=94.912 Prec=93.554
Train Client2 [24/100] LR=0.0002500 loss=0.197 ACC=96.625 F1=92.196 Rec=91.083 Prec=93.582
Train Client3 [24/100] LR=0.0002500 loss=0.201 ACC=96.780 F1=93.230 Rec=92.880 Prec=93.657
Train Client4 [24/100] LR=0.0002500 loss=0.104 ACC=98.018 F1=86.830 Rec=85.879 Prec=88.276
Train Client5 [24/100] LR=0.0002500 loss=0.107 ACC=98.214 F1=83.850 Rec=83.926 Prec=83.776
Train Client6 [24/100] LR=0.0002500 loss=0.367 ACC=92.778 F1=88.310 Rec=87.733 Prec=89.020
Train Client7 [24/100] LR=0.0002500 loss=0.323 ACC=94.621 F1=88.008 Rec=94.154 Prec=85.221

Val    [24/100] LR=0.0002500 loss=1.749 ACC=95.943 F1=95.922 Rec=95.943 Prec=96.283

Test-  OSR [24/100] LR=0.0002500 ACC=59.929 F1=62.477 Rec=79.905 Prec=53.030 UNK=0.000 OS*=95.886 HOS=0.000 AUROC=85.218 AUPR=78.259 OSCR=83.353
Test-Close [24/100] LR=0.0002500 loss=1.742 ACC=95.886 F1=95.856 Rec=95.886 Prec=96.094
Train Client0 [25/100] LR=0.0002500 loss=0.229 ACC=95.259 F1=76.042 Rec=76.444 Prec=75.692
Train Client1 [25/100] LR=0.0002500 loss=0.070 ACC=98.712 F1=95.508 Rec=96.004 Prec=95.063
Train Client2 [25/100] LR=0.0002500 loss=0.177 ACC=96.863 F1=92.829 Rec=92.435 Prec=93.293
Train Client3 [25/100] LR=0.0002500 loss=0.120 ACC=98.106 F1=97.868 Rec=97.497 Prec=98.279
Train Client4 [25/100] LR=0.0002500 loss=0.103 ACC=98.247 F1=89.175 Rec=92.478 Prec=86.594
Train Client5 [25/100] LR=0.0002500 loss=0.083 ACC=98.661 F1=94.869 Rec=98.935 Prec=92.140
Train Client6 [25/100] LR=0.0002500 loss=0.357 ACC=92.222 F1=87.527 Rec=87.527 Prec=87.527
Train Client7 [25/100] LR=0.0002500 loss=0.289 ACC=95.076 F1=93.944 Rec=93.713 Prec=94.190

Val    [25/100] LR=0.0002500 loss=1.729 ACC=96.114 F1=96.095 Rec=96.114 Prec=96.294

Test-  OSR [25/100] LR=0.0002500 ACC=60.000 F1=62.961 Rec=80.000 Prec=53.791 UNK=0.000 OS*=96.000 HOS=0.000 AUROC=81.501 AUPR=70.912 OSCR=80.244
Test-Close [25/100] LR=0.0002500 loss=1.727 ACC=96.000 F1=95.968 Rec=96.000 Prec=96.134
Saving model at epoch 25 . . . . . . . .

Train Client0 [26/100] LR=0.0002500 loss=0.194 ACC=95.690 F1=76.391 Rec=76.603 Prec=76.197
Train Client1 [26/100] LR=0.0002500 loss=0.076 ACC=98.677 F1=94.730 Rec=95.539 Prec=94.056
Train Client2 [26/100] LR=0.0002500 loss=0.153 ACC=96.863 F1=92.393 Rec=92.389 Prec=92.407
Train Client3 [26/100] LR=0.0002500 loss=0.155 ACC=97.727 F1=97.430 Rec=97.319 Prec=97.568
Train Client4 [26/100] LR=0.0002500 loss=0.093 ACC=98.018 F1=88.263 Rec=91.308 Prec=85.893
Train Client5 [26/100] LR=0.0002500 loss=0.071 ACC=98.839 F1=92.539 Rec=94.245 Prec=91.167
Train Client6 [26/100] LR=0.0002500 loss=0.371 ACC=93.611 F1=90.452 Rec=91.544 Prec=89.430
Train Client7 [26/100] LR=0.0002500 loss=0.240 ACC=96.061 F1=96.182 Rec=96.022 Prec=96.350

Val    [26/100] LR=0.0002500 loss=1.722 ACC=96.114 F1=96.092 Rec=96.114 Prec=96.224

Test-  OSR [26/100] LR=0.0002500 ACC=60.000 F1=62.919 Rec=80.000 Prec=53.611 UNK=0.000 OS*=96.000 HOS=0.000 AUROC=79.158 AUPR=66.280 OSCR=78.094
Test-Close [26/100] LR=0.0002500 loss=1.724 ACC=96.000 F1=95.973 Rec=96.000 Prec=96.097
Train Client0 [27/100] LR=0.0002500 loss=0.203 ACC=95.905 F1=76.629 Rec=76.869 Prec=76.408
Train Client1 [27/100] LR=0.0002500 loss=0.070 ACC=98.607 F1=93.344 Rec=93.648 Prec=93.089
Train Client2 [27/100] LR=0.0002500 loss=0.170 ACC=97.243 F1=93.455 Rec=92.466 Prec=94.740
Train Client3 [27/100] LR=0.0002500 loss=0.167 ACC=97.159 F1=96.647 Rec=96.330 Prec=96.984
Train Client4 [27/100] LR=0.0002500 loss=0.101 ACC=98.247 F1=91.935 Rec=93.681 Prec=90.334
Train Client5 [27/100] LR=0.0002500 loss=0.113 ACC=98.214 F1=86.027 Rec=88.594 Prec=84.630
Train Client6 [27/100] LR=0.0002500 loss=0.322 ACC=92.222 F1=88.733 Rec=89.196 Prec=88.311
Train Client7 [27/100] LR=0.0002500 loss=0.290 ACC=95.379 F1=95.333 Rec=95.402 Prec=95.336

Val    [27/100] LR=0.0002500 loss=1.726 ACC=95.943 F1=95.924 Rec=95.943 Prec=96.107

Test-  OSR [27/100] LR=0.0002500 ACC=60.143 F1=63.042 Rec=80.190 Prec=53.734 UNK=0.000 OS*=96.229 HOS=0.000 AUROC=79.185 AUPR=67.880 OSCR=78.144
Test-Close [27/100] LR=0.0002500 loss=1.721 ACC=96.229 F1=96.209 Rec=96.229 Prec=96.361
Train Client0 [28/100] LR=0.0002500 loss=0.187 ACC=95.851 F1=76.553 Rec=76.905 Prec=76.237
Train Client1 [28/100] LR=0.0002500 loss=0.070 ACC=99.060 F1=95.877 Rec=96.142 Prec=95.637
Train Client2 [28/100] LR=0.0002500 loss=0.197 ACC=96.768 F1=92.443 Rec=91.667 Prec=93.409
Train Client3 [28/100] LR=0.0002500 loss=0.156 ACC=97.538 F1=97.024 Rec=96.863 Prec=97.192
Train Client4 [28/100] LR=0.0002500 loss=0.092 ACC=98.704 F1=95.502 Rec=95.632 Prec=95.693
Train Client5 [28/100] LR=0.0002500 loss=0.093 ACC=98.304 F1=91.949 Rec=98.445 Prec=88.788
Train Client6 [28/100] LR=0.0002500 loss=0.299 ACC=93.056 F1=89.849 Rec=91.469 Prec=88.651
Train Client7 [28/100] LR=0.0002500 loss=0.248 ACC=96.288 F1=89.822 Rec=95.628 Prec=87.418

Val    [28/100] LR=0.0002500 loss=1.731 ACC=96.000 F1=95.988 Rec=96.000 Prec=96.171

Test-  OSR [28/100] LR=0.0002500 ACC=60.143 F1=63.461 Rec=80.190 Prec=54.453 UNK=0.000 OS*=96.229 HOS=0.000 AUROC=79.457 AUPR=67.796 OSCR=78.406
Test-Close [28/100] LR=0.0002500 loss=1.724 ACC=96.229 F1=96.205 Rec=96.229 Prec=96.363
Train Client0 [29/100] LR=0.0002500 loss=0.175 ACC=96.444 F1=77.119 Rec=77.545 Prec=76.749
Train Client1 [29/100] LR=0.0002500 loss=0.066 ACC=98.851 F1=94.194 Rec=94.325 Prec=94.068
Train Client2 [29/100] LR=0.0002500 loss=0.154 ACC=97.386 F1=94.382 Rec=93.955 Prec=94.883
Train Client3 [29/100] LR=0.0002500 loss=0.105 ACC=97.727 F1=97.025 Rec=96.929 Prec=97.131
Train Client4 [29/100] LR=0.0002500 loss=0.092 ACC=98.171 F1=90.400 Rec=94.717 Prec=87.082
Train Client5 [29/100] LR=0.0002500 loss=0.115 ACC=98.125 F1=86.048 Rec=88.659 Prec=84.608
Train Client6 [29/100] LR=0.0002500 loss=0.336 ACC=91.389 F1=87.634 Rec=89.585 Prec=86.002
Train Client7 [29/100] LR=0.0002500 loss=0.215 ACC=95.758 F1=95.595 Rec=95.269 Prec=95.932

Val    [29/100] LR=0.0002500 loss=1.726 ACC=96.400 F1=96.384 Rec=96.400 Prec=96.545

Test-  OSR [29/100] LR=0.0002500 ACC=60.179 F1=63.406 Rec=80.238 Prec=54.334 UNK=0.000 OS*=96.286 HOS=0.000 AUROC=80.646 AUPR=69.497 OSCR=79.576
Test-Close [29/100] LR=0.0002500 loss=1.719 ACC=96.286 F1=96.258 Rec=96.286 Prec=96.386
Train Client0 [30/100] LR=0.0002500 loss=0.194 ACC=96.121 F1=76.800 Rec=77.129 Prec=76.499
Train Client1 [30/100] LR=0.0002500 loss=0.064 ACC=98.642 F1=93.993 Rec=94.534 Prec=93.501
Train Client2 [30/100] LR=0.0002500 loss=0.185 ACC=96.958 F1=93.230 Rec=92.240 Prec=94.517
Train Client3 [30/100] LR=0.0002500 loss=0.147 ACC=97.538 F1=97.212 Rec=97.381 Prec=97.048
Train Client4 [30/100] LR=0.0002500 loss=0.094 ACC=98.247 F1=90.771 Rec=96.546 Prec=86.906
Train Client5 [30/100] LR=0.0002500 loss=0.087 ACC=98.482 F1=90.748 Rec=93.775 Prec=88.722
Train Client6 [30/100] LR=0.0002500 loss=0.369 ACC=92.500 F1=87.736 Rec=91.631 Prec=84.368
Train Client7 [30/100] LR=0.0002500 loss=0.241 ACC=96.439 F1=96.593 Rec=95.956 Prec=97.268

Val    [30/100] LR=0.0002500 loss=1.726 ACC=96.286 F1=96.281 Rec=96.286 Prec=96.391

Test-  OSR [30/100] LR=0.0002500 ACC=60.393 F1=63.134 Rec=80.524 Prec=53.390 UNK=0.000 OS*=96.629 HOS=0.000 AUROC=81.171 AUPR=71.317 OSCR=80.005
Test-Close [30/100] LR=0.0002500 loss=1.720 ACC=96.629 F1=96.611 Rec=96.629 Prec=96.712
Saving model at epoch 30 . . . . . . . .

Train Client0 [31/100] LR=0.0002500 loss=0.179 ACC=96.498 F1=77.085 Rec=77.539 Prec=76.685
Train Client1 [31/100] LR=0.0002500 loss=0.065 ACC=98.886 F1=95.041 Rec=95.041 Prec=95.041
Train Client2 [31/100] LR=0.0002500 loss=0.161 ACC=97.576 F1=94.441 Rec=93.919 Prec=95.115
Train Client3 [31/100] LR=0.0002500 loss=0.192 ACC=97.538 F1=97.051 Rec=96.878 Prec=97.233
Train Client4 [31/100] LR=0.0002500 loss=0.088 ACC=97.942 F1=89.090 Rec=90.596 Prec=87.755
Train Client5 [31/100] LR=0.0002500 loss=0.073 ACC=98.929 F1=90.316 Rec=94.361 Prec=88.027
Train Client6 [31/100] LR=0.0002500 loss=0.327 ACC=93.333 F1=87.935 Rec=89.534 Prec=86.693
Train Client7 [31/100] LR=0.0002500 loss=0.248 ACC=95.833 F1=95.287 Rec=94.295 Prec=96.380

Val    [31/100] LR=0.0002500 loss=1.729 ACC=96.229 F1=96.190 Rec=96.229 Prec=96.383

Test-  OSR [31/100] LR=0.0002500 ACC=60.107 F1=63.370 Rec=80.143 Prec=54.519 UNK=0.000 OS*=96.171 HOS=0.000 AUROC=76.985 AUPR=63.916 OSCR=76.052
Test-Close [31/100] LR=0.0002500 loss=1.724 ACC=96.171 F1=96.134 Rec=96.171 Prec=96.308
Train Client0 [32/100] LR=0.0002500 loss=0.175 ACC=96.767 F1=77.335 Rec=77.727 Prec=76.985
Train Client1 [32/100] LR=0.0002500 loss=0.069 ACC=98.851 F1=95.564 Rec=96.362 Prec=94.852
Train Client2 [32/100] LR=0.0002500 loss=0.136 ACC=97.766 F1=94.533 Rec=93.893 Prec=95.269
Train Client3 [32/100] LR=0.0002500 loss=0.128 ACC=97.159 F1=96.876 Rec=96.819 Prec=96.968
Train Client4 [32/100] LR=0.0002500 loss=0.086 ACC=98.399 F1=91.177 Rec=95.216 Prec=88.041
Train Client5 [32/100] LR=0.0002500 loss=0.077 ACC=98.929 F1=88.268 Rec=89.355 Prec=87.403
Train Client6 [32/100] LR=0.0002500 loss=0.330 ACC=92.222 F1=88.340 Rec=89.274 Prec=87.525
Train Client7 [32/100] LR=0.0002500 loss=0.267 ACC=95.985 F1=95.502 Rec=94.981 Prec=96.050

Val    [32/100] LR=0.0002500 loss=1.720 ACC=96.457 F1=96.441 Rec=96.457 Prec=96.548

Test-  OSR [32/100] LR=0.0002500 ACC=60.357 F1=63.367 Rec=80.476 Prec=54.078 UNK=0.000 OS*=96.571 HOS=0.000 AUROC=78.834 AUPR=67.169 OSCR=77.878
Test-Close [32/100] LR=0.0002500 loss=1.720 ACC=96.571 F1=96.553 Rec=96.571 Prec=96.663
Train Client0 [33/100] LR=0.0002500 loss=0.167 ACC=96.929 F1=96.842 Rec=97.418 Prec=96.334
Train Client1 [33/100] LR=0.0002500 loss=0.073 ACC=98.642 F1=94.242 Rec=95.016 Prec=93.595
Train Client2 [33/100] LR=0.0002500 loss=0.144 ACC=97.624 F1=93.832 Rec=92.953 Prec=94.869
Train Client3 [33/100] LR=0.0002500 loss=0.194 ACC=97.348 F1=97.074 Rec=96.752 Prec=97.419
Train Client4 [33/100] LR=0.0002500 loss=0.100 ACC=97.790 F1=87.951 Rec=93.517 Prec=84.349
Train Client5 [33/100] LR=0.0002500 loss=0.088 ACC=98.125 F1=83.241 Rec=83.760 Prec=82.834
Train Client6 [33/100] LR=0.0002500 loss=0.398 ACC=92.222 F1=86.412 Rec=88.209 Prec=84.936
Train Client7 [33/100] LR=0.0002500 loss=0.271 ACC=95.303 F1=95.052 Rec=95.184 Prec=94.924

Val    [33/100] LR=0.0002500 loss=1.729 ACC=96.457 F1=96.447 Rec=96.457 Prec=96.510

Test-  OSR [33/100] LR=0.0002500 ACC=60.536 F1=63.845 Rec=80.714 Prec=54.589 UNK=0.000 OS*=96.857 HOS=0.000 AUROC=76.321 AUPR=62.707 OSCR=75.443
Test-Close [33/100] LR=0.0002500 loss=1.725 ACC=96.857 F1=96.843 Rec=96.857 Prec=96.907
Train Client0 [34/100] LR=0.0002500 loss=0.205 ACC=95.905 F1=76.626 Rec=76.918 Prec=76.359
Train Client1 [34/100] LR=0.0002500 loss=0.058 ACC=98.851 F1=94.569 Rec=94.415 Prec=94.728
Train Client2 [34/100] LR=0.0002500 loss=0.165 ACC=97.386 F1=93.711 Rec=92.816 Prec=94.765
Train Client3 [34/100] LR=0.0002500 loss=0.112 ACC=97.917 F1=97.702 Rec=97.792 Prec=97.614
Train Client4 [34/100] LR=0.0002500 loss=0.091 ACC=98.780 F1=91.131 Rec=94.959 Prec=88.492
Train Client5 [34/100] LR=0.0002500 loss=0.064 ACC=98.929 F1=89.369 Rec=89.408 Prec=89.331
Train Client6 [34/100] LR=0.0002500 loss=0.285 ACC=94.167 F1=90.745 Rec=90.018 Prec=91.522
Train Client7 [34/100] LR=0.0002500 loss=0.271 ACC=95.227 F1=95.394 Rec=95.125 Prec=95.685

Val    [34/100] LR=0.0002500 loss=1.741 ACC=96.171 F1=96.139 Rec=96.171 Prec=96.406

Test-  OSR [34/100] LR=0.0002500 ACC=60.250 F1=63.624 Rec=80.333 Prec=54.859 UNK=0.000 OS*=96.400 HOS=0.000 AUROC=80.002 AUPR=68.043 OSCR=78.945
Test-Close [34/100] LR=0.0002500 loss=1.735 ACC=96.400 F1=96.364 Rec=96.400 Prec=96.580
Train Client0 [35/100] LR=0.0002500 loss=0.168 ACC=96.175 F1=76.866 Rec=77.226 Prec=76.555
Train Client1 [35/100] LR=0.0002500 loss=0.058 ACC=99.025 F1=94.874 Rec=95.209 Prec=94.560
Train Client2 [35/100] LR=0.0002500 loss=0.146 ACC=97.386 F1=93.426 Rec=92.909 Prec=94.008
Train Client3 [35/100] LR=0.0002500 loss=0.145 ACC=97.348 F1=96.950 Rec=96.754 Prec=97.169
Train Client4 [35/100] LR=0.0002500 loss=0.085 ACC=97.942 F1=88.672 Rec=94.521 Prec=84.952
Train Client5 [35/100] LR=0.0002500 loss=0.108 ACC=98.482 F1=89.939 Rec=93.843 Prec=87.791
Train Client6 [35/100] LR=0.0002500 loss=0.320 ACC=93.611 F1=90.275 Rec=90.857 Prec=89.718
Train Client7 [35/100] LR=0.0002500 loss=0.246 ACC=96.136 F1=95.831 Rec=95.525 Prec=96.147

Val    [35/100] LR=0.0002500 loss=1.719 ACC=96.457 F1=96.450 Rec=96.457 Prec=96.560

Test-  OSR [35/100] LR=0.0002500 ACC=60.321 F1=63.038 Rec=80.429 Prec=53.451 UNK=0.000 OS*=96.514 HOS=0.000 AUROC=79.681 AUPR=69.434 OSCR=78.620
Test-Close [35/100] LR=0.0002500 loss=1.719 ACC=96.514 F1=96.493 Rec=96.514 Prec=96.610
Saving model at epoch 35 . . . . . . . .

Train Client0 [36/100] LR=0.0002500 loss=0.183 ACC=96.067 F1=76.756 Rec=77.072 Prec=76.470
Train Client1 [36/100] LR=0.0002500 loss=0.065 ACC=98.851 F1=94.614 Rec=94.698 Prec=94.540
Train Client2 [36/100] LR=0.0002500 loss=0.153 ACC=97.481 F1=94.219 Rec=93.660 Prec=94.848
Train Client3 [36/100] LR=0.0002500 loss=0.151 ACC=97.348 F1=95.651 Rec=97.111 Prec=94.426
Train Client4 [36/100] LR=0.0002500 loss=0.072 ACC=98.399 F1=92.516 Rec=98.149 Prec=88.789
Train Client5 [36/100] LR=0.0002500 loss=0.096 ACC=98.214 F1=87.788 Rec=88.888 Prec=86.911
Train Client6 [36/100] LR=0.0002500 loss=0.313 ACC=92.222 F1=88.122 Rec=89.579 Prec=86.926
Train Client7 [36/100] LR=0.0002500 loss=0.276 ACC=95.758 F1=94.843 Rec=94.121 Prec=95.616

Val    [36/100] LR=0.0002500 loss=1.717 ACC=96.629 F1=96.629 Rec=96.629 Prec=96.729

Test-  OSR [36/100] LR=0.0002500 ACC=60.393 F1=62.838 Rec=80.524 Prec=52.884 UNK=0.000 OS*=96.629 HOS=0.000 AUROC=82.148 AUPR=74.669 OSCR=80.933
Test-Close [36/100] LR=0.0002500 loss=1.717 ACC=96.629 F1=96.616 Rec=96.629 Prec=96.719
Train Client0 [37/100] LR=0.0002500 loss=0.200 ACC=95.797 F1=76.468 Rec=76.885 Prec=76.096
Train Client1 [37/100] LR=0.0002500 loss=0.067 ACC=98.955 F1=94.903 Rec=94.556 Prec=95.265
Train Client2 [37/100] LR=0.0002500 loss=0.132 ACC=97.433 F1=93.558 Rec=93.059 Prec=94.124
Train Client3 [37/100] LR=0.0002500 loss=0.149 ACC=97.917 F1=96.492 Rec=98.138 Prec=95.074
Train Client4 [37/100] LR=0.0002500 loss=0.091 ACC=98.247 F1=89.930 Rec=92.305 Prec=87.919
Train Client5 [37/100] LR=0.0002500 loss=0.093 ACC=98.571 F1=86.467 Rec=89.135 Prec=84.968
Train Client6 [37/100] LR=0.0002500 loss=0.290 ACC=94.444 F1=91.231 Rec=92.021 Prec=90.500
Train Client7 [37/100] LR=0.0002500 loss=0.215 ACC=96.061 F1=96.184 Rec=95.950 Prec=96.434

Val    [37/100] LR=0.0002500 loss=1.737 ACC=96.057 F1=96.043 Rec=96.057 Prec=96.310

Test-  OSR [37/100] LR=0.0002500 ACC=60.179 F1=63.396 Rec=80.238 Prec=54.439 UNK=0.000 OS*=96.286 HOS=0.000 AUROC=75.083 AUPR=63.821 OSCR=74.108
Test-Close [37/100] LR=0.0002500 loss=1.730 ACC=96.286 F1=96.257 Rec=96.286 Prec=96.497
Train Client0 [38/100] LR=0.0002500 loss=0.157 ACC=96.821 F1=96.661 Rec=97.136 Prec=96.232
Train Client1 [38/100] LR=0.0002500 loss=0.072 ACC=98.851 F1=95.129 Rec=95.421 Prec=94.861
Train Client2 [38/100] LR=0.0002500 loss=0.121 ACC=97.624 F1=94.759 Rec=94.308 Prec=95.261
Train Client3 [38/100] LR=0.0002500 loss=0.130 ACC=97.917 F1=94.369 Rec=94.358 Prec=94.385
Train Client4 [38/100] LR=0.0002500 loss=0.068 ACC=98.628 F1=92.897 Rec=94.766 Prec=91.214
Train Client5 [38/100] LR=0.0002500 loss=0.081 ACC=98.125 F1=78.690 Rec=78.671 Prec=78.709
Train Client6 [38/100] LR=0.0002500 loss=0.385 ACC=91.111 F1=85.931 Rec=86.168 Prec=85.752
Train Client7 [38/100] LR=0.0002500 loss=0.213 ACC=95.985 F1=95.555 Rec=95.384 Prec=95.735

Val    [38/100] LR=0.0002500 loss=1.728 ACC=96.514 F1=96.505 Rec=96.514 Prec=96.600

Test-  OSR [38/100] LR=0.0002500 ACC=60.357 F1=63.630 Rec=80.476 Prec=54.478 UNK=0.000 OS*=96.571 HOS=0.000 AUROC=77.050 AUPR=65.496 OSCR=76.108
Test-Close [38/100] LR=0.0002500 loss=1.723 ACC=96.571 F1=96.553 Rec=96.571 Prec=96.654
Train Client0 [39/100] LR=0.0002500 loss=0.176 ACC=96.228 F1=76.916 Rec=77.241 Prec=76.625
Train Client1 [39/100] LR=0.0002500 loss=0.066 ACC=98.712 F1=95.034 Rec=95.335 Prec=94.756
Train Client2 [39/100] LR=0.0002500 loss=0.131 ACC=97.861 F1=94.672 Rec=93.842 Prec=95.633
Train Client3 [39/100] LR=0.0002500 loss=0.104 ACC=98.106 F1=97.626 Rec=97.564 Prec=97.699
Train Client4 [39/100] LR=0.0002500 loss=0.087 ACC=98.552 F1=92.236 Rec=93.358 Prec=91.278
Train Client5 [39/100] LR=0.0002500 loss=0.054 ACC=98.929 F1=90.314 Rec=94.307 Prec=88.074
Train Client6 [39/100] LR=0.0002500 loss=0.291 ACC=91.111 F1=87.530 Rec=89.511 Prec=85.967
Train Client7 [39/100] LR=0.0002500 loss=0.252 ACC=95.833 F1=95.148 Rec=95.195 Prec=95.130

Val    [39/100] LR=0.0002500 loss=1.724 ACC=96.343 F1=96.321 Rec=96.343 Prec=96.450

Test-  OSR [39/100] LR=0.0002500 ACC=60.393 F1=63.939 Rec=80.524 Prec=55.074 UNK=0.000 OS*=96.629 HOS=0.000 AUROC=74.411 AUPR=61.163 OSCR=73.589
Test-Close [39/100] LR=0.0002500 loss=1.726 ACC=96.629 F1=96.600 Rec=96.629 Prec=96.717
Train Client0 [40/100] LR=0.0002500 loss=0.163 ACC=96.713 F1=77.368 Rec=77.701 Prec=77.068
Train Client1 [40/100] LR=0.0002500 loss=0.063 ACC=98.816 F1=94.719 Rec=95.485 Prec=94.036
Train Client2 [40/100] LR=0.0002500 loss=0.128 ACC=97.956 F1=94.825 Rec=94.202 Prec=95.517
Train Client3 [40/100] LR=0.0002500 loss=0.194 ACC=96.970 F1=96.780 Rec=96.748 Prec=96.860
Train Client4 [40/100] LR=0.0002500 loss=0.077 ACC=98.476 F1=90.694 Rec=94.050 Prec=88.514
Train Client5 [40/100] LR=0.0002500 loss=0.070 ACC=98.929 F1=93.825 Rec=99.142 Prec=90.846
Train Client6 [40/100] LR=0.0002500 loss=0.319 ACC=92.500 F1=88.433 Rec=89.348 Prec=87.598
Train Client7 [40/100] LR=0.0002500 loss=0.255 ACC=95.833 F1=95.757 Rec=95.187 Prec=96.360

Val    [40/100] LR=0.0002500 loss=1.734 ACC=96.400 F1=96.380 Rec=96.400 Prec=96.581

Test-  OSR [40/100] LR=0.0002500 ACC=60.286 F1=64.003 Rec=80.381 Prec=55.405 UNK=0.000 OS*=96.457 HOS=0.000 AUROC=75.298 AUPR=62.616 OSCR=74.448
Test-Close [40/100] LR=0.0002500 loss=1.726 ACC=96.457 F1=96.428 Rec=96.457 Prec=96.603
Saving model at epoch 40 . . . . . . . .

Train Client0 [41/100] LR=0.0002500 loss=0.176 ACC=96.282 F1=77.024 Rec=77.385 Prec=76.702
Train Client1 [41/100] LR=0.0002500 loss=0.064 ACC=98.886 F1=94.837 Rec=95.012 Prec=94.668
Train Client2 [41/100] LR=0.0002500 loss=0.168 ACC=97.101 F1=93.691 Rec=92.966 Prec=94.545
Train Client3 [41/100] LR=0.0002500 loss=0.160 ACC=96.970 F1=96.432 Rec=96.186 Prec=96.691
Train Client4 [41/100] LR=0.0002500 loss=0.083 ACC=98.552 F1=91.516 Rec=96.679 Prec=87.828
Train Client5 [41/100] LR=0.0002500 loss=0.066 ACC=98.125 F1=91.865 Rec=93.357 Prec=90.710
Train Client6 [41/100] LR=0.0002500 loss=0.291 ACC=93.056 F1=87.898 Rec=90.772 Prec=85.418
Train Client7 [41/100] LR=0.0002500 loss=0.270 ACC=95.909 F1=96.123 Rec=95.161 Prec=97.170

Val    [41/100] LR=0.0002500 loss=1.725 ACC=96.629 F1=96.618 Rec=96.629 Prec=96.708

Test-  OSR [41/100] LR=0.0002500 ACC=60.321 F1=63.324 Rec=80.429 Prec=53.670 UNK=0.000 OS*=96.514 HOS=0.000 AUROC=74.740 AUPR=62.386 OSCR=73.958
Test-Close [41/100] LR=0.0002500 loss=1.717 ACC=96.514 F1=96.499 Rec=96.514 Prec=96.553
Train Client0 [42/100] LR=0.0002500 loss=0.152 ACC=96.767 F1=77.354 Rec=77.522 Prec=77.193
Train Client1 [42/100] LR=0.0002500 loss=0.046 ACC=99.095 F1=94.905 Rec=94.683 Prec=95.132
Train Client2 [42/100] LR=0.0002500 loss=0.123 ACC=97.956 F1=94.777 Rec=93.774 Prec=95.996
Train Client3 [42/100] LR=0.0002500 loss=0.088 ACC=98.485 F1=98.265 Rec=98.083 Prec=98.457
Train Client4 [42/100] LR=0.0002500 loss=0.094 ACC=98.018 F1=88.808 Rec=92.856 Prec=85.950
Train Client5 [42/100] LR=0.0002500 loss=0.096 ACC=98.214 F1=87.523 Rec=88.635 Prec=86.633
Train Client6 [42/100] LR=0.0002500 loss=0.278 ACC=94.444 F1=91.453 Rec=91.915 Prec=91.032
Train Client7 [42/100] LR=0.0002500 loss=0.265 ACC=95.606 F1=95.636 Rec=94.683 Prec=96.700

Val    [42/100] LR=0.0002500 loss=1.725 ACC=96.629 F1=96.620 Rec=96.629 Prec=96.775

Test-  OSR [42/100] LR=0.0002500 ACC=60.536 F1=64.005 Rec=80.714 Prec=54.899 UNK=0.000 OS*=96.857 HOS=0.000 AUROC=74.639 AUPR=62.819 OSCR=73.843
Test-Close [42/100] LR=0.0002500 loss=1.719 ACC=96.857 F1=96.843 Rec=96.857 Prec=96.935
Train Client0 [43/100] LR=0.0002500 loss=0.152 ACC=97.037 F1=77.570 Rec=77.835 Prec=77.326
Train Client1 [43/100] LR=0.0002500 loss=0.054 ACC=99.060 F1=96.211 Rec=96.732 Prec=95.742
Train Client2 [43/100] LR=0.0002500 loss=0.134 ACC=97.861 F1=94.723 Rec=94.056 Prec=95.463
Train Client3 [43/100] LR=0.0002500 loss=0.143 ACC=98.106 F1=96.118 Rec=97.367 Prec=95.101
Train Client4 [43/100] LR=0.0002500 loss=0.078 ACC=98.399 F1=92.013 Rec=97.909 Prec=88.487
Train Client5 [43/100] LR=0.0002500 loss=0.079 ACC=98.571 F1=89.158 Rec=94.063 Prec=86.754
Train Client6 [43/100] LR=0.0002500 loss=0.386 ACC=91.944 F1=87.772 Rec=88.672 Prec=86.987
Train Client7 [43/100] LR=0.0002500 loss=0.234 ACC=96.136 F1=96.278 Rec=95.868 Prec=96.737

Val    [43/100] LR=0.0002500 loss=1.729 ACC=96.457 F1=96.436 Rec=96.457 Prec=96.595

Test-  OSR [43/100] LR=0.0002500 ACC=60.286 F1=63.426 Rec=80.381 Prec=54.282 UNK=0.000 OS*=96.457 HOS=0.000 AUROC=78.599 AUPR=67.299 OSCR=77.632
Test-Close [43/100] LR=0.0002500 loss=1.726 ACC=96.457 F1=96.427 Rec=96.457 Prec=96.577
Train Client0 [44/100] LR=0.0002500 loss=0.198 ACC=96.498 F1=96.342 Rec=96.676 Prec=96.032
Train Client1 [44/100] LR=0.0002500 loss=0.045 ACC=99.060 F1=95.771 Rec=96.069 Prec=95.500
Train Client2 [44/100] LR=0.0002500 loss=0.143 ACC=97.814 F1=94.295 Rec=93.589 Prec=95.093
Train Client3 [44/100] LR=0.0002500 loss=0.110 ACC=98.295 F1=97.910 Rec=97.823 Prec=98.000
Train Client4 [44/100] LR=0.0002500 loss=0.082 ACC=98.095 F1=92.018 Rec=97.216 Prec=88.787
Train Client5 [44/100] LR=0.0002500 loss=0.076 ACC=98.571 F1=83.650 Rec=84.182 Prec=83.230
Train Client6 [44/100] LR=0.0002500 loss=0.366 ACC=91.111 F1=84.271 Rec=86.260 Prec=82.751
Train Client7 [44/100] LR=0.0002500 loss=0.223 ACC=96.439 F1=95.839 Rec=95.356 Prec=96.342

Val    [44/100] LR=0.0002500 loss=1.737 ACC=96.000 F1=95.965 Rec=96.000 Prec=96.230

Test-  OSR [44/100] LR=0.0002500 ACC=60.036 F1=63.953 Rec=80.048 Prec=55.742 UNK=0.000 OS*=96.057 HOS=0.000 AUROC=61.641 AUPR=48.891 OSCR=61.061
Test-Close [44/100] LR=0.0002500 loss=1.729 ACC=96.057 F1=96.014 Rec=96.057 Prec=96.228
Train Client0 [45/100] LR=0.0002500 loss=0.157 ACC=97.144 F1=77.680 Rec=77.967 Prec=77.413
Train Client1 [45/100] LR=0.0002500 loss=0.079 ACC=98.781 F1=94.549 Rec=94.839 Prec=94.283
Train Client2 [45/100] LR=0.0002500 loss=0.145 ACC=97.529 F1=93.454 Rec=92.582 Prec=94.481
Train Client3 [45/100] LR=0.0002500 loss=0.125 ACC=97.917 F1=96.041 Rec=97.569 Prec=94.780
Train Client4 [45/100] LR=0.0002500 loss=0.080 ACC=98.476 F1=90.931 Rec=95.238 Prec=87.842
Train Client5 [45/100] LR=0.0002500 loss=0.070 ACC=98.571 F1=89.849 Rec=93.869 Prec=87.587
Train Client6 [45/100] LR=0.0002500 loss=0.402 ACC=90.556 F1=84.030 Rec=85.833 Prec=82.548
Train Client7 [45/100] LR=0.0002500 loss=0.202 ACC=96.591 F1=76.729 Rec=76.676 Prec=76.799

Val    [45/100] LR=0.0002500 loss=1.722 ACC=96.800 F1=96.778 Rec=96.800 Prec=96.928

Test-  OSR [45/100] LR=0.0002500 ACC=60.429 F1=63.436 Rec=80.571 Prec=54.124 UNK=0.000 OS*=96.686 HOS=0.000 AUROC=71.927 AUPR=58.718 OSCR=71.251
Test-Close [45/100] LR=0.0002500 loss=1.722 ACC=96.686 F1=96.660 Rec=96.686 Prec=96.782
Saving model at epoch 45 . . . . . . . .

Train Client0 [46/100] LR=0.0002500 loss=0.164 ACC=96.552 F1=96.414 Rec=96.748 Prec=96.102
Train Client1 [46/100] LR=0.0002500 loss=0.060 ACC=98.781 F1=95.783 Rec=96.422 Prec=95.193
Train Client2 [46/100] LR=0.0002500 loss=0.131 ACC=97.861 F1=94.604 Rec=93.192 Prec=96.384
Train Client3 [46/100] LR=0.0002500 loss=0.145 ACC=98.485 F1=98.199 Rec=98.106 Prec=98.293
Train Client4 [46/100] LR=0.0002500 loss=0.094 ACC=98.323 F1=89.527 Rec=89.927 Prec=89.310
Train Client5 [46/100] LR=0.0002500 loss=0.067 ACC=99.196 F1=89.540 Rec=89.527 Prec=89.553
Train Client6 [46/100] LR=0.0002500 loss=0.306 ACC=93.333 F1=89.632 Rec=90.633 Prec=88.755
Train Client7 [46/100] LR=0.0002500 loss=0.210 ACC=95.833 F1=95.092 Rec=95.098 Prec=95.121

Val    [46/100] LR=0.0002500 loss=1.726 ACC=96.743 F1=96.727 Rec=96.743 Prec=96.858

Test-  OSR [46/100] LR=0.0002500 ACC=60.571 F1=63.571 Rec=80.762 Prec=54.164 UNK=0.000 OS*=96.914 HOS=0.000 AUROC=72.215 AUPR=58.401 OSCR=71.554
Test-Close [46/100] LR=0.0002500 loss=1.723 ACC=96.914 F1=96.894 Rec=96.914 Prec=96.994
Train Client0 [47/100] LR=0.0002500 loss=0.181 ACC=96.444 F1=77.050 Rec=77.426 Prec=76.712
Train Client1 [47/100] LR=0.0002500 loss=0.066 ACC=98.851 F1=95.860 Rec=96.468 Prec=95.302
Train Client2 [47/100] LR=0.0002500 loss=0.120 ACC=97.956 F1=94.827 Rec=94.304 Prec=95.423
Train Client3 [47/100] LR=0.0002500 loss=0.089 ACC=98.485 F1=98.401 Rec=98.463 Prec=98.349
Train Client4 [47/100] LR=0.0002500 loss=0.076 ACC=98.476 F1=93.178 Rec=94.850 Prec=91.645
Train Client5 [47/100] LR=0.0002500 loss=0.045 ACC=98.839 F1=89.298 Rec=89.278 Prec=89.318
Train Client6 [47/100] LR=0.0002500 loss=0.325 ACC=91.944 F1=85.261 Rec=86.389 Prec=84.725
Train Client7 [47/100] LR=0.0002500 loss=0.203 ACC=96.591 F1=96.714 Rec=96.054 Prec=97.413

Val    [47/100] LR=0.0002500 loss=1.718 ACC=96.800 F1=96.796 Rec=96.800 Prec=96.857

Test-  OSR [47/100] LR=0.0002500 ACC=60.500 F1=63.605 Rec=80.667 Prec=54.141 UNK=0.000 OS*=96.800 HOS=0.000 AUROC=71.432 AUPR=58.605 OSCR=70.757
Test-Close [47/100] LR=0.0002500 loss=1.717 ACC=96.800 F1=96.780 Rec=96.800 Prec=96.859
Train Client0 [48/100] LR=0.0002500 loss=0.169 ACC=96.767 F1=77.341 Rec=77.624 Prec=77.079
Train Client1 [48/100] LR=0.0002500 loss=0.058 ACC=99.025 F1=96.055 Rec=96.205 Prec=95.911
Train Client2 [48/100] LR=0.0002500 loss=0.125 ACC=97.766 F1=94.644 Rec=93.832 Prec=95.672
Train Client3 [48/100] LR=0.0002500 loss=0.090 ACC=97.538 F1=97.123 Rec=97.190 Prec=97.066
Train Client4 [48/100] LR=0.0002500 loss=0.070 ACC=98.857 F1=94.968 Rec=96.151 Prec=93.902
Train Client5 [48/100] LR=0.0002500 loss=0.074 ACC=98.482 F1=87.095 Rec=89.035 Prec=85.822
Train Client6 [48/100] LR=0.0002500 loss=0.296 ACC=93.611 F1=89.419 Rec=88.046 Prec=90.989
Train Client7 [48/100] LR=0.0002500 loss=0.231 ACC=96.439 F1=96.734 Rec=95.865 Prec=97.673

Val    [48/100] LR=0.0002500 loss=1.713 ACC=97.086 F1=97.075 Rec=97.086 Prec=97.117

Test-  OSR [48/100] LR=0.0002500 ACC=60.607 F1=63.801 Rec=80.810 Prec=54.411 UNK=0.000 OS*=96.971 HOS=0.000 AUROC=72.600 AUPR=59.807 OSCR=71.926
Test-Close [48/100] LR=0.0002500 loss=1.716 ACC=96.971 F1=96.955 Rec=96.971 Prec=97.003
>> New learning Rate: 0.000125
Train Client0 [49/100] LR=0.0001250 loss=0.146 ACC=97.306 F1=77.859 Rec=78.128 Prec=77.611
Train Client1 [49/100] LR=0.0001250 loss=0.029 ACC=99.408 F1=96.671 Rec=97.190 Prec=96.203
Train Client2 [49/100] LR=0.0001250 loss=0.090 ACC=98.289 F1=95.942 Rec=95.805 Prec=96.088
Train Client3 [49/100] LR=0.0001250 loss=0.133 ACC=97.348 F1=95.416 Rec=96.572 Prec=94.497
Train Client4 [49/100] LR=0.0001250 loss=0.042 ACC=99.009 F1=94.814 Rec=98.889 Prec=91.675
Train Client5 [49/100] LR=0.0001250 loss=0.038 ACC=99.196 F1=94.062 Rec=99.457 Prec=91.005
Train Client6 [49/100] LR=0.0001250 loss=0.268 ACC=93.056 F1=88.269 Rec=91.793 Prec=85.470
Train Client7 [49/100] LR=0.0001250 loss=0.182 ACC=96.970 F1=96.721 Rec=97.499 Prec=95.999

Val    [49/100] LR=0.0001250 loss=1.714 ACC=96.743 F1=96.735 Rec=96.743 Prec=96.800

Test-  OSR [49/100] LR=0.0001250 ACC=60.643 F1=63.921 Rec=80.857 Prec=54.555 UNK=0.000 OS*=97.029 HOS=0.000 AUROC=75.795 AUPR=63.764 OSCR=74.998
Test-Close [49/100] LR=0.0001250 loss=1.717 ACC=97.029 F1=97.016 Rec=97.029 Prec=97.059
Train Client0 [50/100] LR=0.0001250 loss=0.132 ACC=97.144 F1=77.652 Rec=77.874 Prec=77.445
Train Client1 [50/100] LR=0.0001250 loss=0.040 ACC=99.199 F1=96.581 Rec=97.376 Prec=95.876
Train Client2 [50/100] LR=0.0001250 loss=0.103 ACC=98.004 F1=95.134 Rec=94.851 Prec=95.434
Train Client3 [50/100] LR=0.0001250 loss=0.094 ACC=98.864 F1=98.838 Rec=98.662 Prec=99.020
Train Client4 [50/100] LR=0.0001250 loss=0.067 ACC=98.628 F1=92.798 Rec=98.734 Prec=88.787
Train Client5 [50/100] LR=0.0001250 loss=0.056 ACC=98.750 F1=90.189 Rec=94.157 Prec=87.977
Train Client6 [50/100] LR=0.0001250 loss=0.358 ACC=91.944 F1=88.448 Rec=91.029 Prec=86.430
Train Client7 [50/100] LR=0.0001250 loss=0.216 ACC=96.364 F1=96.062 Rec=95.760 Prec=96.390

Val    [50/100] LR=0.0001250 loss=1.715 ACC=96.800 F1=96.795 Rec=96.800 Prec=96.850

Test-  OSR [50/100] LR=0.0001250 ACC=60.571 F1=63.784 Rec=80.762 Prec=54.338 UNK=0.000 OS*=96.914 HOS=0.000 AUROC=74.875 AUPR=62.627 OSCR=74.113
Test-Close [50/100] LR=0.0001250 loss=1.716 ACC=96.914 F1=96.900 Rec=96.914 Prec=96.953
Saving model at epoch 50 . . . . . . . .

Train Client0 [51/100] LR=0.0001250 loss=0.130 ACC=97.468 F1=78.000 Rec=78.142 Prec=77.864
Train Client1 [51/100] LR=0.0001250 loss=0.025 ACC=99.582 F1=97.705 Rec=97.927 Prec=97.490
Train Client2 [51/100] LR=0.0001250 loss=0.085 ACC=98.574 F1=96.579 Rec=95.894 Prec=97.343
Train Client3 [51/100] LR=0.0001250 loss=0.083 ACC=98.106 F1=96.486 Rec=97.881 Prec=95.314
Train Client4 [51/100] LR=0.0001250 loss=0.074 ACC=98.323 F1=92.595 Rec=96.353 Prec=89.723
Train Client5 [51/100] LR=0.0001250 loss=0.046 ACC=99.196 F1=91.540 Rec=94.505 Prec=89.577
Train Client6 [51/100] LR=0.0001250 loss=0.314 ACC=93.333 F1=90.835 Rec=94.436 Prec=88.324
Train Client7 [51/100] LR=0.0001250 loss=0.178 ACC=97.045 F1=97.156 Rec=96.980 Prec=97.339

Val    [51/100] LR=0.0001250 loss=1.721 ACC=96.743 F1=96.734 Rec=96.743 Prec=96.813

Test-  OSR [51/100] LR=0.0001250 ACC=60.464 F1=64.058 Rec=80.619 Prec=55.123 UNK=0.000 OS*=96.743 HOS=0.000 AUROC=75.051 AUPR=63.032 OSCR=74.215
Test-Close [51/100] LR=0.0001250 loss=1.724 ACC=96.743 F1=96.722 Rec=96.743 Prec=96.821
Train Client0 [52/100] LR=0.0001250 loss=0.132 ACC=97.198 F1=77.708 Rec=77.846 Prec=77.576
Train Client1 [52/100] LR=0.0001250 loss=0.025 ACC=99.443 F1=97.278 Rec=98.098 Prec=96.549
Train Client2 [52/100] LR=0.0001250 loss=0.078 ACC=98.384 F1=96.006 Rec=95.606 Prec=96.439
Train Client3 [52/100] LR=0.0001250 loss=0.078 ACC=98.674 F1=97.165 Rec=98.400 Prec=96.163
Train Client4 [52/100] LR=0.0001250 loss=0.062 ACC=98.704 F1=93.161 Rec=98.541 Prec=89.275
Train Client5 [52/100] LR=0.0001250 loss=0.038 ACC=99.196 F1=93.998 Rec=99.418 Prec=90.917
Train Client6 [52/100] LR=0.0001250 loss=0.323 ACC=94.167 F1=90.109 Rec=93.893 Prec=86.956
Train Client7 [52/100] LR=0.0001250 loss=0.187 ACC=96.667 F1=96.893 Rec=96.961 Prec=96.827

Val    [52/100] LR=0.0001250 loss=1.713 ACC=96.743 F1=96.732 Rec=96.743 Prec=96.807

Test-  OSR [52/100] LR=0.0001250 ACC=60.536 F1=63.825 Rec=80.714 Prec=54.520 UNK=0.000 OS*=96.857 HOS=0.000 AUROC=75.203 AUPR=63.137 OSCR=74.442
Test-Close [52/100] LR=0.0001250 loss=1.715 ACC=96.857 F1=96.841 Rec=96.857 Prec=96.895
Train Client0 [53/100] LR=0.0001250 loss=0.115 ACC=97.522 F1=77.993 Rec=78.016 Prec=77.970
Train Client1 [53/100] LR=0.0001250 loss=0.025 ACC=99.617 F1=97.960 Rec=98.364 Prec=97.582
Train Client2 [53/100] LR=0.0001250 loss=0.076 ACC=98.812 F1=96.194 Rec=95.875 Prec=96.546
Train Client3 [53/100] LR=0.0001250 loss=0.067 ACC=98.864 F1=98.672 Rec=98.653 Prec=98.707
Train Client4 [53/100] LR=0.0001250 loss=0.068 ACC=98.552 F1=90.846 Rec=97.868 Prec=86.742
Train Client5 [53/100] LR=0.0001250 loss=0.043 ACC=99.107 F1=93.937 Rec=99.370 Prec=90.842
Train Client6 [53/100] LR=0.0001250 loss=0.301 ACC=92.778 F1=89.493 Rec=90.408 Prec=88.675
Train Client7 [53/100] LR=0.0001250 loss=0.178 ACC=97.121 F1=96.893 Rec=96.934 Prec=96.888

Val    [53/100] LR=0.0001250 loss=1.716 ACC=96.800 F1=96.782 Rec=96.800 Prec=96.867

Test-  OSR [53/100] LR=0.0001250 ACC=60.679 F1=64.185 Rec=80.905 Prec=55.111 UNK=0.000 OS*=97.086 HOS=0.000 AUROC=75.164 AUPR=62.923 OSCR=74.428
Test-Close [53/100] LR=0.0001250 loss=1.717 ACC=97.086 F1=97.066 Rec=97.086 Prec=97.137
Train Client0 [54/100] LR=0.0001250 loss=0.123 ACC=97.414 F1=77.991 Rec=78.167 Prec=77.828
Train Client1 [54/100] LR=0.0001250 loss=0.013 ACC=99.791 F1=98.744 Rec=99.120 Prec=98.395
Train Client2 [54/100] LR=0.0001250 loss=0.095 ACC=98.289 F1=95.606 Rec=95.163 Prec=96.102
Train Client3 [54/100] LR=0.0001250 loss=0.099 ACC=97.917 F1=97.730 Rec=97.619 Prec=97.852
Train Client4 [54/100] LR=0.0001250 loss=0.075 ACC=98.933 F1=95.741 Rec=97.050 Prec=94.627
Train Client5 [54/100] LR=0.0001250 loss=0.043 ACC=99.375 F1=97.370 Rec=99.582 Prec=95.604
Train Client6 [54/100] LR=0.0001250 loss=0.279 ACC=93.889 F1=90.593 Rec=91.771 Prec=89.538
Train Client7 [54/100] LR=0.0001250 loss=0.164 ACC=97.348 F1=97.455 Rec=97.514 Prec=97.427

Val    [54/100] LR=0.0001250 loss=1.715 ACC=96.914 F1=96.896 Rec=96.914 Prec=96.978

Test-  OSR [54/100] LR=0.0001250 ACC=60.536 F1=64.076 Rec=80.714 Prec=55.032 UNK=0.000 OS*=96.857 HOS=0.000 AUROC=73.977 AUPR=60.843 OSCR=73.299
Test-Close [54/100] LR=0.0001250 loss=1.722 ACC=96.857 F1=96.838 Rec=96.857 Prec=96.898
Train Client0 [55/100] LR=0.0001250 loss=0.101 ACC=98.060 F1=78.406 Rec=78.615 Prec=78.209
Train Client1 [55/100] LR=0.0001250 loss=0.029 ACC=99.478 F1=97.312 Rec=98.190 Prec=96.525
Train Client2 [55/100] LR=0.0001250 loss=0.090 ACC=98.289 F1=96.502 Rec=96.513 Prec=96.495
Train Client3 [55/100] LR=0.0001250 loss=0.069 ACC=98.674 F1=98.398 Rec=98.387 Prec=98.413
Train Client4 [55/100] LR=0.0001250 loss=0.053 ACC=99.009 F1=94.270 Rec=98.132 Prec=91.310
Train Client5 [55/100] LR=0.0001250 loss=0.044 ACC=99.196 F1=92.873 Rec=99.431 Prec=89.650
Train Client6 [55/100] LR=0.0001250 loss=0.329 ACC=92.222 F1=89.229 Rec=91.857 Prec=87.220
Train Client7 [55/100] LR=0.0001250 loss=0.181 ACC=97.121 F1=96.874 Rec=96.441 Prec=97.323

Val    [55/100] LR=0.0001250 loss=1.717 ACC=96.800 F1=96.780 Rec=96.800 Prec=96.876

Test-  OSR [55/100] LR=0.0001250 ACC=60.500 F1=64.199 Rec=80.667 Prec=55.371 UNK=0.000 OS*=96.800 HOS=0.000 AUROC=74.216 AUPR=61.945 OSCR=73.470
Test-Close [55/100] LR=0.0001250 loss=1.721 ACC=96.800 F1=96.778 Rec=96.800 Prec=96.876
Saving model at epoch 55 . . . . . . . .

Train Client0 [56/100] LR=0.0001250 loss=0.142 ACC=96.983 F1=96.875 Rec=97.267 Prec=96.519
Train Client1 [56/100] LR=0.0001250 loss=0.025 ACC=99.721 F1=97.935 Rec=98.127 Prec=97.749
Train Client2 [56/100] LR=0.0001250 loss=0.083 ACC=98.384 F1=95.903 Rec=95.606 Prec=96.217
Train Client3 [56/100] LR=0.0001250 loss=0.080 ACC=98.295 F1=98.075 Rec=97.997 Prec=98.156
Train Client4 [56/100] LR=0.0001250 loss=0.068 ACC=98.933 F1=93.923 Rec=97.937 Prec=90.841
Train Client5 [56/100] LR=0.0001250 loss=0.046 ACC=99.107 F1=90.412 Rec=94.405 Prec=88.172
Train Client6 [56/100] LR=0.0001250 loss=0.383 ACC=93.056 F1=90.123 Rec=91.241 Prec=89.331
Train Client7 [56/100] LR=0.0001250 loss=0.187 ACC=96.742 F1=96.466 Rec=96.323 Prec=96.638

Val    [56/100] LR=0.0001250 loss=1.715 ACC=96.914 F1=96.895 Rec=96.914 Prec=96.987

Test-  OSR [56/100] LR=0.0001250 ACC=60.607 F1=64.251 Rec=80.810 Prec=55.352 UNK=0.000 OS*=96.971 HOS=0.000 AUROC=70.121 AUPR=56.609 OSCR=69.503
Test-Close [56/100] LR=0.0001250 loss=1.719 ACC=96.971 F1=96.950 Rec=96.971 Prec=97.025
Train Client0 [57/100] LR=0.0001250 loss=0.120 ACC=97.522 F1=78.043 Rec=78.343 Prec=77.771
Train Client1 [57/100] LR=0.0001250 loss=0.022 ACC=99.582 F1=97.487 Rec=97.809 Prec=97.193
Train Client2 [57/100] LR=0.0001250 loss=0.099 ACC=98.432 F1=95.970 Rec=95.553 Prec=96.419
Train Client3 [57/100] LR=0.0001250 loss=0.076 ACC=98.485 F1=98.208 Rec=98.256 Prec=98.207
Train Client4 [57/100] LR=0.0001250 loss=0.064 ACC=98.552 F1=90.628 Rec=97.782 Prec=86.070
Train Client5 [57/100] LR=0.0001250 loss=0.013 ACC=99.821 F1=95.938 Rec=99.876 Prec=93.333
Train Client6 [57/100] LR=0.0001250 loss=0.281 ACC=94.444 F1=92.486 Rec=95.185 Prec=90.458
Train Client7 [57/100] LR=0.0001250 loss=0.165 ACC=97.197 F1=97.261 Rec=97.325 Prec=97.228

Val    [57/100] LR=0.0001250 loss=1.718 ACC=96.914 F1=96.901 Rec=96.914 Prec=96.969

Test-  OSR [57/100] LR=0.0001250 ACC=60.750 F1=63.900 Rec=81.000 Prec=54.499 UNK=0.000 OS*=97.200 HOS=0.000 AUROC=75.363 AUPR=63.856 OSCR=74.578
Test-Close [57/100] LR=0.0001250 loss=1.720 ACC=97.200 F1=97.182 Rec=97.200 Prec=97.260
Train Client0 [58/100] LR=0.0001250 loss=0.115 ACC=97.899 F1=78.279 Rec=78.356 Prec=78.203
Train Client1 [58/100] LR=0.0001250 loss=0.025 ACC=99.547 F1=97.904 Rec=98.288 Prec=97.546
Train Client2 [58/100] LR=0.0001250 loss=0.091 ACC=98.384 F1=95.849 Rec=95.322 Prec=96.426
Train Client3 [58/100] LR=0.0001250 loss=0.074 ACC=98.485 F1=98.262 Rec=98.075 Prec=98.472
Train Client4 [58/100] LR=0.0001250 loss=0.058 ACC=98.933 F1=95.402 Rec=98.651 Prec=92.676
Train Client5 [58/100] LR=0.0001250 loss=0.037 ACC=99.196 F1=91.822 Rec=99.419 Prec=88.501
Train Client6 [58/100] LR=0.0001250 loss=0.338 ACC=91.389 F1=85.480 Rec=88.598 Prec=82.826
Train Client7 [58/100] LR=0.0001250 loss=0.166 ACC=97.727 F1=97.770 Rec=98.021 Prec=97.563

Val    [58/100] LR=0.0001250 loss=1.721 ACC=96.743 F1=96.728 Rec=96.743 Prec=96.838

Test-  OSR [58/100] LR=0.0001250 ACC=60.714 F1=64.256 Rec=80.952 Prec=55.217 UNK=0.000 OS*=97.143 HOS=0.000 AUROC=72.234 AUPR=59.984 OSCR=71.523
Test-Close [58/100] LR=0.0001250 loss=1.721 ACC=97.143 F1=97.124 Rec=97.143 Prec=97.209
Train Client0 [59/100] LR=0.0001250 loss=0.101 ACC=98.006 F1=78.380 Rec=78.546 Prec=78.223
Train Client1 [59/100] LR=0.0001250 loss=0.013 ACC=99.547 F1=97.610 Rec=97.774 Prec=97.452
Train Client2 [59/100] LR=0.0001250 loss=0.082 ACC=98.574 F1=96.270 Rec=95.983 Prec=96.576
Train Client3 [59/100] LR=0.0001250 loss=0.062 ACC=99.242 F1=99.137 Rec=99.041 Prec=99.235
Train Client4 [59/100] LR=0.0001250 loss=0.067 ACC=98.399 F1=91.373 Rec=94.675 Prec=88.859
Train Client5 [59/100] LR=0.0001250 loss=0.057 ACC=99.196 F1=92.863 Rec=94.506 Prec=91.554
Train Client6 [59/100] LR=0.0001250 loss=0.216 ACC=94.444 F1=90.156 Rec=92.675 Prec=88.012
Train Client7 [59/100] LR=0.0001250 loss=0.191 ACC=96.591 F1=96.544 Rec=96.327 Prec=96.774

Val    [59/100] LR=0.0001250 loss=1.719 ACC=97.143 F1=97.119 Rec=97.143 Prec=97.236

Test-  OSR [59/100] LR=0.0001250 ACC=60.536 F1=64.138 Rec=80.714 Prec=55.322 UNK=0.000 OS*=96.857 HOS=0.000 AUROC=72.668 AUPR=59.173 OSCR=71.973
Test-Close [59/100] LR=0.0001250 loss=1.725 ACC=96.857 F1=96.829 Rec=96.857 Prec=96.936
Train Client0 [60/100] LR=0.0001250 loss=0.115 ACC=97.737 F1=78.168 Rec=78.486 Prec=77.878
Train Client1 [60/100] LR=0.0001250 loss=0.025 ACC=99.652 F1=97.926 Rec=98.961 Prec=97.031
Train Client2 [60/100] LR=0.0001250 loss=0.087 ACC=98.241 F1=95.690 Rec=95.202 Prec=96.231
Train Client3 [60/100] LR=0.0001250 loss=0.100 ACC=98.295 F1=98.095 Rec=98.019 Prec=98.174
Train Client4 [60/100] LR=0.0001250 loss=0.050 ACC=98.857 F1=93.641 Rec=98.001 Prec=90.637
Train Client5 [60/100] LR=0.0001250 loss=0.051 ACC=99.196 F1=92.736 Rec=94.352 Prec=91.454
Train Client6 [60/100] LR=0.0001250 loss=0.286 ACC=91.667 F1=87.039 Rec=91.937 Prec=83.265
Train Client7 [60/100] LR=0.0001250 loss=0.186 ACC=96.591 F1=96.650 Rec=96.751 Prec=96.562

Val    [60/100] LR=0.0001250 loss=1.718 ACC=96.857 F1=96.840 Rec=96.857 Prec=96.913

Test-  OSR [60/100] LR=0.0001250 ACC=60.607 F1=63.945 Rec=80.810 Prec=54.722 UNK=0.000 OS*=96.971 HOS=0.000 AUROC=77.205 AUPR=66.003 OSCR=76.364
Test-Close [60/100] LR=0.0001250 loss=1.722 ACC=96.971 F1=96.956 Rec=96.971 Prec=97.007
Saving model at epoch 60 . . . . . . . .

Train Client0 [61/100] LR=0.0001250 loss=0.113 ACC=98.006 F1=78.420 Rec=78.687 Prec=78.174
Train Client1 [61/100] LR=0.0001250 loss=0.024 ACC=99.443 F1=97.050 Rec=97.668 Prec=96.482
Train Client2 [61/100] LR=0.0001250 loss=0.079 ACC=98.432 F1=95.880 Rec=95.370 Prec=96.439
Train Client3 [61/100] LR=0.0001250 loss=0.098 ACC=98.485 F1=98.375 Rec=98.129 Prec=98.634
Train Client4 [61/100] LR=0.0001250 loss=0.065 ACC=98.476 F1=93.176 Rec=97.759 Prec=89.584
Train Client5 [61/100] LR=0.0001250 loss=0.041 ACC=99.375 F1=94.185 Rec=99.554 Prec=91.154
Train Client6 [61/100] LR=0.0001250 loss=0.262 ACC=93.056 F1=87.835 Rec=90.486 Prec=85.672
Train Client7 [61/100] LR=0.0001250 loss=0.178 ACC=96.742 F1=96.651 Rec=96.344 Prec=96.984

Val    [61/100] LR=0.0001250 loss=1.711 ACC=96.971 F1=96.955 Rec=96.971 Prec=97.007

Test-  OSR [61/100] LR=0.0001250 ACC=60.679 F1=63.728 Rec=80.905 Prec=54.075 UNK=0.000 OS*=97.086 HOS=0.000 AUROC=76.938 AUPR=65.934 OSCR=76.096
Test-Close [61/100] LR=0.0001250 loss=1.718 ACC=97.086 F1=97.074 Rec=97.086 Prec=97.100
Train Client0 [62/100] LR=0.0001250 loss=0.108 ACC=97.575 F1=78.054 Rec=78.187 Prec=77.928
Train Client1 [62/100] LR=0.0001250 loss=0.028 ACC=99.408 F1=97.232 Rec=97.698 Prec=96.790
Train Client2 [62/100] LR=0.0001250 loss=0.085 ACC=98.432 F1=96.366 Rec=96.678 Prec=96.064
Train Client3 [62/100] LR=0.0001250 loss=0.091 ACC=98.106 F1=97.669 Rec=97.883 Prec=97.485
Train Client4 [62/100] LR=0.0001250 loss=0.061 ACC=98.476 F1=92.279 Rec=95.109 Prec=89.888
Train Client5 [62/100] LR=0.0001250 loss=0.046 ACC=99.107 F1=91.474 Rec=94.400 Prec=89.549
Train Client6 [62/100] LR=0.0001250 loss=0.360 ACC=93.333 F1=90.143 Rec=91.605 Prec=88.853
Train Client7 [62/100] LR=0.0001250 loss=0.169 ACC=97.121 F1=90.322 Rec=96.526 Prec=87.464

Val    [62/100] LR=0.0001250 loss=1.715 ACC=97.143 F1=97.125 Rec=97.143 Prec=97.228

Test-  OSR [62/100] LR=0.0001250 ACC=60.679 F1=64.153 Rec=80.905 Prec=55.082 UNK=0.000 OS*=97.086 HOS=0.000 AUROC=76.166 AUPR=63.608 OSCR=75.420
Test-Close [62/100] LR=0.0001250 loss=1.721 ACC=97.086 F1=97.068 Rec=97.086 Prec=97.143
Train Client0 [63/100] LR=0.0001250 loss=0.133 ACC=97.575 F1=78.017 Rec=78.329 Prec=77.731
Train Client1 [63/100] LR=0.0001250 loss=0.027 ACC=99.478 F1=97.083 Rec=97.210 Prec=96.963
Train Client2 [63/100] LR=0.0001250 loss=0.090 ACC=98.432 F1=96.191 Rec=95.904 Prec=96.497
Train Client3 [63/100] LR=0.0001250 loss=0.076 ACC=98.485 F1=98.307 Rec=98.463 Prec=98.160
Train Client4 [63/100] LR=0.0001250 loss=0.069 ACC=98.552 F1=94.107 Rec=97.609 Prec=91.150
Train Client5 [63/100] LR=0.0001250 loss=0.035 ACC=99.196 F1=91.555 Rec=94.508 Prec=89.604
Train Client6 [63/100] LR=0.0001250 loss=0.303 ACC=94.167 F1=89.559 Rec=91.842 Prec=87.614
Train Client7 [63/100] LR=0.0001250 loss=0.168 ACC=97.121 F1=97.389 Rec=97.003 Prec=97.791

Val    [63/100] LR=0.0001250 loss=1.703 ACC=97.143 F1=97.133 Rec=97.143 Prec=97.158

Test-  OSR [63/100] LR=0.0001250 ACC=60.714 F1=63.730 Rec=80.952 Prec=54.110 UNK=0.000 OS*=97.143 HOS=0.000 AUROC=76.580 AUPR=65.211 OSCR=75.824
Test-Close [63/100] LR=0.0001250 loss=1.710 ACC=97.143 F1=97.131 Rec=97.143 Prec=97.161
Train Client0 [64/100] LR=0.0001250 loss=0.101 ACC=98.060 F1=97.975 Rec=98.086 Prec=97.868
Train Client1 [64/100] LR=0.0001250 loss=0.022 ACC=99.513 F1=97.620 Rec=98.230 Prec=97.064
Train Client2 [64/100] LR=0.0001250 loss=0.094 ACC=98.289 F1=95.269 Rec=95.164 Prec=95.385
Train Client3 [64/100] LR=0.0001250 loss=0.080 ACC=98.485 F1=98.182 Rec=98.104 Prec=98.263
Train Client4 [64/100] LR=0.0001250 loss=0.067 ACC=98.780 F1=92.867 Rec=96.776 Prec=89.812
Train Client5 [64/100] LR=0.0001250 loss=0.059 ACC=99.464 F1=94.678 Rec=94.704 Prec=94.652
Train Client6 [64/100] LR=0.0001250 loss=0.304 ACC=93.611 F1=90.497 Rec=91.698 Prec=89.411
Train Client7 [64/100] LR=0.0001250 loss=0.160 ACC=97.273 F1=97.684 Rec=97.395 Prec=97.996

Val    [64/100] LR=0.0001250 loss=1.711 ACC=96.914 F1=96.897 Rec=96.914 Prec=96.958

Test-  OSR [64/100] LR=0.0001250 ACC=60.536 F1=63.798 Rec=80.714 Prec=54.588 UNK=0.000 OS*=96.857 HOS=0.000 AUROC=74.254 AUPR=61.967 OSCR=73.523
Test-Close [64/100] LR=0.0001250 loss=1.717 ACC=96.857 F1=96.844 Rec=96.857 Prec=96.896
Train Client0 [65/100] LR=0.0001250 loss=0.117 ACC=97.522 F1=77.997 Rec=78.213 Prec=77.795
Train Client1 [65/100] LR=0.0001250 loss=0.027 ACC=99.547 F1=97.281 Rec=97.466 Prec=97.101
Train Client2 [65/100] LR=0.0001250 loss=0.085 ACC=98.432 F1=95.645 Rec=95.405 Prec=95.903
Train Client3 [65/100] LR=0.0001250 loss=0.055 ACC=98.864 F1=97.254 Rec=98.639 Prec=96.100
Train Client4 [65/100] LR=0.0001250 loss=0.075 ACC=98.552 F1=91.605 Rec=98.927 Prec=87.229
Train Client5 [65/100] LR=0.0001250 loss=0.036 ACC=99.375 F1=91.664 Rec=94.602 Prec=89.725
Train Client6 [65/100] LR=0.0001250 loss=0.274 ACC=94.167 F1=91.457 Rec=93.133 Prec=90.051
Train Client7 [65/100] LR=0.0001250 loss=0.143 ACC=97.424 F1=97.759 Rec=97.536 Prec=97.995

Val    [65/100] LR=0.0001250 loss=1.718 ACC=96.743 F1=96.731 Rec=96.743 Prec=96.785

Test-  OSR [65/100] LR=0.0001250 ACC=60.571 F1=63.534 Rec=80.762 Prec=54.019 UNK=0.000 OS*=96.914 HOS=0.000 AUROC=76.860 AUPR=66.371 OSCR=75.978
Test-Close [65/100] LR=0.0001250 loss=1.720 ACC=96.914 F1=96.899 Rec=96.914 Prec=96.961
Saving model at epoch 65 . . . . . . . .

Train Client0 [66/100] LR=0.0001250 loss=0.120 ACC=97.629 F1=78.070 Rec=78.255 Prec=77.893
Train Client1 [66/100] LR=0.0001250 loss=0.025 ACC=99.582 F1=97.783 Rec=98.342 Prec=97.278
Train Client2 [66/100] LR=0.0001250 loss=0.070 ACC=98.574 F1=96.325 Rec=95.630 Prec=97.095
Train Client3 [66/100] LR=0.0001250 loss=0.092 ACC=99.053 F1=98.944 Rec=98.768 Prec=99.126
Train Client4 [66/100] LR=0.0001250 loss=0.070 ACC=98.704 F1=94.326 Rec=99.102 Prec=90.963
Train Client5 [66/100] LR=0.0001250 loss=0.028 ACC=99.464 F1=94.247 Rec=99.630 Prec=91.203
Train Client6 [66/100] LR=0.0001250 loss=0.289 ACC=93.056 F1=89.503 Rec=89.722 Prec=89.293
Train Client7 [66/100] LR=0.0001250 loss=0.144 ACC=97.045 F1=97.034 Rec=96.975 Prec=97.110

Val    [66/100] LR=0.0001250 loss=1.714 ACC=97.029 F1=97.016 Rec=97.029 Prec=97.047

Test-  OSR [66/100] LR=0.0001250 ACC=60.571 F1=63.632 Rec=80.762 Prec=54.133 UNK=0.000 OS*=96.914 HOS=0.000 AUROC=75.530 AUPR=63.551 OSCR=74.714
Test-Close [66/100] LR=0.0001250 loss=1.722 ACC=96.914 F1=96.901 Rec=96.914 Prec=96.944
Train Client0 [67/100] LR=0.0001250 loss=0.113 ACC=97.629 F1=78.074 Rec=78.391 Prec=77.783
Train Client1 [67/100] LR=0.0001250 loss=0.013 ACC=99.791 F1=98.770 Rec=99.671 Prec=97.965
Train Client2 [67/100] LR=0.0001250 loss=0.103 ACC=98.384 F1=96.264 Rec=95.821 Prec=96.739
Train Client3 [67/100] LR=0.0001250 loss=0.103 ACC=98.106 F1=97.821 Rec=97.886 Prec=97.765
Train Client4 [67/100] LR=0.0001250 loss=0.047 ACC=98.933 F1=94.705 Rec=98.565 Prec=91.548
Train Client5 [67/100] LR=0.0001250 loss=0.025 ACC=99.464 F1=95.691 Rec=99.656 Prec=93.061
Train Client6 [67/100] LR=0.0001250 loss=0.299 ACC=93.611 F1=90.157 Rec=90.402 Prec=89.920
Train Client7 [67/100] LR=0.0001250 loss=0.166 ACC=96.970 F1=96.600 Rec=96.310 Prec=96.898

Val    [67/100] LR=0.0001250 loss=1.706 ACC=97.429 F1=97.417 Rec=97.429 Prec=97.442

Test-  OSR [67/100] LR=0.0001250 ACC=60.643 F1=64.121 Rec=80.857 Prec=54.968 UNK=0.000 OS*=97.029 HOS=0.000 AUROC=73.810 AUPR=60.445 OSCR=73.132
Test-Close [67/100] LR=0.0001250 loss=1.716 ACC=97.029 F1=97.013 Rec=97.029 Prec=97.054
Train Client0 [68/100] LR=0.0001250 loss=0.126 ACC=97.737 F1=78.166 Rec=78.297 Prec=78.041
Train Client1 [68/100] LR=0.0001250 loss=0.033 ACC=99.443 F1=97.964 Rec=98.574 Prec=97.409
Train Client2 [68/100] LR=0.0001250 loss=0.080 ACC=98.669 F1=96.713 Rec=96.295 Prec=97.164
Train Client3 [68/100] LR=0.0001250 loss=0.055 ACC=99.053 F1=98.950 Rec=98.927 Prec=98.989
Train Client4 [68/100] LR=0.0001250 loss=0.046 ACC=99.085 F1=95.841 Rec=98.456 Prec=93.692
Train Client5 [68/100] LR=0.0001250 loss=0.034 ACC=99.196 F1=94.060 Rec=99.404 Prec=91.056
Train Client6 [68/100] LR=0.0001250 loss=0.292 ACC=93.889 F1=91.371 Rec=93.287 Prec=89.904
Train Client7 [68/100] LR=0.0001250 loss=0.155 ACC=97.576 F1=97.315 Rec=97.320 Prec=97.320

Val    [68/100] LR=0.0001250 loss=1.705 ACC=97.257 F1=97.250 Rec=97.257 Prec=97.318

Test-  OSR [68/100] LR=0.0001250 ACC=60.714 F1=63.912 Rec=80.952 Prec=54.367 UNK=0.000 OS*=97.143 HOS=0.000 AUROC=75.377 AUPR=63.740 OSCR=74.619
Test-Close [68/100] LR=0.0001250 loss=1.713 ACC=97.143 F1=97.130 Rec=97.143 Prec=97.177
Train Client0 [69/100] LR=0.0001250 loss=0.118 ACC=97.845 F1=78.265 Rec=78.626 Prec=77.938
Train Client1 [69/100] LR=0.0001250 loss=0.017 ACC=99.687 F1=98.132 Rec=98.524 Prec=97.764
Train Client2 [69/100] LR=0.0001250 loss=0.076 ACC=98.622 F1=96.814 Rec=96.497 Prec=97.151
Train Client3 [69/100] LR=0.0001250 loss=0.070 ACC=98.485 F1=98.373 Rec=98.113 Prec=98.646
Train Client4 [69/100] LR=0.0001250 loss=0.040 ACC=99.085 F1=95.563 Rec=98.068 Prec=93.515
Train Client5 [69/100] LR=0.0001250 loss=0.037 ACC=98.929 F1=86.633 Rec=89.313 Prec=85.124
Train Client6 [69/100] LR=0.0001250 loss=0.308 ACC=91.667 F1=86.333 Rec=86.620 Prec=86.195
Train Client7 [69/100] LR=0.0001250 loss=0.157 ACC=97.424 F1=97.415 Rec=97.632 Prec=97.213

Val    [69/100] LR=0.0001250 loss=1.706 ACC=97.371 F1=97.358 Rec=97.371 Prec=97.395

Test-  OSR [69/100] LR=0.0001250 ACC=60.750 F1=64.256 Rec=81.000 Prec=55.001 UNK=0.000 OS*=97.200 HOS=0.000 AUROC=72.913 AUPR=60.081 OSCR=72.273
Test-Close [69/100] LR=0.0001250 loss=1.717 ACC=97.200 F1=97.191 Rec=97.200 Prec=97.211
Train Client0 [70/100] LR=0.0001250 loss=0.103 ACC=97.899 F1=78.302 Rec=78.506 Prec=78.112
Train Client1 [70/100] LR=0.0001250 loss=0.020 ACC=99.687 F1=98.354 Rec=98.583 Prec=98.132
Train Client2 [70/100] LR=0.0001250 loss=0.072 ACC=98.907 F1=96.963 Rec=96.403 Prec=97.577
Train Client3 [70/100] LR=0.0001250 loss=0.078 ACC=98.485 F1=96.868 Rec=98.085 Prec=95.891
Train Client4 [70/100] LR=0.0001250 loss=0.062 ACC=98.704 F1=92.918 Rec=97.199 Prec=89.585
Train Client5 [70/100] LR=0.0001250 loss=0.029 ACC=99.554 F1=91.788 Rec=94.727 Prec=89.850
Train Client6 [70/100] LR=0.0001250 loss=0.304 ACC=93.333 F1=89.221 Rec=89.342 Prec=89.273
Train Client7 [70/100] LR=0.0001250 loss=0.154 ACC=97.273 F1=97.643 Rec=97.647 Prec=97.681

Val    [70/100] LR=0.0001250 loss=1.711 ACC=97.314 F1=97.310 Rec=97.314 Prec=97.323

Test-  OSR [70/100] LR=0.0001250 ACC=60.857 F1=63.909 Rec=81.143 Prec=54.157 UNK=0.000 OS*=97.371 HOS=0.000 AUROC=75.851 AUPR=64.090 OSCR=75.142
Test-Close [70/100] LR=0.0001250 loss=1.714 ACC=97.371 F1=97.360 Rec=97.371 Prec=97.382
Saving model at epoch 70 . . . . . . . .

Train Client0 [71/100] LR=0.0001250 loss=0.118 ACC=97.522 F1=77.957 Rec=77.968 Prec=77.946
Train Client1 [71/100] LR=0.0001250 loss=0.034 ACC=99.687 F1=97.902 Rec=98.075 Prec=97.736
Train Client2 [71/100] LR=0.0001250 loss=0.069 ACC=98.669 F1=96.712 Rec=96.227 Prec=97.230
Train Client3 [71/100] LR=0.0001250 loss=0.110 ACC=97.538 F1=97.046 Rec=97.227 Prec=96.874
Train Client4 [71/100] LR=0.0001250 loss=0.055 ACC=99.009 F1=95.274 Rec=98.175 Prec=92.848
Train Client5 [71/100] LR=0.0001250 loss=0.049 ACC=98.929 F1=91.695 Rec=99.229 Prec=88.437
Train Client6 [71/100] LR=0.0001250 loss=0.211 ACC=94.444 F1=90.634 Rec=94.726 Prec=87.284
Train Client7 [71/100] LR=0.0001250 loss=0.148 ACC=97.500 F1=97.160 Rec=97.258 Prec=97.088

Val    [71/100] LR=0.0001250 loss=1.713 ACC=97.086 F1=97.081 Rec=97.086 Prec=97.127

Test-  OSR [71/100] LR=0.0001250 ACC=60.786 F1=63.687 Rec=81.048 Prec=53.871 UNK=0.000 OS*=97.257 HOS=0.000 AUROC=76.508 AUPR=65.556 OSCR=75.703
Test-Close [71/100] LR=0.0001250 loss=1.715 ACC=97.257 F1=97.247 Rec=97.257 Prec=97.274
Train Client0 [72/100] LR=0.0001250 loss=0.103 ACC=97.791 F1=78.237 Rec=78.457 Prec=78.032
Train Client1 [72/100] LR=0.0001250 loss=0.022 ACC=99.582 F1=97.751 Rec=98.419 Prec=97.137
Train Client2 [72/100] LR=0.0001250 loss=0.069 ACC=98.717 F1=97.021 Rec=96.560 Prec=97.516
Train Client3 [72/100] LR=0.0001250 loss=0.101 ACC=97.917 F1=97.426 Rec=97.413 Prec=97.443
Train Client4 [72/100] LR=0.0001250 loss=0.042 ACC=98.857 F1=95.240 Rec=98.887 Prec=92.486
Train Client5 [72/100] LR=0.0001250 loss=0.035 ACC=99.196 F1=88.479 Rec=89.579 Prec=87.601
Train Client6 [72/100] LR=0.0001250 loss=0.292 ACC=94.444 F1=91.448 Rec=92.448 Prec=90.534
Train Client7 [72/100] LR=0.0001250 loss=0.171 ACC=97.197 F1=97.064 Rec=96.725 Prec=97.414

Val    [72/100] LR=0.0001250 loss=1.711 ACC=97.257 F1=97.251 Rec=97.257 Prec=97.266

Test-  OSR [72/100] LR=0.0001250 ACC=60.714 F1=63.755 Rec=80.952 Prec=54.087 UNK=0.000 OS*=97.143 HOS=0.000 AUROC=77.671 AUPR=67.746 OSCR=76.806
Test-Close [72/100] LR=0.0001250 loss=1.716 ACC=97.143 F1=97.131 Rec=97.143 Prec=97.153
Train Client0 [73/100] LR=0.0001250 loss=0.097 ACC=98.222 F1=98.163 Rec=98.467 Prec=97.877
Train Client1 [73/100] LR=0.0001250 loss=0.023 ACC=99.547 F1=97.864 Rec=97.757 Prec=97.973
Train Client2 [73/100] LR=0.0001250 loss=0.085 ACC=98.337 F1=95.799 Rec=95.239 Prec=96.409
Train Client3 [73/100] LR=0.0001250 loss=0.095 ACC=98.485 F1=98.152 Rec=98.062 Prec=98.244
Train Client4 [73/100] LR=0.0001250 loss=0.069 ACC=98.780 F1=94.061 Rec=98.065 Prec=90.969
Train Client5 [73/100] LR=0.0001250 loss=0.049 ACC=99.464 F1=95.676 Rec=99.602 Prec=93.085
Train Client6 [73/100] LR=0.0001250 loss=0.246 ACC=93.889 F1=89.383 Rec=91.409 Prec=87.713
Train Client7 [73/100] LR=0.0001250 loss=0.172 ACC=97.273 F1=97.513 Rec=97.192 Prec=97.845

Val    [73/100] LR=0.0001250 loss=1.716 ACC=97.314 F1=97.305 Rec=97.314 Prec=97.339

Test-  OSR [73/100] LR=0.0001250 ACC=60.679 F1=63.935 Rec=80.905 Prec=54.527 UNK=0.000 OS*=97.086 HOS=0.000 AUROC=76.362 AUPR=64.793 OSCR=75.624
Test-Close [73/100] LR=0.0001250 loss=1.720 ACC=97.086 F1=97.073 Rec=97.086 Prec=97.114
>> New learning Rate: 6.25e-05
Train Client0 [74/100] LR=0.0000625 loss=0.078 ACC=98.114 F1=78.513 Rec=78.780 Prec=78.266
Train Client1 [74/100] LR=0.0000625 loss=0.014 ACC=99.756 F1=98.736 Rec=99.754 Prec=97.816
Train Client2 [74/100] LR=0.0000625 loss=0.062 ACC=99.002 F1=96.901 Rec=96.501 Prec=97.335
Train Client3 [74/100] LR=0.0000625 loss=0.063 ACC=99.053 F1=98.948 Rec=98.948 Prec=98.948
Train Client4 [74/100] LR=0.0000625 loss=0.053 ACC=98.780 F1=94.508 Rec=98.323 Prec=91.615
Train Client5 [74/100] LR=0.0000625 loss=0.068 ACC=98.661 F1=89.919 Rec=99.035 Prec=86.746
Train Client6 [74/100] LR=0.0000625 loss=0.282 ACC=93.889 F1=92.021 Rec=96.098 Prec=89.269
Train Client7 [74/100] LR=0.0000625 loss=0.141 ACC=97.652 F1=97.891 Rec=97.598 Prec=98.208

Val    [74/100] LR=0.0000625 loss=1.714 ACC=97.029 F1=97.027 Rec=97.029 Prec=97.027

Test-  OSR [74/100] LR=0.0000625 ACC=60.750 F1=63.958 Rec=81.000 Prec=54.361 UNK=0.000 OS*=97.200 HOS=0.000 AUROC=75.406 AUPR=63.511 OSCR=74.697
Test-Close [74/100] LR=0.0000625 loss=1.717 ACC=97.200 F1=97.191 Rec=97.200 Prec=97.205
Train Client0 [75/100] LR=0.0000625 loss=0.091 ACC=98.222 F1=78.585 Rec=78.675 Prec=78.497
Train Client1 [75/100] LR=0.0000625 loss=0.014 ACC=99.756 F1=98.454 Rec=99.130 Prec=97.835
Train Client2 [75/100] LR=0.0000625 loss=0.062 ACC=98.717 F1=96.260 Rec=96.628 Prec=95.908
Train Client3 [75/100] LR=0.0000625 loss=0.063 ACC=99.242 F1=99.228 Rec=99.052 Prec=99.408
Train Client4 [75/100] LR=0.0000625 loss=0.054 ACC=98.857 F1=95.444 Rec=98.173 Prec=93.191
Train Client5 [75/100] LR=0.0000625 loss=0.030 ACC=99.286 F1=89.663 Rec=94.553 Prec=87.274
Train Client6 [75/100] LR=0.0000625 loss=0.318 ACC=92.500 F1=90.193 Rec=93.677 Prec=87.865
Train Client7 [75/100] LR=0.0000625 loss=0.140 ACC=97.879 F1=98.332 Rec=98.107 Prec=98.571

Val    [75/100] LR=0.0000625 loss=1.719 ACC=97.143 F1=97.129 Rec=97.143 Prec=97.163

Test-  OSR [75/100] LR=0.0000625 ACC=60.571 F1=63.977 Rec=80.762 Prec=54.782 UNK=0.000 OS*=96.914 HOS=0.000 AUROC=75.372 AUPR=63.676 OSCR=74.571
Test-Close [75/100] LR=0.0000625 loss=1.725 ACC=96.914 F1=96.900 Rec=96.914 Prec=96.936
Saving model at epoch 75 . . . . . . . .

Train Client0 [76/100] LR=0.0000625 loss=0.110 ACC=98.060 F1=78.414 Rec=78.714 Prec=78.137
Train Client1 [76/100] LR=0.0000625 loss=0.006 ACC=99.861 F1=98.844 Rec=99.249 Prec=98.465
Train Client2 [76/100] LR=0.0000625 loss=0.059 ACC=99.049 F1=97.267 Rec=96.481 Prec=98.162
Train Client3 [76/100] LR=0.0000625 loss=0.061 ACC=99.053 F1=98.857 Rec=98.939 Prec=98.778
Train Client4 [76/100] LR=0.0000625 loss=0.053 ACC=98.399 F1=94.622 Rec=98.298 Prec=91.531
Train Client5 [76/100] LR=0.0000625 loss=0.034 ACC=99.196 F1=95.432 Rec=99.473 Prec=92.726
Train Client6 [76/100] LR=0.0000625 loss=0.279 ACC=93.333 F1=90.577 Rec=93.367 Prec=88.413
Train Client7 [76/100] LR=0.0000625 loss=0.140 ACC=97.424 F1=97.419 Rec=97.681 Prec=97.171

Val    [76/100] LR=0.0000625 loss=1.715 ACC=97.257 F1=97.249 Rec=97.257 Prec=97.255

Test-  OSR [76/100] LR=0.0000625 ACC=60.607 F1=63.761 Rec=80.810 Prec=54.242 UNK=0.000 OS*=96.971 HOS=0.000 AUROC=77.034 AUPR=66.001 OSCR=76.217
Test-Close [76/100] LR=0.0000625 loss=1.721 ACC=96.971 F1=96.962 Rec=96.971 Prec=96.979
Train Client0 [77/100] LR=0.0000625 loss=0.108 ACC=98.006 F1=78.380 Rec=78.636 Prec=78.142
Train Client1 [77/100] LR=0.0000625 loss=0.010 ACC=99.756 F1=98.710 Rec=99.145 Prec=98.300
Train Client2 [77/100] LR=0.0000625 loss=0.056 ACC=98.954 F1=96.952 Rec=96.985 Prec=96.918
Train Client3 [77/100] LR=0.0000625 loss=0.073 ACC=98.485 F1=98.319 Rec=98.445 Prec=98.230
Train Client4 [77/100] LR=0.0000625 loss=0.041 ACC=99.085 F1=95.885 Rec=98.542 Prec=93.694
Train Client5 [77/100] LR=0.0000625 loss=0.041 ACC=98.839 F1=91.575 Rec=99.224 Prec=88.203
Train Client6 [77/100] LR=0.0000625 loss=0.284 ACC=93.333 F1=90.778 Rec=93.139 Prec=88.999
Train Client7 [77/100] LR=0.0000625 loss=0.143 ACC=97.576 F1=97.980 Rec=97.473 Prec=98.519

Val    [77/100] LR=0.0000625 loss=1.715 ACC=96.857 F1=96.840 Rec=96.857 Prec=96.896

Test-  OSR [77/100] LR=0.0000625 ACC=60.571 F1=63.823 Rec=80.762 Prec=54.535 UNK=0.000 OS*=96.914 HOS=0.000 AUROC=75.717 AUPR=63.562 OSCR=74.949
Test-Close [77/100] LR=0.0000625 loss=1.724 ACC=96.914 F1=96.894 Rec=96.914 Prec=96.952
Train Client0 [78/100] LR=0.0000625 loss=0.103 ACC=97.791 F1=78.244 Rec=78.366 Prec=78.129
Train Client1 [78/100] LR=0.0000625 loss=0.017 ACC=99.826 F1=98.616 Rec=99.274 Prec=98.014
Train Client2 [78/100] LR=0.0000625 loss=0.053 ACC=98.954 F1=97.454 Rec=97.269 Prec=97.648
Train Client3 [78/100] LR=0.0000625 loss=0.095 ACC=97.727 F1=97.146 Rec=97.146 Prec=97.146
Train Client4 [78/100] LR=0.0000625 loss=0.049 ACC=99.009 F1=95.169 Rec=99.277 Prec=91.988
Train Client5 [78/100] LR=0.0000625 loss=0.028 ACC=99.464 F1=94.246 Rec=99.602 Prec=91.228
Train Client6 [78/100] LR=0.0000625 loss=0.280 ACC=92.778 F1=90.238 Rec=93.524 Prec=87.811
Train Client7 [78/100] LR=0.0000625 loss=0.134 ACC=97.273 F1=97.819 Rec=97.540 Prec=98.106

Val    [78/100] LR=0.0000625 loss=1.712 ACC=97.086 F1=97.079 Rec=97.086 Prec=97.085

Test-  OSR [78/100] LR=0.0000625 ACC=60.607 F1=63.787 Rec=80.810 Prec=54.326 UNK=0.000 OS*=96.971 HOS=0.000 AUROC=75.905 AUPR=64.367 OSCR=75.127
Test-Close [78/100] LR=0.0000625 loss=1.721 ACC=96.971 F1=96.954 Rec=96.971 Prec=96.996
Train Client0 [79/100] LR=0.0000625 loss=0.073 ACC=98.491 F1=98.425 Rec=98.537 Prec=98.315
Train Client1 [79/100] LR=0.0000625 loss=0.013 ACC=99.756 F1=98.680 Rec=99.144 Prec=98.241
Train Client2 [79/100] LR=0.0000625 loss=0.059 ACC=99.049 F1=97.715 Rec=96.980 Prec=98.529
Train Client3 [79/100] LR=0.0000625 loss=0.085 ACC=98.864 F1=98.777 Rec=98.843 Prec=98.719
Train Client4 [79/100] LR=0.0000625 loss=0.055 ACC=99.162 F1=95.347 Rec=99.193 Prec=92.395
Train Client5 [79/100] LR=0.0000625 loss=0.042 ACC=99.018 F1=88.730 Rec=94.353 Prec=86.314
Train Client6 [79/100] LR=0.0000625 loss=0.316 ACC=94.167 F1=90.694 Rec=96.176 Prec=86.564
Train Client7 [79/100] LR=0.0000625 loss=0.162 ACC=97.197 F1=97.074 Rec=96.928 Prec=97.249

Val    [79/100] LR=0.0000625 loss=1.713 ACC=97.143 F1=97.139 Rec=97.143 Prec=97.146

Test-  OSR [79/100] LR=0.0000625 ACC=60.821 F1=63.974 Rec=81.095 Prec=54.346 UNK=0.000 OS*=97.314 HOS=0.000 AUROC=76.795 AUPR=64.502 OSCR=76.058
Test-Close [79/100] LR=0.0000625 loss=1.719 ACC=97.314 F1=97.302 Rec=97.314 Prec=97.320
Train Client0 [80/100] LR=0.0000625 loss=0.088 ACC=98.222 F1=78.594 Rec=78.773 Prec=78.425
Train Client1 [80/100] LR=0.0000625 loss=0.011 ACC=99.756 F1=98.075 Rec=98.713 Prec=97.491
Train Client2 [80/100] LR=0.0000625 loss=0.051 ACC=99.002 F1=97.161 Rec=96.621 Prec=97.756
Train Client3 [80/100] LR=0.0000625 loss=0.056 ACC=98.864 F1=98.584 Rec=98.650 Prec=98.527
Train Client4 [80/100] LR=0.0000625 loss=0.067 ACC=98.552 F1=92.822 Rec=99.143 Prec=88.486
Train Client5 [80/100] LR=0.0000625 loss=0.028 ACC=99.018 F1=89.536 Rec=99.278 Prec=86.464
Train Client6 [80/100] LR=0.0000625 loss=0.320 ACC=93.056 F1=89.964 Rec=91.546 Prec=88.638
Train Client7 [80/100] LR=0.0000625 loss=0.148 ACC=97.652 F1=98.200 Rec=98.043 Prec=98.364

Val    [80/100] LR=0.0000625 loss=1.712 ACC=97.086 F1=97.078 Rec=97.086 Prec=97.088

Test-  OSR [80/100] LR=0.0000625 ACC=60.714 F1=63.883 Rec=80.952 Prec=54.409 UNK=0.000 OS*=97.143 HOS=0.000 AUROC=75.196 AUPR=63.229 OSCR=74.450
Test-Close [80/100] LR=0.0000625 loss=1.719 ACC=97.143 F1=97.127 Rec=97.143 Prec=97.160
Saving model at epoch 80 . . . . . . . .

Train Client0 [81/100] LR=0.0000625 loss=0.094 ACC=98.276 F1=78.619 Rec=78.843 Prec=78.411
Train Client1 [81/100] LR=0.0000625 loss=0.021 ACC=99.826 F1=99.020 Rec=99.238 Prec=98.810
Train Client2 [81/100] LR=0.0000625 loss=0.061 ACC=98.954 F1=97.504 Rec=97.588 Prec=97.421
Train Client3 [81/100] LR=0.0000625 loss=0.098 ACC=98.106 F1=96.466 Rec=97.870 Prec=95.283
Train Client4 [81/100] LR=0.0000625 loss=0.061 ACC=98.476 F1=92.894 Rec=98.061 Prec=89.158
Train Client5 [81/100] LR=0.0000625 loss=0.027 ACC=99.196 F1=91.899 Rec=99.458 Prec=88.614
Train Client6 [81/100] LR=0.0000625 loss=0.392 ACC=92.778 F1=88.182 Rec=92.552 Prec=84.777
Train Client7 [81/100] LR=0.0000625 loss=0.119 ACC=98.258 F1=98.572 Rec=98.411 Prec=98.740

Val    [81/100] LR=0.0000625 loss=1.712 ACC=97.086 F1=97.074 Rec=97.086 Prec=97.089

Test-  OSR [81/100] LR=0.0000625 ACC=60.714 F1=63.922 Rec=80.952 Prec=54.462 UNK=0.000 OS*=97.143 HOS=0.000 AUROC=73.205 AUPR=60.283 OSCR=72.534
Test-Close [81/100] LR=0.0000625 loss=1.719 ACC=97.143 F1=97.131 Rec=97.143 Prec=97.148
Train Client0 [82/100] LR=0.0000625 loss=0.088 ACC=98.545 F1=78.831 Rec=79.092 Prec=78.587
Train Client1 [82/100] LR=0.0000625 loss=0.009 ACC=99.861 F1=99.293 Rec=99.741 Prec=98.870
Train Client2 [82/100] LR=0.0000625 loss=0.062 ACC=98.954 F1=97.019 Rec=96.736 Prec=97.322
Train Client3 [82/100] LR=0.0000625 loss=0.074 ACC=98.864 F1=98.759 Rec=98.653 Prec=98.875
Train Client4 [82/100] LR=0.0000625 loss=0.058 ACC=99.085 F1=93.867 Rec=99.213 Prec=90.377
Train Client5 [82/100] LR=0.0000625 loss=0.018 ACC=99.375 F1=91.691 Rec=94.655 Prec=89.726
Train Client6 [82/100] LR=0.0000625 loss=0.345 ACC=93.611 F1=91.054 Rec=94.592 Prec=88.644
Train Client7 [82/100] LR=0.0000625 loss=0.127 ACC=97.879 F1=97.692 Rec=97.800 Prec=97.609

Val    [82/100] LR=0.0000625 loss=1.713 ACC=97.143 F1=97.134 Rec=97.143 Prec=97.135

Test-  OSR [82/100] LR=0.0000625 ACC=60.750 F1=63.994 Rec=81.000 Prec=54.526 UNK=0.000 OS*=97.200 HOS=0.000 AUROC=73.811 AUPR=60.849 OSCR=73.093
Test-Close [82/100] LR=0.0000625 loss=1.723 ACC=97.200 F1=97.191 Rec=97.200 Prec=97.202
Train Client0 [83/100] LR=0.0000625 loss=0.090 ACC=97.953 F1=78.369 Rec=78.426 Prec=78.314
Train Client1 [83/100] LR=0.0000625 loss=0.009 ACC=99.896 F1=99.593 Rec=99.894 Prec=99.300
Train Client2 [83/100] LR=0.0000625 loss=0.060 ACC=99.097 F1=97.771 Rec=97.598 Prec=97.953
Train Client3 [83/100] LR=0.0000625 loss=0.065 ACC=98.674 F1=98.582 Rec=98.569 Prec=98.600
Train Client4 [83/100] LR=0.0000625 loss=0.056 ACC=98.552 F1=94.192 Rec=99.100 Prec=90.340
Train Client5 [83/100] LR=0.0000625 loss=0.033 ACC=99.375 F1=91.181 Rec=99.582 Prec=87.925
Train Client6 [83/100] LR=0.0000625 loss=0.264 ACC=94.444 F1=91.507 Rec=92.957 Prec=90.314
Train Client7 [83/100] LR=0.0000625 loss=0.146 ACC=97.348 F1=97.339 Rec=96.983 Prec=97.709

Val    [83/100] LR=0.0000625 loss=1.716 ACC=96.971 F1=96.968 Rec=96.971 Prec=96.976

Test-  OSR [83/100] LR=0.0000625 ACC=60.786 F1=64.065 Rec=81.048 Prec=54.572 UNK=0.000 OS*=97.257 HOS=0.000 AUROC=75.446 AUPR=62.943 OSCR=74.733
Test-Close [83/100] LR=0.0000625 loss=1.719 ACC=97.257 F1=97.246 Rec=97.257 Prec=97.274
Train Client0 [84/100] LR=0.0000625 loss=0.093 ACC=98.114 F1=78.510 Rec=78.778 Prec=78.262
Train Client1 [84/100] LR=0.0000625 loss=0.010 ACC=99.826 F1=99.290 Rec=99.788 Prec=98.818
Train Client2 [84/100] LR=0.0000625 loss=0.057 ACC=98.859 F1=96.962 Rec=97.274 Prec=96.658
Train Client3 [84/100] LR=0.0000625 loss=0.063 ACC=98.864 F1=98.652 Rec=98.451 Prec=98.877
Train Client4 [84/100] LR=0.0000625 loss=0.052 ACC=99.009 F1=94.371 Rec=98.175 Prec=91.459
Train Client5 [84/100] LR=0.0000625 loss=0.023 ACC=99.286 F1=91.105 Rec=99.505 Prec=87.848
Train Client6 [84/100] LR=0.0000625 loss=0.234 ACC=95.000 F1=93.005 Rec=95.637 Prec=91.018
Train Client7 [84/100] LR=0.0000625 loss=0.127 ACC=97.727 F1=97.601 Rec=97.421 Prec=97.790

Val    [84/100] LR=0.0000625 loss=1.714 ACC=96.914 F1=96.918 Rec=96.914 Prec=96.923

Test-  OSR [84/100] LR=0.0000625 ACC=60.750 F1=64.107 Rec=81.000 Prec=54.609 UNK=0.000 OS*=97.200 HOS=0.000 AUROC=73.237 AUPR=59.186 OSCR=72.601
Test-Close [84/100] LR=0.0000625 loss=1.718 ACC=97.200 F1=97.192 Rec=97.200 Prec=97.203
Train Client0 [85/100] LR=0.0000625 loss=0.083 ACC=98.491 F1=78.765 Rec=78.882 Prec=78.654
Train Client1 [85/100] LR=0.0000625 loss=0.030 ACC=99.721 F1=98.617 Rec=98.558 Prec=98.677
Train Client2 [85/100] LR=0.0000625 loss=0.054 ACC=98.859 F1=97.211 Rec=97.041 Prec=97.390
Train Client3 [85/100] LR=0.0000625 loss=0.092 ACC=97.917 F1=97.605 Rec=97.593 Prec=97.620
Train Client4 [85/100] LR=0.0000625 loss=0.075 ACC=98.552 F1=92.481 Rec=99.143 Prec=88.276
Train Client5 [85/100] LR=0.0000625 loss=0.026 ACC=99.375 F1=90.610 Rec=94.602 Prec=88.371
Train Client6 [85/100] LR=0.0000625 loss=0.311 ACC=92.500 F1=86.586 Rec=91.936 Prec=82.545
Train Client7 [85/100] LR=0.0000625 loss=0.113 ACC=98.561 F1=98.644 Rec=98.697 Prec=98.598

Val    [85/100] LR=0.0000625 loss=1.713 ACC=96.971 F1=96.959 Rec=96.971 Prec=96.993

Test-  OSR [85/100] LR=0.0000625 ACC=60.571 F1=63.880 Rec=80.762 Prec=54.650 UNK=0.000 OS*=96.914 HOS=0.000 AUROC=75.208 AUPR=62.865 OSCR=74.435
Test-Close [85/100] LR=0.0000625 loss=1.723 ACC=96.914 F1=96.894 Rec=96.914 Prec=96.952
Saving model at epoch 85 . . . . . . . .

Train Client0 [86/100] LR=0.0000625 loss=0.076 ACC=98.384 F1=78.689 Rec=78.836 Prec=78.549
Train Client1 [86/100] LR=0.0000625 loss=0.021 ACC=99.721 F1=98.847 Rec=99.564 Prec=98.188
Train Client2 [86/100] LR=0.0000625 loss=0.050 ACC=98.907 F1=97.078 Rec=97.006 Prec=97.152
Train Client3 [86/100] LR=0.0000625 loss=0.088 ACC=98.485 F1=98.369 Rec=98.291 Prec=98.449
Train Client4 [86/100] LR=0.0000625 loss=0.052 ACC=98.933 F1=94.656 Rec=99.255 Prec=91.054
Train Client5 [86/100] LR=0.0000625 loss=0.020 ACC=99.107 F1=88.793 Rec=94.403 Prec=86.390
Train Client6 [86/100] LR=0.0000625 loss=0.246 ACC=94.722 F1=90.910 Rec=94.268 Prec=88.069
Train Client7 [86/100] LR=0.0000625 loss=0.128 ACC=97.727 F1=97.547 Rec=97.299 Prec=97.812

Val    [86/100] LR=0.0000625 loss=1.712 ACC=97.086 F1=97.078 Rec=97.086 Prec=97.094

Test-  OSR [86/100] LR=0.0000625 ACC=60.643 F1=64.160 Rec=80.857 Prec=54.997 UNK=0.000 OS*=97.029 HOS=0.000 AUROC=74.142 AUPR=61.554 OSCR=73.418
Test-Close [86/100] LR=0.0000625 loss=1.722 ACC=97.029 F1=97.014 Rec=97.029 Prec=97.049
Train Client0 [87/100] LR=0.0000625 loss=0.086 ACC=98.491 F1=78.817 Rec=78.975 Prec=78.666
Train Client1 [87/100] LR=0.0000625 loss=0.014 ACC=99.687 F1=98.551 Rec=99.015 Prec=98.111
Train Client2 [87/100] LR=0.0000625 loss=0.046 ACC=99.144 F1=97.740 Rec=97.646 Prec=97.835
Train Client3 [87/100] LR=0.0000625 loss=0.073 ACC=98.106 F1=97.994 Rec=98.221 Prec=97.800
Train Client4 [87/100] LR=0.0000625 loss=0.043 ACC=98.857 F1=93.261 Rec=99.319 Prec=89.604
Train Client5 [87/100] LR=0.0000625 loss=0.026 ACC=99.375 F1=93.010 Rec=99.580 Prec=89.774
Train Client6 [87/100] LR=0.0000625 loss=0.343 ACC=92.778 F1=90.162 Rec=92.992 Prec=88.007
Train Client7 [87/100] LR=0.0000625 loss=0.119 ACC=97.652 F1=98.064 Rec=98.144 Prec=97.990

Val    [87/100] LR=0.0000625 loss=1.710 ACC=97.314 F1=97.306 Rec=97.314 Prec=97.311

Test-  OSR [87/100] LR=0.0000625 ACC=60.643 F1=63.929 Rec=80.857 Prec=54.596 UNK=0.000 OS*=97.029 HOS=0.000 AUROC=76.305 AUPR=64.242 OSCR=75.530
Test-Close [87/100] LR=0.0000625 loss=1.721 ACC=97.029 F1=97.014 Rec=97.029 Prec=97.045
Train Client0 [88/100] LR=0.0000625 loss=0.089 ACC=97.899 F1=78.367 Rec=78.558 Prec=78.192
Train Client1 [88/100] LR=0.0000625 loss=0.009 ACC=99.791 F1=98.519 Rec=98.747 Prec=98.297
Train Client2 [88/100] LR=0.0000625 loss=0.052 ACC=98.907 F1=97.261 Rec=96.937 Prec=97.605
Train Client3 [88/100] LR=0.0000625 loss=0.078 ACC=98.485 F1=96.494 Rec=97.901 Prec=95.310
Train Client4 [88/100] LR=0.0000625 loss=0.057 ACC=98.933 F1=93.224 Rec=98.239 Prec=90.052
Train Client5 [88/100] LR=0.0000625 loss=0.049 ACC=99.196 F1=92.823 Rec=99.446 Prec=89.535
Train Client6 [88/100] LR=0.0000625 loss=0.216 ACC=93.889 F1=91.271 Rec=93.979 Prec=89.392
Train Client7 [88/100] LR=0.0000625 loss=0.126 ACC=97.727 F1=97.903 Rec=97.968 Prec=97.869

Val    [88/100] LR=0.0000625 loss=1.715 ACC=97.086 F1=97.071 Rec=97.086 Prec=97.115

Test-  OSR [88/100] LR=0.0000625 ACC=60.607 F1=63.866 Rec=80.810 Prec=54.565 UNK=0.000 OS*=96.971 HOS=0.000 AUROC=74.690 AUPR=61.916 OSCR=73.947
Test-Close [88/100] LR=0.0000625 loss=1.725 ACC=96.971 F1=96.954 Rec=96.971 Prec=97.000
Train Client0 [89/100] LR=0.0000625 loss=0.091 ACC=98.276 F1=78.670 Rec=78.795 Prec=78.552
Train Client1 [89/100] LR=0.0000625 loss=0.006 ACC=99.861 F1=98.900 Rec=99.800 Prec=98.095
Train Client2 [89/100] LR=0.0000625 loss=0.049 ACC=98.954 F1=96.972 Rec=96.203 Prec=97.848
Train Client3 [89/100] LR=0.0000625 loss=0.081 ACC=98.485 F1=96.720 Rec=98.263 Prec=95.421
Train Client4 [89/100] LR=0.0000625 loss=0.046 ACC=98.933 F1=95.340 Rec=98.368 Prec=92.797
Train Client5 [89/100] LR=0.0000625 loss=0.039 ACC=99.018 F1=90.853 Rec=99.265 Prec=87.591
Train Client6 [89/100] LR=0.0000625 loss=0.223 ACC=94.444 F1=92.197 Rec=94.726 Prec=90.208
Train Client7 [89/100] LR=0.0000625 loss=0.146 ACC=97.500 F1=97.300 Rec=97.350 Prec=97.257

Val    [89/100] LR=0.0000625 loss=1.712 ACC=97.200 F1=97.189 Rec=97.200 Prec=97.204

Test-  OSR [89/100] LR=0.0000625 ACC=60.714 F1=63.836 Rec=80.952 Prec=54.325 UNK=0.000 OS*=97.143 HOS=0.000 AUROC=75.300 AUPR=63.531 OSCR=74.518
Test-Close [89/100] LR=0.0000625 loss=1.721 ACC=97.143 F1=97.129 Rec=97.143 Prec=97.158
Train Client0 [90/100] LR=0.0000625 loss=0.090 ACC=97.791 F1=78.278 Rec=78.325 Prec=78.234
Train Client1 [90/100] LR=0.0000625 loss=0.007 ACC=99.791 F1=98.740 Rec=99.612 Prec=97.965
Train Client2 [90/100] LR=0.0000625 loss=0.059 ACC=98.907 F1=97.424 Rec=96.971 Prec=97.911
Train Client3 [90/100] LR=0.0000625 loss=0.074 ACC=98.674 F1=98.371 Rec=98.203 Prec=98.545
Train Client4 [90/100] LR=0.0000625 loss=0.053 ACC=99.238 F1=96.426 Rec=99.474 Prec=93.863
Train Client5 [90/100] LR=0.0000625 loss=0.023 ACC=99.643 F1=95.800 Rec=99.752 Prec=93.182
Train Client6 [90/100] LR=0.0000625 loss=0.251 ACC=95.000 F1=92.723 Rec=93.777 Prec=91.938
Train Client7 [90/100] LR=0.0000625 loss=0.129 ACC=97.879 F1=97.887 Rec=97.897 Prec=97.886

Val    [90/100] LR=0.0000625 loss=1.715 ACC=97.143 F1=97.130 Rec=97.143 Prec=97.148

Test-  OSR [90/100] LR=0.0000625 ACC=60.500 F1=63.862 Rec=80.667 Prec=54.702 UNK=0.000 OS*=96.800 HOS=0.000 AUROC=74.698 AUPR=61.853 OSCR=73.938
Test-Close [90/100] LR=0.0000625 loss=1.728 ACC=96.800 F1=96.790 Rec=96.800 Prec=96.822
Saving model at epoch 90 . . . . . . . .

Train Client0 [91/100] LR=0.0000625 loss=0.081 ACC=98.491 F1=98.433 Rec=98.601 Prec=98.270
Train Client1 [91/100] LR=0.0000625 loss=0.013 ACC=99.791 F1=98.993 Rec=99.671 Prec=98.371
Train Client2 [91/100] LR=0.0000625 loss=0.051 ACC=99.049 F1=97.584 Rec=96.765 Prec=98.513
Train Client3 [91/100] LR=0.0000625 loss=0.052 ACC=99.432 F1=99.331 Rec=99.331 Prec=99.331
Train Client4 [91/100] LR=0.0000625 loss=0.046 ACC=98.857 F1=93.962 Rec=95.068 Prec=93.014
Train Client5 [91/100] LR=0.0000625 loss=0.027 ACC=99.286 F1=89.676 Rec=94.553 Prec=87.299
Train Client6 [91/100] LR=0.0000625 loss=0.309 ACC=92.778 F1=88.277 Rec=91.705 Prec=85.423
Train Client7 [91/100] LR=0.0000625 loss=0.130 ACC=97.576 F1=97.812 Rec=97.320 Prec=98.326

Val    [91/100] LR=0.0000625 loss=1.712 ACC=97.143 F1=97.135 Rec=97.143 Prec=97.142

Test-  OSR [91/100] LR=0.0000625 ACC=60.679 F1=64.080 Rec=80.905 Prec=54.848 UNK=0.000 OS*=97.086 HOS=0.000 AUROC=74.241 AUPR=61.246 OSCR=73.521
Test-Close [91/100] LR=0.0000625 loss=1.723 ACC=97.086 F1=97.069 Rec=97.086 Prec=97.107
Train Client0 [92/100] LR=0.0000625 loss=0.087 ACC=98.006 F1=78.380 Rec=78.546 Prec=78.223
Train Client1 [92/100] LR=0.0000625 loss=0.005 ACC=99.861 F1=99.082 Rec=98.877 Prec=99.295
Train Client2 [92/100] LR=0.0000625 loss=0.059 ACC=98.859 F1=97.195 Rec=96.791 Prec=97.634
Train Client3 [92/100] LR=0.0000625 loss=0.058 ACC=98.485 F1=98.197 Rec=98.256 Prec=98.147
Train Client4 [92/100] LR=0.0000625 loss=0.056 ACC=99.085 F1=93.207 Rec=99.213 Prec=89.563
Train Client5 [92/100] LR=0.0000625 loss=0.020 ACC=99.643 F1=95.801 Rec=99.753 Prec=93.183
Train Client6 [92/100] LR=0.0000625 loss=0.228 ACC=93.889 F1=91.035 Rec=92.755 Prec=89.598
Train Client7 [92/100] LR=0.0000625 loss=0.119 ACC=98.106 F1=97.805 Rec=97.532 Prec=98.097

Val    [92/100] LR=0.0000625 loss=1.713 ACC=97.200 F1=97.205 Rec=97.200 Prec=97.213

Test-  OSR [92/100] LR=0.0000625 ACC=60.857 F1=63.929 Rec=81.143 Prec=54.112 UNK=0.000 OS*=97.371 HOS=0.000 AUROC=77.953 AUPR=67.327 OSCR=77.108
Test-Close [92/100] LR=0.0000625 loss=1.718 ACC=97.371 F1=97.363 Rec=97.371 Prec=97.375
Train Client0 [93/100] LR=0.0000625 loss=0.097 ACC=98.060 F1=97.980 Rec=98.202 Prec=97.765
Train Client1 [93/100] LR=0.0000625 loss=0.009 ACC=99.791 F1=99.179 Rec=99.120 Prec=99.238
Train Client2 [93/100] LR=0.0000625 loss=0.052 ACC=99.144 F1=98.076 Rec=98.076 Prec=98.076
Train Client3 [93/100] LR=0.0000625 loss=0.053 ACC=98.864 F1=98.672 Rec=98.823 Prec=98.560
Train Client4 [93/100] LR=0.0000625 loss=0.049 ACC=99.162 F1=95.035 Rec=99.193 Prec=91.817
Train Client5 [93/100] LR=0.0000625 loss=0.028 ACC=99.196 F1=91.031 Rec=99.432 Prec=87.774
Train Client6 [93/100] LR=0.0000625 loss=0.306 ACC=93.889 F1=91.369 Rec=94.579 Prec=88.933
Train Client7 [93/100] LR=0.0000625 loss=0.126 ACC=98.030 F1=98.256 Rec=97.907 Prec=98.618

Val    [93/100] LR=0.0000625 loss=1.716 ACC=97.257 F1=97.248 Rec=97.257 Prec=97.259

Test-  OSR [93/100] LR=0.0000625 ACC=60.786 F1=63.917 Rec=81.048 Prec=54.375 UNK=0.000 OS*=97.257 HOS=0.000 AUROC=78.986 AUPR=68.499 OSCR=78.133
Test-Close [93/100] LR=0.0000625 loss=1.723 ACC=97.257 F1=97.242 Rec=97.257 Prec=97.275
Train Client0 [94/100] LR=0.0000625 loss=0.090 ACC=98.330 F1=98.255 Rec=98.338 Prec=98.172
Train Client1 [94/100] LR=0.0000625 loss=0.015 ACC=99.721 F1=98.419 Rec=98.677 Prec=98.168
Train Client2 [94/100] LR=0.0000625 loss=0.039 ACC=99.049 F1=97.500 Rec=97.069 Prec=97.952
Train Client3 [94/100] LR=0.0000625 loss=0.044 ACC=99.242 F1=99.041 Rec=99.031 Prec=99.055
Train Client4 [94/100] LR=0.0000625 loss=0.041 ACC=99.238 F1=95.167 Rec=99.388 Prec=91.893
Train Client5 [94/100] LR=0.0000625 loss=0.018 ACC=99.375 F1=92.034 Rec=99.579 Prec=88.764
Train Client6 [94/100] LR=0.0000625 loss=0.276 ACC=93.333 F1=89.644 Rec=94.436 Prec=86.246
Train Client7 [94/100] LR=0.0000625 loss=0.111 ACC=97.955 F1=97.574 Rec=97.880 Prec=97.304

Val    [94/100] LR=0.0000625 loss=1.715 ACC=97.029 F1=97.017 Rec=97.029 Prec=97.046

Test-  OSR [94/100] LR=0.0000625 ACC=60.714 F1=63.819 Rec=80.952 Prec=54.315 UNK=0.000 OS*=97.143 HOS=0.000 AUROC=77.956 AUPR=67.898 OSCR=77.075
Test-Close [94/100] LR=0.0000625 loss=1.724 ACC=97.143 F1=97.126 Rec=97.143 Prec=97.168
Train Client0 [95/100] LR=0.0000625 loss=0.078 ACC=98.707 F1=98.660 Rec=98.885 Prec=98.442
Train Client1 [95/100] LR=0.0000625 loss=0.008 ACC=99.861 F1=99.309 Rec=99.309 Prec=99.309
Train Client2 [95/100] LR=0.0000625 loss=0.049 ACC=99.240 F1=97.986 Rec=97.391 Prec=98.637
Train Client3 [95/100] LR=0.0000625 loss=0.069 ACC=98.106 F1=97.809 Rec=98.055 Prec=97.575
Train Client4 [95/100] LR=0.0000625 loss=0.047 ACC=99.238 F1=95.960 Rec=99.172 Prec=93.271
Train Client5 [95/100] LR=0.0000625 loss=0.043 ACC=98.750 F1=89.291 Rec=94.132 Prec=86.953
Train Client6 [95/100] LR=0.0000625 loss=0.299 ACC=94.167 F1=91.591 Rec=93.346 Prec=90.121
Train Client7 [95/100] LR=0.0000625 loss=0.115 ACC=97.727 F1=97.442 Rec=97.470 Prec=97.423

Val    [95/100] LR=0.0000625 loss=1.714 ACC=97.543 F1=97.536 Rec=97.543 Prec=97.550

Test-  OSR [95/100] LR=0.0000625 ACC=60.714 F1=64.090 Rec=80.952 Prec=54.786 UNK=0.000 OS*=97.143 HOS=0.000 AUROC=77.182 AUPR=65.395 OSCR=76.400
Test-Close [95/100] LR=0.0000625 loss=1.723 ACC=97.143 F1=97.128 Rec=97.143 Prec=97.163
Saving model at epoch 95 . . . . . . . .

Train Client0 [96/100] LR=0.0000625 loss=0.089 ACC=98.276 F1=78.609 Rec=78.744 Prec=78.480
Train Client1 [96/100] LR=0.0000625 loss=0.010 ACC=99.861 F1=99.355 Rec=99.783 Prec=98.953
Train Client2 [96/100] LR=0.0000625 loss=0.055 ACC=99.049 F1=97.797 Rec=97.797 Prec=97.797
Train Client3 [96/100] LR=0.0000625 loss=0.079 ACC=98.864 F1=97.159 Rec=98.638 Prec=95.905
Train Client4 [96/100] LR=0.0000625 loss=0.045 ACC=99.009 F1=95.825 Rec=98.002 Prec=93.853
Train Client5 [96/100] LR=0.0000625 loss=0.030 ACC=99.375 F1=94.199 Rec=99.582 Prec=91.155
Train Client6 [96/100] LR=0.0000625 loss=0.328 ACC=93.333 F1=90.560 Rec=93.130 Prec=88.686
Train Client7 [96/100] LR=0.0000625 loss=0.108 ACC=98.258 F1=98.923 Rec=98.718 Prec=99.139

Val    [96/100] LR=0.0000625 loss=1.712 ACC=97.429 F1=97.427 Rec=97.429 Prec=97.432

Test-  OSR [96/100] LR=0.0000625 ACC=60.821 F1=63.904 Rec=81.095 Prec=54.206 UNK=0.000 OS*=97.314 HOS=0.000 AUROC=77.273 AUPR=66.083 OSCR=76.486
Test-Close [96/100] LR=0.0000625 loss=1.720 ACC=97.314 F1=97.302 Rec=97.314 Prec=97.323
Train Client0 [97/100] LR=0.0000625 loss=0.092 ACC=98.545 F1=78.830 Rec=79.045 Prec=78.626
Train Client1 [97/100] LR=0.0000625 loss=0.011 ACC=99.791 F1=98.974 Rec=99.239 Prec=98.716
Train Client2 [97/100] LR=0.0000625 loss=0.037 ACC=99.144 F1=97.790 Rec=97.362 Prec=98.254
Train Client3 [97/100] LR=0.0000625 loss=0.087 ACC=98.295 F1=98.079 Rec=97.955 Prec=98.230
Train Client4 [97/100] LR=0.0000625 loss=0.028 ACC=99.162 F1=96.303 Rec=99.452 Prec=93.651
Train Client5 [97/100] LR=0.0000625 loss=0.016 ACC=99.464 F1=92.070 Rec=99.603 Prec=88.813
Train Client6 [97/100] LR=0.0000625 loss=0.246 ACC=95.000 F1=92.775 Rec=94.345 Prec=91.476
Train Client7 [97/100] LR=0.0000625 loss=0.120 ACC=97.197 F1=97.072 Rec=96.821 Prec=97.327

Val    [97/100] LR=0.0000625 loss=1.713 ACC=97.200 F1=97.194 Rec=97.200 Prec=97.207

Test-  OSR [97/100] LR=0.0000625 ACC=60.786 F1=64.319 Rec=81.048 Prec=55.118 UNK=0.000 OS*=97.257 HOS=0.000 AUROC=75.918 AUPR=63.320 OSCR=75.232
Test-Close [97/100] LR=0.0000625 loss=1.718 ACC=97.257 F1=97.243 Rec=97.257 Prec=97.278
Train Client0 [98/100] LR=0.0000625 loss=0.095 ACC=98.168 F1=98.101 Rec=98.379 Prec=97.836
Train Client1 [98/100] LR=0.0000625 loss=0.011 ACC=99.791 F1=99.179 Rec=99.120 Prec=99.239
Train Client2 [98/100] LR=0.0000625 loss=0.035 ACC=99.477 F1=98.601 Rec=98.635 Prec=98.567
Train Client3 [98/100] LR=0.0000625 loss=0.067 ACC=98.106 F1=97.822 Rec=98.052 Prec=97.609
Train Client4 [98/100] LR=0.0000625 loss=0.047 ACC=98.933 F1=94.248 Rec=98.152 Prec=91.245
Train Client5 [98/100] LR=0.0000625 loss=0.018 ACC=99.732 F1=95.863 Rec=99.802 Prec=93.258
Train Client6 [98/100] LR=0.0000625 loss=0.269 ACC=94.444 F1=90.389 Rec=93.438 Prec=87.821
Train Client7 [98/100] LR=0.0000625 loss=0.125 ACC=97.803 F1=97.780 Rec=97.743 Prec=97.829

Val    [98/100] LR=0.0000625 loss=1.717 ACC=97.086 F1=97.082 Rec=97.086 Prec=97.081

Test-  OSR [98/100] LR=0.0000625 ACC=60.714 F1=64.133 Rec=80.952 Prec=54.747 UNK=0.000 OS*=97.143 HOS=0.000 AUROC=75.328 AUPR=62.216 OSCR=74.627
Test-Close [98/100] LR=0.0000625 loss=1.720 ACC=97.143 F1=97.134 Rec=97.143 Prec=97.144
Train Client0 [99/100] LR=0.0000625 loss=0.080 ACC=98.384 F1=78.729 Rec=78.787 Prec=78.673
Train Client1 [99/100] LR=0.0000625 loss=0.009 ACC=99.861 F1=99.309 Rec=99.309 Prec=99.309
Train Client2 [99/100] LR=0.0000625 loss=0.042 ACC=99.240 F1=98.012 Rec=97.641 Prec=98.403
Train Client3 [99/100] LR=0.0000625 loss=0.061 ACC=98.485 F1=96.765 Rec=97.889 Prec=95.885
Train Client4 [99/100] LR=0.0000625 loss=0.047 ACC=99.085 F1=94.872 Rec=98.327 Prec=92.291
Train Client5 [99/100] LR=0.0000625 loss=0.035 ACC=99.196 F1=90.305 Rec=99.405 Prec=87.148
Train Client6 [99/100] LR=0.0000625 loss=0.260 ACC=94.167 F1=92.035 Rec=94.865 Prec=89.973
Train Client7 [99/100] LR=0.0000625 loss=0.135 ACC=98.030 F1=98.439 Rec=98.348 Prec=98.532

Val    [99/100] LR=0.0000625 loss=1.715 ACC=96.971 F1=96.973 Rec=96.971 Prec=96.976

Test-  OSR [99/100] LR=0.0000625 ACC=60.857 F1=64.016 Rec=81.143 Prec=54.328 UNK=0.000 OS*=97.371 HOS=0.000 AUROC=77.314 AUPR=65.560 OSCR=76.560
Test-Close [99/100] LR=0.0000625 loss=1.716 ACC=97.371 F1=97.363 Rec=97.371 Prec=97.371
------>Best performance (by OSCR)--->>>>>>>

Test-  OSR [16/100] ACC=59.750 F1=62.258 Rec=79.667 Prec=52.822 UNK=0.000 OS*=95.600 HOS=0.000 AUROC=86.582 AUPR=80.233 OSCR=84.334
=====================================================================================================================================
The ending time ：2026-06-03 00:48:27
