Logging to: ./logs/RetinalOCT_Pretrain_K5_U3_seed0_20260617_171039.log
==> Preparing data..
Protocol mode: random
Known class list: [6 2 1 7 3] Unknown class list [0 5 4]
Total images — Train: 18400, Val: 2800, Test: 2800
{6: 0, 2: 1, 1: 2, 7: 3, 3: 4} {0: 5, 5: 6, 4: 7}
Known origin: [6 2 1 7 3] , new: [0 1 2 3 4]
Unknown origin: [0 5 4] , new: [5 6 7]
Known/Unknown in Train: 11500/6900
Known/Unknown in Val:   1750/1050
Known/Unknown in Test:  1750/1050
Client0 sample num: 1861
Client1 sample num: 2876
Client2 sample num: 2109
Client3 sample num: 533
Client4 sample num: 1312
Client5 sample num: 1125
Client6 sample num: 362
Client7 sample num: 1322

>>> Setting up
==> Using device: cuda:0
==> Building [Resnet18] model..
154
120
Train Client0 [0/50] LR=0.0005000 loss=1.490 (CE=0.788 VIR=0.113 wVIR=0.056 AUX=0.646 w=0.500) ACC=71.121 F1=51.734 Rec=51.491 Prec=52.348
Train Client1 [0/50] LR=0.0005000 loss=1.192 (CE=0.641 VIR=0.077 wVIR=0.038 AUX=0.512 w=0.500) ACC=80.571 F1=56.372 Rec=55.556 Prec=58.521
Train Client2 [0/50] LR=0.0005000 loss=1.456 (CE=0.792 VIR=0.149 wVIR=0.075 AUX=0.590 w=0.500) ACC=76.046 F1=48.530 Rec=48.927 Prec=48.991
Train Client3 [0/50] LR=0.0005000 loss=2.081 (CE=1.126 VIR=0.254 wVIR=0.127 AUX=0.828 w=0.500) ACC=67.424 F1=48.822 Rec=49.871 Prec=48.850
Train Client4 [0/50] LR=0.0005000 loss=1.156 (CE=0.619 VIR=0.126 wVIR=0.063 AUX=0.475 w=0.500) ACC=82.317 F1=38.601 Rec=38.500 Prec=41.177
Train Client5 [0/50] LR=0.0005000 loss=1.729 (CE=0.965 VIR=0.138 wVIR=0.069 AUX=0.695 w=0.500) ACC=69.375 F1=49.886 Rec=49.788 Prec=50.097
Train Client6 [0/50] LR=0.0005000 loss=2.628 (CE=1.335 VIR=0.601 wVIR=0.301 AUX=0.992 w=0.500) ACC=60.556 F1=21.844 Rec=22.561 Prec=21.759
Train Client7 [0/50] LR=0.0005000 loss=1.828 (CE=0.982 VIR=0.213 wVIR=0.106 AUX=0.740 w=0.500) ACC=68.106 F1=35.153 Rec=35.706 Prec=35.471

Val    [0/50] LR=0.0005000 loss=2.859 ACC=50.171 F1=42.642 Rec=50.171 Prec=47.482
Val-Known->Virtual [0/50] rate=0.000% prob_mean=0.016938 margin_mean=0.340427
Val-LogitMargin [0/50] TrueKnown-VMax mean=3.6995 std=0.4521 p10=3.1816 p50=3.5926 p90=4.3384

Test-  OSR [0/50] LR=0.0005000 ACC=31.964 F1=27.647 Rec=42.619 Prec=25.872 UNK=0.000 OS*=51.143 HOS=0.000 AUROC=72.689 AUPR=64.961 OSCR=39.734
Test-Close [0/50] LR=0.0005000 loss=2.855 ACC=51.143 F1=43.485 Rec=51.143 Prec=47.542
Test-Virtual [0/50] CloseK->V=0.000% Open->V=0.000% OpenVEntropy=0.000000 CloseHist=[0, 0, 0] OpenHist=[0, 0, 0]
Test-LogitMargin [0/50] CloseTrue-VMax mean=3.7069 std=0.4597 p10=3.1782 p50=3.5999 p90=4.3557 | OpenKnown-VMax mean=3.5860 std=0.4739 p10=3.1510 p50=3.3500 p90=4.3420
AnchorDiag [0/50] VNorm=[1.0000001192092896, 0.9999999403953552, 0.9999999403953552] VDriftMax=0.000000 Vcos(max/mean)=(0.0000/-0.0000) KVcos(max/mean)=(0.0008/-0.0014) ValK->V=0.00% CloseK->V=0.00% Open->V=0.00% OpenVEntropy=0.0000
Saving best model . . . . . . . .

Saving model at epoch 0 . . . . . . . .

Train Client0 [1/50] LR=0.0005000 loss=1.086 (CE=0.596 VIR=0.039 wVIR=0.019 AUX=0.470 w=0.500) ACC=77.209 F1=72.294 Rec=71.566 Prec=73.409
Train Client1 [1/50] LR=0.0005000 loss=0.966 (CE=0.539 VIR=0.033 wVIR=0.017 AUX=0.410 w=0.500) ACC=82.834 F1=57.705 Rec=57.213 Prec=58.540
Train Client2 [1/50] LR=0.0005000 loss=0.995 (CE=0.564 VIR=0.056 wVIR=0.028 AUX=0.404 w=0.500) ACC=82.557 F1=59.592 Rec=58.589 Prec=63.066
Train Client3 [1/50] LR=0.0005000 loss=1.658 (CE=0.899 VIR=0.137 wVIR=0.069 AUX=0.690 w=0.500) ACC=74.053 F1=51.869 Rec=51.134 Prec=53.882
Train Client4 [1/50] LR=0.0005000 loss=0.844 (CE=0.460 VIR=0.059 wVIR=0.029 AUX=0.355 w=0.500) ACC=86.433 F1=41.242 Rec=41.369 Prec=41.360
Train Client5 [1/50] LR=0.0005000 loss=1.357 (CE=0.745 VIR=0.070 wVIR=0.035 AUX=0.577 w=0.500) ACC=72.857 F1=54.278 Rec=54.398 Prec=54.169
Train Client6 [1/50] LR=0.0005000 loss=1.550 (CE=0.823 VIR=0.172 wVIR=0.086 AUX=0.641 w=0.500) ACC=76.389 F1=45.477 Rec=44.686 Prec=49.539
Train Client7 [1/50] LR=0.0005000 loss=1.066 (CE=0.565 VIR=0.061 wVIR=0.031 AUX=0.470 w=0.500) ACC=82.045 F1=52.331 Rec=50.829 Prec=55.310

Val    [1/50] LR=0.0005000 loss=2.488 ACC=73.543 F1=72.325 Rec=73.543 Prec=84.973
Val-Known->Virtual [1/50] rate=0.000% prob_mean=0.013567 margin_mean=0.445805
Val-LogitMargin [1/50] TrueKnown-VMax mean=4.3432 std=0.4260 p10=3.8681 p50=4.2346 p90=5.0112

Test-  OSR [1/50] LR=0.0005000 ACC=46.321 F1=48.059 Rec=61.762 Prec=51.693 UNK=0.000 OS*=74.114 HOS=0.000 AUROC=63.638 AUPR=52.369 OSCR=53.528
Test-Close [1/50] LR=0.0005000 loss=2.488 ACC=74.114 F1=72.696 Rec=74.114 Prec=85.227
Test-Virtual [1/50] CloseK->V=0.000% Open->V=0.000% OpenVEntropy=0.000000 CloseHist=[0, 0, 0] OpenHist=[0, 0, 0]
Test-LogitMargin [1/50] CloseTrue-VMax mean=4.3504 std=0.4332 p10=3.8778 p50=4.2437 p90=5.0203 | OpenKnown-VMax mean=4.3162 std=0.3354 p10=3.9554 p50=4.2463 p90=4.7876
AnchorDiag [1/50] VNorm=[1.0000001192092896, 0.9999999403953552, 0.9999999403953552] VDriftMax=0.000000 Vcos(max/mean)=(0.0000/-0.0000) KVcos(max/mean)=(0.0016/-0.0018) ValK->V=0.00% CloseK->V=0.00% Open->V=0.00% OpenVEntropy=0.0000
Saving best model . . . . . . . .

Train Client0 [2/50] LR=0.0005000 loss=0.988 (CE=0.541 VIR=0.023 wVIR=0.012 AUX=0.436 w=0.500) ACC=79.688 F1=60.420 Rec=59.965 Prec=61.136
Train Client1 [2/50] LR=0.0005000 loss=0.699 (CE=0.392 VIR=0.021 wVIR=0.011 AUX=0.296 w=0.500) ACC=87.604 F1=64.532 Rec=63.956 Prec=65.373
Train Client2 [2/50] LR=0.0005000 loss=0.832 (CE=0.472 VIR=0.028 wVIR=0.014 AUX=0.346 w=0.500) ACC=84.221 F1=59.460 Rec=59.212 Prec=63.152
Train Client3 [2/50] LR=0.0005000 loss=1.234 (CE=0.641 VIR=0.050 wVIR=0.025 AUX=0.568 w=0.500) ACC=79.924 F1=59.202 Rec=58.636 Prec=60.002
Train Client4 [2/50] LR=0.0005000 loss=0.591 (CE=0.319 VIR=0.019 wVIR=0.009 AUX=0.262 w=0.500) ACC=90.625 F1=48.126 Rec=48.253 Prec=48.265
Train Client5 [2/50] LR=0.0005000 loss=0.980 (CE=0.526 VIR=0.028 wVIR=0.014 AUX=0.440 w=0.500) ACC=82.321 F1=63.526 Rec=63.537 Prec=63.523
Train Client6 [2/50] LR=0.0005000 loss=1.309 (CE=0.699 VIR=0.066 wVIR=0.033 AUX=0.577 w=0.500) ACC=76.667 F1=42.540 Rec=41.183 Prec=46.601
Train Client7 [2/50] LR=0.0005000 loss=1.036 (CE=0.558 VIR=0.033 wVIR=0.017 AUX=0.461 w=0.500) ACC=81.136 F1=50.743 Rec=48.977 Prec=55.001

Val    [2/50] LR=0.0005000 loss=2.278 ACC=89.371 F1=88.884 Rec=89.371 Prec=90.423
Val-Known->Virtual [2/50] rate=0.000% prob_mean=0.007696 margin_mean=0.553022
Val-LogitMargin [2/50] TrueKnown-VMax mean=5.3267 std=0.8743 p10=4.3338 p50=5.0617 p90=6.6165

Test-  OSR [2/50] LR=0.0005000 ACC=56.214 F1=59.013 Rec=74.952 Prec=52.195 UNK=0.000 OS*=89.943 HOS=0.000 AUROC=59.829 AUPR=41.397 OSCR=57.649
Test-Close [2/50] LR=0.0005000 loss=2.283 ACC=89.943 F1=89.590 Rec=89.943 Prec=90.782
Test-Virtual [2/50] CloseK->V=0.000% Open->V=0.000% OpenVEntropy=0.000000 CloseHist=[0, 0, 0] OpenHist=[0, 0, 0]
Test-LogitMargin [2/50] CloseTrue-VMax mean=5.3469 std=0.8867 p10=4.3473 p50=5.0562 p90=6.6326 | OpenKnown-VMax mean=5.4104 std=0.6913 p10=4.4981 p50=5.4770 p90=6.2733
AnchorDiag [2/50] VNorm=[1.0000001192092896, 0.9999999403953552, 0.9999999403953552] VDriftMax=0.000000 Vcos(max/mean)=(0.0000/-0.0000) KVcos(max/mean)=(0.0017/-0.0032) ValK->V=0.00% CloseK->V=0.00% Open->V=0.00% OpenVEntropy=0.0000
Saving best model . . . . . . . .

Train Client0 [3/50] LR=0.0005000 loss=0.758 (CE=0.420 VIR=0.011 wVIR=0.006 AUX=0.333 w=0.500) ACC=84.106 F1=81.371 Rec=81.048 Prec=81.815
Train Client1 [3/50] LR=0.0005000 loss=0.579 (CE=0.323 VIR=0.009 wVIR=0.005 AUX=0.251 w=0.500) ACC=89.276 F1=66.629 Rec=66.337 Prec=67.072
Train Client2 [3/50] LR=0.0005000 loss=0.707 (CE=0.396 VIR=0.016 wVIR=0.008 AUX=0.303 w=0.500) ACC=87.215 F1=71.436 Rec=69.690 Prec=75.831
Train Client3 [3/50] LR=0.0005000 loss=0.916 (CE=0.459 VIR=0.012 wVIR=0.006 AUX=0.451 w=0.500) ACC=84.659 F1=64.568 Rec=64.384 Prec=64.920
Train Client4 [3/50] LR=0.0005000 loss=0.525 (CE=0.294 VIR=0.018 wVIR=0.009 AUX=0.222 w=0.500) ACC=91.311 F1=53.110 Rec=51.934 Prec=55.670
Train Client5 [3/50] LR=0.0005000 loss=0.781 (CE=0.421 VIR=0.017 wVIR=0.008 AUX=0.351 w=0.500) ACC=85.000 F1=65.910 Rec=65.925 Prec=65.898
Train Client6 [3/50] LR=0.0005000 loss=1.177 (CE=0.578 VIR=0.037 wVIR=0.019 AUX=0.580 w=0.500) ACC=79.167 F1=45.131 Rec=43.950 Prec=49.836
Train Client7 [3/50] LR=0.0005000 loss=0.897 (CE=0.475 VIR=0.023 wVIR=0.011 AUX=0.410 w=0.500) ACC=83.864 F1=58.962 Rec=56.761 Prec=62.239

Val    [3/50] LR=0.0005000 loss=2.072 ACC=84.914 F1=84.634 Rec=84.914 Prec=88.806
Val-Known->Virtual [3/50] rate=0.000% prob_mean=0.002553 margin_mean=0.765813
Val-LogitMargin [3/50] TrueKnown-VMax mean=6.6180 std=1.0690 p10=5.1911 p50=6.6164 p90=8.0740

Test-  OSR [3/50] LR=0.0005000 ACC=52.286 F1=54.954 Rec=69.714 Prec=51.679 UNK=0.000 OS*=83.657 HOS=0.000 AUROC=71.931 AUPR=51.296 OSCR=65.273
Test-Close [3/50] LR=0.0005000 loss=2.082 ACC=83.657 F1=83.499 Rec=83.657 Prec=88.606
Test-Virtual [3/50] CloseK->V=0.000% Open->V=0.000% OpenVEntropy=0.000000 CloseHist=[0, 0, 0] OpenHist=[0, 0, 0]
Test-LogitMargin [3/50] CloseTrue-VMax mean=6.6355 std=1.0697 p10=5.2195 p50=6.6413 p90=8.1138 | OpenKnown-VMax mean=6.5285 std=0.7782 p10=5.5564 p50=6.5132 p90=7.6030
AnchorDiag [3/50] VNorm=[1.0000001192092896, 0.9999999403953552, 0.9999999403953552] VDriftMax=0.000000 Vcos(max/mean)=(0.0000/-0.0000) KVcos(max/mean)=(0.0045/-0.0030) ValK->V=0.00% CloseK->V=0.00% Open->V=0.00% OpenVEntropy=0.0000
Saving best model . . . . . . . .

Train Client0 [4/50] LR=0.0005000 loss=0.704 (CE=0.380 VIR=0.016 wVIR=0.000 AUX=0.324 w=0.010) ACC=84.806 F1=65.874 Rec=65.645 Prec=66.185
Train Client1 [4/50] LR=0.0005000 loss=0.482 (CE=0.272 VIR=0.009 wVIR=0.000 AUX=0.209 w=0.010) ACC=91.121 F1=74.086 Rec=72.121 Prec=78.587
Train Client2 [4/50] LR=0.0005000 loss=0.630 (CE=0.360 VIR=0.035 wVIR=0.000 AUX=0.270 w=0.010) ACC=88.546 F1=72.648 Rec=70.672 Prec=77.034
Train Client3 [4/50] LR=0.0005000 loss=0.910 (CE=0.470 VIR=0.016 wVIR=0.000 AUX=0.439 w=0.010) ACC=83.712 F1=62.599 Rec=61.811 Prec=63.988
Train Client4 [4/50] LR=0.0005000 loss=0.495 (CE=0.282 VIR=0.027 wVIR=0.000 AUX=0.213 w=0.010) ACC=91.845 F1=55.400 Rec=53.864 Prec=58.000
Train Client5 [4/50] LR=0.0005000 loss=0.635 (CE=0.343 VIR=0.018 wVIR=0.000 AUX=0.292 w=0.010) ACC=88.571 F1=69.964 Rec=69.989 Prec=69.941
Train Client6 [4/50] LR=0.0005000 loss=1.130 (CE=0.643 VIR=0.076 wVIR=0.001 AUX=0.486 w=0.010) ACC=77.222 F1=48.559 Rec=49.645 Prec=50.641
Train Client7 [4/50] LR=0.0005000 loss=0.849 (CE=0.454 VIR=0.029 wVIR=0.000 AUX=0.394 w=0.010) ACC=84.470 F1=55.895 Rec=53.869 Prec=58.777

Val    [4/50] LR=0.0005000 loss=1.957 ACC=90.000 F1=89.907 Rec=90.000 Prec=91.264
Val-Known->Virtual [4/50] rate=0.000% prob_mean=0.005746 margin_mean=0.805398
Val-LogitMargin [4/50] TrueKnown-VMax mean=6.0203 std=1.1900 p10=4.5757 p50=5.7648 p90=7.7126

Test-  OSR [4/50] LR=0.0005000 ACC=55.893 F1=58.622 Rec=74.524 Prec=51.363 UNK=0.000 OS*=89.429 HOS=0.000 AUROC=74.431 AUPR=54.110 OSCR=71.045
Test-Close [4/50] LR=0.0005000 loss=1.962 ACC=89.429 F1=89.321 Rec=89.429 Prec=90.742
Test-Virtual [4/50] CloseK->V=0.000% Open->V=0.000% OpenVEntropy=0.000000 CloseHist=[0, 0, 0] OpenHist=[0, 0, 0]
Test-LogitMargin [4/50] CloseTrue-VMax mean=6.0408 std=1.1882 p10=4.5833 p50=5.7458 p90=7.7081 | OpenKnown-VMax mean=5.6758 std=0.8239 p10=4.7427 p50=5.5403 p90=6.8911
AnchorDiag [4/50] VNorm=[1.0000001192092896, 1.0, 0.9999999403953552] VDriftMax=0.000000 Vcos(max/mean)=(0.0000/-0.0000) KVcos(max/mean)=(0.0081/-0.0021) ValK->V=0.00% CloseK->V=0.00% Open->V=0.00% OpenVEntropy=0.0000
Saving best model . . . . . . . .

Train Client0 [5/50] LR=0.0005000 loss=0.635 (CE=0.354 VIR=0.026 wVIR=0.000 AUX=0.281 w=0.010) ACC=86.692 F1=84.508 Rec=84.166 Prec=84.919
Train Client1 [5/50] LR=0.0005000 loss=0.450 (CE=0.254 VIR=0.020 wVIR=0.000 AUX=0.196 w=0.010) ACC=92.026 F1=74.439 Rec=72.650 Prec=78.149
Train Client2 [5/50] LR=0.0005000 loss=0.555 (CE=0.318 VIR=0.060 wVIR=0.001 AUX=0.237 w=0.010) ACC=89.686 F1=76.345 Rec=75.001 Prec=79.659
Train Client3 [5/50] LR=0.0005000 loss=0.639 (CE=0.328 VIR=0.024 wVIR=0.000 AUX=0.311 w=0.010) ACC=89.394 F1=76.407 Rec=74.863 Prec=78.698
Train Client4 [5/50] LR=0.0005000 loss=0.396 (CE=0.226 VIR=0.027 wVIR=0.000 AUX=0.170 w=0.010) ACC=93.750 F1=59.959 Rec=58.312 Prec=62.528
Train Client5 [5/50] LR=0.0005000 loss=0.530 (CE=0.283 VIR=0.018 wVIR=0.000 AUX=0.247 w=0.010) ACC=91.071 F1=71.764 Rec=71.493 Prec=72.065
Train Client6 [5/50] LR=0.0005000 loss=0.917 (CE=0.494 VIR=0.082 wVIR=0.001 AUX=0.422 w=0.010) ACC=81.944 F1=59.481 Rec=58.136 Prec=62.839
Train Client7 [5/50] LR=0.0005000 loss=0.752 (CE=0.402 VIR=0.057 wVIR=0.001 AUX=0.349 w=0.010) ACC=87.273 F1=62.471 Rec=60.758 Prec=64.736

Val    [5/50] LR=0.0005000 loss=1.864 ACC=92.800 F1=92.734 Rec=92.800 Prec=93.237
Val-Known->Virtual [5/50] rate=0.000% prob_mean=0.008336 margin_mean=0.850110
Val-LogitMargin [5/50] TrueKnown-VMax mean=5.6726 std=1.0568 p10=4.4740 p50=5.5200 p90=7.1854

Test-  OSR [5/50] LR=0.0005000 ACC=58.429 F1=61.329 Rec=77.905 Prec=52.683 UNK=0.000 OS*=93.486 HOS=0.000 AUROC=78.125 AUPR=62.329 OSCR=75.934
Test-Close [5/50] LR=0.0005000 loss=1.867 ACC=93.486 F1=93.443 Rec=93.486 Prec=93.831
Test-Virtual [5/50] CloseK->V=0.000% Open->V=0.000% OpenVEntropy=0.000000 CloseHist=[0, 0, 0] OpenHist=[0, 0, 0]
Test-LogitMargin [5/50] CloseTrue-VMax mean=5.7003 std=1.0508 p10=4.5030 p50=5.5013 p90=7.2106 | OpenKnown-VMax mean=5.0152 std=0.8007 p10=3.9867 p50=5.0233 p90=6.0501
AnchorDiag [5/50] VNorm=[1.0000001192092896, 1.0, 0.9999999403953552] VDriftMax=0.000000 Vcos(max/mean)=(0.0000/-0.0000) KVcos(max/mean)=(0.0115/-0.0013) ValK->V=0.00% CloseK->V=0.00% Open->V=0.00% OpenVEntropy=0.0000
Saving best model . . . . . . . .

Saving model at epoch 5 . . . . . . . .

Train Client0 [6/50] LR=0.0005000 loss=0.559 (CE=0.307 VIR=0.041 wVIR=0.000 AUX=0.252 w=0.010) ACC=87.338 F1=68.332 Rec=68.187 Prec=68.503
Train Client1 [6/50] LR=0.0005000 loss=0.378 (CE=0.209 VIR=0.023 wVIR=0.000 AUX=0.169 w=0.010) ACC=92.897 F1=77.101 Rec=75.728 Prec=79.340
Train Client2 [6/50] LR=0.0005000 loss=0.529 (CE=0.302 VIR=0.090 wVIR=0.001 AUX=0.226 w=0.010) ACC=89.971 F1=75.525 Rec=73.995 Prec=78.994
Train Client3 [6/50] LR=0.0005000 loss=0.615 (CE=0.312 VIR=0.033 wVIR=0.000 AUX=0.302 w=0.010) ACC=89.394 F1=79.389 Rec=78.157 Prec=80.912
Train Client4 [6/50] LR=0.0005000 loss=0.319 (CE=0.186 VIR=0.050 wVIR=0.001 AUX=0.132 w=0.010) ACC=94.284 F1=62.896 Rec=62.619 Prec=63.239
Train Client5 [6/50] LR=0.0005000 loss=0.449 (CE=0.247 VIR=0.031 wVIR=0.000 AUX=0.201 w=0.010) ACC=92.500 F1=73.169 Rec=73.184 Prec=73.155
Train Client6 [6/50] LR=0.0005000 loss=0.733 (CE=0.393 VIR=0.117 wVIR=0.001 AUX=0.339 w=0.010) ACC=84.167 F1=68.381 Rec=69.285 Prec=70.071
Train Client7 [6/50] LR=0.0005000 loss=0.715 (CE=0.391 VIR=0.105 wVIR=0.001 AUX=0.323 w=0.010) ACC=86.894 F1=61.434 Rec=60.042 Prec=63.375

Val    [6/50] LR=0.0005000 loss=1.857 ACC=93.714 F1=93.695 Rec=93.714 Prec=94.153
Val-Known->Virtual [6/50] rate=0.000% prob_mean=0.008706 margin_mean=0.863355
Val-LogitMargin [6/50] TrueKnown-VMax mean=5.6055 std=1.0854 p10=4.4216 p50=5.4405 p90=7.1125

Test-  OSR [6/50] LR=0.0005000 ACC=58.714 F1=61.529 Rec=78.286 Prec=52.611 UNK=0.000 OS*=93.943 HOS=0.000 AUROC=80.865 AUPR=65.407 OSCR=78.290
Test-Close [6/50] LR=0.0005000 loss=1.863 ACC=93.943 F1=93.914 Rec=93.943 Prec=94.316
Test-Virtual [6/50] CloseK->V=0.000% Open->V=0.000% OpenVEntropy=0.000000 CloseHist=[0, 0, 0] OpenHist=[0, 0, 0]
Test-LogitMargin [6/50] CloseTrue-VMax mean=5.6265 std=1.0736 p10=4.4202 p50=5.4481 p90=7.1236 | OpenKnown-VMax mean=4.8630 std=0.8219 p10=3.8084 p50=4.8892 p90=5.9575
AnchorDiag [6/50] VNorm=[1.0000001192092896, 1.0, 0.9999999403953552] VDriftMax=0.000000 Vcos(max/mean)=(0.0000/-0.0000) KVcos(max/mean)=(0.0171/-0.0007) ValK->V=0.00% CloseK->V=0.00% Open->V=0.00% OpenVEntropy=0.0000
Saving best model . . . . . . . .

Train Client0 [7/50] LR=0.0005000 loss=0.487 (CE=0.264 VIR=0.057 wVIR=0.001 AUX=0.222 w=0.010) ACC=89.278 F1=70.522 Rec=70.541 Prec=70.514
Train Client1 [7/50] LR=0.0005000 loss=0.358 (CE=0.198 VIR=0.030 wVIR=0.000 AUX=0.160 w=0.010) ACC=93.419 F1=74.503 Rec=73.864 Prec=76.056
Train Client2 [7/50] LR=0.0005000 loss=0.524 (CE=0.306 VIR=0.247 wVIR=0.002 AUX=0.215 w=0.010) ACC=89.544 F1=77.410 Rec=76.528 Prec=79.219
Train Client3 [7/50] LR=0.0005000 loss=0.594 (CE=0.309 VIR=0.054 wVIR=0.001 AUX=0.285 w=0.010) ACC=89.962 F1=73.618 Rec=72.738 Prec=74.859
Train Client4 [7/50] LR=0.0005000 loss=0.330 (CE=0.194 VIR=0.065 wVIR=0.001 AUX=0.136 w=0.010) ACC=94.665 F1=68.982 Rec=68.526 Prec=69.480
Train Client5 [7/50] LR=0.0005000 loss=0.396 (CE=0.218 VIR=0.032 wVIR=0.000 AUX=0.178 w=0.010) ACC=92.679 F1=73.957 Rec=74.254 Prec=73.673
Train Client6 [7/50] LR=0.0005000 loss=0.671 (CE=0.355 VIR=0.163 wVIR=0.002 AUX=0.314 w=0.010) ACC=85.278 F1=75.573 Rec=75.740 Prec=76.259
Train Client7 [7/50] LR=0.0005000 loss=0.625 (CE=0.333 VIR=0.146 wVIR=0.001 AUX=0.291 w=0.010) ACC=88.030 F1=65.773 Rec=64.378 Prec=67.458

Val    [7/50] LR=0.0005000 loss=1.883 ACC=91.771 F1=91.587 Rec=91.771 Prec=93.113
Val-Known->Virtual [7/50] rate=0.000% prob_mean=0.015767 margin_mean=0.894074
Val-LogitMargin [7/50] TrueKnown-VMax mean=5.0303 std=1.2053 p10=3.3981 p50=5.1388 p90=6.5368

Test-  OSR [7/50] LR=0.0005000 ACC=57.214 F1=60.134 Rec=76.286 Prec=53.280 UNK=0.000 OS*=91.543 HOS=0.000 AUROC=80.210 AUPR=63.276 OSCR=76.697
Test-Close [7/50] LR=0.0005000 loss=1.875 ACC=91.543 F1=91.369 Rec=91.543 Prec=92.981
Test-Virtual [7/50] CloseK->V=0.000% Open->V=0.000% OpenVEntropy=0.000000 CloseHist=[0, 0, 0] OpenHist=[0, 0, 0]
Test-LogitMargin [7/50] CloseTrue-VMax mean=5.0607 std=1.1784 p10=3.4611 p50=5.1221 p90=6.5647 | OpenKnown-VMax mean=4.5161 std=0.9099 p10=3.2591 p50=4.6032 p90=5.6060
AnchorDiag [7/50] VNorm=[1.0000001192092896, 1.0, 0.9999999403953552] VDriftMax=0.000000 Vcos(max/mean)=(0.0000/-0.0000) KVcos(max/mean)=(0.0199/0.0001) ValK->V=0.00% CloseK->V=0.00% Open->V=0.00% OpenVEntropy=0.0000
Train Client0 [8/50] LR=0.0005000 loss=0.481 (CE=0.259 VIR=0.080 wVIR=0.001 AUX=0.221 w=0.010) ACC=89.763 F1=88.714 Rec=89.112 Prec=88.339
Train Client1 [8/50] LR=0.0005000 loss=0.317 (CE=0.177 VIR=0.051 wVIR=0.001 AUX=0.139 w=0.010) ACC=94.011 F1=79.508 Rec=78.054 Prec=81.999
Train Client2 [8/50] LR=0.0005000 loss=0.484 (CE=0.275 VIR=0.236 wVIR=0.002 AUX=0.207 w=0.010) ACC=91.492 F1=78.820 Rec=77.429 Prec=81.931
Train Client3 [8/50] LR=0.0005000 loss=0.477 (CE=0.244 VIR=0.070 wVIR=0.001 AUX=0.232 w=0.010) ACC=92.235 F1=80.403 Rec=79.001 Prec=82.533
Train Client4 [8/50] LR=0.0005000 loss=0.288 (CE=0.170 VIR=0.060 wVIR=0.001 AUX=0.117 w=0.010) ACC=94.512 F1=66.932 Rec=66.353 Prec=67.570
Train Client5 [8/50] LR=0.0005000 loss=0.331 (CE=0.170 VIR=0.043 wVIR=0.000 AUX=0.161 w=0.010) ACC=93.929 F1=75.019 Rec=74.966 Prec=75.077
Train Client6 [8/50] LR=0.0005000 loss=0.793 (CE=0.431 VIR=0.337 wVIR=0.003 AUX=0.359 w=0.010) ACC=83.056 F1=61.718 Rec=56.720 Prec=73.331
Train Client7 [8/50] LR=0.0005000 loss=0.631 (CE=0.337 VIR=0.223 wVIR=0.002 AUX=0.292 w=0.010) ACC=89.773 F1=68.436 Rec=66.944 Prec=70.225

Val    [8/50] LR=0.0005000 loss=1.839 ACC=93.429 F1=93.340 Rec=93.429 Prec=94.124
Val-Known->Virtual [8/50] rate=0.000% prob_mean=0.020315 margin_mean=0.879818
Val-LogitMargin [8/50] TrueKnown-VMax mean=4.9185 std=1.3027 p10=3.3867 p50=4.6730 p90=6.7108

Test-  OSR [8/50] LR=0.0005000 ACC=58.821 F1=62.411 Rec=78.429 Prec=54.380 UNK=0.000 OS*=94.114 HOS=0.000 AUROC=80.384 AUPR=65.815 OSCR=77.989
Test-Close [8/50] LR=0.0005000 loss=1.836 ACC=94.114 F1=94.050 Rec=94.114 Prec=94.641
Test-Virtual [8/50] CloseK->V=0.000% Open->V=0.000% OpenVEntropy=0.000000 CloseHist=[0, 0, 0] OpenHist=[0, 0, 0]
Test-LogitMargin [8/50] CloseTrue-VMax mean=4.9536 std=1.2904 p10=3.4790 p50=4.6671 p90=6.7630 | OpenKnown-VMax mean=4.2585 std=1.1164 p10=2.9377 p50=4.1875 p90=5.9058
AnchorDiag [8/50] VNorm=[1.0000001192092896, 1.0, 0.9999999403953552] VDriftMax=0.000000 Vcos(max/mean)=(0.0000/-0.0000) KVcos(max/mean)=(0.0230/0.0009) ValK->V=0.00% CloseK->V=0.00% Open->V=0.00% OpenVEntropy=0.0000
Train Client0 [9/50] LR=0.0005000 loss=0.476 (CE=0.259 VIR=0.103 wVIR=0.001 AUX=0.216 w=0.010) ACC=90.409 F1=71.324 Rec=70.968 Prec=71.730
Train Client1 [9/50] LR=0.0005000 loss=0.310 (CE=0.173 VIR=0.081 wVIR=0.001 AUX=0.136 w=0.010) ACC=93.976 F1=77.902 Rec=76.795 Prec=79.645
Train Client2 [9/50] LR=0.0005000 loss=0.463 (CE=0.259 VIR=0.249 wVIR=0.002 AUX=0.202 w=0.010) ACC=91.587 F1=78.853 Rec=78.063 Prec=80.984
Train Client3 [9/50] LR=0.0005000 loss=0.491 (CE=0.238 VIR=0.117 wVIR=0.001 AUX=0.252 w=0.010) ACC=92.235 F1=81.078 Rec=81.623 Prec=80.659
Train Client4 [9/50] LR=0.0005000 loss=0.315 (CE=0.191 VIR=0.175 wVIR=0.002 AUX=0.122 w=0.010) ACC=94.970 F1=76.376 Rec=75.971 Prec=76.841
Train Client5 [9/50] LR=0.0005000 loss=0.322 (CE=0.176 VIR=0.075 wVIR=0.001 AUX=0.145 w=0.010) ACC=95.089 F1=75.977 Rec=76.153 Prec=75.802
Train Client6 [9/50] LR=0.0005000 loss=0.728 (CE=0.392 VIR=0.438 wVIR=0.004 AUX=0.332 w=0.010) ACC=85.278 F1=72.464 Rec=73.240 Prec=73.190
Train Client7 [9/50] LR=0.0005000 loss=0.576 (CE=0.308 VIR=0.290 wVIR=0.003 AUX=0.265 w=0.010) ACC=89.773 F1=86.855 Rec=85.222 Prec=88.911

Val    [9/50] LR=0.0005000 loss=1.866 ACC=92.629 F1=92.453 Rec=92.629 Prec=93.755
Val-Known->Virtual [9/50] rate=0.000% prob_mean=0.025726 margin_mean=0.882345
Val-LogitMargin [9/50] TrueKnown-VMax mean=4.4804 std=1.0654 p10=3.1018 p50=4.6024 p90=5.7722

Test-  OSR [9/50] LR=0.0005000 ACC=57.857 F1=60.268 Rec=77.143 Prec=52.596 UNK=0.000 OS*=92.571 HOS=0.000 AUROC=78.931 AUPR=62.982 OSCR=76.059
Test-Close [9/50] LR=0.0005000 loss=1.860 ACC=92.571 F1=92.365 Rec=92.571 Prec=93.631
Test-Virtual [9/50] CloseK->V=0.000% Open->V=0.000% OpenVEntropy=0.000000 CloseHist=[0, 0, 0] OpenHist=[0, 0, 0]
Test-LogitMargin [9/50] CloseTrue-VMax mean=4.5179 std=1.0479 p10=3.1380 p50=4.5839 p90=5.8037 | OpenKnown-VMax mean=4.1918 std=0.8511 p10=3.0606 p50=4.2539 p90=5.2641
AnchorDiag [9/50] VNorm=[1.0000001192092896, 1.0, 0.9999999403953552] VDriftMax=0.000000 Vcos(max/mean)=(0.0000/-0.0000) KVcos(max/mean)=(0.0270/0.0018) ValK->V=0.00% CloseK->V=0.00% Open->V=0.00% OpenVEntropy=0.0000
Train Client0 [10/50] LR=0.0005000 loss=0.474 (CE=0.252 VIR=0.140 wVIR=0.001 AUX=0.221 w=0.010) ACC=88.739 F1=70.039 Rec=70.131 Prec=69.951
Train Client1 [10/50] LR=0.0005000 loss=0.274 (CE=0.156 VIR=0.117 wVIR=0.001 AUX=0.116 w=0.010) ACC=94.916 F1=83.521 Rec=82.171 Prec=85.568
Train Client2 [10/50] LR=0.0005000 loss=0.396 (CE=0.217 VIR=0.318 wVIR=0.003 AUX=0.175 w=0.010) ACC=93.298 F1=84.578 Rec=83.343 Prec=86.364
Train Client3 [10/50] LR=0.0005000 loss=0.429 (CE=0.211 VIR=0.101 wVIR=0.001 AUX=0.217 w=0.010) ACC=91.667 F1=83.967 Rec=83.330 Prec=84.881
Train Client4 [10/50] LR=0.0005000 loss=0.217 (CE=0.134 VIR=0.173 wVIR=0.002 AUX=0.081 w=0.010) ACC=96.265 F1=73.467 Rec=71.815 Prec=75.654
Train Client5 [10/50] LR=0.0005000 loss=0.385 (CE=0.199 VIR=0.119 wVIR=0.001 AUX=0.185 w=0.010) ACC=93.571 F1=74.162 Rec=74.158 Prec=74.188
Train Client6 [10/50] LR=0.0005000 loss=0.580 (CE=0.333 VIR=0.510 wVIR=0.005 AUX=0.242 w=0.010) ACC=89.167 F1=80.051 Rec=78.624 Prec=81.817
Train Client7 [10/50] LR=0.0005000 loss=0.511 (CE=0.280 VIR=0.384 wVIR=0.004 AUX=0.227 w=0.010) ACC=90.758 F1=69.167 Rec=68.646 Prec=69.800

Val    [10/50] LR=0.0005000 loss=1.838 ACC=93.371 F1=93.286 Rec=93.371 Prec=94.150
Val-Known->Virtual [10/50] rate=0.000% prob_mean=0.034288 margin_mean=0.895931
Val-LogitMargin [10/50] TrueKnown-VMax mean=4.2265 std=1.0658 p10=2.8960 p50=4.3184 p90=5.5415

Test-  OSR [10/50] LR=0.0005000 ACC=58.786 F1=61.337 Rec=78.159 Prec=69.290 UNK=0.667 OS*=93.657 HOS=1.324 AUROC=86.137 AUPR=81.003 OSCR=82.537
Test-Close [10/50] LR=0.0005000 loss=1.830 ACC=93.657 F1=93.586 Rec=93.657 Prec=94.274
Test-Virtual [10/50] CloseK->V=0.000% Open->V=0.667% OpenVEntropy=-0.000000 CloseHist=[0, 0, 0] OpenHist=[0, 7, 0]
Test-LogitMargin [10/50] CloseTrue-VMax mean=4.2560 std=1.0435 p10=2.9385 p50=4.3364 p90=5.5379 | OpenKnown-VMax mean=2.9577 std=1.4579 p10=0.8519 p50=3.4217 p90=4.5567
AnchorDiag [10/50] VNorm=[1.0000001192092896, 1.0, 0.9999999403953552] VDriftMax=0.000000 Vcos(max/mean)=(0.0000/-0.0000) KVcos(max/mean)=(0.0292/0.0024) ValK->V=0.00% CloseK->V=0.00% Open->V=0.67% OpenVEntropy=-0.0000
Saving best model . . . . . . . .

Saving model at epoch 10 . . . . . . . .

>> New learning Rate: 0.00025
Train Client0 [11/50] LR=0.0002500 loss=0.280 (CE=0.151 VIR=0.124 wVIR=0.001 AUX=0.129 w=0.010) ACC=94.181 F1=75.194 Rec=75.617 Prec=74.816
Train Client1 [11/50] LR=0.0002500 loss=0.161 (CE=0.089 VIR=0.112 wVIR=0.001 AUX=0.070 w=0.010) ACC=96.866 F1=88.934 Rec=88.578 Prec=89.302
Train Client2 [11/50] LR=0.0002500 loss=0.266 (CE=0.152 VIR=0.331 wVIR=0.003 AUX=0.110 w=0.010) ACC=95.010 F1=88.465 Rec=88.277 Prec=88.691
Train Client3 [11/50] LR=0.0002500 loss=0.317 (CE=0.149 VIR=0.104 wVIR=0.001 AUX=0.167 w=0.010) ACC=94.697 F1=92.636 Rec=94.212 Prec=91.339
Train Client4 [11/50] LR=0.0002500 loss=0.166 (CE=0.111 VIR=0.249 wVIR=0.002 AUX=0.053 w=0.010) ACC=96.494 F1=78.719 Rec=82.104 Prec=76.484
Train Client5 [11/50] LR=0.0002500 loss=0.186 (CE=0.105 VIR=0.074 wVIR=0.001 AUX=0.081 w=0.010) ACC=96.429 F1=87.151 Rec=87.175 Prec=87.127
Train Client6 [11/50] LR=0.0002500 loss=0.494 (CE=0.290 VIR=0.735 wVIR=0.007 AUX=0.197 w=0.010) ACC=88.333 F1=81.264 Rec=83.761 Prec=79.100
Train Client7 [11/50] LR=0.0002500 loss=0.384 (CE=0.215 VIR=0.513 wVIR=0.005 AUX=0.164 w=0.010) ACC=91.894 F1=71.217 Rec=70.663 Prec=71.840

Val    [11/50] LR=0.0002500 loss=1.808 ACC=95.086 F1=95.040 Rec=95.086 Prec=95.517
Val-Known->Virtual [11/50] rate=0.000% prob_mean=0.041322 margin_mean=0.898800
Val-LogitMargin [11/50] TrueKnown-VMax mean=4.0267 std=0.8973 p10=2.9734 p50=4.1388 p90=5.0059

Test-  OSR [11/50] LR=0.0002500 ACC=60.036 F1=62.694 Rec=79.508 Prec=69.824 UNK=1.619 OS*=95.086 HOS=3.184 AUROC=85.975 AUPR=81.432 OSCR=83.272
Test-Close [11/50] LR=0.0002500 loss=1.801 ACC=95.086 F1=95.027 Rec=95.086 Prec=95.400
Test-Virtual [11/50] CloseK->V=0.000% Open->V=1.619% OpenVEntropy=-0.000000 CloseHist=[0, 0, 0] OpenHist=[0, 17, 0]
Test-LogitMargin [11/50] CloseTrue-VMax mean=4.0568 std=0.8846 p10=3.0328 p50=4.1761 p90=4.9840 | OpenKnown-VMax mean=2.7272 std=1.4591 p10=0.5852 p50=3.1194 p90=4.3797
AnchorDiag [11/50] VNorm=[1.0000001192092896, 1.0, 0.9999999403953552] VDriftMax=0.000000 Vcos(max/mean)=(0.0000/-0.0000) KVcos(max/mean)=(0.0325/0.0034) ValK->V=0.00% CloseK->V=0.00% Open->V=1.62% OpenVEntropy=-0.0000
Saving best model . . . . . . . .

Train Client0 [12/50] LR=0.0002500 loss=0.271 (CE=0.147 VIR=0.144 wVIR=0.001 AUX=0.122 w=0.010) ACC=94.397 F1=75.269 Rec=75.545 Prec=75.017
Train Client1 [12/50] LR=0.0002500 loss=0.143 (CE=0.081 VIR=0.129 wVIR=0.001 AUX=0.061 w=0.010) ACC=97.180 F1=89.285 Rec=88.982 Prec=89.636
Train Client2 [12/50] LR=0.0002500 loss=0.258 (CE=0.149 VIR=0.478 wVIR=0.005 AUX=0.104 w=0.010) ACC=95.200 F1=88.057 Rec=87.593 Prec=88.592
Train Client3 [12/50] LR=0.0002500 loss=0.263 (CE=0.130 VIR=0.144 wVIR=0.001 AUX=0.131 w=0.010) ACC=95.455 F1=90.975 Rec=94.594 Prec=88.702
Train Client4 [12/50] LR=0.0002500 loss=0.149 (CE=0.102 VIR=0.269 wVIR=0.003 AUX=0.045 w=0.010) ACC=97.256 F1=85.351 Rec=87.226 Prec=84.023
Train Client5 [12/50] LR=0.0002500 loss=0.166 (CE=0.091 VIR=0.093 wVIR=0.001 AUX=0.074 w=0.010) ACC=97.500 F1=78.059 Rec=78.409 Prec=77.726
Train Client6 [12/50] LR=0.0002500 loss=0.506 (CE=0.301 VIR=0.930 wVIR=0.009 AUX=0.196 w=0.010) ACC=90.556 F1=83.769 Rec=82.243 Prec=86.392
Train Client7 [12/50] LR=0.0002500 loss=0.386 (CE=0.208 VIR=0.746 wVIR=0.007 AUX=0.170 w=0.010) ACC=93.030 F1=93.137 Rec=92.449 Prec=93.914

Val    [12/50] LR=0.0002500 loss=1.825 ACC=95.943 F1=95.922 Rec=95.943 Prec=96.213
Val-Known->Virtual [12/50] rate=0.000% prob_mean=0.071710 margin_mean=0.852945
Val-LogitMargin [12/50] TrueKnown-VMax mean=3.4659 std=0.8583 p10=2.3217 p50=3.6372 p90=4.3644

Test-  OSR [12/50] LR=0.0002500 ACC=61.321 F1=64.593 Rec=80.429 Prec=71.064 UNK=4.000 OS*=95.714 HOS=7.679 AUROC=83.879 AUPR=79.039 OSCR=81.624
Test-Close [12/50] LR=0.0002500 loss=1.821 ACC=95.714 F1=95.677 Rec=95.714 Prec=95.911
Test-Virtual [12/50] CloseK->V=0.000% Open->V=4.000% OpenVEntropy=0.102416 CloseHist=[0, 0, 0] OpenHist=[0, 41, 1]
Test-LogitMargin [12/50] CloseTrue-VMax mean=3.5009 std=0.8545 p10=2.3748 p50=3.6657 p90=4.3799 | OpenKnown-VMax mean=2.3010 std=1.3436 p10=0.3456 p50=2.5461 p90=3.8718
AnchorDiag [12/50] VNorm=[1.0000001192092896, 1.0, 0.9999999403953552] VDriftMax=0.000000 Vcos(max/mean)=(0.0000/-0.0000) KVcos(max/mean)=(0.0335/0.0041) ValK->V=0.00% CloseK->V=0.00% Open->V=4.00% OpenVEntropy=0.1024
Train Client0 [13/50] LR=0.0002500 loss=0.254 (CE=0.141 VIR=0.198 wVIR=0.002 AUX=0.111 w=0.010) ACC=95.097 F1=75.791 Rec=76.039 Prec=75.558
Train Client1 [13/50] LR=0.0002500 loss=0.120 (CE=0.067 VIR=0.140 wVIR=0.001 AUX=0.051 w=0.010) ACC=97.493 F1=90.491 Rec=90.632 Prec=90.371
Train Client2 [13/50] LR=0.0002500 loss=0.241 (CE=0.139 VIR=0.460 wVIR=0.005 AUX=0.097 w=0.010) ACC=95.580 F1=89.929 Rec=88.980 Prec=91.168
Train Client3 [13/50] LR=0.0002500 loss=0.260 (CE=0.127 VIR=0.231 wVIR=0.002 AUX=0.131 w=0.010) ACC=96.402 F1=96.092 Rec=95.866 Prec=96.337
Train Client4 [13/50] LR=0.0002500 loss=0.177 (CE=0.121 VIR=0.405 wVIR=0.004 AUX=0.052 w=0.010) ACC=96.951 F1=81.655 Rec=84.463 Prec=79.581
Train Client5 [13/50] LR=0.0002500 loss=0.170 (CE=0.090 VIR=0.134 wVIR=0.001 AUX=0.079 w=0.010) ACC=97.232 F1=90.136 Rec=93.122 Prec=88.152
Train Client6 [13/50] LR=0.0002500 loss=0.426 (CE=0.250 VIR=0.804 wVIR=0.008 AUX=0.168 w=0.010) ACC=91.389 F1=85.865 Rec=88.975 Prec=83.160
Train Client7 [13/50] LR=0.0002500 loss=0.362 (CE=0.196 VIR=0.809 wVIR=0.008 AUX=0.158 w=0.010) ACC=93.258 F1=92.837 Rec=92.624 Prec=93.064

Val    [13/50] LR=0.0002500 loss=1.831 ACC=95.314 F1=95.274 Rec=95.314 Prec=95.681
Val-Known->Virtual [13/50] rate=0.000% prob_mean=0.068338 margin_mean=0.858304
Val-LogitMargin [13/50] TrueKnown-VMax mean=3.5118 std=0.8726 p10=2.4048 p50=3.6360 p90=4.4856

Test-  OSR [13/50] LR=0.0002500 ACC=62.607 F1=65.654 Rec=80.778 Prec=71.010 UNK=8.095 OS*=95.314 HOS=14.923 AUROC=83.275 AUPR=80.135 OSCR=80.648
Test-Close [13/50] LR=0.0002500 loss=1.827 ACC=95.314 F1=95.243 Rec=95.314 Prec=95.580
Test-Virtual [13/50] CloseK->V=0.000% Open->V=8.095% OpenVEntropy=-0.000000 CloseHist=[0, 0, 0] OpenHist=[0, 85, 0]
Test-LogitMargin [13/50] CloseTrue-VMax mean=3.5427 std=0.8812 p10=2.4282 p50=3.6722 p90=4.5207 | OpenKnown-VMax mean=2.2509 std=1.4914 p10=0.0987 p50=2.6660 p90=3.9094
AnchorDiag [13/50] VNorm=[1.0000001192092896, 1.0, 0.9999999403953552] VDriftMax=0.000000 Vcos(max/mean)=(0.0000/-0.0000) KVcos(max/mean)=(0.0364/0.0053) ValK->V=0.00% CloseK->V=0.00% Open->V=8.10% OpenVEntropy=-0.0000
Train Client0 [14/50] LR=0.0002500 loss=0.279 (CE=0.153 VIR=0.234 wVIR=0.002 AUX=0.124 w=0.010) ACC=94.450 F1=75.388 Rec=75.536 Prec=75.250
Train Client1 [14/50] LR=0.0002500 loss=0.126 (CE=0.071 VIR=0.168 wVIR=0.002 AUX=0.053 w=0.010) ACC=97.458 F1=91.985 Rec=91.238 Prec=92.790
Train Client2 [14/50] LR=0.0002500 loss=0.229 (CE=0.130 VIR=0.595 wVIR=0.006 AUX=0.092 w=0.010) ACC=96.150 F1=91.378 Rec=90.702 Prec=92.199
Train Client3 [14/50] LR=0.0002500 loss=0.242 (CE=0.126 VIR=0.208 wVIR=0.002 AUX=0.114 w=0.010) ACC=95.644 F1=94.357 Rec=94.117 Prec=94.617
Train Client4 [14/50] LR=0.0002500 loss=0.144 (CE=0.095 VIR=0.491 wVIR=0.005 AUX=0.044 w=0.010) ACC=96.951 F1=84.449 Rec=87.137 Prec=82.332
Train Client5 [14/50] LR=0.0002500 loss=0.166 (CE=0.088 VIR=0.138 wVIR=0.001 AUX=0.077 w=0.010) ACC=97.143 F1=82.948 Rec=82.891 Prec=83.015
Train Client6 [14/50] LR=0.0002500 loss=0.485 (CE=0.288 VIR=1.596 wVIR=0.016 AUX=0.181 w=0.010) ACC=88.611 F1=80.672 Rec=82.388 Prec=79.343
Train Client7 [14/50] LR=0.0002500 loss=0.377 (CE=0.203 VIR=1.000 wVIR=0.010 AUX=0.164 w=0.010) ACC=94.015 F1=93.449 Rec=92.922 Prec=94.012

Val    [14/50] LR=0.0002500 loss=1.824 ACC=95.886 F1=95.841 Rec=95.886 Prec=96.188
Val-Known->Virtual [14/50] rate=0.000% prob_mean=0.071062 margin_mean=0.862502
Val-LogitMargin [14/50] TrueKnown-VMax mean=3.4526 std=0.8315 p10=2.4389 p50=3.5735 p90=4.2928

Test-  OSR [14/50] LR=0.0002500 ACC=64.071 F1=67.257 Rec=81.587 Prec=71.641 UNK=11.524 OS*=95.600 HOS=20.568 AUROC=84.090 AUPR=80.937 OSCR=81.561
Test-Close [14/50] LR=0.0002500 loss=1.820 ACC=95.600 F1=95.544 Rec=95.600 Prec=95.812
Test-Virtual [14/50] CloseK->V=0.000% Open->V=11.524% OpenVEntropy=-0.000000 CloseHist=[0, 0, 0] OpenHist=[0, 121, 0]
Test-LogitMargin [14/50] CloseTrue-VMax mean=3.4773 std=0.8359 p10=2.4511 p50=3.6096 p90=4.3429 | OpenKnown-VMax mean=2.1043 std=1.4964 p10=-0.1212 p50=2.4312 p90=3.8359
AnchorDiag [14/50] VNorm=[1.0000001192092896, 1.0, 0.9999999403953552] VDriftMax=0.000000 Vcos(max/mean)=(0.0000/-0.0000) KVcos(max/mean)=(0.0385/0.0060) ValK->V=0.00% CloseK->V=0.00% Open->V=11.52% OpenVEntropy=-0.0000
Train Client0 [15/50] LR=0.0002500 loss=0.232 (CE=0.129 VIR=0.260 wVIR=0.003 AUX=0.101 w=0.010) ACC=95.097 F1=75.858 Rec=76.150 Prec=75.595
Train Client1 [15/50] LR=0.0002500 loss=0.127 (CE=0.072 VIR=0.176 wVIR=0.002 AUX=0.053 w=0.010) ACC=97.772 F1=90.553 Rec=89.691 Prec=91.548
Train Client2 [15/50] LR=0.0002500 loss=0.276 (CE=0.155 VIR=0.612 wVIR=0.006 AUX=0.116 w=0.010) ACC=95.247 F1=89.197 Rec=88.154 Prec=90.634
Train Client3 [15/50] LR=0.0002500 loss=0.306 (CE=0.167 VIR=0.219 wVIR=0.002 AUX=0.137 w=0.010) ACC=94.508 F1=92.150 Rec=93.230 Prec=91.344
Train Client4 [15/50] LR=0.0002500 loss=0.144 (CE=0.091 VIR=0.352 wVIR=0.004 AUX=0.049 w=0.010) ACC=97.104 F1=83.677 Rec=88.859 Prec=80.196
Train Client5 [15/50] LR=0.0002500 loss=0.158 (CE=0.085 VIR=0.194 wVIR=0.002 AUX=0.071 w=0.010) ACC=97.143 F1=86.492 Rec=87.462 Prec=85.748
Train Client6 [15/50] LR=0.0002500 loss=0.337 (CE=0.200 VIR=1.225 wVIR=0.012 AUX=0.125 w=0.010) ACC=92.222 F1=87.560 Rec=89.806 Prec=85.794
Train Client7 [15/50] LR=0.0002500 loss=0.376 (CE=0.201 VIR=1.165 wVIR=0.012 AUX=0.164 w=0.010) ACC=93.939 F1=94.201 Rec=93.557 Prec=94.931

Val    [15/50] LR=0.0002500 loss=1.826 ACC=95.943 F1=95.926 Rec=95.943 Prec=96.133
Val-Known->Virtual [15/50] rate=0.000% prob_mean=0.081323 margin_mean=0.845599
Val-LogitMargin [15/50] TrueKnown-VMax mean=3.4439 std=1.0064 p10=2.2405 p50=3.4588 p90=4.7947

Test-  OSR [15/50] LR=0.0002500 ACC=66.036 F1=69.394 Rec=82.556 Prec=72.320 UNK=16.476 OS*=95.771 HOS=28.115 AUROC=79.682 AUPR=77.893 OSCR=77.432
Test-Close [15/50] LR=0.0002500 loss=1.829 ACC=95.886 F1=95.852 Rec=95.886 Prec=95.993
Test-Virtual [15/50] CloseK->V=0.114% Open->V=16.476% OpenVEntropy=-0.000000 CloseHist=[0, 0, 2] OpenHist=[0, 173, 0]
Test-LogitMargin [15/50] CloseTrue-VMax mean=3.4689 std=1.0339 p10=2.3100 p50=3.4812 p90=4.8192 | OpenKnown-VMax mean=2.0196 std=1.7096 p10=-0.3543 p50=2.3809 p90=3.9806
AnchorDiag [15/50] VNorm=[1.0000001192092896, 1.0, 0.9999999403953552] VDriftMax=0.000000 Vcos(max/mean)=(0.0000/-0.0000) KVcos(max/mean)=(0.0394/0.0069) ValK->V=0.00% CloseK->V=0.11% Open->V=16.48% OpenVEntropy=-0.0000
Saving model at epoch 15 . . . . . . . .

Train Client0 [16/50] LR=0.0002500 loss=0.247 (CE=0.133 VIR=0.239 wVIR=0.002 AUX=0.111 w=0.010) ACC=94.935 F1=75.785 Rec=76.126 Prec=75.480
Train Client1 [16/50] LR=0.0002500 loss=0.131 (CE=0.072 VIR=0.147 wVIR=0.001 AUX=0.058 w=0.010) ACC=97.667 F1=92.320 Rec=92.129 Prec=92.516
Train Client2 [16/50] LR=0.0002500 loss=0.227 (CE=0.128 VIR=0.673 wVIR=0.007 AUX=0.092 w=0.010) ACC=95.770 F1=91.309 Rec=90.614 Prec=92.115
Train Client3 [16/50] LR=0.0002500 loss=0.186 (CE=0.100 VIR=0.209 wVIR=0.002 AUX=0.083 w=0.010) ACC=96.970 F1=96.453 Rec=96.367 Prec=96.542
Train Client4 [16/50] LR=0.0002500 loss=0.148 (CE=0.093 VIR=0.429 wVIR=0.004 AUX=0.051 w=0.010) ACC=97.104 F1=82.089 Rec=83.448 Prec=81.194
Train Client5 [16/50] LR=0.0002500 loss=0.164 (CE=0.091 VIR=0.166 wVIR=0.002 AUX=0.072 w=0.010) ACC=97.054 F1=82.796 Rec=82.818 Prec=82.779
Train Client6 [16/50] LR=0.0002500 loss=0.477 (CE=0.283 VIR=1.707 wVIR=0.017 AUX=0.176 w=0.010) ACC=89.444 F1=83.014 Rec=83.146 Prec=83.217
Train Client7 [16/50] LR=0.0002500 loss=0.324 (CE=0.173 VIR=1.096 wVIR=0.011 AUX=0.141 w=0.010) ACC=94.545 F1=88.024 Rec=93.858 Prec=85.572

Val    [16/50] LR=0.0002500 loss=1.821 ACC=95.771 F1=95.741 Rec=95.771 Prec=96.030
Val-Known->Virtual [16/50] rate=0.000% prob_mean=0.071938 margin_mean=0.865559
Val-LogitMargin [16/50] TrueKnown-VMax mean=3.5621 std=1.0155 p10=2.3725 p50=3.5972 p90=4.7948

Test-  OSR [16/50] LR=0.0002500 ACC=65.857 F1=68.976 Rec=82.444 Prec=72.099 UNK=16.095 OS*=95.714 HOS=27.557 AUROC=83.034 AUPR=80.191 OSCR=80.584
Test-Close [16/50] LR=0.0002500 loss=1.819 ACC=95.714 F1=95.670 Rec=95.714 Prec=95.904
Test-Virtual [16/50] CloseK->V=0.000% Open->V=16.095% OpenVEntropy=0.033000 CloseHist=[0, 0, 0] OpenHist=[0, 168, 1]
Test-LogitMargin [16/50] CloseTrue-VMax mean=3.6067 std=1.0258 p10=2.4306 p50=3.6618 p90=4.8530 | OpenKnown-VMax mean=2.0834 std=1.6567 p10=-0.2376 p50=2.5169 p90=3.9641
AnchorDiag [16/50] VNorm=[1.0000001192092896, 1.0, 0.9999999403953552] VDriftMax=0.000000 Vcos(max/mean)=(0.0000/-0.0000) KVcos(max/mean)=(0.0405/0.0075) ValK->V=0.00% CloseK->V=0.00% Open->V=16.10% OpenVEntropy=0.0330
Train Client0 [17/50] LR=0.0002500 loss=0.232 (CE=0.127 VIR=0.259 wVIR=0.003 AUX=0.102 w=0.010) ACC=95.097 F1=75.783 Rec=76.020 Prec=75.564
Train Client1 [17/50] LR=0.0002500 loss=0.135 (CE=0.076 VIR=0.256 wVIR=0.003 AUX=0.056 w=0.010) ACC=97.597 F1=90.198 Rec=89.278 Prec=91.252
Train Client2 [17/50] LR=0.0002500 loss=0.227 (CE=0.125 VIR=0.844 wVIR=0.008 AUX=0.093 w=0.010) ACC=96.055 F1=91.914 Rec=91.739 Prec=92.149
Train Client3 [17/50] LR=0.0002500 loss=0.220 (CE=0.122 VIR=0.202 wVIR=0.002 AUX=0.096 w=0.010) ACC=96.023 F1=95.618 Rec=95.665 Prec=95.579
Train Client4 [17/50] LR=0.0002500 loss=0.142 (CE=0.091 VIR=0.560 wVIR=0.006 AUX=0.045 w=0.010) ACC=98.247 F1=90.301 Rec=91.591 Prec=89.129
Train Client5 [17/50] LR=0.0002500 loss=0.148 (CE=0.087 VIR=0.224 wVIR=0.002 AUX=0.059 w=0.010) ACC=97.500 F1=84.816 Rec=83.190 Prec=88.109
Train Client6 [17/50] LR=0.0002500 loss=0.456 (CE=0.276 VIR=1.592 wVIR=0.016 AUX=0.164 w=0.010) ACC=90.833 F1=82.821 Rec=82.978 Prec=84.387
Train Client7 [17/50] LR=0.0002500 loss=0.331 (CE=0.176 VIR=1.184 wVIR=0.012 AUX=0.144 w=0.010) ACC=94.848 F1=94.340 Rec=93.824 Prec=94.903

Val    [17/50] LR=0.0002500 loss=1.816 ACC=96.000 F1=95.983 Rec=96.000 Prec=96.219
Val-Known->Virtual [17/50] rate=0.000% prob_mean=0.079248 margin_mean=0.853074
Val-LogitMargin [17/50] TrueKnown-VMax mean=3.4808 std=0.9901 p10=2.2562 p50=3.5870 p90=4.6592

Test-  OSR [17/50] LR=0.0002500 ACC=66.214 F1=69.326 Rec=82.698 Prec=72.064 UNK=16.762 OS*=95.886 HOS=28.535 AUROC=82.545 AUPR=79.640 OSCR=80.317
Test-Close [17/50] LR=0.0002500 loss=1.816 ACC=95.886 F1=95.851 Rec=95.886 Prec=96.013
Test-Virtual [17/50] CloseK->V=0.000% Open->V=16.762% OpenVEntropy=0.168310 CloseHist=[0, 0, 0] OpenHist=[0, 168, 8]
Test-LogitMargin [17/50] CloseTrue-VMax mean=3.5229 std=1.0068 p10=2.3262 p50=3.6364 p90=4.7412 | OpenKnown-VMax mean=1.9588 std=1.6365 p10=-0.4204 p50=2.3523 p90=3.8207
AnchorDiag [17/50] VNorm=[1.0000001192092896, 1.0, 0.9999999403953552] VDriftMax=0.000000 Vcos(max/mean)=(0.0000/-0.0000) KVcos(max/mean)=(0.0415/0.0080) ValK->V=0.00% CloseK->V=0.00% Open->V=16.76% OpenVEntropy=0.1683
Train Client0 [18/50] LR=0.0002500 loss=0.246 (CE=0.132 VIR=0.353 wVIR=0.004 AUX=0.111 w=0.010) ACC=94.935 F1=94.719 Rec=95.135 Prec=94.331
Train Client1 [18/50] LR=0.0002500 loss=0.123 (CE=0.069 VIR=0.162 wVIR=0.002 AUX=0.053 w=0.010) ACC=98.050 F1=91.514 Rec=90.926 Prec=92.151
Train Client2 [18/50] LR=0.0002500 loss=0.237 (CE=0.128 VIR=0.778 wVIR=0.008 AUX=0.102 w=0.010) ACC=96.055 F1=91.379 Rec=91.142 Prec=91.664
Train Client3 [18/50] LR=0.0002500 loss=0.272 (CE=0.134 VIR=0.231 wVIR=0.002 AUX=0.135 w=0.010) ACC=95.644 F1=94.480 Rec=94.199 Prec=94.781
Train Client4 [18/50] LR=0.0002500 loss=0.127 (CE=0.085 VIR=0.482 wVIR=0.005 AUX=0.037 w=0.010) ACC=97.790 F1=85.124 Rec=89.650 Prec=81.798
Train Client5 [18/50] LR=0.0002500 loss=0.127 (CE=0.073 VIR=0.189 wVIR=0.002 AUX=0.053 w=0.010) ACC=98.125 F1=90.668 Rec=93.608 Prec=88.728
Train Client6 [18/50] LR=0.0002500 loss=0.460 (CE=0.268 VIR=1.802 wVIR=0.018 AUX=0.174 w=0.010) ACC=88.889 F1=82.419 Rec=83.221 Prec=81.806
Train Client7 [18/50] LR=0.0002500 loss=0.326 (CE=0.173 VIR=1.424 wVIR=0.014 AUX=0.139 w=0.010) ACC=94.773 F1=93.541 Rec=93.181 Prec=93.952

Val    [18/50] LR=0.0002500 loss=1.807 ACC=96.514 F1=96.498 Rec=96.514 Prec=96.663
Val-Known->Virtual [18/50] rate=0.000% prob_mean=0.074640 margin_mean=0.858097
Val-LogitMargin [18/50] TrueKnown-VMax mean=3.6465 std=1.1052 p10=2.2192 p50=3.7025 p90=5.0708

Test-  OSR [18/50] LR=0.0002500 ACC=68.179 F1=71.303 Rec=83.825 Prec=73.028 UNK=21.238 OS*=96.343 HOS=34.804 AUROC=80.401 AUPR=77.469 OSCR=78.521
Test-Close [18/50] LR=0.0002500 loss=1.810 ACC=96.343 F1=96.319 Rec=96.343 Prec=96.418
Test-Virtual [18/50] CloseK->V=0.000% Open->V=21.238% OpenVEntropy=0.064923 CloseHist=[0, 0, 0] OpenHist=[0, 220, 3]
Test-LogitMargin [18/50] CloseTrue-VMax mean=3.6801 std=1.1258 p10=2.2947 p50=3.6986 p90=5.1179 | OpenKnown-VMax mean=1.9958 std=1.8117 p10=-0.6098 p50=2.6242 p90=3.9272
AnchorDiag [18/50] VNorm=[1.0000001192092896, 1.0, 0.9999999403953552] VDriftMax=0.000000 Vcos(max/mean)=(0.0000/-0.0000) KVcos(max/mean)=(0.0437/0.0089) ValK->V=0.00% CloseK->V=0.00% Open->V=21.24% OpenVEntropy=0.0649
Train Client0 [19/50] LR=0.0002500 loss=0.233 (CE=0.128 VIR=0.326 wVIR=0.003 AUX=0.101 w=0.010) ACC=95.744 F1=76.506 Rec=76.908 Prec=76.149
Train Client1 [19/50] LR=0.0002500 loss=0.111 (CE=0.064 VIR=0.226 wVIR=0.002 AUX=0.045 w=0.010) ACC=97.876 F1=93.098 Rec=93.119 Prec=93.086
Train Client2 [19/50] LR=0.0002500 loss=0.223 (CE=0.123 VIR=0.812 wVIR=0.008 AUX=0.092 w=0.010) ACC=96.388 F1=91.943 Rec=91.021 Prec=93.152
Train Client3 [19/50] LR=0.0002500 loss=0.281 (CE=0.149 VIR=0.454 wVIR=0.005 AUX=0.127 w=0.010) ACC=96.402 F1=96.018 Rec=95.537 Prec=96.541
Train Client4 [19/50] LR=0.0002500 loss=0.114 (CE=0.083 VIR=0.635 wVIR=0.006 AUX=0.025 w=0.010) ACC=98.095 F1=85.965 Rec=89.457 Prec=83.184
Train Client5 [19/50] LR=0.0002500 loss=0.110 (CE=0.066 VIR=0.205 wVIR=0.002 AUX=0.043 w=0.010) ACC=97.679 F1=86.116 Rec=87.969 Prec=84.932
Train Client6 [19/50] LR=0.0002500 loss=0.395 (CE=0.232 VIR=1.812 wVIR=0.018 AUX=0.144 w=0.010) ACC=91.944 F1=87.933 Rec=88.895 Prec=87.106
Train Client7 [19/50] LR=0.0002500 loss=0.343 (CE=0.184 VIR=1.379 wVIR=0.014 AUX=0.146 w=0.010) ACC=94.773 F1=94.813 Rec=94.546 Prec=95.100

Val    [19/50] LR=0.0002500 loss=1.820 ACC=95.943 F1=95.921 Rec=95.943 Prec=96.290
Val-Known->Virtual [19/50] rate=0.000% prob_mean=0.073562 margin_mean=0.867247
Val-LogitMargin [19/50] TrueKnown-VMax mean=3.5911 std=1.1056 p10=2.1790 p50=3.6905 p90=4.8979

Test-  OSR [19/50] LR=0.0002500 ACC=63.929 F1=67.089 Rec=81.556 Prec=71.583 UNK=11.048 OS*=95.657 HOS=19.808 AUROC=81.106 AUPR=76.928 OSCR=78.869
Test-Close [19/50] LR=0.0002500 loss=1.820 ACC=95.657 F1=95.609 Rec=95.657 Prec=95.922
Test-Virtual [19/50] CloseK->V=0.000% Open->V=11.048% OpenVEntropy=0.079281 CloseHist=[0, 0, 0] OpenHist=[0, 114, 2]
Test-LogitMargin [19/50] CloseTrue-VMax mean=3.6205 std=1.1113 p10=2.2514 p50=3.7161 p90=4.9822 | OpenKnown-VMax mean=2.2263 std=1.5596 p10=-0.0658 p50=2.4788 p90=4.0064
AnchorDiag [19/50] VNorm=[1.0000001192092896, 1.0, 0.9999999403953552] VDriftMax=0.000000 Vcos(max/mean)=(0.0000/-0.0000) KVcos(max/mean)=(0.0439/0.0093) ValK->V=0.00% CloseK->V=0.00% Open->V=11.05% OpenVEntropy=0.0793
Train Client0 [20/50] LR=0.0002500 loss=0.215 (CE=0.117 VIR=0.264 wVIR=0.003 AUX=0.096 w=0.010) ACC=95.851 F1=76.556 Rec=76.751 Prec=76.368
Train Client1 [20/50] LR=0.0002500 loss=0.121 (CE=0.066 VIR=0.213 wVIR=0.002 AUX=0.052 w=0.010) ACC=97.737 F1=91.159 Rec=91.421 Prec=90.943
Train Client2 [20/50] LR=0.0002500 loss=0.220 (CE=0.122 VIR=0.802 wVIR=0.008 AUX=0.090 w=0.010) ACC=96.103 F1=91.319 Rec=91.164 Prec=91.525
Train Client3 [20/50] LR=0.0002500 loss=0.219 (CE=0.121 VIR=0.296 wVIR=0.003 AUX=0.096 w=0.010) ACC=95.644 F1=94.912 Rec=94.963 Prec=94.894
Train Client4 [20/50] LR=0.0002500 loss=0.129 (CE=0.082 VIR=0.534 wVIR=0.005 AUX=0.042 w=0.010) ACC=97.790 F1=85.838 Rec=91.284 Prec=82.913
Train Client5 [20/50] LR=0.0002500 loss=0.154 (CE=0.083 VIR=0.125 wVIR=0.001 AUX=0.070 w=0.010) ACC=97.232 F1=78.168 Rec=78.085 Prec=78.256
Train Client6 [20/50] LR=0.0002500 loss=0.406 (CE=0.271 VIR=1.990 wVIR=0.020 AUX=0.115 w=0.010) ACC=89.444 F1=82.679 Rec=82.757 Prec=82.924
Train Client7 [20/50] LR=0.0002500 loss=0.348 (CE=0.188 VIR=1.342 wVIR=0.013 AUX=0.146 w=0.010) ACC=94.621 F1=94.973 Rec=94.973 Prec=94.999

Val    [20/50] LR=0.0002500 loss=1.816 ACC=96.286 F1=96.261 Rec=96.286 Prec=96.564
Val-Known->Virtual [20/50] rate=0.000% prob_mean=0.074626 margin_mean=0.866173
Val-LogitMargin [20/50] TrueKnown-VMax mean=3.6053 std=1.1073 p10=2.3258 p50=3.5941 p90=5.0024

Test-  OSR [20/50] LR=0.0002500 ACC=67.286 F1=70.371 Rec=83.016 Prec=72.671 UNK=20.095 OS*=95.600 HOS=33.210 AUROC=82.871 AUPR=79.953 OSCR=80.422
Test-Close [20/50] LR=0.0002500 loss=1.822 ACC=95.600 F1=95.552 Rec=95.600 Prec=95.794
Test-Virtual [20/50] CloseK->V=0.000% Open->V=20.095% OpenVEntropy=0.160465 CloseHist=[0, 0, 0] OpenHist=[0, 202, 9]
Test-LogitMargin [20/50] CloseTrue-VMax mean=3.6295 std=1.1311 p10=2.3050 p50=3.6612 p90=5.0578 | OpenKnown-VMax mean=1.8790 std=1.7977 p10=-0.6031 p50=2.2815 p90=3.9557
AnchorDiag [20/50] VNorm=[1.0000001192092896, 1.0, 0.9999999403953552] VDriftMax=0.000000 Vcos(max/mean)=(0.0000/-0.0000) KVcos(max/mean)=(0.0454/0.0100) ValK->V=0.00% CloseK->V=0.00% Open->V=20.10% OpenVEntropy=0.1605
Saving model at epoch 20 . . . . . . . .

Train Client0 [21/50] LR=0.0002500 loss=0.232 (CE=0.126 VIR=0.340 wVIR=0.003 AUX=0.103 w=0.010) ACC=95.151 F1=94.863 Rec=95.438 Prec=94.357
Train Client1 [21/50] LR=0.0002500 loss=0.094 (CE=0.053 VIR=0.201 wVIR=0.002 AUX=0.039 w=0.010) ACC=98.050 F1=92.428 Rec=92.260 Prec=92.601
Train Client2 [21/50] LR=0.0002500 loss=0.221 (CE=0.122 VIR=0.755 wVIR=0.008 AUX=0.091 w=0.010) ACC=96.863 F1=93.588 Rec=92.899 Prec=94.403
Train Client3 [21/50] LR=0.0002500 loss=0.194 (CE=0.096 VIR=0.224 wVIR=0.002 AUX=0.096 w=0.010) ACC=97.348 F1=97.087 Rec=97.325 Prec=96.859
Train Client4 [21/50] LR=0.0002500 loss=0.132 (CE=0.082 VIR=0.492 wVIR=0.005 AUX=0.046 w=0.010) ACC=97.942 F1=88.567 Rec=91.094 Prec=86.543
Train Client5 [21/50] LR=0.0002500 loss=0.124 (CE=0.070 VIR=0.236 wVIR=0.002 AUX=0.052 w=0.010) ACC=97.500 F1=81.750 Rec=83.090 Prec=80.996
Train Client6 [21/50] LR=0.0002500 loss=0.424 (CE=0.266 VIR=2.126 wVIR=0.021 AUX=0.137 w=0.010) ACC=90.000 F1=82.689 Rec=85.113 Prec=81.004
Train Client7 [21/50] LR=0.0002500 loss=0.329 (CE=0.175 VIR=1.390 wVIR=0.014 AUX=0.140 w=0.010) ACC=94.697 F1=94.148 Rec=93.519 Prec=94.836

Val    [21/50] LR=0.0002500 loss=1.846 ACC=95.600 F1=95.552 Rec=95.600 Prec=96.023
Val-Known->Virtual [21/50] rate=0.057% prob_mean=0.079493 margin_mean=0.864818
Val-LogitMargin [21/50] TrueKnown-VMax mean=3.6429 std=1.3811 p10=2.0834 p50=3.5216 p90=5.5069

Test-  OSR [21/50] LR=0.0002500 ACC=67.607 F1=70.705 Rec=83.127 Prec=73.014 UNK=21.048 OS*=95.543 HOS=34.496 AUROC=81.390 AUPR=78.312 OSCR=78.756
Test-Close [21/50] LR=0.0002500 loss=1.844 ACC=95.543 F1=95.492 Rec=95.543 Prec=95.821
Test-Virtual [21/50] CloseK->V=0.000% Open->V=21.048% OpenVEntropy=0.026343 CloseHist=[0, 0, 0] OpenHist=[0, 220, 1]
Test-LogitMargin [21/50] CloseTrue-VMax mean=3.6726 std=1.4044 p10=2.0479 p50=3.5404 p90=5.5450 | OpenKnown-VMax mean=1.8880 std=1.8828 p10=-0.6599 p50=2.2663 p90=4.1364
AnchorDiag [21/50] VNorm=[1.0000001192092896, 1.0, 0.9999999403953552] VDriftMax=0.000000 Vcos(max/mean)=(0.0000/-0.0000) KVcos(max/mean)=(0.0465/0.0104) ValK->V=0.06% CloseK->V=0.00% Open->V=21.05% OpenVEntropy=0.0263
Train Client0 [22/50] LR=0.0002500 loss=0.251 (CE=0.138 VIR=0.454 wVIR=0.005 AUX=0.109 w=0.010) ACC=94.881 F1=75.644 Rec=75.914 Prec=75.390
Train Client1 [22/50] LR=0.0002500 loss=0.087 (CE=0.050 VIR=0.135 wVIR=0.001 AUX=0.036 w=0.010) ACC=98.468 F1=94.330 Rec=94.544 Prec=94.121
Train Client2 [22/50] LR=0.0002500 loss=0.222 (CE=0.123 VIR=0.751 wVIR=0.008 AUX=0.092 w=0.010) ACC=96.103 F1=91.546 Rec=90.974 Prec=92.202
Train Client3 [22/50] LR=0.0002500 loss=0.195 (CE=0.103 VIR=0.194 wVIR=0.002 AUX=0.090 w=0.010) ACC=96.780 F1=93.929 Rec=96.641 Prec=91.957
Train Client4 [22/50] LR=0.0002500 loss=0.136 (CE=0.091 VIR=0.750 wVIR=0.007 AUX=0.038 w=0.010) ACC=97.485 F1=86.415 Rec=91.348 Prec=83.008
Train Client5 [22/50] LR=0.0002500 loss=0.122 (CE=0.061 VIR=0.230 wVIR=0.002 AUX=0.059 w=0.010) ACC=98.750 F1=89.003 Rec=89.030 Prec=88.977
Train Client6 [22/50] LR=0.0002500 loss=0.426 (CE=0.254 VIR=1.699 wVIR=0.017 AUX=0.155 w=0.010) ACC=90.833 F1=85.707 Rec=85.257 Prec=86.275
Train Client7 [22/50] LR=0.0002500 loss=0.315 (CE=0.166 VIR=1.074 wVIR=0.011 AUX=0.138 w=0.010) ACC=95.227 F1=94.183 Rec=93.257 Prec=95.197

Val    [22/50] LR=0.0002500 loss=1.875 ACC=95.943 F1=95.927 Rec=95.943 Prec=96.195
Val-Known->Virtual [22/50] rate=0.457% prob_mean=0.118229 margin_mean=0.802442
Val-LogitMargin [22/50] TrueKnown-VMax mean=3.1035 std=1.1753 p10=1.4868 p50=3.2223 p90=4.5329

Test-  OSR [22/50] LR=0.0002500 ACC=69.821 F1=72.929 Rec=84.016 Prec=73.698 UNK=27.238 OS*=95.371 HOS=42.374 AUROC=83.616 AUPR=80.336 OSCR=80.936
Test-Close [22/50] LR=0.0002500 loss=1.876 ACC=95.657 F1=95.626 Rec=95.657 Prec=95.809
Test-Virtual [22/50] CloseK->V=0.343% Open->V=27.238% OpenVEntropy=0.116165 CloseHist=[0, 6, 0] OpenHist=[0, 278, 8]
Test-LogitMargin [22/50] CloseTrue-VMax mean=3.1169 std=1.1999 p10=1.5141 p50=3.2650 p90=4.5472 | OpenKnown-VMax mean=1.3011 std=1.7367 p10=-1.1038 p50=1.6158 p90=3.4167
AnchorDiag [22/50] VNorm=[1.0000001192092896, 1.0, 0.9999999403953552] VDriftMax=0.000000 Vcos(max/mean)=(0.0000/-0.0000) KVcos(max/mean)=(0.0470/0.0109) ValK->V=0.46% CloseK->V=0.34% Open->V=27.24% OpenVEntropy=0.1162
>> New learning Rate: 0.000125
Train Client0 [23/50] LR=0.0001250 loss=0.178 (CE=0.097 VIR=0.245 wVIR=0.002 AUX=0.078 w=0.010) ACC=96.444 F1=77.070 Rec=77.558 Prec=76.638
Train Client1 [23/50] LR=0.0001250 loss=0.046 (CE=0.027 VIR=0.124 wVIR=0.001 AUX=0.019 w=0.010) ACC=99.095 F1=96.792 Rec=97.662 Prec=96.013
Train Client2 [23/50] LR=0.0001250 loss=0.158 (CE=0.090 VIR=0.816 wVIR=0.008 AUX=0.059 w=0.010) ACC=97.196 F1=93.823 Rec=94.364 Prec=93.313
Train Client3 [23/50] LR=0.0001250 loss=0.164 (CE=0.083 VIR=0.320 wVIR=0.003 AUX=0.077 w=0.010) ACC=97.159 F1=96.789 Rec=97.169 Prec=96.457
Train Client4 [23/50] LR=0.0001250 loss=0.110 (CE=0.086 VIR=0.447 wVIR=0.004 AUX=0.019 w=0.010) ACC=97.561 F1=84.950 Rec=91.888 Prec=81.625
Train Client5 [23/50] LR=0.0001250 loss=0.093 (CE=0.058 VIR=0.198 wVIR=0.002 AUX=0.033 w=0.010) ACC=98.214 F1=85.612 Rec=88.749 Prec=84.145
Train Client6 [23/50] LR=0.0001250 loss=0.357 (CE=0.234 VIR=1.878 wVIR=0.019 AUX=0.104 w=0.010) ACC=92.500 F1=88.201 Rec=93.677 Prec=83.837
Train Client7 [23/50] LR=0.0001250 loss=0.247 (CE=0.131 VIR=1.488 wVIR=0.015 AUX=0.100 w=0.010) ACC=95.909 F1=95.969 Rec=95.703 Prec=96.241

Val    [23/50] LR=0.0001250 loss=1.808 ACC=96.514 F1=96.493 Rec=96.514 Prec=96.680
Val-Known->Virtual [23/50] rate=0.057% prob_mean=0.069540 margin_mean=0.876683
Val-LogitMargin [23/50] TrueKnown-VMax mean=3.9545 std=1.4681 p10=2.1639 p50=3.8101 p90=5.9207

Test-  OSR [23/50] LR=0.0001250 ACC=67.071 F1=70.201 Rec=83.238 Prec=72.580 UNK=18.571 OS*=96.171 HOS=31.131 AUROC=83.323 AUPR=80.045 OSCR=81.147
Test-Close [23/50] LR=0.0001250 loss=1.809 ACC=96.171 F1=96.138 Rec=96.171 Prec=96.314
Test-Virtual [23/50] CloseK->V=0.000% Open->V=18.571% OpenVEntropy=0.210429 CloseHist=[0, 0, 0] OpenHist=[0, 183, 12]
Test-LogitMargin [23/50] CloseTrue-VMax mean=3.9762 std=1.4884 p10=2.2079 p50=3.8239 p90=5.9663 | OpenKnown-VMax mean=1.9139 std=1.8301 p10=-0.6143 p50=2.2662 p90=4.0587
AnchorDiag [23/50] VNorm=[1.0000001192092896, 1.0, 0.9999999403953552] VDriftMax=0.000000 Vcos(max/mean)=(0.0000/-0.0000) KVcos(max/mean)=(0.0475/0.0113) ValK->V=0.06% CloseK->V=0.00% Open->V=18.57% OpenVEntropy=0.2104
Train Client0 [24/50] LR=0.0001250 loss=0.155 (CE=0.086 VIR=0.244 wVIR=0.002 AUX=0.067 w=0.010) ACC=96.875 F1=96.706 Rec=96.967 Prec=96.458
Train Client1 [24/50] LR=0.0001250 loss=0.045 (CE=0.024 VIR=0.150 wVIR=0.001 AUX=0.019 w=0.010) ACC=99.199 F1=96.353 Rec=96.932 Prec=95.825
Train Client2 [24/50] LR=0.0001250 loss=0.173 (CE=0.097 VIR=0.790 wVIR=0.008 AUX=0.068 w=0.010) ACC=97.101 F1=93.606 Rec=92.915 Prec=94.387
Train Client3 [24/50] LR=0.0001250 loss=0.132 (CE=0.071 VIR=0.209 wVIR=0.002 AUX=0.059 w=0.010) ACC=98.106 F1=97.694 Rec=97.705 Prec=97.686
Train Client4 [24/50] LR=0.0001250 loss=0.126 (CE=0.097 VIR=0.435 wVIR=0.004 AUX=0.025 w=0.010) ACC=97.790 F1=87.673 Rec=91.999 Prec=85.111
Train Client5 [24/50] LR=0.0001250 loss=0.080 (CE=0.051 VIR=0.156 wVIR=0.002 AUX=0.028 w=0.010) ACC=98.571 F1=86.390 Rec=89.072 Prec=84.879
Train Client6 [24/50] LR=0.0001250 loss=0.360 (CE=0.235 VIR=1.825 wVIR=0.018 AUX=0.107 w=0.010) ACC=91.111 F1=86.779 Rec=87.500 Prec=86.145
Train Client7 [24/50] LR=0.0001250 loss=0.276 (CE=0.152 VIR=1.697 wVIR=0.017 AUX=0.107 w=0.010) ACC=95.606 F1=88.845 Rec=95.573 Prec=85.456

Val    [24/50] LR=0.0001250 loss=1.809 ACC=96.400 F1=96.381 Rec=96.400 Prec=96.606
Val-Known->Virtual [24/50] rate=0.057% prob_mean=0.070741 margin_mean=0.879786
Val-LogitMargin [24/50] TrueKnown-VMax mean=3.8847 std=1.3834 p10=2.1817 p50=3.8714 p90=5.7062

Test-  OSR [24/50] LR=0.0001250 ACC=68.643 F1=71.756 Rec=83.905 Prec=73.216 UNK=22.857 OS*=96.114 HOS=36.932 AUROC=82.919 AUPR=79.636 OSCR=80.778
Test-Close [24/50] LR=0.0001250 loss=1.810 ACC=96.171 F1=96.142 Rec=96.171 Prec=96.330
Test-Virtual [24/50] CloseK->V=0.114% Open->V=22.857% OpenVEntropy=0.180696 CloseHist=[0, 2, 0] OpenHist=[0, 228, 12]
Test-LogitMargin [24/50] CloseTrue-VMax mean=3.9023 std=1.4120 p10=2.2158 p50=3.8888 p90=5.7153 | OpenKnown-VMax mean=1.8273 std=1.9101 p10=-0.8826 p50=2.1667 p90=4.0850
AnchorDiag [24/50] VNorm=[1.0000001192092896, 1.0, 0.9999999403953552] VDriftMax=0.000000 Vcos(max/mean)=(0.0000/-0.0000) KVcos(max/mean)=(0.0486/0.0117) ValK->V=0.06% CloseK->V=0.11% Open->V=22.86% OpenVEntropy=0.1807
Train Client0 [25/50] LR=0.0001250 loss=0.194 (CE=0.103 VIR=0.260 wVIR=0.003 AUX=0.089 w=0.010) ACC=96.444 F1=77.087 Rec=77.363 Prec=76.837
Train Client1 [25/50] LR=0.0001250 loss=0.047 (CE=0.024 VIR=0.170 wVIR=0.002 AUX=0.021 w=0.010) ACC=99.234 F1=96.821 Rec=97.451 Prec=96.244
Train Client2 [25/50] LR=0.0001250 loss=0.163 (CE=0.093 VIR=0.810 wVIR=0.008 AUX=0.062 w=0.010) ACC=97.386 F1=93.746 Rec=93.853 Prec=93.644
Train Client3 [25/50] LR=0.0001250 loss=0.111 (CE=0.062 VIR=0.232 wVIR=0.002 AUX=0.046 w=0.010) ACC=98.106 F1=97.859 Rec=97.689 Prec=98.034
Train Client4 [25/50] LR=0.0001250 loss=0.106 (CE=0.075 VIR=0.393 wVIR=0.004 AUX=0.027 w=0.010) ACC=98.247 F1=90.200 Rec=97.865 Prec=86.395
Train Client5 [25/50] LR=0.0001250 loss=0.078 (CE=0.043 VIR=0.164 wVIR=0.002 AUX=0.034 w=0.010) ACC=98.929 F1=93.749 Rec=99.235 Prec=90.606
Train Client6 [25/50] LR=0.0001250 loss=0.369 (CE=0.239 VIR=2.348 wVIR=0.023 AUX=0.107 w=0.010) ACC=93.056 F1=90.453 Rec=93.598 Prec=88.063
Train Client7 [25/50] LR=0.0001250 loss=0.250 (CE=0.131 VIR=1.759 wVIR=0.018 AUX=0.101 w=0.010) ACC=96.288 F1=88.783 Rec=95.263 Prec=85.645

Val    [25/50] LR=0.0001250 loss=1.796 ACC=96.457 F1=96.430 Rec=96.457 Prec=96.653
Val-Known->Virtual [25/50] rate=0.057% prob_mean=0.069390 margin_mean=0.880053
Val-LogitMargin [25/50] TrueKnown-VMax mean=3.9548 std=1.4097 p10=2.2335 p50=3.8938 p90=5.8055

Test-  OSR [25/50] LR=0.0001250 ACC=68.750 F1=71.946 Rec=84.048 Prec=73.498 UNK=22.857 OS*=96.286 HOS=36.944 AUROC=82.011 AUPR=78.755 OSCR=80.055
Test-Close [25/50] LR=0.0001250 loss=1.802 ACC=96.400 F1=96.374 Rec=96.400 Prec=96.525
Test-Virtual [25/50] CloseK->V=0.114% Open->V=22.857% OpenVEntropy=0.043868 CloseHist=[0, 2, 0] OpenHist=[0, 238, 2]
Test-LogitMargin [25/50] CloseTrue-VMax mean=3.9656 std=1.4425 p10=2.2403 p50=3.8810 p90=5.8948 | OpenKnown-VMax mean=1.8355 std=1.9895 p10=-0.9541 p50=2.2070 p90=4.2191
AnchorDiag [25/50] VNorm=[1.0000001192092896, 1.0, 0.9999999403953552] VDriftMax=0.000000 Vcos(max/mean)=(0.0000/-0.0000) KVcos(max/mean)=(0.0491/0.0120) ValK->V=0.06% CloseK->V=0.11% Open->V=22.86% OpenVEntropy=0.0439
Saving model at epoch 25 . . . . . . . .

Train Client0 [26/50] LR=0.0001250 loss=0.165 (CE=0.094 VIR=0.390 wVIR=0.004 AUX=0.066 w=0.010) ACC=96.659 F1=77.219 Rec=77.450 Prec=76.999
Train Client1 [26/50] LR=0.0001250 loss=0.047 (CE=0.025 VIR=0.172 wVIR=0.002 AUX=0.020 w=0.010) ACC=99.130 F1=96.075 Rec=96.198 Prec=95.960
Train Client2 [26/50] LR=0.0001250 loss=0.146 (CE=0.084 VIR=0.809 wVIR=0.008 AUX=0.054 w=0.010) ACC=97.671 F1=93.810 Rec=93.587 Prec=94.086
Train Client3 [26/50] LR=0.0001250 loss=0.121 (CE=0.068 VIR=0.150 wVIR=0.001 AUX=0.052 w=0.010) ACC=98.106 F1=97.803 Rec=97.715 Prec=97.893
Train Client4 [26/50] LR=0.0001250 loss=0.103 (CE=0.072 VIR=0.450 wVIR=0.005 AUX=0.027 w=0.010) ACC=98.095 F1=88.594 Rec=96.458 Prec=84.209
Train Client5 [26/50] LR=0.0001250 loss=0.046 (CE=0.026 VIR=0.149 wVIR=0.001 AUX=0.019 w=0.010) ACC=99.107 F1=89.552 Rec=94.429 Prec=87.175
Train Client6 [26/50] LR=0.0001250 loss=0.384 (CE=0.245 VIR=1.701 wVIR=0.017 AUX=0.121 w=0.010) ACC=91.389 F1=87.814 Rec=90.196 Prec=85.802
Train Client7 [26/50] LR=0.0001250 loss=0.231 (CE=0.126 VIR=1.653 wVIR=0.017 AUX=0.088 w=0.010) ACC=96.515 F1=96.539 Rec=96.380 Prec=96.719

Val    [26/50] LR=0.0001250 loss=1.810 ACC=96.686 F1=96.662 Rec=96.686 Prec=96.842
Val-Known->Virtual [26/50] rate=0.114% prob_mean=0.080372 margin_mean=0.867842
Val-LogitMargin [26/50] TrueKnown-VMax mean=3.8759 std=1.5199 p10=2.0416 p50=3.8036 p90=5.9342

Test-  OSR [26/50] LR=0.0001250 ACC=69.464 F1=72.620 Rec=84.270 Prec=73.830 UNK=25.048 OS*=96.114 HOS=39.739 AUROC=80.770 AUPR=77.514 OSCR=78.760
Test-Close [26/50] LR=0.0001250 loss=1.818 ACC=96.171 F1=96.137 Rec=96.171 Prec=96.270
Test-Virtual [26/50] CloseK->V=0.114% Open->V=25.048% OpenVEntropy=0.111754 CloseHist=[0, 2, 0] OpenHist=[0, 256, 7]
Test-LogitMargin [26/50] CloseTrue-VMax mean=3.8891 std=1.5540 p10=2.0625 p50=3.7800 p90=5.9765 | OpenKnown-VMax mean=1.8221 std=2.0400 p10=-1.0100 p50=2.1863 p90=4.2687
AnchorDiag [26/50] VNorm=[1.0000001192092896, 1.0, 0.9999999403953552] VDriftMax=0.000000 Vcos(max/mean)=(0.0000/-0.0000) KVcos(max/mean)=(0.0496/0.0124) ValK->V=0.11% CloseK->V=0.11% Open->V=25.05% OpenVEntropy=0.1118
Train Client0 [27/50] LR=0.0001250 loss=0.177 (CE=0.095 VIR=0.204 wVIR=0.002 AUX=0.080 w=0.010) ACC=96.390 F1=77.002 Rec=77.298 Prec=76.730
Train Client1 [27/50] LR=0.0001250 loss=0.042 (CE=0.024 VIR=0.103 wVIR=0.001 AUX=0.018 w=0.010) ACC=99.130 F1=95.003 Rec=95.309 Prec=94.719
Train Client2 [27/50] LR=0.0001250 loss=0.147 (CE=0.082 VIR=0.732 wVIR=0.007 AUX=0.057 w=0.010) ACC=97.338 F1=93.508 Rec=93.090 Prec=93.994
Train Client3 [27/50] LR=0.0001250 loss=0.195 (CE=0.103 VIR=0.239 wVIR=0.002 AUX=0.090 w=0.010) ACC=96.970 F1=96.663 Rec=96.574 Prec=96.753
Train Client4 [27/50] LR=0.0001250 loss=0.097 (CE=0.072 VIR=0.356 wVIR=0.004 AUX=0.022 w=0.010) ACC=98.323 F1=90.390 Rec=96.483 Prec=87.140
Train Client5 [27/50] LR=0.0001250 loss=0.074 (CE=0.042 VIR=0.144 wVIR=0.001 AUX=0.030 w=0.010) ACC=98.571 F1=85.393 Rec=89.057 Prec=83.869
Train Client6 [27/50] LR=0.0001250 loss=0.326 (CE=0.222 VIR=2.113 wVIR=0.021 AUX=0.083 w=0.010) ACC=92.500 F1=89.988 Rec=93.145 Prec=87.436
Train Client7 [27/50] LR=0.0001250 loss=0.276 (CE=0.155 VIR=1.989 wVIR=0.020 AUX=0.101 w=0.010) ACC=95.530 F1=95.257 Rec=95.544 Prec=95.031

Val    [27/50] LR=0.0001250 loss=1.788 ACC=96.800 F1=96.786 Rec=96.800 Prec=96.960
Val-Known->Virtual [27/50] rate=0.000% prob_mean=0.065111 margin_mean=0.885645
Val-LogitMargin [27/50] TrueKnown-VMax mean=4.0759 std=1.4995 p10=2.3669 p50=3.8454 p90=6.2105

Test-  OSR [27/50] LR=0.0001250 ACC=70.714 F1=73.769 Rec=85.048 Prec=74.346 UNK=27.714 OS*=96.514 HOS=43.063 AUROC=83.543 AUPR=80.995 OSCR=81.589
Test-Close [27/50] LR=0.0001250 loss=1.794 ACC=96.514 F1=96.494 Rec=96.514 Prec=96.594
Test-Virtual [27/50] CloseK->V=0.000% Open->V=27.714% OpenVEntropy=0.227867 CloseHist=[0, 0, 0] OpenHist=[0, 271, 20]
Test-LogitMargin [27/50] CloseTrue-VMax mean=4.0903 std=1.5235 p10=2.4410 p50=3.8000 p90=6.2699 | OpenKnown-VMax mean=1.7010 std=2.0707 p10=-1.1929 p50=2.1277 p90=4.0415
AnchorDiag [27/50] VNorm=[1.0000001192092896, 1.0, 0.9999999403953552] VDriftMax=0.000000 Vcos(max/mean)=(0.0000/-0.0000) KVcos(max/mean)=(0.0503/0.0127) ValK->V=0.00% CloseK->V=0.00% Open->V=27.71% OpenVEntropy=0.2279
Train Client0 [28/50] LR=0.0001250 loss=0.163 (CE=0.087 VIR=0.230 wVIR=0.002 AUX=0.074 w=0.010) ACC=97.037 F1=77.549 Rec=77.791 Prec=77.325
Train Client1 [28/50] LR=0.0001250 loss=0.054 (CE=0.030 VIR=0.098 wVIR=0.001 AUX=0.023 w=0.010) ACC=99.025 F1=95.490 Rec=95.589 Prec=95.403
Train Client2 [28/50] LR=0.0001250 loss=0.159 (CE=0.090 VIR=0.755 wVIR=0.008 AUX=0.061 w=0.010) ACC=97.006 F1=92.581 Rec=92.695 Prec=92.473
Train Client3 [28/50] LR=0.0001250 loss=0.138 (CE=0.075 VIR=0.151 wVIR=0.002 AUX=0.062 w=0.010) ACC=97.538 F1=95.710 Rec=96.904 Prec=94.770
Train Client4 [28/50] LR=0.0001250 loss=0.084 (CE=0.060 VIR=0.328 wVIR=0.003 AUX=0.020 w=0.010) ACC=98.552 F1=92.245 Rec=98.453 Prec=88.034
Train Client5 [28/50] LR=0.0001250 loss=0.073 (CE=0.045 VIR=0.151 wVIR=0.002 AUX=0.027 w=0.010) ACC=98.661 F1=93.502 Rec=99.047 Prec=90.303
Train Client6 [28/50] LR=0.0001250 loss=0.297 (CE=0.199 VIR=1.954 wVIR=0.020 AUX=0.079 w=0.010) ACC=93.056 F1=90.259 Rec=93.066 Prec=87.981
Train Client7 [28/50] LR=0.0001250 loss=0.270 (CE=0.144 VIR=1.762 wVIR=0.018 AUX=0.108 w=0.010) ACC=95.682 F1=96.203 Rec=96.002 Prec=96.434

Val    [28/50] LR=0.0001250 loss=1.786 ACC=96.571 F1=96.567 Rec=96.571 Prec=96.710
Val-Known->Virtual [28/50] rate=0.057% prob_mean=0.063656 margin_mean=0.885565
Val-LogitMargin [28/50] TrueKnown-VMax mean=4.1236 std=1.5297 p10=2.3939 p50=3.8204 p90=6.3006

Test-  OSR [28/50] LR=0.0001250 ACC=68.214 F1=71.398 Rec=83.937 Prec=73.057 UNK=21.048 OS*=96.514 HOS=34.559 AUROC=83.549 AUPR=80.374 OSCR=81.695
Test-Close [28/50] LR=0.0001250 loss=1.791 ACC=96.514 F1=96.495 Rec=96.514 Prec=96.587
Test-Virtual [28/50] CloseK->V=0.000% Open->V=21.048% OpenVEntropy=0.141697 CloseHist=[0, 0, 0] OpenHist=[0, 213, 8]
Test-LogitMargin [28/50] CloseTrue-VMax mean=4.1370 std=1.5496 p10=2.4271 p50=3.7878 p90=6.3066 | OpenKnown-VMax mean=1.8788 std=1.8958 p10=-0.8645 p50=2.1995 p90=4.0119
AnchorDiag [28/50] VNorm=[1.0000001192092896, 1.0, 0.9999999403953552] VDriftMax=0.000000 Vcos(max/mean)=(0.0000/-0.0000) KVcos(max/mean)=(0.0507/0.0131) ValK->V=0.06% CloseK->V=0.00% Open->V=21.05% OpenVEntropy=0.1417
Train Client0 [29/50] LR=0.0001250 loss=0.157 (CE=0.085 VIR=0.241 wVIR=0.002 AUX=0.070 w=0.010) ACC=96.983 F1=77.505 Rec=77.806 Prec=77.226
Train Client1 [29/50] LR=0.0001250 loss=0.042 (CE=0.023 VIR=0.112 wVIR=0.001 AUX=0.018 w=0.010) ACC=99.269 F1=95.842 Rec=96.392 Prec=95.340
Train Client2 [29/50] LR=0.0001250 loss=0.138 (CE=0.077 VIR=0.766 wVIR=0.008 AUX=0.053 w=0.010) ACC=97.766 F1=95.202 Rec=95.086 Prec=95.345
Train Client3 [29/50] LR=0.0001250 loss=0.084 (CE=0.050 VIR=0.110 wVIR=0.001 AUX=0.033 w=0.010) ACC=98.106 F1=97.675 Rec=97.517 Prec=97.842
Train Client4 [29/50] LR=0.0001250 loss=0.104 (CE=0.078 VIR=0.654 wVIR=0.007 AUX=0.019 w=0.010) ACC=97.713 F1=87.308 Rec=97.732 Prec=82.409
Train Client5 [29/50] LR=0.0001250 loss=0.091 (CE=0.055 VIR=0.152 wVIR=0.002 AUX=0.035 w=0.010) ACC=98.839 F1=88.233 Rec=89.333 Prec=87.355
Train Client6 [29/50] LR=0.0001250 loss=0.368 (CE=0.240 VIR=2.280 wVIR=0.023 AUX=0.105 w=0.010) ACC=91.389 F1=88.042 Rec=91.863 Prec=85.034
Train Client7 [29/50] LR=0.0001250 loss=0.207 (CE=0.110 VIR=1.416 wVIR=0.014 AUX=0.084 w=0.010) ACC=96.364 F1=95.967 Rec=95.843 Prec=96.107

Val    [29/50] LR=0.0001250 loss=1.782 ACC=96.800 F1=96.797 Rec=96.800 Prec=96.910
Val-Known->Virtual [29/50] rate=0.057% prob_mean=0.062945 margin_mean=0.889297
Val-LogitMargin [29/50] TrueKnown-VMax mean=4.2599 std=1.6119 p10=2.3575 p50=4.0102 p90=6.4770

Test-  OSR [29/50] LR=0.0001250 ACC=67.893 F1=71.083 Rec=83.984 Prec=72.769 UNK=19.619 OS*=96.857 HOS=32.629 AUROC=82.751 AUPR=79.135 OSCR=81.083
Test-Close [29/50] LR=0.0001250 loss=1.787 ACC=96.914 F1=96.903 Rec=96.914 Prec=96.957
Test-Virtual [29/50] CloseK->V=0.057% Open->V=19.619% OpenVEntropy=0.202193 CloseHist=[0, 1, 0] OpenHist=[0, 194, 12]
Test-LogitMargin [29/50] CloseTrue-VMax mean=4.2775 std=1.6306 p10=2.3847 p50=3.9905 p90=6.4718 | OpenKnown-VMax mean=1.9838 std=1.9238 p10=-0.7645 p50=2.1884 p90=4.3178
AnchorDiag [29/50] VNorm=[1.0000001192092896, 1.0, 0.9999999403953552] VDriftMax=0.000000 Vcos(max/mean)=(0.0000/-0.0000) KVcos(max/mean)=(0.0507/0.0133) ValK->V=0.06% CloseK->V=0.06% Open->V=19.62% OpenVEntropy=0.2022
Train Client0 [30/50] LR=0.0001250 loss=0.163 (CE=0.089 VIR=0.327 wVIR=0.003 AUX=0.071 w=0.010) ACC=96.929 F1=77.449 Rec=77.778 Prec=77.141
Train Client1 [30/50] LR=0.0001250 loss=0.043 (CE=0.024 VIR=0.105 wVIR=0.001 AUX=0.018 w=0.010) ACC=99.304 F1=96.632 Rec=97.430 Prec=95.929
Train Client2 [30/50] LR=0.0001250 loss=0.157 (CE=0.088 VIR=0.720 wVIR=0.007 AUX=0.061 w=0.010) ACC=97.433 F1=94.015 Rec=93.376 Prec=94.825
Train Client3 [30/50] LR=0.0001250 loss=0.139 (CE=0.077 VIR=0.237 wVIR=0.002 AUX=0.060 w=0.010) ACC=97.538 F1=97.200 Rec=97.368 Prec=97.036
Train Client4 [30/50] LR=0.0001250 loss=0.099 (CE=0.073 VIR=0.250 wVIR=0.002 AUX=0.023 w=0.010) ACC=98.399 F1=90.824 Rec=94.329 Prec=88.110
Train Client5 [30/50] LR=0.0001250 loss=0.049 (CE=0.033 VIR=0.158 wVIR=0.002 AUX=0.015 w=0.010) ACC=98.929 F1=93.701 Rec=99.121 Prec=90.621
Train Client6 [30/50] LR=0.0001250 loss=0.361 (CE=0.235 VIR=2.261 wVIR=0.023 AUX=0.103 w=0.010) ACC=93.333 F1=90.619 Rec=93.144 Prec=88.468
Train Client7 [30/50] LR=0.0001250 loss=0.247 (CE=0.132 VIR=1.744 wVIR=0.017 AUX=0.097 w=0.010) ACC=96.061 F1=96.161 Rec=96.144 Prec=96.184

Val    [30/50] LR=0.0001250 loss=1.799 ACC=96.800 F1=96.785 Rec=96.800 Prec=96.942
Val-Known->Virtual [30/50] rate=0.057% prob_mean=0.073497 margin_mean=0.875768
Val-LogitMargin [30/50] TrueKnown-VMax mean=4.0432 std=1.6095 p10=2.1777 p50=3.7624 p90=6.3303

Test-  OSR [30/50] LR=0.0001250 ACC=67.857 F1=71.258 Rec=83.810 Prec=73.263 UNK=20.000 OS*=96.571 HOS=33.137 AUROC=82.795 AUPR=79.047 OSCR=81.009
Test-Close [30/50] LR=0.0001250 loss=1.802 ACC=96.686 F1=96.662 Rec=96.686 Prec=96.748
Test-Virtual [30/50] CloseK->V=0.114% Open->V=20.000% OpenVEntropy=0.199372 CloseHist=[0, 2, 0] OpenHist=[0, 198, 12]
Test-LogitMargin [30/50] CloseTrue-VMax mean=4.0600 std=1.6222 p10=2.2409 p50=3.7274 p90=6.2965 | OpenKnown-VMax mean=1.8180 std=1.8747 p10=-0.8891 p50=2.0079 p90=4.1059
AnchorDiag [30/50] VNorm=[1.0000001192092896, 1.0, 0.9999999403953552] VDriftMax=0.000000 Vcos(max/mean)=(0.0000/-0.0000) KVcos(max/mean)=(0.0508/0.0136) ValK->V=0.06% CloseK->V=0.11% Open->V=20.00% OpenVEntropy=0.1994
Saving model at epoch 30 . . . . . . . .

Train Client0 [31/50] LR=0.0001250 loss=0.153 (CE=0.085 VIR=0.265 wVIR=0.003 AUX=0.065 w=0.010) ACC=97.198 F1=77.667 Rec=77.992 Prec=77.367
Train Client1 [31/50] LR=0.0001250 loss=0.047 (CE=0.027 VIR=0.084 wVIR=0.001 AUX=0.019 w=0.010) ACC=99.269 F1=95.905 Rec=96.493 Prec=95.367
Train Client2 [31/50] LR=0.0001250 loss=0.139 (CE=0.077 VIR=0.667 wVIR=0.007 AUX=0.055 w=0.010) ACC=97.719 F1=94.299 Rec=94.083 Prec=94.550
Train Client3 [31/50] LR=0.0001250 loss=0.153 (CE=0.083 VIR=0.263 wVIR=0.003 AUX=0.068 w=0.010) ACC=97.538 F1=97.350 Rec=97.229 Prec=97.498
Train Client4 [31/50] LR=0.0001250 loss=0.086 (CE=0.061 VIR=0.306 wVIR=0.003 AUX=0.021 w=0.010) ACC=98.399 F1=92.480 Rec=97.305 Prec=89.058
Train Client5 [31/50] LR=0.0001250 loss=0.069 (CE=0.040 VIR=0.149 wVIR=0.001 AUX=0.027 w=0.010) ACC=98.750 F1=89.229 Rec=94.173 Prec=86.788
Train Client6 [31/50] LR=0.0001250 loss=0.336 (CE=0.227 VIR=2.075 wVIR=0.021 AUX=0.088 w=0.010) ACC=92.500 F1=87.068 Rec=89.865 Prec=84.886
Train Client7 [31/50] LR=0.0001250 loss=0.252 (CE=0.133 VIR=1.708 wVIR=0.017 AUX=0.103 w=0.010) ACC=95.909 F1=89.081 Rec=95.410 Prec=86.098

Val    [31/50] LR=0.0001250 loss=1.813 ACC=96.343 F1=96.337 Rec=96.343 Prec=96.516
Val-Known->Virtual [31/50] rate=0.114% prob_mean=0.075056 margin_mean=0.867327
Val-LogitMargin [31/50] TrueKnown-VMax mean=4.1480 std=1.8163 p10=2.0692 p50=3.6724 p90=6.7396

Test-  OSR [31/50] LR=0.0001250 ACC=66.321 F1=69.545 Rec=82.746 Prec=72.131 UNK=17.048 OS*=95.886 HOS=28.948 AUROC=80.411 AUPR=76.102 OSCR=78.477
Test-Close [31/50] LR=0.0001250 loss=1.815 ACC=95.943 F1=95.918 Rec=95.943 Prec=96.076
Test-Virtual [31/50] CloseK->V=0.114% Open->V=17.048% OpenVEntropy=0.133597 CloseHist=[0, 2, 0] OpenHist=[0, 173, 6]
Test-LogitMargin [31/50] CloseTrue-VMax mean=4.1637 std=1.8265 p10=2.1393 p50=3.6446 p90=6.7161 | OpenKnown-VMax mean=2.0942 std=1.8911 p10=-0.6326 p50=2.2297 p90=4.4576
AnchorDiag [31/50] VNorm=[1.0000001192092896, 1.0, 0.9999999403953552] VDriftMax=0.000000 Vcos(max/mean)=(0.0000/-0.0000) KVcos(max/mean)=(0.0504/0.0137) ValK->V=0.11% CloseK->V=0.11% Open->V=17.05% OpenVEntropy=0.1336
Train Client0 [32/50] LR=0.0001250 loss=0.159 (CE=0.088 VIR=0.249 wVIR=0.002 AUX=0.068 w=0.010) ACC=96.713 F1=96.558 Rec=97.140 Prec=96.045
Train Client1 [32/50] LR=0.0001250 loss=0.050 (CE=0.027 VIR=0.145 wVIR=0.001 AUX=0.021 w=0.010) ACC=99.199 F1=96.177 Rec=96.328 Prec=96.033
Train Client2 [32/50] LR=0.0001250 loss=0.137 (CE=0.076 VIR=0.864 wVIR=0.009 AUX=0.052 w=0.010) ACC=97.529 F1=93.474 Rec=93.286 Prec=93.692
Train Client3 [32/50] LR=0.0001250 loss=0.120 (CE=0.065 VIR=0.194 wVIR=0.002 AUX=0.053 w=0.010) ACC=97.917 F1=97.673 Rec=97.240 Prec=98.139
Train Client4 [32/50] LR=0.0001250 loss=0.084 (CE=0.066 VIR=0.360 wVIR=0.004 AUX=0.014 w=0.010) ACC=98.095 F1=88.513 Rec=95.083 Prec=84.545
Train Client5 [32/50] LR=0.0001250 loss=0.065 (CE=0.041 VIR=0.124 wVIR=0.001 AUX=0.023 w=0.010) ACC=98.839 F1=90.225 Rec=94.231 Prec=87.972
Train Client6 [32/50] LR=0.0001250 loss=0.359 (CE=0.216 VIR=2.227 wVIR=0.022 AUX=0.121 w=0.010) ACC=94.167 F1=91.407 Rec=93.133 Prec=89.915
Train Client7 [32/50] LR=0.0001250 loss=0.245 (CE=0.124 VIR=1.691 wVIR=0.017 AUX=0.104 w=0.010) ACC=96.212 F1=96.107 Rec=95.395 Prec=96.866

Val    [32/50] LR=0.0001250 loss=1.780 ACC=96.857 F1=96.836 Rec=96.857 Prec=96.923
Val-Known->Virtual [32/50] rate=0.057% prob_mean=0.060524 margin_mean=0.885916
Val-LogitMargin [32/50] TrueKnown-VMax mean=4.4747 std=1.8694 p10=2.5082 p50=3.8503 p90=7.2042

Test-  OSR [32/50] LR=0.0001250 ACC=67.893 F1=71.201 Rec=83.857 Prec=73.304 UNK=20.000 OS*=96.629 HOS=33.141 AUROC=79.921 AUPR=76.616 OSCR=78.288
Test-Close [32/50] LR=0.0001250 loss=1.787 ACC=96.629 F1=96.608 Rec=96.629 Prec=96.684
Test-Virtual [32/50] CloseK->V=0.000% Open->V=20.000% OpenVEntropy=0.174260 CloseHist=[0, 0, 0] OpenHist=[0, 200, 10]
Test-LogitMargin [32/50] CloseTrue-VMax mean=4.4873 std=1.8902 p10=2.4844 p50=3.8278 p90=7.1814 | OpenKnown-VMax mean=2.0903 std=2.0791 p10=-0.8729 p50=2.4052 p90=4.6261
AnchorDiag [32/50] VNorm=[1.0000001192092896, 1.0, 0.9999999403953552] VDriftMax=0.000000 Vcos(max/mean)=(0.0000/-0.0000) KVcos(max/mean)=(0.0510/0.0140) ValK->V=0.06% CloseK->V=0.00% Open->V=20.00% OpenVEntropy=0.1743
Train Client0 [33/50] LR=0.0001250 loss=0.146 (CE=0.081 VIR=0.263 wVIR=0.003 AUX=0.063 w=0.010) ACC=97.252 F1=97.096 Rec=97.470 Prec=96.747
Train Client1 [33/50] LR=0.0001250 loss=0.043 (CE=0.024 VIR=0.227 wVIR=0.002 AUX=0.017 w=0.010) ACC=99.164 F1=96.188 Rec=96.807 Prec=95.619
Train Client2 [33/50] LR=0.0001250 loss=0.145 (CE=0.080 VIR=0.975 wVIR=0.010 AUX=0.055 w=0.010) ACC=97.529 F1=94.390 Rec=93.717 Prec=95.192
Train Client3 [33/50] LR=0.0001250 loss=0.126 (CE=0.070 VIR=0.195 wVIR=0.002 AUX=0.053 w=0.010) ACC=98.106 F1=96.581 Rec=97.881 Prec=95.511
Train Client4 [33/50] LR=0.0001250 loss=0.088 (CE=0.060 VIR=0.389 wVIR=0.004 AUX=0.024 w=0.010) ACC=98.399 F1=90.547 Rec=97.262 Prec=86.744
Train Client5 [33/50] LR=0.0001250 loss=0.065 (CE=0.038 VIR=0.128 wVIR=0.001 AUX=0.026 w=0.010) ACC=98.482 F1=86.958 Rec=88.974 Prec=85.610
Train Client6 [33/50] LR=0.0001250 loss=0.424 (CE=0.251 VIR=2.049 wVIR=0.020 AUX=0.153 w=0.010) ACC=91.667 F1=85.831 Rec=88.062 Prec=83.935
Train Client7 [33/50] LR=0.0001250 loss=0.282 (CE=0.151 VIR=2.041 wVIR=0.020 AUX=0.111 w=0.010) ACC=95.455 F1=95.358 Rec=95.035 Prec=95.692

Val    [33/50] LR=0.0001250 loss=1.802 ACC=96.629 F1=96.619 Rec=96.629 Prec=96.676
Val-Known->Virtual [33/50] rate=0.171% prob_mean=0.076681 margin_mean=0.865911
Val-LogitMargin [33/50] TrueKnown-VMax mean=4.2533 std=1.9216 p10=2.1352 p50=3.7054 p90=7.0445

Test-  OSR [33/50] LR=0.0001250 ACC=68.214 F1=71.342 Rec=83.937 Prec=72.782 UNK=21.048 OS*=96.514 HOS=34.559 AUROC=79.662 AUPR=75.840 OSCR=78.044
Test-Close [33/50] LR=0.0001250 loss=1.808 ACC=96.571 F1=96.559 Rec=96.571 Prec=96.577
Test-Virtual [33/50] CloseK->V=0.057% Open->V=21.048% OpenVEntropy=0.127902 CloseHist=[0, 1, 0] OpenHist=[0, 214, 7]
Test-LogitMargin [33/50] CloseTrue-VMax mean=4.2680 std=1.9483 p10=2.1331 p50=3.6746 p90=6.9956 | OpenKnown-VMax mean=1.9901 std=2.0759 p10=-0.8855 p50=2.2226 p90=4.6321
AnchorDiag [33/50] VNorm=[1.0000001192092896, 1.0, 0.9999999403953552] VDriftMax=0.000000 Vcos(max/mean)=(0.0000/-0.0000) KVcos(max/mean)=(0.0517/0.0142) ValK->V=0.17% CloseK->V=0.06% Open->V=21.05% OpenVEntropy=0.1279
Train Client0 [34/50] LR=0.0001250 loss=0.171 (CE=0.090 VIR=0.237 wVIR=0.002 AUX=0.078 w=0.010) ACC=96.606 F1=77.208 Rec=77.570 Prec=76.883
Train Client1 [34/50] LR=0.0001250 loss=0.036 (CE=0.019 VIR=0.086 wVIR=0.001 AUX=0.016 w=0.010) ACC=99.234 F1=96.076 Rec=96.363 Prec=95.815
Train Client2 [34/50] LR=0.0001250 loss=0.141 (CE=0.080 VIR=0.804 wVIR=0.008 AUX=0.053 w=0.010) ACC=97.624 F1=94.111 Rec=93.600 Prec=94.717
Train Client3 [34/50] LR=0.0001250 loss=0.108 (CE=0.066 VIR=0.225 wVIR=0.002 AUX=0.040 w=0.010) ACC=97.348 F1=95.178 Rec=96.923 Prec=93.752
Train Client4 [34/50] LR=0.0001250 loss=0.082 (CE=0.053 VIR=0.248 wVIR=0.002 AUX=0.026 w=0.010) ACC=99.009 F1=94.207 Rec=96.617 Prec=92.247
Train Client5 [34/50] LR=0.0001250 loss=0.058 (CE=0.035 VIR=0.165 wVIR=0.002 AUX=0.021 w=0.010) ACC=99.018 F1=87.415 Rec=89.316 Prec=86.182
Train Client6 [34/50] LR=0.0001250 loss=0.306 (CE=0.190 VIR=2.293 wVIR=0.023 AUX=0.094 w=0.010) ACC=93.333 F1=90.045 Rec=90.023 Prec=90.086
Train Client7 [34/50] LR=0.0001250 loss=0.259 (CE=0.139 VIR=2.024 wVIR=0.020 AUX=0.100 w=0.010) ACC=95.530 F1=95.089 Rec=95.455 Prec=94.749

Val    [34/50] LR=0.0001250 loss=1.790 ACC=96.629 F1=96.606 Rec=96.629 Prec=96.776
Val-Known->Virtual [34/50] rate=0.057% prob_mean=0.064755 margin_mean=0.891777
Val-LogitMargin [34/50] TrueKnown-VMax mean=4.3815 std=1.8197 p10=2.2534 p50=4.0853 p90=6.8888

Test-  OSR [34/50] LR=0.0001250 ACC=68.536 F1=71.812 Rec=84.143 Prec=73.610 UNK=21.714 OS*=96.629 HOS=35.460 AUROC=81.628 AUPR=78.172 OSCR=79.854
Test-Close [34/50] LR=0.0001250 loss=1.792 ACC=96.686 F1=96.658 Rec=96.686 Prec=96.767
Test-Virtual [34/50] CloseK->V=0.057% Open->V=21.714% OpenVEntropy=0.163863 CloseHist=[0, 1, 0] OpenHist=[0, 218, 10]
Test-LogitMargin [34/50] CloseTrue-VMax mean=4.3939 std=1.8396 p10=2.2308 p50=4.0701 p90=6.8830 | OpenKnown-VMax mean=1.9760 std=2.0713 p10=-0.9550 p50=2.1505 p90=4.5373
AnchorDiag [34/50] VNorm=[1.0000001192092896, 1.0, 0.9999999403953552] VDriftMax=0.000000 Vcos(max/mean)=(0.0000/-0.0000) KVcos(max/mean)=(0.0521/0.0144) ValK->V=0.06% CloseK->V=0.06% Open->V=21.71% OpenVEntropy=0.1639
>> New learning Rate: 6.25e-05
Train Client0 [35/50] LR=0.0000625 loss=0.147 (CE=0.084 VIR=0.255 wVIR=0.003 AUX=0.060 w=0.010) ACC=96.929 F1=77.501 Rec=77.787 Prec=77.238
Train Client1 [35/50] LR=0.0000625 loss=0.026 (CE=0.014 VIR=0.121 wVIR=0.001 AUX=0.011 w=0.010) ACC=99.513 F1=97.867 Rec=98.821 Prec=97.008
Train Client2 [35/50] LR=0.0000625 loss=0.126 (CE=0.072 VIR=0.997 wVIR=0.010 AUX=0.044 w=0.010) ACC=98.099 F1=95.012 Rec=95.517 Prec=94.533
Train Client3 [35/50] LR=0.0000625 loss=0.100 (CE=0.054 VIR=0.176 wVIR=0.002 AUX=0.043 w=0.010) ACC=98.295 F1=97.913 Rec=97.809 Prec=98.028
Train Client4 [35/50] LR=0.0000625 loss=0.125 (CE=0.100 VIR=0.602 wVIR=0.006 AUX=0.019 w=0.010) ACC=97.409 F1=85.703 Rec=97.144 Prec=81.113
Train Client5 [35/50] LR=0.0000625 loss=0.087 (CE=0.057 VIR=0.176 wVIR=0.002 AUX=0.028 w=0.010) ACC=98.393 F1=86.586 Rec=93.870 Prec=84.310
Train Client6 [35/50] LR=0.0000625 loss=0.402 (CE=0.291 VIR=2.265 wVIR=0.023 AUX=0.089 w=0.010) ACC=92.222 F1=88.328 Rec=94.136 Prec=84.052
Train Client7 [35/50] LR=0.0000625 loss=0.220 (CE=0.115 VIR=2.022 wVIR=0.020 AUX=0.085 w=0.010) ACC=96.591 F1=96.406 Rec=96.248 Prec=96.568

Val    [35/50] LR=0.0000625 loss=1.796 ACC=96.914 F1=96.904 Rec=96.914 Prec=97.012
Val-Known->Virtual [35/50] rate=0.114% prob_mean=0.075015 margin_mean=0.874568
Val-LogitMargin [35/50] TrueKnown-VMax mean=4.2777 std=1.8923 p10=2.0754 p50=3.8524 p90=6.9409

Test-  OSR [35/50] LR=0.0000625 ACC=67.393 F1=70.825 Rec=83.508 Prec=72.889 UNK=19.048 OS*=96.400 HOS=31.810 AUROC=80.251 AUPR=75.875 OSCR=78.622
Test-Close [35/50] LR=0.0000625 loss=1.800 ACC=96.629 F1=96.611 Rec=96.629 Prec=96.666
Test-Virtual [35/50] CloseK->V=0.229% Open->V=19.048% OpenVEntropy=0.152869 CloseHist=[0, 4, 0] OpenHist=[0, 192, 8]
Test-LogitMargin [35/50] CloseTrue-VMax mean=4.2824 std=1.9089 p10=2.1237 p50=3.8105 p90=6.9176 | OpenKnown-VMax mean=2.0149 std=1.9737 p10=-0.7549 p50=2.1199 p90=4.5347
AnchorDiag [35/50] VNorm=[1.0000001192092896, 1.0, 0.9999999403953552] VDriftMax=0.000000 Vcos(max/mean)=(0.0000/-0.0000) KVcos(max/mean)=(0.0522/0.0146) ValK->V=0.11% CloseK->V=0.23% Open->V=19.05% OpenVEntropy=0.1529
Saving model at epoch 35 . . . . . . . .

Train Client0 [36/50] LR=0.0000625 loss=0.150 (CE=0.081 VIR=0.277 wVIR=0.003 AUX=0.066 w=0.010) ACC=97.144 F1=97.038 Rec=97.277 Prec=96.812
Train Client1 [36/50] LR=0.0000625 loss=0.025 (CE=0.014 VIR=0.144 wVIR=0.001 AUX=0.010 w=0.010) ACC=99.547 F1=97.875 Rec=98.288 Prec=97.487
Train Client2 [36/50] LR=0.0000625 loss=0.114 (CE=0.063 VIR=0.890 wVIR=0.009 AUX=0.042 w=0.010) ACC=98.051 F1=94.892 Rec=95.185 Prec=94.605
Train Client3 [36/50] LR=0.0000625 loss=0.120 (CE=0.071 VIR=0.148 wVIR=0.001 AUX=0.047 w=0.010) ACC=98.295 F1=98.099 Rec=98.178 Prec=98.023
Train Client4 [36/50] LR=0.0000625 loss=0.083 (CE=0.072 VIR=0.406 wVIR=0.004 AUX=0.007 w=0.010) ACC=98.247 F1=90.061 Rec=98.708 Prec=86.157
Train Client5 [36/50] LR=0.0000625 loss=0.049 (CE=0.032 VIR=0.140 wVIR=0.001 AUX=0.015 w=0.010) ACC=98.750 F1=91.562 Rec=99.109 Prec=88.289
Train Client6 [36/50] LR=0.0000625 loss=0.391 (CE=0.280 VIR=2.489 wVIR=0.025 AUX=0.086 w=0.010) ACC=92.222 F1=89.385 Rec=92.617 Prec=86.923
Train Client7 [36/50] LR=0.0000625 loss=0.251 (CE=0.138 VIR=2.301 wVIR=0.023 AUX=0.090 w=0.010) ACC=96.212 F1=89.892 Rec=96.488 Prec=86.639

Val    [36/50] LR=0.0000625 loss=1.787 ACC=97.143 F1=97.131 Rec=97.143 Prec=97.233
Val-Known->Virtual [36/50] rate=0.057% prob_mean=0.070123 margin_mean=0.882100
Val-LogitMargin [36/50] TrueKnown-VMax mean=4.2923 std=1.7823 p10=2.1777 p50=4.0016 p90=6.8086

Test-  OSR [36/50] LR=0.0000625 ACC=68.500 F1=71.724 Rec=84.127 Prec=73.169 UNK=21.619 OS*=96.629 HOS=35.333 AUROC=81.635 AUPR=78.191 OSCR=79.967
Test-Close [36/50] LR=0.0000625 loss=1.792 ACC=96.743 F1=96.726 Rec=96.743 Prec=96.782
Test-Virtual [36/50] CloseK->V=0.114% Open->V=21.619% OpenVEntropy=0.164405 CloseHist=[0, 2, 0] OpenHist=[0, 217, 10]
Test-LogitMargin [36/50] CloseTrue-VMax mean=4.2957 std=1.7951 p10=2.2016 p50=3.9719 p90=6.7256 | OpenKnown-VMax mean=1.9168 std=2.0296 p10=-0.8901 p50=2.0601 p90=4.5051
AnchorDiag [36/50] VNorm=[1.0000001192092896, 1.0, 0.9999999403953552] VDriftMax=0.000000 Vcos(max/mean)=(0.0000/-0.0000) KVcos(max/mean)=(0.0523/0.0148) ValK->V=0.06% CloseK->V=0.11% Open->V=21.62% OpenVEntropy=0.1644
Train Client0 [37/50] LR=0.0000625 loss=0.158 (CE=0.090 VIR=0.323 wVIR=0.003 AUX=0.066 w=0.010) ACC=96.875 F1=77.441 Rec=77.769 Prec=77.143
Train Client1 [37/50] LR=0.0000625 loss=0.033 (CE=0.018 VIR=0.087 wVIR=0.001 AUX=0.015 w=0.010) ACC=99.547 F1=97.245 Rec=97.460 Prec=97.036
Train Client2 [37/50] LR=0.0000625 loss=0.113 (CE=0.069 VIR=0.899 wVIR=0.009 AUX=0.035 w=0.010) ACC=98.241 F1=95.695 Rec=96.352 Prec=95.060
Train Client3 [37/50] LR=0.0000625 loss=0.136 (CE=0.074 VIR=0.270 wVIR=0.003 AUX=0.059 w=0.010) ACC=97.348 F1=94.376 Rec=97.100 Prec=92.384
Train Client4 [37/50] LR=0.0000625 loss=0.114 (CE=0.087 VIR=0.509 wVIR=0.005 AUX=0.022 w=0.010) ACC=97.790 F1=87.579 Rec=96.671 Prec=83.286
Train Client5 [37/50] LR=0.0000625 loss=0.039 (CE=0.027 VIR=0.123 wVIR=0.001 AUX=0.011 w=0.010) ACC=99.286 F1=92.948 Rec=99.506 Prec=89.725
Train Client6 [37/50] LR=0.0000625 loss=0.356 (CE=0.257 VIR=2.551 wVIR=0.026 AUX=0.073 w=0.010) ACC=93.611 F1=90.134 Rec=96.717 Prec=85.544
Train Client7 [37/50] LR=0.0000625 loss=0.212 (CE=0.111 VIR=1.995 wVIR=0.020 AUX=0.081 w=0.010) ACC=96.667 F1=96.973 Rec=96.767 Prec=97.190

Val    [37/50] LR=0.0000625 loss=1.821 ACC=96.743 F1=96.714 Rec=96.743 Prec=96.838
Val-Known->Virtual [37/50] rate=0.400% prob_mean=0.090464 margin_mean=0.855400
Val-LogitMargin [37/50] TrueKnown-VMax mean=4.1186 std=1.9232 p10=1.7551 p50=3.7459 p90=6.7920

Test-  OSR [37/50] LR=0.0000625 ACC=67.357 F1=70.988 Rec=83.492 Prec=73.312 UNK=18.952 OS*=96.400 HOS=31.677 AUROC=78.328 AUPR=72.766 OSCR=76.766
Test-Close [37/50] LR=0.0000625 loss=1.826 ACC=96.743 F1=96.717 Rec=96.743 Prec=96.818
Test-Virtual [37/50] CloseK->V=0.343% Open->V=18.952% OpenVEntropy=0.153450 CloseHist=[0, 6, 0] OpenHist=[0, 191, 8]
Test-LogitMargin [37/50] CloseTrue-VMax mean=4.1159 std=1.9427 p10=1.7821 p50=3.7093 p90=6.7639 | OpenKnown-VMax mean=2.0165 std=1.9583 p10=-0.7295 p50=2.1280 p90=4.6084
AnchorDiag [37/50] VNorm=[1.0000001192092896, 1.0, 0.9999999403953552] VDriftMax=0.000000 Vcos(max/mean)=(0.0000/-0.0000) KVcos(max/mean)=(0.0521/0.0149) ValK->V=0.40% CloseK->V=0.34% Open->V=18.95% OpenVEntropy=0.1535
Train Client0 [38/50] LR=0.0000625 loss=0.132 (CE=0.073 VIR=0.328 wVIR=0.003 AUX=0.056 w=0.010) ACC=97.575 F1=78.067 Rec=78.373 Prec=77.782
Train Client1 [38/50] LR=0.0000625 loss=0.044 (CE=0.024 VIR=0.098 wVIR=0.001 AUX=0.020 w=0.010) ACC=99.130 F1=96.621 Rec=97.204 Prec=96.092
Train Client2 [38/50] LR=0.0000625 loss=0.098 (CE=0.056 VIR=0.863 wVIR=0.009 AUX=0.033 w=0.010) ACC=98.194 F1=95.657 Rec=96.303 Prec=95.037
Train Client3 [38/50] LR=0.0000625 loss=0.095 (CE=0.058 VIR=0.184 wVIR=0.002 AUX=0.036 w=0.010) ACC=98.674 F1=97.070 Rec=98.557 Prec=95.804
Train Client4 [38/50] LR=0.0000625 loss=0.089 (CE=0.070 VIR=0.576 wVIR=0.006 AUX=0.012 w=0.010) ACC=97.866 F1=88.032 Rec=98.165 Prec=82.922
Train Client5 [38/50] LR=0.0000625 loss=0.054 (CE=0.035 VIR=0.131 wVIR=0.001 AUX=0.017 w=0.010) ACC=99.018 F1=91.635 Rec=99.284 Prec=88.266
Train Client6 [38/50] LR=0.0000625 loss=0.426 (CE=0.315 VIR=2.735 wVIR=0.027 AUX=0.084 w=0.010) ACC=91.944 F1=89.670 Rec=94.289 Prec=86.542
Train Client7 [38/50] LR=0.0000625 loss=0.203 (CE=0.113 VIR=2.249 wVIR=0.022 AUX=0.067 w=0.010) ACC=96.515 F1=90.055 Rec=96.873 Prec=86.573

Val    [38/50] LR=0.0000625 loss=1.803 ACC=97.143 F1=97.135 Rec=97.143 Prec=97.197
Val-Known->Virtual [38/50] rate=0.343% prob_mean=0.082842 margin_mean=0.861600
Val-LogitMargin [38/50] TrueKnown-VMax mean=4.0342 std=1.7391 p10=2.0292 p50=3.6949 p90=6.5397

Test-  OSR [38/50] LR=0.0000625 ACC=69.107 F1=72.416 Rec=84.429 Prec=73.490 UNK=23.143 OS*=96.686 HOS=37.346 AUROC=81.500 AUPR=77.974 OSCR=79.860
Test-Close [38/50] LR=0.0000625 loss=1.807 ACC=96.857 F1=96.847 Rec=96.857 Prec=96.870
Test-Virtual [38/50] CloseK->V=0.171% Open->V=23.143% OpenVEntropy=0.258838 CloseHist=[0, 3, 0] OpenHist=[0, 223, 20]
Test-LogitMargin [38/50] CloseTrue-VMax mean=4.0378 std=1.7440 p10=2.0603 p50=3.6575 p90=6.4867 | OpenKnown-VMax mean=1.7261 std=1.9946 p10=-1.0754 p50=1.8948 p90=4.1633
AnchorDiag [38/50] VNorm=[1.0000001192092896, 1.0, 0.9999999403953552] VDriftMax=0.000000 Vcos(max/mean)=(0.0000/-0.0000) KVcos(max/mean)=(0.0522/0.0151) ValK->V=0.34% CloseK->V=0.17% Open->V=23.14% OpenVEntropy=0.2588
Train Client0 [39/50] LR=0.0000625 loss=0.133 (CE=0.077 VIR=0.328 wVIR=0.003 AUX=0.053 w=0.010) ACC=97.037 F1=77.664 Rec=77.964 Prec=77.394
Train Client1 [39/50] LR=0.0000625 loss=0.031 (CE=0.017 VIR=0.125 wVIR=0.001 AUX=0.012 w=0.010) ACC=99.373 F1=97.158 Rec=97.539 Prec=96.803
Train Client2 [39/50] LR=0.0000625 loss=0.095 (CE=0.054 VIR=0.745 wVIR=0.007 AUX=0.034 w=0.010) ACC=98.337 F1=95.698 Rec=95.499 Prec=95.905
Train Client3 [39/50] LR=0.0000625 loss=0.097 (CE=0.057 VIR=0.279 wVIR=0.003 AUX=0.037 w=0.010) ACC=98.295 F1=96.533 Rec=98.173 Prec=95.122
Train Client4 [39/50] LR=0.0000625 loss=0.082 (CE=0.063 VIR=0.417 wVIR=0.004 AUX=0.015 w=0.010) ACC=98.247 F1=88.931 Rec=97.994 Prec=84.664
Train Client5 [39/50] LR=0.0000625 loss=0.050 (CE=0.036 VIR=0.145 wVIR=0.001 AUX=0.012 w=0.010) ACC=98.750 F1=88.781 Rec=99.096 Prec=85.800
Train Client6 [39/50] LR=0.0000625 loss=0.304 (CE=0.223 VIR=2.238 wVIR=0.022 AUX=0.058 w=0.010) ACC=91.667 F1=89.561 Rec=94.748 Prec=86.204
Train Client7 [39/50] LR=0.0000625 loss=0.229 (CE=0.123 VIR=1.948 wVIR=0.019 AUX=0.087 w=0.010) ACC=96.667 F1=89.637 Rec=96.521 Prec=86.100

Val    [39/50] LR=0.0000625 loss=1.807 ACC=96.914 F1=96.898 Rec=96.914 Prec=97.015
Val-Known->Virtual [39/50] rate=0.171% prob_mean=0.080090 margin_mean=0.868679
Val-LogitMargin [39/50] TrueKnown-VMax mean=4.0942 std=1.7286 p10=2.0154 p50=3.8138 p90=6.4653

Test-  OSR [39/50] LR=0.0000625 ACC=67.464 F1=70.891 Rec=83.603 Prec=73.114 UNK=19.048 OS*=96.514 HOS=31.816 AUROC=80.166 AUPR=75.841 OSCR=78.499
Test-Close [39/50] LR=0.0000625 loss=1.810 ACC=96.629 F1=96.606 Rec=96.629 Prec=96.695
Test-Virtual [39/50] CloseK->V=0.114% Open->V=19.048% OpenVEntropy=0.324813 CloseHist=[0, 2, 0] OpenHist=[0, 177, 23]
Test-LogitMargin [39/50] CloseTrue-VMax mean=4.0922 std=1.7360 p10=2.0342 p50=3.7975 p90=6.4817 | OpenKnown-VMax mean=1.9491 std=1.9425 p10=-0.8072 p50=2.0314 p90=4.4438
AnchorDiag [39/50] VNorm=[1.0000001192092896, 1.0, 0.9999999403953552] VDriftMax=0.000000 Vcos(max/mean)=(0.0000/-0.0000) KVcos(max/mean)=(0.0524/0.0153) ValK->V=0.17% CloseK->V=0.11% Open->V=19.05% OpenVEntropy=0.3248
Train Client0 [40/50] LR=0.0000625 loss=0.120 (CE=0.069 VIR=0.191 wVIR=0.002 AUX=0.050 w=0.010) ACC=97.414 F1=77.892 Rec=78.174 Prec=77.629
Train Client1 [40/50] LR=0.0000625 loss=0.030 (CE=0.016 VIR=0.111 wVIR=0.001 AUX=0.013 w=0.010) ACC=99.547 F1=96.974 Rec=97.340 Prec=96.633
Train Client2 [40/50] LR=0.0000625 loss=0.113 (CE=0.063 VIR=0.889 wVIR=0.009 AUX=0.041 w=0.010) ACC=98.432 F1=95.688 Rec=95.087 Prec=96.361
Train Client3 [40/50] LR=0.0000625 loss=0.138 (CE=0.070 VIR=0.252 wVIR=0.003 AUX=0.065 w=0.010) ACC=97.917 F1=97.591 Rec=97.618 Prec=97.579
Train Client4 [40/50] LR=0.0000625 loss=0.085 (CE=0.070 VIR=0.525 wVIR=0.005 AUX=0.009 w=0.010) ACC=97.942 F1=87.618 Rec=97.646 Prec=84.267
Train Client5 [40/50] LR=0.0000625 loss=0.043 (CE=0.029 VIR=0.127 wVIR=0.001 AUX=0.013 w=0.010) ACC=99.464 F1=94.246 Rec=99.602 Prec=91.228
Train Client6 [40/50] LR=0.0000625 loss=0.371 (CE=0.284 VIR=2.576 wVIR=0.026 AUX=0.062 w=0.010) ACC=93.333 F1=90.781 Rec=94.431 Prec=88.062
Train Client7 [40/50] LR=0.0000625 loss=0.222 (CE=0.122 VIR=2.097 wVIR=0.021 AUX=0.079 w=0.010) ACC=96.515 F1=96.228 Rec=96.075 Prec=96.388

Val    [40/50] LR=0.0000625 loss=1.788 ACC=96.914 F1=96.888 Rec=96.914 Prec=96.996
Val-Known->Virtual [40/50] rate=0.114% prob_mean=0.069788 margin_mean=0.881814
Val-LogitMargin [40/50] TrueKnown-VMax mean=4.4012 std=1.9076 p10=2.2258 p50=3.9022 p90=7.0739

Test-  OSR [40/50] LR=0.0000625 ACC=67.357 F1=70.940 Rec=83.587 Prec=73.395 UNK=18.667 OS*=96.571 HOS=31.286 AUROC=79.650 AUPR=75.144 OSCR=78.111
Test-Close [40/50] LR=0.0000625 loss=1.794 ACC=96.743 F1=96.717 Rec=96.743 Prec=96.818
Test-Virtual [40/50] CloseK->V=0.171% Open->V=18.667% OpenVEntropy=0.338405 CloseHist=[0, 3, 0] OpenHist=[0, 172, 24]
Test-LogitMargin [40/50] CloseTrue-VMax mean=4.4009 std=1.9189 p10=2.2192 p50=3.8902 p90=7.0863 | OpenKnown-VMax mean=2.1247 std=2.0163 p10=-0.7864 p50=2.2751 p90=4.7573
AnchorDiag [40/50] VNorm=[1.0000001192092896, 1.0, 0.9999999403953552] VDriftMax=0.000000 Vcos(max/mean)=(0.0000/-0.0000) KVcos(max/mean)=(0.0526/0.0155) ValK->V=0.11% CloseK->V=0.17% Open->V=18.67% OpenVEntropy=0.3384
Saving model at epoch 40 . . . . . . . .

Train Client0 [41/50] LR=0.0000625 loss=0.121 (CE=0.067 VIR=0.204 wVIR=0.002 AUX=0.051 w=0.010) ACC=97.629 F1=78.125 Rec=78.401 Prec=77.869
Train Client1 [41/50] LR=0.0000625 loss=0.035 (CE=0.021 VIR=0.106 wVIR=0.001 AUX=0.013 w=0.010) ACC=99.269 F1=95.849 Rec=96.042 Prec=95.663
Train Client2 [41/50] LR=0.0000625 loss=0.112 (CE=0.064 VIR=0.757 wVIR=0.008 AUX=0.040 w=0.010) ACC=98.241 F1=95.620 Rec=95.278 Prec=95.995
Train Client3 [41/50] LR=0.0000625 loss=0.132 (CE=0.078 VIR=0.200 wVIR=0.002 AUX=0.052 w=0.010) ACC=97.538 F1=97.041 Rec=97.028 Prec=97.057
Train Client4 [41/50] LR=0.0000625 loss=0.088 (CE=0.071 VIR=0.448 wVIR=0.004 AUX=0.012 w=0.010) ACC=98.018 F1=87.741 Rec=98.037 Prec=82.680
Train Client5 [41/50] LR=0.0000625 loss=0.055 (CE=0.038 VIR=0.124 wVIR=0.001 AUX=0.015 w=0.010) ACC=98.929 F1=90.841 Rec=99.204 Prec=87.624
Train Client6 [41/50] LR=0.0000625 loss=0.369 (CE=0.282 VIR=2.391 wVIR=0.024 AUX=0.063 w=0.010) ACC=91.111 F1=88.165 Rec=92.537 Prec=84.876
Train Client7 [41/50] LR=0.0000625 loss=0.219 (CE=0.121 VIR=1.796 wVIR=0.018 AUX=0.081 w=0.010) ACC=96.742 F1=96.637 Rec=96.141 Prec=97.156

Val    [41/50] LR=0.0000625 loss=1.772 ACC=97.029 F1=97.013 Rec=97.029 Prec=97.101
Val-Known->Virtual [41/50] rate=0.057% prob_mean=0.058101 margin_mean=0.895088
Val-LogitMargin [41/50] TrueKnown-VMax mean=4.4757 std=1.7646 p10=2.5077 p50=4.0412 p90=7.0341

Test-  OSR [41/50] LR=0.0000625 ACC=67.464 F1=70.923 Rec=83.762 Prec=73.311 UNK=18.571 OS*=96.800 HOS=31.164 AUROC=81.184 AUPR=77.430 OSCR=79.653
Test-Close [41/50] LR=0.0000625 loss=1.777 ACC=96.800 F1=96.780 Rec=96.800 Prec=96.844
Test-Virtual [41/50] CloseK->V=0.000% Open->V=18.571% OpenVEntropy=0.366063 CloseHist=[0, 0, 0] OpenHist=[0, 168, 27]
Test-LogitMargin [41/50] CloseTrue-VMax mean=4.4754 std=1.7748 p10=2.5118 p50=3.9979 p90=7.0166 | OpenKnown-VMax mean=2.1528 std=1.9714 p10=-0.6941 p50=2.3509 p90=4.5907
AnchorDiag [41/50] VNorm=[1.0000001192092896, 1.0, 0.9999999403953552] VDriftMax=0.000000 Vcos(max/mean)=(0.0000/-0.0000) KVcos(max/mean)=(0.0526/0.0157) ValK->V=0.06% CloseK->V=0.00% Open->V=18.57% OpenVEntropy=0.3661
Train Client0 [42/50] LR=0.0000625 loss=0.120 (CE=0.066 VIR=0.244 wVIR=0.002 AUX=0.052 w=0.010) ACC=97.845 F1=78.253 Rec=78.573 Prec=77.959
Train Client1 [42/50] LR=0.0000625 loss=0.021 (CE=0.012 VIR=0.101 wVIR=0.001 AUX=0.008 w=0.010) ACC=99.513 F1=96.941 Rec=97.306 Prec=96.599
Train Client2 [42/50] LR=0.0000625 loss=0.092 (CE=0.052 VIR=0.862 wVIR=0.009 AUX=0.031 w=0.010) ACC=98.527 F1=95.824 Rec=95.564 Prec=96.123
Train Client3 [42/50] LR=0.0000625 loss=0.070 (CE=0.047 VIR=0.162 wVIR=0.002 AUX=0.021 w=0.010) ACC=98.485 F1=98.293 Rec=98.436 Prec=98.187
Train Client4 [42/50] LR=0.0000625 loss=0.084 (CE=0.067 VIR=0.469 wVIR=0.005 AUX=0.012 w=0.010) ACC=98.399 F1=88.689 Rec=97.866 Prec=85.453
Train Client5 [42/50] LR=0.0000625 loss=0.055 (CE=0.034 VIR=0.150 wVIR=0.001 AUX=0.019 w=0.010) ACC=98.929 F1=92.622 Rec=99.218 Prec=89.362
Train Client6 [42/50] LR=0.0000625 loss=0.304 (CE=0.226 VIR=2.267 wVIR=0.023 AUX=0.055 w=0.010) ACC=93.333 F1=89.424 Rec=94.431 Prec=85.459
Train Client7 [42/50] LR=0.0000625 loss=0.204 (CE=0.108 VIR=1.954 wVIR=0.020 AUX=0.077 w=0.010) ACC=96.591 F1=96.907 Rec=96.799 Prec=97.019

Val    [42/50] LR=0.0000625 loss=1.766 ACC=97.143 F1=97.134 Rec=97.143 Prec=97.191
Val-Known->Virtual [42/50] rate=0.057% prob_mean=0.055151 margin_mean=0.902877
Val-LogitMargin [42/50] TrueKnown-VMax mean=4.7476 std=2.0276 p10=2.5608 p50=4.0960 p90=7.7023

Test-  OSR [42/50] LR=0.0000625 ACC=66.357 F1=69.729 Rec=83.429 Prec=72.654 UNK=15.143 OS*=97.086 HOS=26.199 AUROC=80.345 AUPR=76.316 OSCR=78.984
Test-Close [42/50] LR=0.0000625 loss=1.771 ACC=97.086 F1=97.072 Rec=97.086 Prec=97.117
Test-Virtual [42/50] CloseK->V=0.000% Open->V=15.143% OpenVEntropy=0.228942 CloseHist=[0, 0, 0] OpenHist=[0, 148, 11]
Test-LogitMargin [42/50] CloseTrue-VMax mean=4.7570 std=2.0424 p10=2.5953 p50=4.0613 p90=7.6835 | OpenKnown-VMax mean=2.3968 std=2.0576 p10=-0.5718 p50=2.4801 p90=5.1863
AnchorDiag [42/50] VNorm=[1.0000001192092896, 1.0, 0.9999999403953552] VDriftMax=0.000000 Vcos(max/mean)=(0.0000/-0.0000) KVcos(max/mean)=(0.0528/0.0158) ValK->V=0.06% CloseK->V=0.00% Open->V=15.14% OpenVEntropy=0.2289
Train Client0 [43/50] LR=0.0000625 loss=0.120 (CE=0.070 VIR=0.252 wVIR=0.003 AUX=0.047 w=0.010) ACC=97.845 F1=78.292 Rec=78.577 Prec=78.030
Train Client1 [43/50] LR=0.0000625 loss=0.030 (CE=0.017 VIR=0.086 wVIR=0.001 AUX=0.013 w=0.010) ACC=99.513 F1=97.870 Rec=98.312 Prec=97.452
Train Client2 [43/50] LR=0.0000625 loss=0.099 (CE=0.054 VIR=0.770 wVIR=0.008 AUX=0.038 w=0.010) ACC=98.384 F1=95.988 Rec=95.821 Prec=96.164
Train Client3 [43/50] LR=0.0000625 loss=0.116 (CE=0.060 VIR=0.126 wVIR=0.001 AUX=0.055 w=0.010) ACC=98.106 F1=95.346 Rec=98.254 Prec=93.162
Train Client4 [43/50] LR=0.0000625 loss=0.091 (CE=0.072 VIR=0.669 wVIR=0.007 AUX=0.011 w=0.010) ACC=97.866 F1=86.925 Rec=97.839 Prec=83.669
Train Client5 [43/50] LR=0.0000625 loss=0.060 (CE=0.042 VIR=0.140 wVIR=0.001 AUX=0.017 w=0.010) ACC=98.839 F1=87.975 Rec=94.234 Prec=85.574
Train Client6 [43/50] LR=0.0000625 loss=0.415 (CE=0.299 VIR=2.383 wVIR=0.024 AUX=0.093 w=0.010) ACC=92.500 F1=89.884 Rec=93.683 Prec=87.094
Train Client7 [43/50] LR=0.0000625 loss=0.225 (CE=0.120 VIR=2.162 wVIR=0.022 AUX=0.084 w=0.010) ACC=96.515 F1=97.315 Rec=97.267 Prec=97.378

Val    [43/50] LR=0.0000625 loss=1.774 ACC=96.857 F1=96.838 Rec=96.857 Prec=96.952
Val-Known->Virtual [43/50] rate=0.057% prob_mean=0.057785 margin_mean=0.901608
Val-LogitMargin [43/50] TrueKnown-VMax mean=4.4567 std=1.7552 p10=2.5211 p50=4.0734 p90=6.9606

Test-  OSR [43/50] LR=0.0000625 ACC=68.214 F1=71.530 Rec=84.063 Prec=73.405 UNK=20.667 OS*=96.743 HOS=34.058 AUROC=82.135 AUPR=78.876 OSCR=80.487
Test-Close [43/50] LR=0.0000625 loss=1.779 ACC=96.743 F1=96.720 Rec=96.743 Prec=96.787
Test-Virtual [43/50] CloseK->V=0.000% Open->V=20.667% OpenVEntropy=0.365709 CloseHist=[0, 0, 0] OpenHist=[0, 187, 30]
Test-LogitMargin [43/50] CloseTrue-VMax mean=4.4595 std=1.7683 p10=2.5165 p50=4.0437 p90=6.9532 | OpenKnown-VMax mean=2.0195 std=2.0593 p10=-0.9457 p50=2.2049 p90=4.5166
AnchorDiag [43/50] VNorm=[1.0000001192092896, 1.0, 0.9999999403953552] VDriftMax=0.000000 Vcos(max/mean)=(0.0000/-0.0000) KVcos(max/mean)=(0.0532/0.0160) ValK->V=0.06% CloseK->V=0.00% Open->V=20.67% OpenVEntropy=0.3657
Train Client0 [44/50] LR=0.0000625 loss=0.139 (CE=0.081 VIR=0.360 wVIR=0.004 AUX=0.055 w=0.010) ACC=96.983 F1=77.611 Rec=77.856 Prec=77.384
Train Client1 [44/50] LR=0.0000625 loss=0.021 (CE=0.013 VIR=0.068 wVIR=0.001 AUX=0.007 w=0.010) ACC=99.513 F1=97.179 Rec=97.798 Prec=96.612
Train Client2 [44/50] LR=0.0000625 loss=0.110 (CE=0.063 VIR=0.828 wVIR=0.008 AUX=0.038 w=0.010) ACC=98.432 F1=95.644 Rec=95.371 Prec=95.935
Train Client3 [44/50] LR=0.0000625 loss=0.085 (CE=0.049 VIR=0.147 wVIR=0.001 AUX=0.035 w=0.010) ACC=98.674 F1=98.466 Rec=98.219 Prec=98.726
Train Client4 [44/50] LR=0.0000625 loss=0.076 (CE=0.058 VIR=0.550 wVIR=0.006 AUX=0.012 w=0.010) ACC=98.095 F1=87.709 Rec=98.836 Prec=83.671
Train Client5 [44/50] LR=0.0000625 loss=0.050 (CE=0.035 VIR=0.108 wVIR=0.001 AUX=0.015 w=0.010) ACC=99.107 F1=92.837 Rec=99.408 Prec=89.601
Train Client6 [44/50] LR=0.0000625 loss=0.415 (CE=0.314 VIR=2.960 wVIR=0.030 AUX=0.071 w=0.010) ACC=91.389 F1=87.017 Rec=93.915 Prec=81.857
Train Client7 [44/50] LR=0.0000625 loss=0.201 (CE=0.107 VIR=1.988 wVIR=0.020 AUX=0.073 w=0.010) ACC=96.894 F1=96.878 Rec=96.380 Prec=97.440

Val    [44/50] LR=0.0000625 loss=1.785 ACC=96.857 F1=96.842 Rec=96.857 Prec=96.901
Val-Known->Virtual [44/50] rate=0.057% prob_mean=0.066928 margin_mean=0.887721
Val-LogitMargin [44/50] TrueKnown-VMax mean=4.6428 std=2.1387 p10=2.2748 p50=3.9840 p90=7.6900

Test-  OSR [44/50] LR=0.0000625 ACC=65.893 F1=69.262 Rec=83.000 Prec=72.431 UNK=14.571 OS*=96.686 HOS=25.326 AUROC=78.041 AUPR=72.821 OSCR=76.673
Test-Close [44/50] LR=0.0000625 loss=1.791 ACC=96.686 F1=96.669 Rec=96.686 Prec=96.721
Test-Virtual [44/50] CloseK->V=0.000% Open->V=14.571% OpenVEntropy=0.235310 CloseHist=[0, 0, 0] OpenHist=[0, 142, 11]
Test-LogitMargin [44/50] CloseTrue-VMax mean=4.6465 std=2.1577 p10=2.2883 p50=3.9432 p90=7.6822 | OpenKnown-VMax mean=2.4260 std=2.0522 p10=-0.5216 p50=2.5287 p90=5.2388
AnchorDiag [44/50] VNorm=[1.0000001192092896, 1.0, 0.9999999403953552] VDriftMax=0.000000 Vcos(max/mean)=(0.0000/-0.0000) KVcos(max/mean)=(0.0533/0.0161) ValK->V=0.06% CloseK->V=0.00% Open->V=14.57% OpenVEntropy=0.2353
Train Client0 [45/50] LR=0.0000625 loss=0.142 (CE=0.083 VIR=0.316 wVIR=0.003 AUX=0.056 w=0.010) ACC=97.683 F1=78.152 Rec=78.370 Prec=77.947
Train Client1 [45/50] LR=0.0000625 loss=0.027 (CE=0.015 VIR=0.069 wVIR=0.001 AUX=0.011 w=0.010) ACC=99.443 F1=97.228 Rec=97.609 Prec=96.873
Train Client2 [45/50] LR=0.0000625 loss=0.107 (CE=0.061 VIR=0.738 wVIR=0.007 AUX=0.038 w=0.010) ACC=98.051 F1=94.984 Rec=95.082 Prec=94.889
Train Client3 [45/50] LR=0.0000625 loss=0.121 (CE=0.061 VIR=0.168 wVIR=0.002 AUX=0.059 w=0.010) ACC=97.727 F1=97.250 Rec=97.480 Prec=97.037
Train Client4 [45/50] LR=0.0000625 loss=0.075 (CE=0.058 VIR=0.277 wVIR=0.003 AUX=0.014 w=0.010) ACC=98.399 F1=89.918 Rec=97.953 Prec=85.762
Train Client5 [45/50] LR=0.0000625 loss=0.047 (CE=0.033 VIR=0.118 wVIR=0.001 AUX=0.013 w=0.010) ACC=98.839 F1=91.623 Rec=99.158 Prec=88.364
Train Client6 [45/50] LR=0.0000625 loss=0.443 (CE=0.311 VIR=2.348 wVIR=0.023 AUX=0.109 w=0.010) ACC=91.667 F1=86.800 Rec=91.924 Prec=82.691
Train Client7 [45/50] LR=0.0000625 loss=0.191 (CE=0.102 VIR=1.767 wVIR=0.018 AUX=0.071 w=0.010) ACC=96.591 F1=96.130 Rec=95.899 Prec=96.398

Val    [45/50] LR=0.0000625 loss=1.789 ACC=97.029 F1=97.010 Rec=97.029 Prec=97.120
Val-Known->Virtual [45/50] rate=0.057% prob_mean=0.065768 margin_mean=0.892133
Val-LogitMargin [45/50] TrueKnown-VMax mean=4.5584 std=2.0167 p10=2.2261 p50=4.1687 p90=7.4522

Test-  OSR [45/50] LR=0.0000625 ACC=67.964 F1=71.230 Rec=83.984 Prec=73.170 UNK=19.905 OS*=96.800 HOS=33.020 AUROC=80.885 AUPR=76.925 OSCR=79.277
Test-Close [45/50] LR=0.0000625 loss=1.794 ACC=96.857 F1=96.832 Rec=96.857 Prec=96.936
Test-Virtual [45/50] CloseK->V=0.057% Open->V=19.905% OpenVEntropy=0.358513 CloseHist=[0, 1, 0] OpenHist=[0, 181, 28]
Test-LogitMargin [45/50] CloseTrue-VMax mean=4.5579 std=2.0360 p10=2.2180 p50=4.1337 p90=7.4547 | OpenKnown-VMax mean=2.0958 std=2.1273 p10=-0.8412 p50=2.1022 p90=4.9558
AnchorDiag [45/50] VNorm=[1.0000001192092896, 1.0, 0.9999999403953552] VDriftMax=0.000000 Vcos(max/mean)=(0.0000/-0.0000) KVcos(max/mean)=(0.0534/0.0162) ValK->V=0.06% CloseK->V=0.06% Open->V=19.90% OpenVEntropy=0.3585
Saving model at epoch 45 . . . . . . . .

Train Client0 [46/50] LR=0.0000625 loss=0.130 (CE=0.073 VIR=0.248 wVIR=0.002 AUX=0.054 w=0.010) ACC=97.737 F1=78.163 Rec=78.391 Prec=77.947
Train Client1 [46/50] LR=0.0000625 loss=0.014 (CE=0.009 VIR=0.072 wVIR=0.001 AUX=0.004 w=0.010) ACC=99.652 F1=98.512 Rec=99.471 Prec=97.649
Train Client2 [46/50] LR=0.0000625 loss=0.107 (CE=0.062 VIR=0.753 wVIR=0.008 AUX=0.038 w=0.010) ACC=98.384 F1=96.107 Rec=96.174 Prec=96.041
Train Client3 [46/50] LR=0.0000625 loss=0.117 (CE=0.067 VIR=0.167 wVIR=0.002 AUX=0.048 w=0.010) ACC=98.295 F1=97.932 Rec=97.982 Prec=97.907
Train Client4 [46/50] LR=0.0000625 loss=0.054 (CE=0.037 VIR=0.207 wVIR=0.002 AUX=0.015 w=0.010) ACC=98.933 F1=92.939 Rec=98.867 Prec=88.996
Train Client5 [46/50] LR=0.0000625 loss=0.048 (CE=0.032 VIR=0.111 wVIR=0.001 AUX=0.015 w=0.010) ACC=99.196 F1=91.567 Rec=94.506 Prec=89.628
Train Client6 [46/50] LR=0.0000625 loss=0.385 (CE=0.277 VIR=2.415 wVIR=0.024 AUX=0.085 w=0.010) ACC=93.056 F1=90.810 Rec=95.117 Prec=87.659
Train Client7 [46/50] LR=0.0000625 loss=0.210 (CE=0.116 VIR=1.792 wVIR=0.018 AUX=0.076 w=0.010) ACC=96.212 F1=95.414 Rec=95.847 Prec=95.033

Val    [46/50] LR=0.0000625 loss=1.782 ACC=96.914 F1=96.893 Rec=96.914 Prec=97.004
Val-Known->Virtual [46/50] rate=0.057% prob_mean=0.059881 margin_mean=0.900960
Val-LogitMargin [46/50] TrueKnown-VMax mean=4.8975 std=2.3035 p10=2.3971 p50=4.1735 p90=8.1697

Test-  OSR [46/50] LR=0.0000625 ACC=66.821 F1=70.138 Rec=83.508 Prec=72.793 UNK=16.762 OS*=96.857 HOS=28.578 AUROC=79.603 AUPR=75.124 OSCR=78.150
Test-Close [46/50] LR=0.0000625 loss=1.786 ACC=96.857 F1=96.836 Rec=96.857 Prec=96.915
Test-Virtual [46/50] CloseK->V=0.000% Open->V=16.762% OpenVEntropy=0.226568 CloseHist=[0, 0, 0] OpenHist=[0, 164, 12]
Test-LogitMargin [46/50] CloseTrue-VMax mean=4.9043 std=2.3192 p10=2.3581 p50=4.1558 p90=8.1652 | OpenKnown-VMax mean=2.3938 std=2.2213 p10=-0.7187 p50=2.3964 p90=5.4908
AnchorDiag [46/50] VNorm=[1.0000001192092896, 1.0, 0.9999999403953552] VDriftMax=0.000000 Vcos(max/mean)=(0.0000/-0.0000) KVcos(max/mean)=(0.0536/0.0165) ValK->V=0.06% CloseK->V=0.00% Open->V=16.76% OpenVEntropy=0.2266
>> New learning Rate: 3.125e-05
Train Client0 [47/50] LR=0.0000313 loss=0.130 (CE=0.076 VIR=0.246 wVIR=0.002 AUX=0.052 w=0.010) ACC=97.791 F1=78.217 Rec=78.414 Prec=78.032
Train Client1 [47/50] LR=0.0000313 loss=0.013 (CE=0.006 VIR=0.069 wVIR=0.001 AUX=0.006 w=0.010) ACC=99.826 F1=99.038 Rec=99.333 Prec=98.752
Train Client2 [47/50] LR=0.0000313 loss=0.097 (CE=0.059 VIR=0.839 wVIR=0.008 AUX=0.030 w=0.010) ACC=98.337 F1=95.524 Rec=96.193 Prec=94.885
Train Client3 [47/50] LR=0.0000313 loss=0.074 (CE=0.045 VIR=0.190 wVIR=0.002 AUX=0.027 w=0.010) ACC=99.053 F1=98.859 Rec=98.779 Prec=98.941
Train Client4 [47/50] LR=0.0000313 loss=0.098 (CE=0.079 VIR=0.392 wVIR=0.004 AUX=0.014 w=0.010) ACC=97.790 F1=87.722 Rec=98.315 Prec=83.208
Train Client5 [47/50] LR=0.0000313 loss=0.026 (CE=0.020 VIR=0.057 wVIR=0.001 AUX=0.006 w=0.010) ACC=99.107 F1=90.979 Rec=99.353 Prec=87.749
Train Client6 [47/50] LR=0.0000313 loss=0.483 (CE=0.377 VIR=2.550 wVIR=0.025 AUX=0.080 w=0.010) ACC=89.167 F1=82.795 Rec=94.084 Prec=75.723
Train Client7 [47/50] LR=0.0000313 loss=0.182 (CE=0.098 VIR=1.933 wVIR=0.019 AUX=0.064 w=0.010) ACC=97.273 F1=97.115 Rec=97.491 Prec=96.779

Val    [47/50] LR=0.0000313 loss=1.781 ACC=96.914 F1=96.908 Rec=96.914 Prec=96.970
Val-Known->Virtual [47/50] rate=0.057% prob_mean=0.061394 margin_mean=0.897704
Val-LogitMargin [47/50] TrueKnown-VMax mean=4.9689 std=2.4137 p10=2.4006 p50=4.1106 p90=8.4661

Test-  OSR [47/50] LR=0.0000313 ACC=66.071 F1=69.377 Rec=83.270 Prec=72.329 UNK=14.476 OS*=97.029 HOS=25.194 AUROC=78.439 AUPR=73.623 OSCR=77.113
Test-Close [47/50] LR=0.0000313 loss=1.785 ACC=97.029 F1=97.009 Rec=97.029 Prec=97.052
Test-Virtual [47/50] CloseK->V=0.000% Open->V=14.476% OpenVEntropy=0.265847 CloseHist=[0, 0, 0] OpenHist=[0, 139, 13]
Test-LogitMargin [47/50] CloseTrue-VMax mean=4.9796 std=2.4345 p10=2.4005 p50=4.0862 p90=8.4231 | OpenKnown-VMax mean=2.5623 std=2.2300 p10=-0.4803 p50=2.4980 p90=5.7734
AnchorDiag [47/50] VNorm=[1.0000001192092896, 1.0, 0.9999999403953552] VDriftMax=0.000000 Vcos(max/mean)=(0.0000/-0.0000) KVcos(max/mean)=(0.0538/0.0166) ValK->V=0.06% CloseK->V=0.00% Open->V=14.48% OpenVEntropy=0.2658
Train Client0 [48/50] LR=0.0000313 loss=0.118 (CE=0.065 VIR=0.147 wVIR=0.001 AUX=0.052 w=0.010) ACC=97.791 F1=78.252 Rec=78.506 Prec=78.019
Train Client1 [48/50] LR=0.0000313 loss=0.018 (CE=0.010 VIR=0.121 wVIR=0.001 AUX=0.007 w=0.010) ACC=99.687 F1=98.577 Rec=98.896 Prec=98.289
Train Client2 [48/50] LR=0.0000313 loss=0.088 (CE=0.055 VIR=0.725 wVIR=0.007 AUX=0.026 w=0.010) ACC=98.384 F1=95.722 Rec=96.431 Prec=95.044
Train Client3 [48/50] LR=0.0000313 loss=0.059 (CE=0.041 VIR=0.155 wVIR=0.002 AUX=0.017 w=0.010) ACC=98.674 F1=98.474 Rec=98.538 Prec=98.435
Train Client4 [48/50] LR=0.0000313 loss=0.092 (CE=0.077 VIR=0.429 wVIR=0.004 AUX=0.010 w=0.010) ACC=97.790 F1=86.800 Rec=98.358 Prec=82.421
Train Client5 [48/50] LR=0.0000313 loss=0.054 (CE=0.038 VIR=0.120 wVIR=0.001 AUX=0.014 w=0.010) ACC=98.839 F1=89.401 Rec=99.159 Prec=86.314
Train Client6 [48/50] LR=0.0000313 loss=0.423 (CE=0.328 VIR=2.347 wVIR=0.023 AUX=0.071 w=0.010) ACC=89.722 F1=85.504 Rec=91.953 Prec=81.006
Train Client7 [48/50] LR=0.0000313 loss=0.215 (CE=0.121 VIR=2.124 wVIR=0.021 AUX=0.073 w=0.010) ACC=96.894 F1=90.629 Rec=97.429 Prec=87.166

Val    [48/50] LR=0.0000313 loss=1.786 ACC=97.029 F1=97.015 Rec=97.029 Prec=97.039
Val-Known->Virtual [48/50] rate=0.114% prob_mean=0.073361 margin_mean=0.878430
Val-LogitMargin [48/50] TrueKnown-VMax mean=4.7094 std=2.3168 p10=2.2093 p50=3.9271 p90=8.0407

Test-  OSR [48/50] LR=0.0000313 ACC=67.571 F1=70.948 Rec=84.000 Prec=73.133 UNK=18.286 OS*=97.143 HOS=30.778 AUROC=78.166 AUPR=73.958 OSCR=76.866
Test-Close [48/50] LR=0.0000313 loss=1.797 ACC=97.200 F1=97.182 Rec=97.200 Prec=97.220
Test-Virtual [48/50] CloseK->V=0.057% Open->V=18.286% OpenVEntropy=0.212806 CloseHist=[0, 1, 0] OpenHist=[0, 180, 12]
Test-LogitMargin [48/50] CloseTrue-VMax mean=4.7128 std=2.3448 p10=2.1686 p50=3.8450 p90=8.0317 | OpenKnown-VMax mean=2.2645 std=2.2341 p10=-0.7896 p50=2.3149 p90=5.5084
AnchorDiag [48/50] VNorm=[1.0000001192092896, 1.0, 0.9999999403953552] VDriftMax=0.000000 Vcos(max/mean)=(0.0000/-0.0000) KVcos(max/mean)=(0.0538/0.0167) ValK->V=0.11% CloseK->V=0.06% Open->V=18.29% OpenVEntropy=0.2128
Train Client0 [49/50] LR=0.0000313 loss=0.122 (CE=0.067 VIR=0.246 wVIR=0.002 AUX=0.052 w=0.010) ACC=97.845 F1=78.253 Rec=78.483 Prec=78.036
Train Client1 [49/50] LR=0.0000313 loss=0.023 (CE=0.012 VIR=0.116 wVIR=0.001 AUX=0.009 w=0.010) ACC=99.513 F1=97.506 Rec=98.354 Prec=96.748
Train Client2 [49/50] LR=0.0000313 loss=0.092 (CE=0.055 VIR=0.795 wVIR=0.008 AUX=0.028 w=0.010) ACC=98.384 F1=95.631 Rec=95.546 Prec=95.725
Train Client3 [49/50] LR=0.0000313 loss=0.123 (CE=0.074 VIR=0.131 wVIR=0.001 AUX=0.048 w=0.010) ACC=97.159 F1=96.829 Rec=96.829 Prec=96.829
Train Client4 [49/50] LR=0.0000313 loss=0.061 (CE=0.048 VIR=0.280 wVIR=0.003 AUX=0.010 w=0.010) ACC=98.857 F1=91.277 Rec=98.844 Prec=86.809
Train Client5 [49/50] LR=0.0000313 loss=0.041 (CE=0.032 VIR=0.116 wVIR=0.001 AUX=0.008 w=0.010) ACC=99.107 F1=91.759 Rec=99.343 Prec=88.452
Train Client6 [49/50] LR=0.0000313 loss=0.447 (CE=0.334 VIR=2.385 wVIR=0.024 AUX=0.089 w=0.010) ACC=91.389 F1=87.728 Rec=95.332 Prec=82.778
Train Client7 [49/50] LR=0.0000313 loss=0.175 (CE=0.096 VIR=2.132 wVIR=0.021 AUX=0.058 w=0.010) ACC=97.348 F1=97.484 Rec=97.851 Prec=97.124

Val    [49/50] LR=0.0000313 loss=1.795 ACC=96.857 F1=96.844 Rec=96.857 Prec=96.891
Val-Known->Virtual [49/50] rate=0.229% prob_mean=0.077071 margin_mean=0.873526
Val-LogitMargin [49/50] TrueKnown-VMax mean=4.6657 std=2.3641 p10=2.0932 p50=3.8674 p90=8.0490

Test-  OSR [49/50] LR=0.0000313 ACC=67.607 F1=70.991 Rec=83.857 Prec=73.046 UNK=18.857 OS*=96.857 HOS=31.568 AUROC=78.304 AUPR=73.885 OSCR=76.889
Test-Close [49/50] LR=0.0000313 loss=1.804 ACC=96.971 F1=96.953 Rec=96.971 Prec=96.999
Test-Virtual [49/50] CloseK->V=0.114% Open->V=18.857% OpenVEntropy=0.244202 CloseHist=[0, 2, 0] OpenHist=[0, 183, 15]
Test-LogitMargin [49/50] CloseTrue-VMax mean=4.6732 std=2.3844 p10=2.0708 p50=3.8173 p90=8.0256 | OpenKnown-VMax mean=2.1973 std=2.2651 p10=-0.9182 p50=2.2288 p90=5.4614
AnchorDiag [49/50] VNorm=[1.0000001192092896, 1.0, 0.9999999403953552] VDriftMax=0.000000 Vcos(max/mean)=(0.0000/-0.0000) KVcos(max/mean)=(0.0540/0.0168) ValK->V=0.23% CloseK->V=0.11% Open->V=18.86% OpenVEntropy=0.2442
------>Best performance (by OSCR)--->>>>>>>

Test-  OSR [11/50] ACC=60.036 F1=62.694 Rec=79.508 Prec=69.824 UNK=1.619 OS*=95.086 HOS=3.184 AUROC=85.975 AUPR=81.432 OSCR=83.272
=====================================================================================================================================
The ending time ：2026-06-17 20:14:45
